# Kaynak: hermitdave/FrequencyWords, OpenSubtitles 2018 tr — CC BY-SA 4.0. Sütunlar: kelime, sayı, sıra
bir	6039421	1
bu	3529532	2
ne	2550646	3
ve	2544175	4
için	1799146	5
mi	1713934	6
de	1647867	7
o	1639226	8
ben	1597395	9
çok	1572658	10
ama	1542025	11
evet	1417688	12
var	1390158	13
da	1312839	14
mı	1265915	15
değil	1249188	16
şey	1170061	17
iyi	1111489	18
hayır	1108187	19
daha	1066302	20
sen	1030230	21
kadar	860259	22
bana	840369	23
gibi	793124	24
yok	790521	25
bunu	783805	26
onu	778287	27
tamam	764134	28
beni	762902	29
seni	761274	30
her	727898	31
benim	718438	32
sana	653316	33
ki	646219	34
ya	602619	35
neden	601606	36
zaman	596373	37
sadece	593487	38
senin	579334	39
burada	563006	40
olduğunu	539416	41
nasıl	538007	42
hiç	504324	43
sonra	504287	44
şimdi	488223	45
en	478155	46
öyle	464405	47
mu	449876	48
şu	426436	49
misin	421563	50
önce	418497	51
biraz	411789	52
hadi	408741	53
güzel	390290	54
musun	382395	55
oldu	371667	56
yani	368756	57
böyle	361994	58
ona	360976	59
lütfen	338212	60
işte	337179	61
onun	336977	62
bile	336794	63
bak	324902	64
çünkü	321641	65
peki	321176	66
eğer	320439	67
artık	320030	68
gerçekten	315213	69
geri	313035	70
biliyorum	308420	71
istiyorum	306800	72
kim	300430	73
olarak	298541	74
başka	297810	75
iki	295601	76
belki	294394	77
tek	283839	78
doğru	279991	79
büyük	272494	80
olan	269950	81
biri	267564	82
olur	263716	83
buraya	262977	84
in	261060	85
bay	260798	86
olacak	250486	87
ile	250301	88
adam	250194	89
hiçbir	243810	90
biz	241179	91
yardım	240535	92
demek	238317	93
hey	238158	94
sanırım	235298	95
ın	231990	96
a	229823	97
bilmiyorum	228269	98
hala	228095	99
bunun	227215	100
tüm	225349	101
teşekkürler	224510	102
yeni	223043	103
fazla	222611	104
gün	222383	105
ederim	222057	106
nerede	221011	107
tanrım	220531	108
şeyi	219997	109
merhaba	218209	110
efendim	217448	111
orada	216773	112
son	213881	113
kötü	212444	114
pekala	212029	115
şeyler	211586	116
gece	210334	117
biliyor	206533	118
sorun	203650	119
harika	202609	120
gerek	200847	121
et	198892	122
ilk	196153	123
tam	196143	124
bütün	193805	125
diye	188683	126
hemen	185520	127
siz	184880	128
i	184114	129
üzgünüm	182876	130
ol	182869	131
olabilir	182439	132
olsun	181003	133
iş	180970	134
küçük	179380	135
size	176618	136
yüzden	176466	137
bayan	176225	138
aynı	175915	139
teşekkür	175419	140
tabii	175312	141
hakkında	174269	142
gel	173227	143
onları	173104	144
izin	172286	145
kendi	169455	146
nin	168070	147
kız	167955	148
devam	167361	149
bize	165213	150
e	164618	151
oluyor	161621	152
ver	159640	153
bizi	156178	154
buna	153744	155
içinde	152518	156
selam	152390	157
anne	151890	158
vardı	151175	159
geldi	150376	160
bizim	149991	161
sizi	148006	162
dur	146862	163
kimse	146385	164
göre	146191	165
asla	146065	166
özür	145809	167
seninle	145308	168
baba	145174	169
değilim	145041	170
aslında	144787	171
önemli	143522	172
tekrar	143512	173
git	143207	174
nın	142978	175
yoksa	142465	176
oh	141682	177
benimle	140834	178
mısın	139985	179
yine	139539	180
mü	139497	181
bence	139058	182
şekilde	138736	183
olmak	138450	184
bugün	138407	185
lazım	138142	186
söyle	136182	187
birlikte	135594	188
olmaz	134665	189
uzun	134423	190
biliyorsun	133301	191
zaten	133010	192
para	132949	193
geliyor	132840	194
onunla	132611	195
ister	132049	196
gerçek	131504	197
dostum	131422	198
al	131224	199
bakalım	131104	200
onlar	130791	201
haydi	130659	202
birkaç	130150	203
emin	130087	204
işe	130031	205
üç	129850	206
herkes	129047	207
dakika	128262	208
ı	127653	209
söyledi	127610	210
istiyorsun	127571	211
pek	125903	212
saat	125739	213
yapıyorsun	125270	214
eve	124805	215
yıl	124257	216
miyim	123864	217
çocuk	122690	218
yer	122504	219
hep	121931	220
şunu	121511	221
neler	120900	222
dilerim	120604	223
bekle	119262	224
sizin	118010	225
bırak	117879	226
istemiyorum	117483	227
ilgili	117100	228
olduğu	116940	229
gidelim	116251	230
yere	115936	231
etmek	115746	232
an	114907	233
dan	114865	234
nedir	114253	235
lanet	113672	236
un	113453	237
nereye	112981	238
hepsi	112915	239
insanlar	112297	240
olmalı	112182	241
buradan	112143	242
karşı	111516	243
kaç	111218	244
az	110998	245
burası	109961	246
hazır	107801	247
fakat	107607	248
eski	107211	249
çocuklar	107130	250
işi	106961	251
kendini	106560	252
ediyorum	106145	253
gerekiyor	106141	254
benden	104022	255
yapmak	103574	256
kadın	103201	257
söz	103184	258
kesinlikle	103043	259
zor	102882	260
anda	101294	261
tane	101091	262
diğer	100105	263
dinle	98198	264
bunlar	98148	265
kişi	97455	266
insan	97071	267
görmek	96551	268
istiyor	96495	269
kabul	96227	270
niye	95696	271
seviyorum	94673	272
aman	93795	273
sağ	93621	274
zorunda	93389	275
misiniz	93323	276
tanrı	93202	277
yarın	92790	278
kez	92618	279
bundan	92611	280
elbette	91683	281
falan	90595	282
gidip	90398	283
hem	90339	284
içeri	90026	285
yanlış	89341	286
onlara	89108	287
senden	88439	288
hoş	87825	289
doktor	87634	290
tatlım	87469	291
yapma	87202	292
özel	87125	293
yemek	86534	294
hafta	86361	295
kontrol	86304	296
ediyor	86135	297
gereken	85832	298
yerde	85564	299
oraya	85374	300
geç	84225	301
dedim	84126	302
mutlu	84110	303
ye	83440	304
bazı	83117	305
birini	82638	306
ayrıca	82552	307
ondan	82439	308
eminim	82332	309
nereden	81257	310
ihtiyacım	80402	311
etti	80372	312
dışarı	80159	313
beri	80091	314
gitti	79777	315
yalan	79736	316
edin	79480	317
bakın	79373	318
yalnız	79314	319
gördüm	78932	320
değildi	78676	321
polis	78667	322
merak	78206	323
erkek	77096	324
görüşürüz	77007	325
dün	76905	326
ah	76747	327
haber	76328	328
la	76201	329
musunuz	75977	330
babam	75779	331
gidiyor	75087	332
yi	74018	333
olmuş	72767	334
akşam	72695	335
den	72034	336
geçen	71871	337
sakin	71858	338
ha	71815	339
sanki	71595	340
beş	70969	341
karar	70950	342
nefret	70932	343
sabah	70717	344
dikkat	70717	345
yaptım	70604	346
veya	70482	347
umarım	70248	348
yerine	69773	349
çabuk	68856	350
etme	68767	351
olması	68682	352
farklı	68674	353
değilsin	68665	354
ay	68373	355
sonunda	68140	356
istediğim	68034	357
gördün	67880	358
ettim	67659	359
sence	67460	360
fark	67415	361
üzerinde	67244	362
aptal	67135	363
kendimi	66534	364
tamamen	66164	365
oldukça	65993	366
su	65882	367
işin	65870	368
boyunca	65755	369
kendine	65749	370
tarafından	65687	371
yeter	65627	372
dünya	65608	373
u	65580	374
yı	65560	375
olduğumu	65408	376
bunları	65155	377
vardır	64796	378
öldü	64674	379
olursa	64443	380
iyiyim	64337	381
açık	64125	382
neyse	63987	383
annem	63791	384
kes	63391	385
adı	62958	386
yaptın	62631	387
yap	62569	388
hangi	62465	389
olamaz	62199	390
ancak	62169	391
söyledim	62146	392
görünüyor	62107	393
dört	62102	394
yüzünden	61800	395
aldım	61666	396
olsa	61421	397
birşey	61182	398
birisi	61155	399
be	60951	400
yoktu	60608	401
kolay	60499	402
dolar	60368	403
dedi	59889	404
sahip	59627	405
ise	59454	406
olmadığını	59391	407
yanında	59387	408
halde	59277	409
gelecek	59223	410
adamı	59220	411
bende	59150	412
buldum	59131	413
yol	59033	414
geldim	58907	415
bazen	58870	416
konuşmak	58797	417
başına	58708	418
gitmek	58441	419
anlıyorum	58396	420
beraber	58344	421
henüz	58238	422
yapıyor	58222	423
yolu	58171	424
bitti	58061	425
onların	57905	426
cevap	57869	427
evde	57618	428
yardımcı	57586	429
zamanı	57340	430
almak	57127	431
konusunda	56849	432
genç	56750	433
oldum	56510	434
nun	56404	435
takip	56330	436
kal	56119	437
öyleyse	56006	438
kahretsin	55826	439
durum	55826	440
tabi	55745	441
günü	55643	442
ateş	55608	443
istedim	55547	444
adamın	55406	445
muhtemelen	55358	446
adım	55354	447
söylemek	54888	448
azından	54869	449
düşündüm	54770	450
le	54619	451
yaptı	54490	452
neredeyse	54473	453
eder	54264	454
olun	54107	455
yeniden	53896	456
düşünüyorsun	53887	457
ciddi	53882	458
vay	53598	459
herhangi	53421	460
ev	53316	461
hızlı	53304	462
sanmıyorum	53057	463
süre	53020	464
altında	52893	465
mükemmel	52844	466
göz	52835	467
kan	52822	468
düşünüyorum	52751	469
ara	52716	470
boş	52689	471
miyiz	52519	472
konuda	51996	473
duydum	51804	474
oğlum	51767	475
şeyin	51627	476
uzak	51600	477
gelen	51533	478
aç	51511	479
hayatta	51492	480
çıktı	50904	481
sakın	50689	482
saniye	50552	483
yakın	50494	484
anladım	50460	485
garip	50386	486
çeviri	50095	487
john	50076	488
hayal	49991	489
olduğuna	49925	490
insanların	49815	491
on	49749	492
arada	49651	493
gidiyorum	49485	494
araba	49407	495
çalışıyorum	49274	496
jack	49036	497
söylüyor	49035	498
sürü	48961	499
hepimiz	48871	500
ikinci	48777	501
kaldı	48756	502
galiba	48488	503
canım	48478	504
hayatım	48475	505
rahat	48389	506
kimin	48323	507
alo	48273	508
olacağım	47953	509
güçlü	47859	510
savaş	47850	511
verdi	47704	512
ta	47616	513
ortaya	47586	514
şeye	47494	515
bebeğim	47464	516
başladı	47159	517
dersin	47029	518
gelip	47009	519
hayat	46946	520
bilirsin	46756	521
çalışıyor	46686	522
durumda	46378	523
hatta	46306	524
geldin	46248	525
yaptığını	46234	526
sende	46076	527
olay	45917	528
şeyleri	45862	529
ihtiyacı	45806	530
adamım	45783	531
kesin	45766	532
arasında	45627	533
arkadaşım	45375	534
hareket	45292	535
altı	45279	536
bebek	45204	537
kardeşim	45110	538
çocuğu	45104	539
silah	45096	540
böylece	45002	541
acaba	45000	542
sürekli	44894	543
bin	44879	544
haklısın	44831	545
soru	44830	546
olmadan	44739	547
hava	44679	548
terk	44561	549
olacağını	44488	550
yapacağım	44472	551
gelir	44387	552
varsa	44345	553
komik	44323	554
kısa	44315	555
aynen	44246	556
etmeye	44215	557
üzerine	44130	558
evlat	44104	559
el	44031	560
zarar	43956	561
şaka	43880	562
birinin	43868	563
güle	43782	564
gizli	43770	565
içine	43705	566
zamanda	43610	567
siktir	43585	568
daki	43530	569
acele	43524	570
telefon	43503	571
ait	43446	572
oyun	43416	573
istersen	43310	574
kızı	43279	575
şuna	43246	576
diyorsun	43197	577
yeterince	42925	578
verdim	42764	579
istediğin	42616	580
geçti	42329	581
baban	42300	582
olmayacak	42255	583
dışında	42206	584
yolunda	42203	585
hepsini	42168	586
uygun	42095	587
dans	42093	588
günaydın	41743	589
kapıyı	41738	590
olurdu	41612	591
tuhaf	41553	592
memnun	41528	593
hissediyorum	41455	594
fikir	41408	595
yüksek	41306	596
new	41284	597
olmadı	41232	598
beyler	41176	599
tür	41093	600
verin	40909	601
değildir	40896	602
korkunç	40818	603
rahatsız	40784	604
gidiyoruz	40661	605
işler	40393	606
gerektiğini	40382	607
geceler	40337	608
aldı	40252	609
gidiyorsun	40221	610
kere	40054	611
sanıyordum	39969	612
eden	39958	613
gelin	39879	614
veriyorum	39753	615
edecek	39695	616
beyaz	39657	617
yaşlı	39652	618
mümkün	39584	619
neyi	39568	620
istediğini	39544	621
dolu	39530	622
ihtiyacın	39463	623
çıkar	39388	624
ölüm	39239	625
sensin	39204	626
nasılsın	39131	627
bilmek	39123	628
belli	39030	629
sanıyorsun	39013	630
sevindim	39003	631
yakında	38906	632
varmış	38894	633
tahmin	38742	634
sam	38735	635
herif	38681	636
durun	38564	637
parayı	38557	638
şöyle	38546	639
yalnızca	38541	640
vermek	38475	641
biliyordum	38352	642
ediyorsun	38326	643
ihtiyacımız	38251	644
acı	38229	645
yapamam	38137	646
mısınız	37988	647
yapmaya	37897	648
neydi	37820	649
hasta	37567	650
üzere	37546	651
yapacağız	37517	652
güvenlik	37462	653
istedi	37429	654
insanları	37358	655
çeneni	37268	656
inanamıyorum	37183	657
berbat	37100	658
annen	37099	659
bizimle	37063	660
geliyorum	37053	661
yapacak	36835	662
dair	36833	663
başkan	36795	664
dedin	36744	665
neyin	36742	666
sizinle	36626	667
dikkatli	36548	668
anladın	36443	669
yapıyorum	36397	670
olmayan	36273	671
ölü	36228	672
aile	36215	673
bırakın	36148	674
birine	36113	675
tatlı	35833	676
deli	35820	677
milyon	35783	678
normal	35712	679
söyledin	35709	680
dışarıda	35701	681
diyorum	35630	682
sefer	35423	683
olup	35299	684
pardon	35234	685
otur	35167	686
yemin	35161	687
içki	35147	688
ana	35138	689
te	35119	690
keşke	35104	691
ettin	35028	692
dünyanın	34706	693
iç	34629	694
şans	34607	695
baş	34516	696
affedersiniz	34512	697
evine	34506	698
biliyoruz	34334	699
aşağı	34314	700
isterim	34263	701
yeri	34156	702
millet	34077	703
aşk	34017	704
bununla	33957	705
çık	33955	706
kapa	33936	707
miydi	33894	708
at	33809	709
durumu	33744	710
bilmem	33736	711
arkadaş	33703	712
kendisi	33683	713
herkesin	33600	714
kusura	33581	715
doğum	33486	716
yapar	33477	717
charlie	33449	718
yaşında	33293	719
michael	33257	720
herhalde	33235	721
cidden	33183	722
oradan	33163	723
the	33111	724
kahve	33002	725
hata	32946	726
seks	32861	727
kızlar	32851	728
kaptan	32781	729
yavaş	32747	730
alıp	32724	731
bakma	32695	732
hayatını	32674	733
dek	32572	734
yeterli	32570	735
mıydı	32394	736
zamandır	32310	737
asıl	32290	738
bunların	32262	739
hoşça	32220	740
önünde	32217	741
sessiz	32031	742
kızım	32025	743
frank	31997	744
erken	31960	745
aldın	31932	746
york	31910	747
sıcak	31832	748
tehlikeli	31799	749
amerika	31798	750
düşünüyor	31764	751
dön	31726	752
bilgi	31667	753
getir	31655	754
işim	31633	755
güç	31592	756
hak	31587	757
ufak	31536	758
buradayım	31505	759
bilmiyor	31503	760
cinayet	31458	761
diyor	31422	762
gelmiş	31405	763
üstüne	31402	764
mesaj	31358	765
nefes	31345	766
işini	31265	767
evi	31219	768
ele	31164	769
birçok	31155	770
olmasını	31106	771
yüz	31104	772
basit	30979	773
yukarı	30976	774
çek	30950	775
olduğum	30941	776
köpek	30939	777
duydun	30921	778
edeceğim	30912	779
gayet	30817	780
inanılmaz	30776	781
şarkı	30751	782
tıpkı	30724	783
benziyor	30704	784
anlaşıldı	30658	785
müzik	30595	786
olduğun	30546	787
bulmak	30543	788
söylüyorum	30527	789
kızın	30522	790
vakit	30495	791
n	30485	792
yıldır	30472	793
görüyorum	30440	794
haklı	30399	795
ses	30398	796
olsaydı	30376	797
sonraki	30361	798
konu	30346	799
ikimiz	30345	800
almaya	30334	801
aşık	30309	802
gitmem	30274	803
muhteşem	30223	804
görünüyorsun	30208	805
film	30135	806
gidin	30092	807
ilginç	30013	808
olacaksın	29965	809
neye	29956	810
dalga	29876	811
adını	29850	812
kimsenin	29835	813
ikiniz	29789	814
bi	29747	815
yerinde	29733	816
bayım	29688	817
bilmiyordum	29677	818
yapmam	29627	819
yapacaksın	29621	820
koca	29510	821
yu	29481	822
buldun	29437	823
olmalısın	29400	824
acil	29355	825
anlamıyorum	29345	826
hatırlıyor	29194	827
noel	29138	828
mike	29005	829
parti	28975	830
george	28892	831
lan	28860	832
sebebi	28825	833
fena	28787	834
söylemiştim	28718	835
istiyorsan	28685	836
yedi	28624	837
tom	28608	838
joe	28552	839
özellikle	28523	840
zamanlar	28491	841
yaptığı	28482	842
bilir	28460	843
yaparım	28419	844
alabilir	28384	845
birden	28368	846
ajan	28343	847
yanına	28341	848
sebep	28340	849
eğlenceli	28338	850
dedektif	28288	851
adına	28244	852
düşün	28232	853
rağmen	28230	854
olmaya	28199	855
tut	28163	856
görünüşe	28137	857
söylüyorsun	28120	858
yapalım	28057	859
buradaki	28033	860
yoktur	28023	861
zavallı	28010	862
david	27948	863
yemeği	27845	864
baksana	27828	865
temiz	27779	866
babası	27762	867
arkadaşın	27742	868
söyleme	27726	869
burda	27712	870
allah	27650	871
parçası	27633	872
s	27626	873
biriyle	27563	874
üstünde	27518	875
şeyden	27518	876
uyuşturucu	27442	877
konuşma	27405	878
olduğundan	27363	879
öldürmek	27345	880
sesini	27335	881
bekliyor	27316	882
suç	27238	883
görüyor	27173	884
gerçeği	27159	885
alın	27148	886
katil	27142	887
sevgili	27117	888
peter	27112	889
yerini	27078	890
defa	27070	891
gerekir	27001	892
kayıp	26807	893
güvenli	26801	894
hale	26788	895
tercih	26730	896
geldiniz	26689	897
patron	26659	898
sayın	26659	899
gerekiyordu	26637	900
çoğu	26632	901
değiliz	26620	902
geldik	26593	903
kimseye	26587	904
çoktan	26570	905
dürüst	26568	906
alacağım	26559	907
eskiden	26479	908
teklif	26455	909
arkadaşı	26440	910
dolayı	26392	911
işleri	26379	912
numara	26374	913
sonsuza	26370	914
bilemiyorum	26346	915
sonu	26329	916
olma	26271	917
unutma	26249	918
kırmızı	26247	919
teslim	26230	920
canlı	26207	921
oda	26198	922
sesi	26154	923
yapan	26150	924
saçma	26043	925
babamın	25950	926
yaptığın	25914	927
soğuk	25858	928
verir	25783	929
kimsin	25769	930
bahsediyorsun	25754	931
istemiyor	25754	932
bağlı	25731	933
yapabilirim	25701	934
onlardan	25640	935
bizden	25578	936
süper	25551	937
bulduk	25543	938
hanımefendi	25543	939
herşey	25443	940
seviyor	25433	941
alan	25389	942
yaşıyor	25331	943
hikaye	25254	944
olmasın	25252	945
onlarla	25150	946
iyisi	25091	947
davet	25086	948
yapmış	25065	949
ölmüş	25032	950
yürü	24968	951
sahibi	24917	952
kalk	24867	953
elinde	24862	954
umurumda	24760	955
sıra	24720	956
çalışıyorsun	24708	957
çocukları	24694	958
tanıyor	24676	959
burayı	24649	960
görmeye	24612	961
kalan	24610	962
istiyoruz	24592	963
sert	24581	964
tamamdır	24570	965
olası	24554	966
fikrim	24539	967
günler	24510	968
adamlar	24469	969
dava	24461	970
sene	24459	971
çekil	24456	972
sağol	24373	973
insanlara	24365	974
bakayım	24357	975
zorundayım	24295	976
anlat	24292	977
kavga	24286	978
anlamı	24258	979
alır	24209	980
ikisi	24161	981
görmedim	24140	982
kendime	24134	983
isim	24133	984
kral	24127	985
kalmak	24116	986
geldiğini	24102	987
imkansız	24075	988
okul	24073	989
şehir	24059	990
ikna	24049	991
gitsin	24036	992
park	23948	993
bekleyin	23898	994
gelmek	23859	995
istemedim	23806	996
mesela	23792	997
kapı	23784	998
yaptığım	23757	999
iğrenç	23722	1000
anlamına	23663	1001
takım	23657	1002
yola	23635	1003
altına	23628	1004
kendim	23619	1005
çocuğun	23618	1006
kara	23563	1007
ifade	23549	1008
hatırlıyorum	23515	1009
söyleyeyim	23485	1010
edebilir	23467	1011
canına	23462	1012
güneş	23394	1013
orası	23370	1014
herkese	23333	1015
olayı	23189	1016
şimdiye	23159	1017
pislik	23126	1018
önceki	23095	1019
ağır	23087	1020
yarım	23063	1021
sık	23046	1022
adama	23027	1023
düşünüyordum	23000	1024
vereceğim	22939	1025
paul	22921	1026
henry	22912	1027
anlaşma	22877	1028
öğrenmek	22851	1029
etmiş	22807	1030
aşkına	22797	1031
resmi	22793	1032
anlıyor	22780	1033
duruyor	22771	1034
olabilirim	22739	1035
getirdim	22732	1036
affedersin	22710	1037
gurur	22659	1038
deki	22583	1039
demektir	22568	1040
sırada	22532	1041
aferin	22483	1042
l	22475	1043
sıkı	22438	1044
max	22432	1045
bölüm	22429	1046
siyah	22427	1047
yazık	22416	1048
kalp	22383	1049
arka	22372	1050
verici	22359	1051
iyilik	22355	1052
m	22344	1053
suçlu	22338	1054
kadının	22335	1055
oldun	22335	1056
düşünmüştüm	22327	1057
yapmayı	22325	1058
kalın	22295	1059
herşeyi	22199	1060
başıma	22119	1061
şef	22113	1062
telefonu	22092	1063
silahı	22084	1064
annesi	22076	1065
edeyim	22076	1066
itiraf	22033	1067
gittim	22031	1068
hoşuma	22027	1069
vakti	22014	1070
veriyor	21935	1071
hepiniz	21906	1072
gider	21897	1073
serbest	21883	1074
üst	21883	1075
göster	21853	1076
kaldım	21852	1077
kadınlar	21842	1078
yla	21837	1079
kitap	21814	1080
istemem	21803	1081
kelime	21791	1082
dünyada	21777	1083
orospu	21761	1084
olman	21746	1085
birileri	21724	1086
günün	21719	1087
gidecek	21712	1088
istiyorsunuz	21678	1089
arabayı	21598	1090
sürece	21553	1091
satın	21484	1092
zengin	21464	1093
sona	21430	1094
tehdit	21362	1095
bira	21339	1096
sekiz	21308	1097
söyleyeceğim	21301	1098
ettiğini	21298	1099
üçüncü	21294	1100
james	21279	1101
söylemiştin	21271	1102
b	21213	1103
almış	21200	1104
hayatı	21189	1105
alex	21106	1106
olmayı	21083	1107
na	21082	1108
tarafa	21072	1109
bayanlar	21052	1110
yıllar	21025	1111
olanlar	20989	1112
verdin	20988	1113
aptalca	20982	1114
mıyım	20965	1115
nedeni	20954	1116
danny	20952	1117
zamanlarda	20949	1118
haline	20919	1119
altın	20914	1120
çalışan	20889	1121
öldürdü	20874	1122
yaklaşık	20869	1123
yapıyoruz	20866	1124
kendin	20826	1125
dahil	20812	1126
mantıklı	20808	1127
konuş	20788	1128
değer	20762	1129
taraftan	20745	1130
niçin	20733	1131
gideceğim	20731	1132
dua	20687	1133
dinleyin	20670	1134
deniz	20664	1135
duymak	20663	1136
okula	20645	1137
istediği	20564	1138
yolunu	20561	1139
içeride	20559	1140
yaşam	20530	1141
general	20448	1142
olacağız	20398	1143
herkesi	20375	1144
mary	20366	1145
güvende	20356	1146
yapabilir	20349	1147
yapıyorsunuz	20325	1148
edelim	20312	1149
karanlık	20277	1150
ayak	20252	1151
yapmadım	20244	1152
isteyen	20233	1153
alıyor	20230	1154
iyidir	20213	1155
görev	20208	1156
kimseyi	20175	1157
sigara	20149	1158
yaşamak	20141	1159
çıkıp	20139	1160
hediye	20125	1161
çeşit	20112	1162
ortak	20107	1163
edip	20099	1164
aşırı	20088	1165
önceden	20068	1166
bok	20064	1167
güven	20016	1168
polisi	20011	1169
ismi	19979	1170
duyuyor	19953	1171
elde	19941	1172
gitmiş	19908	1173
sarah	19908	1174
amerikan	19886	1175
bey	19855	1176
teki	19848	1177
gerekecek	19841	1178
severim	19826	1179
alıyorum	19790	1180
geldiğinde	19784	1181
sahte	19782	1182
ee	19774	1183
duyuyorum	19761	1184
sizden	19759	1185
muydu	19742	1186
jimmy	19734	1187
isa	19729	1188
kalacak	19719	1189
ahbap	19697	1190
parça	19694	1191
ortadan	19661	1192
mavi	19642	1193
saçmalık	19564	1194
kalmadı	19562	1195
çift	19554	1196
d	19552	1197
isterdim	19541	1198
endişelenme	19540	1199
hayatımı	19534	1200
dışı	19534	1201
rica	19527	1202
kişisel	19521	1203
kadını	19504	1204
yo	19494	1205
elini	19483	1206
derece	19477	1207
salak	19474	1208
inan	19469	1209
fbi	19458	1210
kimi	19457	1211
biliyorsunuz	19447	1212
bul	19412	1213
tan	19407	1214
hani	19398	1215
erkekler	19390	1216
saygı	19385	1217
birazdan	19378	1218
kulak	19376	1219
elimden	19369	1220
evin	19348	1221
ön	19338	1222
tanıyorum	19332	1223
döndü	19298	1224
zorundasın	19291	1225
gücü	19288	1226
zeki	19277	1227
çalıştım	19258	1228
gitme	19256	1229
seksi	19251	1230
gördüğüm	19218	1231
nick	19207	1232
verme	19192	1233
tebrikler	19177	1234
farkında	19174	1235
arıyor	19160	1236
etmez	19126	1237
söyleyin	19109	1238
söyler	19080	1239
balık	19068	1240
ten	19066	1241
harry	19021	1242
ileri	18989	1243
ellerini	18978	1244
destek	18938	1245
yüzbaşı	18937	1246
olurum	18936	1247
yanımda	18932	1248
kutsal	18925	1249
ray	18896	1250
alt	18886	1251
yaz	18883	1252
gibiydi	18875	1253
kapat	18832	1254
karım	18830	1255
jim	18809	1256
alacak	18803	1257
ilgisi	18795	1258
bayağı	18766	1259
grup	18765	1260
annemin	18740	1261
inanıyorum	18737	1262
öylece	18721	1263
türlü	18711	1264
gerekli	18709	1265
korumak	18657	1266
yolda	18600	1267
olmadığı	18587	1268
geriye	18586	1269
hayatın	18571	1270
yaptık	18571	1271
verecek	18541	1272
çıkmak	18509	1273
işten	18507	1274
epey	18497	1275
hoşuna	18467	1276
adın	18444	1277
gerekirse	18441	1278
gelmedi	18440	1279
ediyoruz	18418	1280
peder	18392	1281
bildiğim	18379	1282
tony	18363	1283
iptal	18347	1284
olduğumuzu	18339	1285
anlamadım	18335	1286
ders	18332	1287
gelmiyor	18323	1288
şanslı	18315	1289
adamla	18309	1290
sarhoş	18305	1291
insanın	18302	1292
defol	18288	1293
kalmış	18267	1294
jane	18265	1295
mesele	18224	1296
istediğimi	18167	1297
plan	18158	1298
gir	18126	1299
koy	18106	1300
arama	18088	1301
baştan	18085	1302
olduğunda	18046	1303
buydu	18030	1304
sıradan	18029	1305
geleni	18016	1306
derin	18006	1307
kalsın	18005	1308
yiyecek	17988	1309
paris	17985	1310
bob	17973	1311
bill	17966	1312
buralarda	17947	1313
birinci	17938	1314
söylemişti	17937	1315
lee	17934	1316
götür	17924	1317
önemi	17917	1318
babanın	17884	1319
yıldız	17882	1320
etmeyi	17843	1321
olmam	17832	1322
iyice	17827	1323
muydun	17826	1324
arıyorum	17819	1325
oyunu	17783	1326
kaza	17771	1327
ailesi	17768	1328
şimdilik	17751	1329
başladım	17727	1330
giden	17711	1331
sorunu	17704	1332
araya	17642	1333
bilmiyorsun	17620	1334
kafa	17620	1335
gördünüz	17612	1336
yapman	17584	1337
buradasın	17556	1338
aradı	17545	1339
yerden	17527	1340
test	17478	1341
yaramaz	17458	1342
evinde	17456	1343
yoluna	17451	1344
edersin	17448	1345
unut	17441	1346
korkarım	17440	1347
hayvan	17439	1348
geçmiş	17414	1349
olanları	17397	1350
gösteriyor	17339	1351
çay	17333	1352
olabilirsin	17294	1353
buyurun	17284	1354
kapalı	17255	1355
mal	17242	1356
neredesin	17219	1357
şuraya	17195	1358
zorundayız	17188	1359
yardıma	17170	1360
kahrolası	17150	1361
sanmıştım	17147	1362
yoldan	17142	1363
aklıma	17135	1364
zamana	17108	1365
doğal	17089	1366
tarafta	17085	1367
nesi	17070	1368
miydin	17067	1369
edildi	17046	1370
birşeyler	17039	1371
çıkıyor	17025	1372
sevdim	16997	1373
değerli	16996	1374
sürpriz	16985	1375
gitmeliyim	16977	1376
konuyu	16976	1377
parmak	16946	1378
iyiydi	16915	1379
amca	16906	1380
hamile	16900	1381
genelde	16895	1382
ziyaret	16893	1383
işine	16885	1384
başarılı	16863	1385
dünyayı	16853	1386
sevgilim	16846	1387
üzgün	16812	1388
richard	16807	1389
akşamlar	16804	1390
tedavi	16799	1391
oğlu	16798	1392
korkuyorum	16786	1393
arkasında	16777	1394
albay	16775	1395
düzgün	16769	1396
mark	16764	1397
istersin	16755	1398
seyirler	16734	1399
ayağa	16677	1400
ciddiyim	16630	1401
çalışmak	16615	1402
yargıç	16589	1403
avukat	16588	1404
ilaç	16576	1405
edebilirim	16542	1406
cehenneme	16535	1407
alayım	16532	1408
majesteleri	16519	1409
sevdiğim	16517	1410
arabaya	16514	1411
bekliyorum	16488	1412
başlıyor	16481	1413
konuşmaya	16480	1414
gittiğini	16478	1415
sol	16453	1416
kat	16452	1417
söylemem	16433	1418
sahi	16431	1419
çekilin	16417	1420
baylar	16399	1421
diyeceğim	16388	1422
kafayı	16355	1423
yapabilirsin	16345	1424
veririm	16331	1425
çalışma	16307	1426
can	16296	1427
akıllı	16296	1428
istiyorlar	16294	1429
sonuçta	16252	1430
buldu	16241	1431
kanıt	16237	1432
londra	16237	1433
yle	16225	1434
hapse	16223	1435
yatak	16192	1436
şeker	16191	1437
şarap	16189	1438
muyum	16180	1439
yarısı	16162	1440
kurtarmak	16156	1441
değildim	16134	1442
olanı	16130	1443
olduğunuzu	16130	1444
evden	16115	1445
güzeldi	16101	1446
elimizde	16097	1447
evli	16092	1448
çocukların	16086	1449
asker	16085	1450
elimde	16078	1451
öldürmeye	16077	1452
olmasına	16073	1453
dünyaya	16067	1454
olduklarını	16065	1455
dene	16059	1456
sağlam	16059	1457
demiştim	16051	1458
kadarıyla	16048	1459
yüce	16043	1460
oturup	16018	1461
müthiş	16007	1462
günde	16001	1463
şeytan	15987	1464
ederiz	15968	1465
steve	15962	1466
aramızda	15926	1467
olsam	15913	1468
pis	15910	1469
kaybettim	15905	1470
yazıyor	15900	1471
gözlerini	15886	1472
aldık	15885	1473
profesör	15878	1474
bazıları	15876	1475
billy	15852	1476
sever	15850	1477
konuşabilir	15846	1478
tommy	15814	1479
bilim	15775	1480
olacaktır	15745	1481
mıyız	15721	1482
geçiyor	15707	1483
yada	15701	1484
girdi	15691	1485
odasında	15680	1486
sonuna	15666	1487
süredir	15654	1488
daima	15644	1489
etmeyin	15638	1490
ailem	15596	1491
haberi	15573	1492
ettik	15571	1493
derhal	15537	1494
sayılmaz	15533	1495
arıyorsun	15522	1496
t	15512	1497
of	15498	1498
kulağa	15492	1499
kime	15484	1500
çalış	15478	1501
şanslar	15467	1502
idare	15453	1503
yemeğe	15451	1504
söylediler	15448	1505
masum	15431	1506
aradım	15429	1507
istedin	15418	1508
özgür	15418	1509
teğmen	15395	1510
sorunun	15391	1511
kuzey	15378	1512
konuşuyor	15375	1513
ryan	15363	1514
sayesinde	15335	1515
gelebilir	15332	1516
diğerleri	15328	1517
kurban	15308	1518
alırım	15305	1519
yaşayan	15292	1520
deme	15281	1521
buz	15272	1522
etmem	15270	1523
önüne	15259	1524
zayıf	15257	1525
söyleyecek	15251	1526
alman	15238	1527
zamanında	15233	1528
adamları	15224	1529
sandım	15222	1530
şurada	15217	1531
kişinin	15211	1532
sırasında	15208	1533
gelmez	15196	1534
konuştum	15174	1535
yabancı	15127	1536
birazcık	15123	1537
abi	15122	1538
not	15114	1539
johnny	15078	1540
madem	15063	1541
yeşil	15060	1542
fazlasını	15049	1543
hoşçakal	15040	1544
söylemeye	15036	1545
memur	15028	1546
şerif	15014	1547
giriş	15014	1548
mektup	14994	1549
fotoğraf	14973	1550
elinden	14964	1551
güney	14950	1552
ünlü	14950	1553
zamandan	14949	1554
hallederim	14946	1555
bakmayın	14945	1556
uyan	14940	1557
işaret	14940	1558
bomba	14939	1559
etrafta	14937	1560
gemi	14917	1561
adil	14914	1562
nde	14907	1563
resmen	14885	1564
çıkmış	14884	1565
hizmet	14884	1566
çin	14881	1567
ölmek	14872	1568
jake	14861	1569
yapayım	14860	1570
başa	14859	1571
daniel	14857	1572
görmüş	14856	1573
bilmiyoruz	14848	1574
dönmek	14847	1575
kardeşin	14820	1576
hastaneye	14779	1577
anlama	14765	1578
düştü	14739	1579
askeri	14736	1580
will	14733	1581
işimiz	14733	1582
sıkıcı	14723	1583
söylediğim	14716	1584
olmuyor	14715	1585
kızgın	14706	1586
yan	14704	1587
öğle	14690	1588
evlilik	14647	1589
ararım	14637	1590
çekici	14637	1591
hazırım	14637	1592
yüzünü	14631	1593
metre	14627	1594
intihar	14615	1595
başlayalım	14604	1596
çavuş	14590	1597
you	14568	1598
şüpheli	14541	1599
bunlardan	14537	1600
olabileceğini	14525	1601
beyin	14516	1602
sırf	14511	1603
şansı	14506	1604
söylemedim	14476	1605
kenara	14463	1606
bulmaya	14460	1607
geleceğim	14458	1608
bıraktım	14454	1609
hedef	14449	1610
söylemedin	14441	1611
saldırı	14423	1612
gibisin	14403	1613
ruh	14381	1614
yakışıklı	14358	1615
seçim	14357	1616
yağmur	14338	1617
çıkan	14335	1618
koş	14327	1619
kar	14303	1620
rüya	14299	1621
başı	14297	1622
bakmak	14283	1623
bıraktı	14275	1624
açın	14270	1625
cinsel	14252	1626
fırsat	14224	1627
kısmı	14215	1628
meşgul	14192	1629
başında	14184	1630
chris	14182	1631
göstermek	14175	1632
saatte	14159	1633
yaptığımı	14137	1634
resim	14128	1635
edeceğiz	14124	1636
karısı	14109	1637
ışık	14101	1638
hatırlamıyorum	14095	1639
peşinde	14080	1640
sor	14056	1641
don	14038	1642
robert	14035	1643
diyelim	14021	1644
parasını	14016	1645
veren	13994	1646
sınıf	13989	1647
getirdi	13977	1648
yana	13968	1649
zamanki	13961	1650
gideceğiz	13956	1651
kardeş	13940	1652
getirin	13935	1653
ingiliz	13929	1654
piç	13919	1655
engel	13909	1656
etmiyor	13901	1657
olmuştu	13898	1658
annenin	13887	1659
zevk	13880	1660
vur	13875	1661
hayatımın	13875	1662
inanmıyorum	13871	1663
müdür	13867	1664
ihtiyaç	13857	1665
uh	13833	1666
sorumlu	13809	1667
bobby	13800	1668
hanım	13778	1669
öğrendim	13774	1670
savaşı	13773	1671
suyu	13769	1672
uzakta	13765	1673
spor	13757	1674
oturun	13754	1675
kevin	13751	1676
ettiğim	13747	1677
ayrı	13746	1678
izi	13741	1679
mutluyum	13738	1680
gelince	13734	1681
ters	13716	1682
kocam	13694	1683
cep	13693	1684
araştırma	13680	1685
kate	13680	1686
çalışıyoruz	13655	1687
dünyadaki	13648	1688
iyisin	13643	1689
ortada	13638	1690
işimi	13630	1691
kaldır	13623	1692
odasına	13612	1693
yapabiliriz	13602	1694
öldürdün	13597	1695
dna	13579	1696
nasıldı	13558	1697
arkadaşlar	13553	1698
verdiği	13553	1699
budur	13548	1700
birbirimize	13525	1701
bölge	13524	1702
charles	13513	1703
derken	13497	1704
tutmak	13496	1705
brian	13492	1706
biliyordu	13484	1707
bilgisayar	13483	1708
domuz	13479	1709
konusu	13475	1710
numaralı	13437	1711
düğün	13437	1712
binlerce	13428	1713
iyisini	13426	1714
olursun	13407	1715
bırakıp	13378	1716
martin	13347	1717
dokuz	13329	1718
fazlası	13321	1719
odası	13317	1720
değiller	13292	1721
arasındaki	13289	1722
ettiği	13277	1723
konuşalım	13271	1724
kişiyi	13270	1725
tarafı	13268	1726
gitmeliyiz	13266	1727
başla	13260	1728
şükür	13258	1729
gittin	13240	1730
bahse	13234	1731
polisler	13224	1732
ihanet	13214	1733
şeyim	13189	1734
girmek	13186	1735
ardından	13182	1736
yapın	13180	1737
ceset	13170	1738
filmi	13163	1739
tamir	13158	1740
özledim	13152	1741
başından	13143	1742
orda	13132	1743
eddie	13116	1744
uçak	13087	1745
iz	13086	1746
başlıyoruz	13079	1747
nda	13065	1748
afedersiniz	13061	1749
kocaman	13052	1750
babamı	13051	1751
birer	13051	1752
odada	13050	1753
bol	13048	1754
insanı	13048	1755
kuş	13046	1756
kahraman	13042	1757
çılgın	13021	1758
geçiyorsun	13019	1759
havaya	12986	1760
aklını	12975	1761
yapmamız	12972	1762
karın	12965	1763
yarı	12965	1764
gerekmiyor	12961	1765
eric	12956	1766
bakıyorum	12951	1767
üzerinden	12950	1768
hariç	12949	1769
polise	12949	1770
nerde	12947	1771
isterseniz	12924	1772
kedi	12923	1773
geride	12922	1774
taş	12911	1775
arayıp	12908	1776
girip	12903	1777
merkezi	12900	1778
yapacağımı	12887	1779
amy	12878	1780
anna	12869	1781
edemem	12867	1782
problem	12863	1783
nasılsınız	12848	1784
dönüp	12840	1785
sormak	12826	1786
aşağıda	12824	1787
anlaştık	12823	1788
harekete	12817	1789
ediyorlar	12816	1790
canavar	12809	1791
kendisini	12809	1792
rapor	12799	1793
değilse	12787	1794
başkanı	12785	1795
tutun	12778	1796
konuşmayı	12774	1797
kurt	12773	1798
dediğim	12762	1799
söylerim	12753	1800
kıza	12743	1801
kayıt	12740	1802
adında	12738	1803
döneceğim	12737	1804
kaçtı	12735	1805
geleceğini	12733	1806
yerlerde	12733	1807
alakası	12719	1808
sır	12706	1809
birbirimizi	12704	1810
maalesef	12694	1811
orta	12693	1812
fikrin	12692	1813
oradaki	12655	1814
benzer	12632	1815
kiminle	12628	1816
tavsiye	12627	1817
çalışıyordum	12620	1818
rachel	12617	1819
alalım	12610	1820
farkındayım	12608	1821
canını	12606	1822
itibaren	12602	1823
hayalet	12601	1824
sıradaki	12601	1825
pazar	12595	1826
hayatımda	12561	1827
doğu	12537	1828
yaptığımız	12534	1829
yaparken	12528	1830
değilmiş	12517	1831
çıplak	12513	1832
der	12511	1833
walter	12510	1834
mücadele	12508	1835
görüşmek	12499	1836
kör	12496	1837
kardeşi	12475	1838
üzüldüm	12468	1839
yapamazsın	12465	1840
şimdiden	12463	1841
oynamak	12457	1842
kitabı	12449	1843
cesur	12436	1844
dönüyor	12429	1845
silahını	12423	1846
buradayız	12421	1847
bunca	12401	1848
bebeği	12391	1849
veremem	12387	1850
enerji	12384	1851
top	12377	1852
bağlantı	12373	1853
savunma	12370	1854
hangisi	12364	1855
hissettim	12361	1856
anlaşılan	12358	1857
andy	12352	1858
sayılır	12313	1859
sinir	12305	1860
yasal	12301	1861
yapılan	12286	1862
yapıp	12279	1863
çalıştı	12274	1864
hatırladın	12264	1865
umut	12262	1866
suçu	12260	1867
edilmiş	12257	1868
söylemiş	12244	1869
ilişki	12240	1870
biriydi	12232	1871
okulda	12224	1872
dahi	12220	1873
gördü	12214	1874
neymiş	12206	1875
içindeki	12202	1876
unuttum	12199	1877
jerry	12194	1878
şeylerin	12190	1879
görüyorsun	12183	1880
sağlık	12183	1881
annemi	12161	1882
ün	12159	1883
bırakmak	12140	1884
sizce	12135	1885
barış	12117	1886
cuma	12113	1887
girecek	12111	1888
yapmamı	12109	1889
eee	12100	1890
uzay	12095	1891
yaparsın	12092	1892
ödeme	12090	1893
yıllık	12079	1894
edeceksin	12074	1895
topu	12070	1896
san	12047	1897
açıkçası	12033	1898
kağıt	12031	1899
olacaktı	12019	1900
vermeye	12019	1901
filan	12017	1902
aşağıya	12010	1903
şeydi	12003	1904
söylediği	11994	1905
ettiler	11993	1906
kırıklığına	11989	1907
numarası	11980	1908
istemiştim	11969	1909
bilirim	11968	1910
sistemi	11967	1911
scott	11964	1912
claire	11964	1913
yapacağını	11963	1914
doğruyu	11950	1915
emir	11946	1916
nihayet	11940	1917
kazanmak	11935	1918
onca	11913	1919
los	11899	1920
vereyim	11899	1921
demiştin	11887	1922
mahkeme	11864	1923
nasıi	11864	1924
konuşmam	11858	1925
gözden	11854	1926
uyuyor	11849	1927
düşman	11813	1928
iletişim	11806	1929
olmaktan	11787	1930
yapıyorlar	11787	1931
konuşuyorsun	11786	1932
bulunan	11781	1933
düşündün	11774	1934
çıkarın	11773	1935
yıllardır	11773	1936
eline	11768	1937
göremiyorum	11765	1938
ingiltere	11753	1939
hayatının	11746	1940
baskı	11740	1941
akıl	11739	1942
şirket	11732	1943
ismini	11727	1944
hepimizin	11719	1945
sus	11708	1946
kızla	11702	1947
gerekirdi	11698	1948
ihtiyacınız	11695	1949
çalıştığını	11693	1950
sonuç	11693	1951
bizde	11677	1952
çıkın	11674	1953
sanat	11668	1954
söyleyebilirim	11647	1955
söylemedi	11635	1956
nazik	11625	1957
parası	11621	1958
it	11607	1959
hakim	11606	1960
başlangıç	11593	1961
binbaşı	11591	1962
kurşun	11589	1963
baktım	11588	1964
öldüğünü	11578	1965
nedenle	11571	1966
yarar	11566	1967
doğrusu	11562	1968
prenses	11559	1969
batı	11558	1970
arabada	11557	1971
otel	11532	1972
boşa	11529	1973
kalıyor	11523	1974
boktan	11523	1975
tavuk	11496	1976
jason	11490	1977
vermeyeceğim	11482	1978
parlak	11479	1979
lisa	11477	1980
banka	11475	1981
hay	11473	1982
peşinden	11472	1983
sevdiğini	11470	1984
duygusal	11469	1985
karışık	11466	1986
vermiş	11466	1987
alma	11455	1988
vahşi	11451	1989
konuşmamız	11451	1990
yüzde	11434	1991
di	11433	1992
bulmuş	11431	1993
çirkin	11422	1994
bulundu	11418	1995
fransız	11415	1996
istediğiniz	11415	1997
kyle	11413	1998
pete	11409	1999
çıkış	11405	2000
kilo	11392	2001
dokunma	11388	2002
sakıncası	11385	2003
söylediğin	11367	2004
insanlarla	11361	2005
yangın	11354	2006
yolculuk	11344	2007
dönerim	11343	2008
etrafında	11342	2009
tanışmak	11340	2010
sosyal	11340	2011
luke	11336	2012
ameliyat	11334	2013
çıkarmak	11301	2014
inşa	11300	2015
geçirdim	11293	2016
girin	11280	2017
şeylere	11272	2018
kredi	11272	2019
çıkacak	11269	2020
kamera	11259	2021
olduğumuz	11258	2022
olsaydım	11239	2023
üstelik	11225	2024
çalışmaya	11213	2025
bulacağım	11209	2026
şansımız	11198	2027
thomas	11184	2028
istiyordum	11179	2029
birisin	11156	2030
gönderdi	11154	2031
unuttun	11153	2032
elektrik	11147	2033
başarısız	11137	2034
tv	11137	2035
and	11130	2036
ni	11122	2037
eğitim	11118	2038
öğleden	11116	2039
onda	11105	2040
imdat	11101	2041
yüzüne	11100	2042
madam	11098	2043
acayip	11094	2044
kalma	11093	2045
ulusal	11085	2046
gösteri	11081	2047
şehirde	11072	2048
söylesene	11067	2049
intikam	11062	2050
inanıyor	11059	2051
değişti	11052	2052
zamanımız	11050	2053
tespit	11038	2054
fransa	11034	2055
yukarıda	11027	2056
sevimli	11024	2057
duruma	11023	2058
varken	11022	2059
şansın	11022	2060
bunda	11006	2061
aniden	11000	2062
olmanın	10998	2063
şehri	10995	2064
getirmek	10992	2065
param	10991	2066
ortasında	10988	2067
geçirmek	10983	2068
degil	10973	2069
gene	10973	2070
yalancı	10966	2071
tanık	10966	2072
emri	10965	2073
kadınla	10963	2074
emily	10957	2075
koruma	10954	2076
cesaret	10954	2077
attı	10951	2078
öldür	10945	2079
cumartesi	10932	2080
gecesi	10930	2081
alice	10916	2082
mutlaka	10911	2083
televizyon	10900	2084
saç	10895	2085
olmanı	10882	2086
clark	10881	2087
genel	10874	2088
varım	10864	2089
söylediğini	10861	2090
angeles	10859	2091
dediğini	10858	2092
yaparız	10855	2093
öldürüldü	10830	2094
şirketi	10821	2095
fikri	10809	2096
çekip	10808	2097
ilgi	10805	2098
kalır	10803	2099
kokuyor	10800	2100
söyleyebilir	10798	2101
şerefe	10795	2102
ailen	10795	2103
getirdin	10792	2104
arthur	10770	2105
eli	10769	2106
gecenin	10768	2107
öldürecek	10758	2108
edici	10749	2109
düşük	10743	2110
diyorlar	10737	2111
indir	10736	2112
ted	10734	2113
aşkım	10733	2114
ed	10718	2115
evime	10712	2116
planı	10701	2117
gerçi	10695	2118
tadını	10692	2119
almam	10691	2120
teknik	10689	2121
kimdi	10683	2122
olmalıyım	10680	2123
gitmeye	10673	2124
aramaya	10670	2125
korku	10664	2126
bakar	10664	2127
söyleyemem	10661	2128
iddia	10659	2129
emma	10657	2130
yerel	10656	2131
görevi	10636	2132
buranın	10636	2133
gitmemiz	10636	2134
takımı	10627	2135
kendinizi	10626	2136
hatam	10626	2137
ettiğin	10626	2138
beyefendi	10622	2139
kullan	10622	2140
tecavüz	10622	2141
bilirsiniz	10621	2142
nedenini	10619	2143
yapılmış	10619	2144
şeyle	10613	2145
etmesi	10612	2146
tehlikeye	10610	2147
dave	10608	2148
carter	10607	2149
ım	10606	2150
cesedi	10605	2151
günlük	10596	2152
olunca	10593	2153
düşünmek	10563	2154
larry	10559	2155
kalacağım	10555	2156
örnek	10552	2157
yoğun	10536	2158
matt	10536	2159
bakıyorsun	10533	2160
zamanın	10515	2161
simon	10502	2162
oluyorum	10501	2163
alakalı	10498	2164
annie	10486	2165
futbol	10483	2166
ülke	10481	2167
dediğin	10478	2168
tren	10468	2169
arayacağım	10466	2170
çiçek	10455	2171
düşünüyorsunuz	10451	2172
içmek	10451	2173
roma	10444	2174
çocuklara	10437	2175
yolun	10433	2176
pişman	10428	2177
gideyim	10427	2178
tarih	10424	2179
rüzgar	10423	2180
başlar	10418	2181
yerin	10410	2182
ediyordum	10410	2183
kahvaltı	10407	2184
eh	10404	2185
bulacağız	10400	2186
kaldın	10387	2187
kadına	10380	2188
umurunda	10377	2189
yapmayın	10377	2190
konuşuruz	10368	2191
tarihi	10368	2192
um	10364	2193
sonrasında	10361	2194
avrupa	10360	2195
utanç	10359	2196
arabanın	10358	2197
hakkındaki	10357	2198
zorla	10355	2199
bilen	10352	2200
partisi	10350	2201
ceza	10345	2202
izle	10339	2203
etmeliyiz	10337	2204
eğlence	10327	2205
yatağa	10326	2206
kayboldu	10322	2207
sevgi	10319	2208
çekmek	10316	2209
demedim	10313	2210
başını	10304	2211
gelirim	10303	2212
şehrin	10301	2213
tepki	10299	2214
yaptınız	10283	2215
ölecek	10276	2216
durma	10266	2217
tanesi	10263	2218
geliyorlar	10258	2219
taksi	10255	2220
nerden	10249	2221
öldüreceğim	10248	2222
chuck	10238	2223
bizler	10237	2224
müsaade	10236	2225
boyu	10233	2226
ucuz	10232	2227
oy	10226	2228
gidebilir	10224	2229
izlemek	10223	2230
vermem	10217	2231
anahtarı	10201	2232
ihtimalle	10198	2233
washington	10197	2234
gören	10196	2235
araç	10195	2236
edersen	10192	2237
pes	10189	2238
koç	10189	2239
endişe	10188	2240
etmelisin	10179	2241
derler	10174	2242
oluruz	10173	2243
gitmiyor	10169	2244
rol	10168	2245
istemez	10157	2246
açıkça	10156	2247
hissediyorsun	10151	2248
karşılık	10143	2249
ordu	10142	2250
etkileyici	10130	2251
ekibi	10125	2252
servis	10123	2253
önümüzdeki	10123	2254
olabilirdi	10114	2255
muyuz	10108	2256
sürer	10107	2257
öyledir	10101	2258
kraliçe	10100	2259
yılda	10098	2260
düşünmüyorum	10093	2261
mıydın	10089	2262
havalı	10085	2263
paraya	10074	2264
devlet	10070	2265
tanımıyorum	10068	2266
yat	10067	2267
sordum	10065	2268
hayata	10065	2269
kullanmak	10064	2270
lucy	10053	2271
dev	10051	2272
ekip	10045	2273
william	10036	2274
sendin	10036	2275
elbise	10034	2276
yirmi	10032	2277
dersiniz	10029	2278
hiçbiri	10024	2279
heyecan	10021	2280
pahalı	10016	2281
getireyim	10005	2282
ingilizce	10004	2283
sean	9997	2284
emredersiniz	9995	2285
sefere	9991	2286
büyü	9989	2287
bil	9970	2288
fikrini	9967	2289
yaşıyorum	9960	2290
kullanıyor	9958	2291
tim	9955	2292
lar	9947	2293
etmiyorum	9945	2294
sürtük	9941	2295
huzur	9935	2296
sokak	9933	2297
öncelikle	9929	2298
yakaladım	9926	2299
usta	9923	2300
üstü	9921	2301
eşlik	9920	2302
verdik	9919	2303
aksi	9918	2304
kimsiniz	9916	2305
içinden	9916	2306
derecede	9912	2307
gaz	9909	2308
şeylerden	9904	2309
keresinde	9903	2310
denen	9896	2311
yapmalıyız	9883	2312
giderim	9878	2313
genellikle	9874	2314
verebilir	9858	2315
üyesi	9846	2316
ailenin	9846	2317
çalışıyordu	9843	2318
görünce	9818	2319
silahlı	9812	2320
kaba	9799	2321
giderken	9799	2322
yapılacak	9796	2323
olmasa	9785	2324
işkence	9784	2325
gizlice	9769	2326
dert	9764	2327
gördüğün	9763	2328
hastanede	9761	2329
saati	9754	2330
mahkum	9749	2331
profesyonel	9748	2332
yardımı	9730	2333
bakıyor	9729	2334
kendisine	9726	2335
lord	9725	2336
vurdu	9723	2337
tıbbi	9722	2338
karşılığında	9717	2339
denedim	9715	2340
bulup	9715	2341
şansım	9713	2342
anahtar	9706	2343
halt	9701	2344
ödünç	9696	2345
okuldan	9695	2346
aklına	9690	2347
dediğimi	9688	2348
derdi	9688	2349
to	9686	2350
sezon	9681	2351
meselesi	9678	2352
yapması	9676	2353
şişe	9671	2354
romantik	9670	2355
kıçını	9670	2356
sağlıklı	9665	2357
adalet	9665	2358
ödül	9664	2359
çocuğum	9658	2360
dahaki	9658	2361
maria	9654	2362
düşündüğüm	9647	2363
efendi	9647	2364
çocuğa	9646	2365
kaldık	9638	2366
c	9637	2367
telefonda	9636	2368
ölümü	9628	2369
götürün	9627	2370
onur	9622	2371
fahişe	9615	2372
girerim	9614	2373
geliyorsun	9591	2374
eksik	9585	2375
çocukken	9582	2376
aşağılık	9579	2377
verdiğin	9575	2378
şikayet	9574	2379
bari	9573	2380
günlerde	9573	2381
veda	9572	2382
gözüküyor	9570	2383
şuradaki	9567	2384
arabası	9563	2385
güzelmiş	9561	2386
joey	9560	2387
ayakta	9547	2388
öldüren	9546	2389
görebiliyorum	9544	2390
adamsın	9540	2391
mısır	9539	2392
leo	9536	2393
buyur	9535	2394
bileyim	9532	2395
yahudi	9529	2396
ü	9525	2397
anneme	9524	2398
şüphe	9524	2399
etmeliyim	9524	2400
yasak	9518	2401
istemezsin	9517	2402
harikaydı	9506	2403
benimki	9499	2404
öğrenci	9496	2405
fiziksel	9490	2406
atmak	9486	2407
saf	9482	2408
diş	9480	2409
jeff	9479	2410
yahu	9471	2411
neresi	9470	2412
kalıp	9468	2413
gerçekte	9468	2414
sorabilir	9458	2415
yapabileceğim	9458	2416
söyleyen	9455	2417
öyleydi	9450	2418
bekliyorsun	9446	2419
tanıdığım	9442	2420
olmuştur	9441	2421
carl	9439	2422
bıçak	9438	2423
olağanüstü	9427	2424
süt	9423	2425
riske	9416	2426
kendinden	9414	2427
babasının	9413	2428
kelly	9410	2429
çıkma	9403	2430
birinde	9400	2431
ediyordu	9393	2432
okudum	9391	2433
kartı	9388	2434
rus	9388	2435
gelmişti	9384	2436
annemle	9383	2437
bildiğin	9374	2438
ayı	9368	2439
hakkı	9359	2440
seyahat	9357	2441
hayir	9346	2442
nokta	9329	2443
değilsiniz	9322	2444
adamların	9316	2445
dışına	9307	2446
başta	9305	2447
tıp	9304	2448
olmazsa	9302	2449
serseri	9300	2450
gücünü	9293	2451
his	9289	2452
biter	9286	2453
anlamıyorsun	9274	2454
tanıştığımıza	9262	2455
kararı	9261	2456
km	9250	2457
geniş	9247	2458
boşver	9241	2459
döndüm	9238	2460
hmm	9236	2461
uyku	9231	2462
evlenmek	9228	2463
çeviren	9227	2464
tuzak	9224	2465
kanı	9223	2466
kızıl	9222	2467
evim	9217	2468
geldiler	9203	2469
odaya	9200	2470
ihtiyar	9198	2471
afrika	9197	2472
gelmeden	9194	2473
prens	9194	2474
zamanım	9186	2475
görmüştüm	9182	2476
tarafında	9176	2477
bölümü	9166	2478
yardımcısı	9165	2479
haberim	9162	2480
anlattı	9158	2481
sarı	9158	2482
sahne	9157	2483
dost	9155	2484
çöp	9154	2485
temel	9154	2486
kızları	9148	2487
kullanarak	9148	2488
yara	9145	2489
hele	9144	2490
sanıyor	9133	2491
yanı	9133	2492
okulu	9129	2493
gelsin	9122	2494
seviyorsun	9113	2495
federal	9101	2496
kapıdan	9100	2497
mil	9099	2498
amına	9092	2499
geceleri	9089	2500
kalbi	9086	2501
duydunuz	9086	2502
aldığını	9084	2503
gördüğüme	9084	2504
abby	9083	2505
almayı	9078	2506
gitmeden	9073	2507
üzücü	9072	2508
ettiniz	9064	2509
kilometre	9062	2510
geldiği	9059	2511
kuralları	9055	2512
anı	9054	2513
andan	9049	2514
gör	9044	2515
alışveriş	9042	2516
hakkımda	9039	2517
hemşire	9035	2518
yumurta	9027	2519
bahsediyorum	9027	2520
geceyi	9025	2521
rose	9024	2522
birbirine	9023	2523
kendilerini	9023	2524
arası	9023	2525
adi	9020	2526
louis	9009	2527
phil	9002	2528
ipucu	8992	2529
yapmaz	8991	2530
bırakma	8990	2531
bozuk	8986	2532
li	8978	2533
ediyorsunuz	8974	2534
bardak	8973	2535
babama	8969	2536
no	8963	2537
doğrudan	8959	2538
geçici	8958	2539
meksika	8943	2540
alanı	8942	2541
ikisini	8941	2542
karmaşık	8940	2543
koyayım	8938	2544
verdiğim	8935	2545
olduk	8931	2546
yaşındaki	8931	2547
yerlere	8927	2548
görelim	8923	2549
bıktım	8922	2550
çıkıyorum	8917	2551
görünen	8908	2552
derdin	8907	2553
olamazsın	8899	2554
derim	8895	2555
karşısında	8891	2556
kafanı	8890	2557
susan	8888	2558
sadık	8887	2559
üstesinden	8887	2560
söylemeliyim	8886	2561
katı	8883	2562
halinde	8879	2563
unutmayın	8876	2564
gibidir	8874	2565
toplantı	8859	2566
göze	8858	2567
arkadaşlarım	8856	2568
gözleri	8856	2569
kaybetti	8852	2570
hükümet	8845	2571
dinlemek	8841	2572
jackson	8837	2573
geçerli	8833	2574
dönün	8819	2575
izninizle	8815	2576
alacağız	8814	2577
sevdiğin	8814	2578
nden	8803	2579
basın	8802	2580
hırsız	8798	2581
haftada	8795	2582
bakarım	8786	2583
birisini	8785	2584
çalışırken	8784	2585
diğeri	8778	2586
yaş	8773	2587
atış	8771	2588
hafif	8767	2589
kutu	8756	2590
etsin	8753	2591
sipariş	8751	2592
çıktım	8749	2593
gelene	8748	2594
anlatmak	8747	2595
programı	8746	2596
jenny	8746	2597
sizde	8744	2598
bas	8743	2599
öldürdüm	8734	2600
kişiler	8734	2601
yetişkin	8727	2602
kendimizi	8723	2603
olmazdı	8720	2604
ekmek	8715	2605
takdir	8709	2606
olduğunun	8708	2607
sanıyorum	8707	2608
sola	8707	2609
yardımına	8697	2610
söylüyorlar	8696	2611
roger	8694	2612
afedersin	8687	2613
birliği	8682	2614
grace	8677	2615
tanrıya	8675	2616
vermiyor	8675	2617
içerisinde	8674	2618
ilgilendirmez	8672	2619
korkuyor	8670	2620
bitmedi	8668	2621
edemezsin	8668	2622
çekti	8666	2623
ilan	8661	2624
izleri	8654	2625
tip	8653	2626
tak	8651	2627
tehlike	8651	2628
dean	8648	2629
hastalık	8633	2630
görünmüyor	8624	2631
sizler	8616	2632
çıkalım	8604	2633
hiçbirşey	8600	2634
bunlara	8598	2635
etmedi	8594	2636
partiye	8594	2637
olmadığına	8593	2638
sonrası	8589	2639
dediği	8588	2640
farkına	8573	2641
hassas	8568	2642
dolarlık	8567	2643
ikimizin	8567	2644
verdiler	8566	2645
hissediyor	8566	2646
oğlun	8565	2647
bakacağım	8564	2648
ateşi	8562	2649
çıkardın	8561	2650
edebilirsin	8560	2651
kaybettik	8553	2652
olmalıyız	8545	2653
göreceksin	8545	2654
buldunuz	8543	2655
hayatında	8542	2656
göreceğiz	8542	2657
şehre	8534	2658
çekiyor	8534	2659
telefonunu	8532	2660
başım	8531	2661
adımı	8529	2662
olduğunuz	8527	2663
sürdü	8525	2664
yaptıklarını	8522	2665
gündür	8520	2666
gönder	8513	2667
halk	8511	2668
neredeydin	8500	2669
randevu	8499	2670
etmen	8496	2671
şok	8495	2672
anlamıyor	8491	2673
kalbim	8491	2674
kişilik	8486	2675
julia	8484	2676
gidebilirsin	8481	2677
ölen	8480	2678
başlamak	8479	2679
soruyorum	8474	2680
göstereceğim	8471	2681
günden	8470	2682
faydası	8463	2683
annene	8463	2684
belediye	8460	2685
kafasını	8455	2686
bedava	8452	2687
kontrolü	8452	2688
şeydir	8451	2689
video	8451	2690
görmemiştim	8447	2691
yapmıyorum	8446	2692
olmaması	8445	2693
cia	8444	2694
ler	8443	2695
maggie	8441	2696
yaşa	8439	2697
önceydi	8436	2698
konuştun	8436	2699
yumuşak	8435	2700
haberler	8435	2701
yüzü	8433	2702
kokusu	8430	2703
cam	8427	2704
nakit	8420	2705
açıklama	8415	2706
kafası	8412	2707
aslına	8411	2708
yılın	8410	2709
gelirse	8408	2710
değişiklik	8404	2711
biliyordun	8400	2712
aldığım	8398	2713
banyo	8396	2714
kıpırdama	8387	2715
etmedim	8383	2716
josh	8382	2717
vaktim	8380	2718
taze	8379	2719
paramı	8373	2720
köpeği	8372	2721
karen	8370	2722
kafana	8367	2723
düşündüğünü	8367	2724
planın	8367	2725
yaparsan	8354	2726
tanıyorsun	8352	2727
delik	8351	2728
aber	8347	2729
sürede	8346	2730
aynısını	8346	2731
üzerindeki	8345	2732
etkisi	8343	2733
sevdiği	8343	2734
amerikalı	8342	2735
kafam	8341	2736
kaltak	8340	2737
hikayesi	8325	2738
düşünüyoruz	8324	2739
taki	8317	2740
korkma	8312	2741
olmalısınız	8310	2742
kirli	8306	2743
gideceksin	8305	2744
taylor	8303	2745
temsil	8301	2746
bulun	8301	2747
duyduğuma	8294	2748
howard	8281	2749
grubu	8281	2750
bişey	8277	2751
im	8274	2752
katılıyorum	8273	2753
sağa	8273	2754
suya	8272	2755
çılgınca	8269	2756
mutluluk	8267	2757
komutan	8253	2758
lily	8253	2759
ağaç	8251	2760
gizemli	8250	2761
seven	8247	2762
komiser	8242	2763
smith	8239	2764
biriyim	8233	2765
ateşli	8231	2766
istiyordu	8231	2767
girmiş	8228	2768
kalbini	8226	2769
alacaksın	8223	2770
bendim	8222	2771
göstereyim	8220	2772
jackie	8220	2773
gerekmez	8212	2774
nathan	8209	2775
dış	8209	2776
şirin	8209	2777
yapmalıyım	8208	2778
getirir	8208	2779
testi	8207	2780
gerektiği	8204	2781
morgan	8201	2782
bildiğini	8201	2783
yapıyordum	8199	2784
açığa	8194	2785
koyun	8191	2786
ağzını	8186	2787
kurtarmaya	8184	2788
aklından	8183	2789
pizza	8181	2790
babanı	8180	2791
ederek	8171	2792
gergin	8170	2793
aydır	8169	2794
aramak	8162	2795
heyecanlı	8160	2796
içimde	8156	2797
taraf	8153	2798
tahliye	8149	2799
cehennem	8145	2800
anneni	8140	2801
buçuk	8137	2802
bakarsan	8129	2803
durdur	8120	2804
geldiğin	8119	2805
fırsatı	8118	2806
yavaşça	8117	2807
yazı	8115	2808
izini	8108	2809
arayan	8107	2810
elimi	8103	2811
nı	8101	2812
haberin	8095	2813
içi	8093	2814
çalışmıyor	8092	2815
sara	8091	2816
ince	8089	2817
ufaklık	8088	2818
ölümcül	8087	2819
çalıştığım	8078	2820
şunları	8078	2821
ikinizin	8077	2822
arayın	8075	2823
veriyorsun	8068	2824
sonucu	8057	2825
ederken	8056	2826
hesap	8056	2827
yeteri	8050	2828
bulmalıyız	8049	2829
duymadım	8046	2830
sözü	8046	2831
gelmesini	8042	2832
sahiden	8039	2833
olmasaydı	8038	2834
birleşik	8037	2835
gönüllü	8035	2836
kurbanın	8030	2837
sey	8020	2838
yarısını	8018	2839
geçer	8015	2840
yaşasın	8011	2841
umrumda	8009	2842
doktora	8009	2843
yokmuş	8009	2844
başkası	8008	2845
yatakta	8007	2846
pazartesi	8007	2847
yüzlerce	8003	2848
dayan	7996	2849
duş	7992	2850
chloe	7974	2851
bakış	7973	2852
gary	7972	2853
kısmını	7970	2854
hikayeyi	7970	2855
kadınların	7968	2856
gelme	7964	2857
rock	7959	2858
kasaba	7957	2859
geçirdi	7952	2860
işlerini	7943	2861
vücut	7940	2862
unutmuşum	7937	2863
bekliyoruz	7932	2864
aldığı	7929	2865
bekliyordum	7928	2866
dönüş	7927	2867
kart	7924	2868
anlamak	7919	2869
içecek	7914	2870
rahip	7912	2871
sorular	7908	2872
geleceği	7907	2873
hindistan	7903	2874
inkar	7903	2875
hastane	7902	2876
peşine	7895	2877
dövüş	7888	2878
yazar	7887	2879
öbür	7882	2880
düşünmeye	7880	2881
düşündüğün	7878	2882
bela	7873	2883
milyonlarca	7868	2884
alabilirsin	7865	2885
yorgun	7863	2886
yapmayacağım	7862	2887
seninki	7861	2888
lezzetli	7858	2889
tuvalete	7852	2890
havada	7849	2891
etmeden	7846	2892
dönecek	7845	2893
davayı	7844	2894
ndan	7844	2895
kralı	7840	2896
yapmanı	7836	2897
gideriz	7836	2898
zenci	7826	2899
talep	7824	2900
victor	7819	2901
oğlumu	7814	2902
verelim	7809	2903
yaşıyorsun	7808	2904
olayın	7806	2905
sordu	7805	2906
er	7802	2907
yapamaz	7790	2908
doug	7785	2909
demiş	7784	2910
gitmiyorum	7781	2911
tutuyor	7780	2912
temin	7779	2913
vegas	7779	2914
gibiyim	7778	2915
günah	7778	2916
elizabeth	7777	2917
denemek	7756	2918
beklemek	7754	2919
açıdan	7753	2920
paranın	7752	2921
ışığı	7750	2922
canımı	7748	2923
burdan	7746	2924
barry	7744	2925
krizi	7742	2926
yaptıkları	7742	2927
elimizden	7741	2928
canın	7740	2929
etmiştim	7739	2930
hank	7737	2931
red	7736	2932
kocası	7734	2933
katta	7733	2934
anlarsın	7732	2935
oğlan	7725	2936
süreliğine	7724	2937
sorunumuz	7719	2938
gemisi	7717	2939
geçmişte	7717	2940
konuşuyorum	7717	2941
hepsinin	7715	2942
öne	7713	2943
bilet	7706	2944
bizzat	7705	2945
ayakkabı	7704	2946
bilmeni	7701	2947
patrick	7696	2948
gitmedi	7693	2949
oluyorsun	7691	2950
kırık	7687	2951
biridir	7686	2952
kalacaksın	7685	2953
sürecek	7682	2954
sinyal	7682	2955
hızla	7681	2956
otobüs	7681	2957
laura	7681	2958
çalışacağım	7680	2959
bilemezsin	7679	2960
minnettarım	7678	2961
şaşırdım	7674	2962
hepimizi	7670	2963
istemiyorsun	7669	2964
çaldı	7665	2965
özgürlük	7663	2966
hapiste	7657	2967
çıkardı	7657	2968
şaşırtıcı	7652	2969
verirsen	7649	2970
geçecek	7647	2971
olabiliriz	7646	2972
jesse	7645	2973
masa	7643	2974
dikkatini	7643	2975
tatil	7643	2976
öğretmen	7640	2977
stan	7635	2978
kuru	7635	2979
nükleer	7635	2980
konuşacağım	7629	2981
ross	7627	2982
sandın	7626	2983
yaptılar	7626	2984
tebrik	7620	2985
olsan	7619	2986
konuşacak	7617	2987
babana	7612	2988
net	7611	2989
tanıdık	7606	2990
julie	7606	2991
yakından	7603	2992
aşkın	7603	2993
ölür	7601	2994
sorum	7598	2995
jones	7598	2996
kural	7597	2997
anlayamadım	7596	2998
almanya	7593	2999
çözüm	7591	3000
müşteri	7591	3001
mahkemeye	7591	3002
dik	7587	3003
bırakalım	7581	3004
arıyoruz	7580	3005
sesleri	7580	3006
büyükanne	7572	3007
düşünmemiştim	7568	3008
üniversite	7565	3009
geçmek	7563	3010
yetenekli	7559	3011
kazandım	7557	3012
olmamış	7557	3013
kibar	7551	3014
duymuştum	7548	3015
trafik	7547	3016
yapmadı	7544	3017
dönmüş	7544	3018
olalım	7543	3019
duyduğum	7542	3020
olmayabilir	7539	3021
eş	7536	3022
tanıştım	7535	3023
evini	7535	3024
kapıya	7531	3025
yaşındayken	7530	3026
teyze	7530	3027
aldılar	7527	3028
eyalet	7526	3029
oyuncu	7525	3030
tadı	7516	3031
arkadaşları	7515	3032
kadeh	7515	3033
renk	7510	3034
öldürürüm	7509	3035
orayı	7506	3036
başladın	7503	3037
kusursuz	7501	3038
gösterir	7494	3039
kazandı	7493	3040
kadınları	7490	3041
öldürdüğünü	7488	3042
getireceğim	7486	3043
arkasına	7484	3044
kişiye	7484	3045
hayatına	7481	3046
şiddet	7479	3047
maç	7478	3048
eşyalarını	7477	3049
seçenek	7475	3050
gözü	7471	3051
vereceksin	7470	3052
arkada	7469	3053
sohbet	7468	3054
emekli	7467	3055
denir	7466	3056
tarz	7466	3057
eşim	7466	3058
mektubu	7464	3059
bulamadım	7462	3060
bebeğin	7458	3061
değiştirmek	7458	3062
bravo	7458	3063
yarıyor	7453	3064
uğruna	7452	3065
oynuyor	7452	3066
durdu	7452	3067
keskin	7447	3068
gördüğünü	7446	3069
sorunum	7445	3070
ölüyor	7439	3071
görmezden	7436	3072
chicago	7435	3073
davranıyorsun	7431	3074
sokakta	7430	3075
alıyorsun	7429	3076
takma	7427	3077
seferinde	7422	3078
rick	7419	3079
mucize	7416	3080
atın	7413	3081
bakıp	7406	3082
babamla	7402	3083
ağzına	7402	3084
amacı	7401	3085
internet	7400	3086
şükürler	7395	3087
çizgi	7393	3088
kötüsü	7384	3089
görüşme	7379	3090
normalde	7379	3091
koku	7376	3092
bekleyen	7376	3093
garanti	7374	3094
güne	7374	3095
laf	7373	3096
acıyor	7369	3097
uçuş	7366	3098
arabadan	7363	3099
girdim	7361	3100
görünüyordu	7360	3101
atla	7359	3102
korkuyorsun	7352	3103
gördük	7352	3104
inanmak	7348	3105
van	7346	3106
dördüncü	7343	3107
edemez	7338	3108
dondurma	7335	3109
molly	7335	3110
olmamız	7331	3111
idi	7327	3112
götürmek	7321	3113
meyve	7317	3114
müfettiş	7312	3115
kardeşini	7309	3116
gittiler	7309	3117
japon	7308	3118
hissetmiyorum	7304	3119
arkadaşını	7303	3120
kimlik	7300	3121
içindi	7296	3122
zafer	7294	3123
han	7293	3124
rahibe	7289	3125
öylesine	7284	3126
ruhu	7283	3127
tehlikede	7282	3128
bar	7282	3129
arıyordum	7280	3130
diyorsunuz	7280	3131
seri	7279	3132
istediğimiz	7279	3133
yaradı	7277	3134
kendinize	7270	3135
robin	7269	3136
minik	7261	3137
ihtiyaçları	7260	3138
sorunları	7259	3139
oyuncak	7259	3140
madde	7257	3141
görmüyor	7255	3142
si	7247	3143
yanıma	7247	3144
birisinin	7247	3145
toprak	7243	3146
cenaze	7243	3147
gelmeye	7241	3148
demir	7240	3149
tuttum	7240	3150
görür	7240	3151
içelim	7239	3152
öldürür	7238	3153
anlayamıyorum	7236	3154
hazırız	7235	3155
olursan	7235	3156
belaya	7232	3157
umuyorum	7231	3158
götüreceğim	7227	3159
anlamaya	7223	3160
patlama	7220	3161
buyrun	7216	3162
cadı	7213	3163
vaktimiz	7211	3164
bırakmış	7210	3165
beğendim	7208	3166
farkı	7207	3167
saldırıya	7206	3168
kaçmak	7202	3169
adli	7199	3170
verildi	7198	3171
ülkenin	7197	3172
biliyorlar	7196	3173
eşi	7196	3174
hasar	7193	3175
motor	7181	3176
döner	7178	3177
yürüyün	7172	3178
kapının	7171	3179
dönelim	7169	3180
yemeğini	7169	3181
uzağa	7168	3182
merkez	7168	3183
oku	7168	3184
sağlamak	7166	3185
neyle	7166	3186
istemedi	7164	3187
düşünün	7164	3188
yaralı	7163	3189
gözünü	7162	3190
gösterdi	7159	3191
yedin	7157	3192
helen	7155	3193
patates	7155	3194
viski	7151	3195
göğüs	7148	3196
bakılırsa	7144	3197
kaybettin	7144	3198
herkesten	7134	3199
elveda	7133	3200
güzelsin	7130	3201
soruşturma	7128	3202
kalmaz	7122	3203
korkak	7118	3204
fazladan	7115	3205
maymun	7110	3206
öyleyim	7109	3207
amanda	7103	3208
risk	7100	3209
oydu	7099	3210
savaşa	7097	3211
edebiliriz	7096	3212
katili	7091	3213
haftaya	7090	3214
yılan	7089	3215
alkol	7082	3216
fare	7080	3217
melek	7079	3218
bilinen	7076	3219
benzin	7074	3220
ali	7074	3221
birinden	7065	3222
paket	7064	3223
kurtulmak	7062	3224
eşcinsel	7059	3225
yerim	7057	3226
charlotte	7056	3227
yemeğine	7056	3228
koydum	7054	3229
konuşurken	7052	3230
yapardım	7048	3231
kira	7047	3232
sırası	7041	3233
sevmiyorum	7040	3234
arkadaşının	7035	3235
müziği	7027	3236
bulurum	7026	3237
olaylar	7026	3238
gitmen	7026	3239
olmadığımı	7026	3240
yerinden	7026	3241
çalıyor	7020	3242
miydim	7020	3243
bayıldım	7017	3244
yakala	7010	3245
haberleri	7007	3246
borç	7005	3247
kurtardı	6994	3248
durup	6993	3249
manyak	6991	3250
sayı	6990	3251
ısrar	6987	3252
nu	6985	3253
tuvalet	6971	3254
istiyorsanız	6968	3255
içindir	6967	3256
altından	6964	3257
kilise	6962	3258
sigorta	6960	3259
lordum	6951	3260
sonuçları	6948	3261
işlerin	6948	3262
abd	6945	3263
girer	6942	3264
olacağı	6939	3265
tyler	6936	3266
bahsetti	6933	3267
saçmalama	6928	3268
bayılıyorum	6925	3269
başardık	6922	3270
bırakıyorum	6921	3271
makine	6920	3272
yumruk	6918	3273
fred	6917	3274
evimde	6916	3275
fırtına	6915	3276
silahları	6915	3277
topla	6909	3278
oliver	6903	3279
geldiğiniz	6901	3280
gitmesine	6896	3281
arkadaşların	6896	3282
görebilir	6895	3283
senatör	6895	3284
geliyoruz	6891	3285
saate	6891	3286
atıyor	6889	3287
kaynağı	6886	3288
komutanım	6886	3289
rahatla	6874	3290
ertesi	6871	3291
hal	6869	3292
kalabalık	6867	3293
delilik	6865	3294
pasta	6864	3295
söylemeyi	6862	3296
açmak	6861	3297
sıkıntı	6861	3298
itiraz	6856	3299
yapmalısın	6853	3300
yapıyordu	6847	3301
bugünkü	6842	3302
çıkmaya	6841	3303
kaydı	6838	3304
bıraktın	6837	3305
olabilirler	6834	3306
gidiyorsunuz	6828	3307
yaptığınız	6828	3308
getiren	6819	3309
kardeşinin	6816	3310
posta	6812	3311
geçip	6807	3312
gittikçe	6801	3313
suçun	6798	3314
marcus	6798	3315
bakan	6797	3316
raporu	6796	3317
mesajı	6794	3318
aziz	6792	3319
oldukları	6790	3320
kılıç	6789	3321
edemiyorum	6788	3322
kızların	6787	3323
korumaya	6784	3324
hoşgeldiniz	6784	3325
kolayca	6781	3326
nate	6775	3327
öldüğü	6773	3328
katılmak	6771	3329
sonsuz	6770	3330
kadarı	6769	3331
oğlunu	6768	3332
gördüğünüz	6768	3333
insanlardan	6767	3334
düşmüş	6765	3335
gerekiyorsa	6764	3336
yıldan	6762	3337
eskisi	6762	3338
sevdiğimi	6760	3339
verebilirim	6757	3340
greg	6757	3341
başın	6755	3342
meydan	6748	3343
dersi	6741	3344
demişti	6741	3345
sensiz	6739	3346
aracı	6739	3347
adresi	6735	3348
maçı	6735	3349
donna	6733	3350
yazdım	6731	3351
kanun	6730	3352
soracağım	6723	3353
mac	6723	3354
şişman	6720	3355
annesinin	6719	3356
ciddiye	6717	3357
diyebilirim	6716	3358
çalışıyorlar	6716	3359
hayvanlar	6714	3360
halen	6714	3361
olayım	6709	3362
deneme	6709	3363
çağır	6709	3364
edeceğini	6708	3365
olanlardan	6704	3366
golf	6703	3367
roman	6703	3368
konuştuk	6699	3369
zekalı	6697	3370
belada	6696	3371
fazlasıyla	6693	3372
düşünme	6693	3373
attım	6690	3374
düz	6687	3375
verip	6687	3376
makinesi	6685	3377
hitler	6681	3378
yokken	6678	3379
haklıydın	6678	3380
gördüğümde	6676	3381
kaçırdın	6675	3382
izni	6673	3383
gerekeni	6673	3384
alarm	6669	3385
olmamı	6669	3386
öğlen	6666	3387
anladınız	6665	3388
öğrendin	6663	3389
ormanda	6661	3390
içmeye	6660	3391
gitmelisin	6657	3392
bulur	6655	3393
vampir	6654	3394
anlamda	6651	3395
insana	6649	3396
kaybetmek	6647	3397
dakikada	6646	3398
yüzüme	6644	3399
akıllıca	6637	3400
tanrının	6634	3401
tarzı	6630	3402
olamam	6628	3403
gitmeyi	6627	3404
andrew	6626	3405
bakmaya	6622	3406
kilitli	6622	3407
cooper	6621	3408
cezası	6618	3409
hatırladım	6618	3410
rebecca	6615	3411
vincent	6613	3412
leydi	6610	3413
birilerini	6602	3414
açlıktan	6599	3415
çekim	6598	3416
oyuna	6598	3417
gününü	6597	3418
sabit	6594	3419
kaçak	6593	3420
verdiğini	6593	3421
kulübü	6590	3422
yaşamaya	6589	3423
döndün	6588	3424
hukuk	6588	3425
bina	6586	3426
polisin	6583	3427
demeye	6581	3428
arabayla	6578	3429
model	6573	3430
aşkı	6572	3431
çığlık	6572	3432
kızımı	6572	3433
vermedi	6569	3434
yakalamak	6565	3435
parayla	6559	3436
isterse	6559	3437
korkutucu	6558	3438
canı	6553	3439
öpücük	6553	3440
paranı	6552	3441
olabilecek	6550	3442
paran	6548	3443
kimseyle	6546	3444
h	6546	3445
tur	6545	3446
harvey	6544	3447
etmemi	6541	3448
şarkıyı	6541	3449
suçum	6541	3450
justin	6540	3451
tesadüf	6539	3452
görmeyi	6539	3453
tatmin	6538	3454
aksine	6531	3455
sihirli	6531	3456
savaşta	6530	3457
giriyor	6529	3458
güveniyorum	6528	3459
city	6527	3460
katie	6527	3461
k	6523	3462
johnson	6523	3463
bilmen	6522	3464
yıldızı	6521	3465
çikolata	6519	3466
hali	6517	3467
durdurmak	6513	3468
görmüyorum	6512	3469
gümüş	6506	3470
felaket	6502	3471
sandviç	6501	3472
annenle	6501	3473
affet	6500	3474
ölüme	6499	3475
böylesi	6498	3476
modern	6497	3477
angela	6496	3478
ettiğimi	6492	3479
kimden	6490	3480
salı	6488	3481
götürdü	6484	3482
metal	6484	3483
mevcut	6483	3484
oturuyor	6482	3485
ederdim	6479	3486
kalabilir	6478	3487
hoşlanıyorum	6478	3488
rezil	6476	3489
erkeklerin	6476	3490
klasik	6475	3491
ayrıldı	6472	3492
amin	6469	3493
çıktın	6468	3494
güvenliği	6468	3495
değildin	6467	3496
noktası	6466	3497
olsaydın	6465	3498
yaşadığını	6462	3499
iste	6460	3500
saattir	6455	3501
gündüz	6453	3502
program	6453	3503
yetecek	6453	3504
alıyoruz	6452	3505
kafasına	6451	3506
icabına	6447	3507
başardın	6441	3508
sessizlik	6440	3509
ölmeden	6438	3510
kamp	6433	3511
savaşın	6431	3512
karşıya	6430	3513
şişko	6430	3514
etmesini	6428	3515
gittik	6428	3516
fotoğrafı	6428	3517
çocuklarla	6426	3518
uçağı	6426	3519
bruce	6424	3520
yılında	6421	3521
toz	6420	3522
jo	6420	3523
he	6418	3524
bahsediyoruz	6415	3525
yaklaşıyor	6415	3526
beğendin	6412	3527
olana	6411	3528
öldürme	6411	3529
erkeğin	6410	3530
alırsın	6409	3531
acımasız	6409	3532
görmedin	6408	3533
senle	6400	3534
yaparak	6399	3535
uyu	6393	3536
terry	6392	3537
kızını	6388	3538
japonya	6388	3539
seve	6387	3540
aylık	6387	3541
göt	6383	3542
şanslısın	6379	3543
suyun	6378	3544
kalmayacak	6377	3545
sally	6370	3546
vermez	6369	3547
sistem	6368	3548
roy	6365	3549
aldınız	6365	3550
gelmedim	6363	3551
hile	6360	3552
halka	6359	3553
günleri	6358	3554
dinliyorum	6356	3555
alay	6355	3556
frankie	6355	3557
sağlayacak	6352	3558
korktum	6347	3559
bildiğimiz	6347	3560
yaşadım	6347	3561
todd	6344	3562
kalanını	6342	3563
moda	6342	3564
silahlar	6340	3565
kocan	6335	3566
oluşan	6333	3567
yarış	6331	3568
lucas	6331	3569
deniyor	6330	3570
duran	6326	3571
verilen	6323	3572
gemiye	6323	3573
görüntü	6317	3574
ayda	6312	3575
olurdum	6306	3576
kazanan	6305	3577
yorgunum	6301	3578
erdi	6295	3579
radyo	6295	3580
jamie	6290	3581
cole	6287	3582
ziyarete	6285	3583
kumar	6280	3584
olacaksınız	6279	3585
linda	6278	3586
geçmişi	6272	3587
bitir	6272	3588
çıkarma	6266	3589
duruyorsun	6265	3590
olmalıydı	6264	3591
olaya	6264	3592
sıfır	6263	3593
giderse	6261	3594
hastalığı	6259	3595
saray	6258	3596
gösteren	6257	3597
ilham	6257	3598
duvara	6255	3599
bakabilir	6254	3600
mermi	6254	3601
buluruz	6254	3602
sözünü	6253	3603
etrafa	6251	3604
yapmadın	6248	3605
üvey	6248	3606
askerler	6244	3607
daire	6241	3608
mezun	6239	3609
deri	6237	3610
barda	6229	3611
dediler	6223	3612
duygu	6219	3613
istifa	6219	3614
davranıyor	6218	3615
balığı	6207	3616
biçimde	6205	3617
girdin	6204	3618
içeriye	6204	3619
ailesinin	6203	3620
neyden	6202	3621
önemsiz	6202	3622
geçin	6201	3623
ların	6201	3624
etmişti	6200	3625
vince	6200	3626
edilen	6200	3627
işiniz	6191	3628
başlayacak	6190	3629
kardeşimi	6189	3630
gitmesi	6188	3631
kalıyorum	6181	3632
ellerinde	6180	3633
olacaklar	6177	3634
pembe	6176	3635
düşünce	6173	3636
teklifi	6173	3637
istememiştim	6170	3638
götürecek	6170	3639
işime	6168	3640
mahkemede	6162	3641
kalacağız	6162	3642
yedek	6161	3643
söylersin	6161	3644
dışarıya	6156	3645
noktada	6155	3646
kimliğini	6151	3647
kanlı	6150	3648
sordun	6147	3649
anlatacağım	6141	3650
gemiyi	6141	3651
ihtimal	6140	3652
milyar	6138	3653
gününde	6137	3654
imza	6136	3655
hop	6135	3656
hanımlar	6135	3657
arkanı	6135	3658
çekin	6134	3659
lois	6131	3660
bırakır	6131	3661
derek	6131	3662
sophie	6128	3663
başladık	6128	3664
bırakayım	6127	3665
vermeyi	6126	3666
rusya	6124	3667
uzaktan	6121	3668
sür	6119	3669
marie	6119	3670
davranış	6116	3671
sevmem	6116	3672
başlıyorum	6115	3673
cevabı	6114	3674
miktarda	6111	3675
bitmiş	6109	3676
catherine	6107	3677
parçaları	6105	3678
öldürmüş	6103	3679
etrafı	6102	3680
ailemi	6101	3681
kaybı	6100	3682
uzman	6097	3683
noktaya	6095	3684
haksız	6091	3685
italyan	6091	3686
adamdan	6086	3687
jessica	6086	3688
yedim	6085	3689
carol	6085	3690
dr	6080	3691
bildiği	6079	3692
ayın	6079	3693
hissettiğini	6079	3694
tabiki	6075	3695
dile	6074	3696
brad	6072	3697
söyleyebilirsin	6071	3698
etmekten	6069	3699
ambulans	6065	3700
jüri	6062	3701
şuan	6059	3702
üzerime	6054	3703
adamdı	6053	3704
satış	6050	3705
peynir	6049	3706
memnunum	6048	3707
soruyu	6046	3708
çalışır	6044	3709
yakalayın	6044	3710
başlamadan	6036	3711
işbirliği	6033	3712
lu	6032	3713
uyar	6031	3714
elena	6030	3715
söylemen	6030	3716
düzenli	6029	3717
kış	6029	3718
bulmamız	6028	3719
jay	6025	3720
imkanı	6023	3721
ölümüne	6021	3722
cennet	6016	3723
arasına	6013	3724
tarif	6009	3725
meydana	6006	3726
iyiyiz	6004	3727
tekisin	5997	3728
etkili	5996	3729
istemiyorsan	5993	3730
anında	5992	3731
dükkanı	5991	3732
söyleyip	5990	3733
hapishane	5989	3734
gelmesi	5988	3735
sorumluluk	5987	3736
yönetim	5986	3737
duvar	5982	3738
icin	5982	3739
gidebiliriz	5978	3740
boşuna	5975	3741
açtı	5971	3742
gerekti	5969	3743
babanla	5967	3744
çıkmaz	5967	3745
çalıştığı	5965	3746
wilson	5965	3747
geceki	5963	3748
güzellik	5961	3749
eller	5960	3750
önde	5958	3751
ederler	5954	3752
yaratık	5954	3753
müsün	5949	3754
şerefsiz	5948	3755
feda	5945	3756
jess	5944	3757
jordan	5943	3758
operasyon	5942	3759
kek	5942	3760
şampanya	5941	3761
hollywood	5940	3762
yağ	5938	3763
yerler	5936	3764
etmeyeceğim	5935	3765
gus	5935	3766
müdürü	5934	3767
kötüye	5933	3768
günüm	5930	3769
kore	5929	3770
geldiğimde	5928	3771
çocukla	5924	3772
vali	5923	3773
gelsene	5921	3774
görmem	5921	3775
ödülü	5920	3776
carlos	5917	3777
dişi	5912	3778
kasabada	5912	3779
yapıldı	5911	3780
ihtimali	5905	3781
ayrılmak	5905	3782
vermelisin	5901	3783
oradaydı	5901	3784
güzelim	5899	3785
dolara	5898	3786
elime	5897	3787
bilerek	5896	3788
perşembe	5896	3789
çıkmadı	5891	3790
küçükken	5890	3791
yanıyor	5890	3792
olmalılar	5889	3793
etmeni	5885	3794
değişir	5885	3795
kaybetmiş	5884	3796
ötürü	5883	3797
değeri	5882	3798
hain	5880	3799
kayıtları	5879	3800
hoşlanıyor	5879	3801
numarayı	5877	3802
kafamı	5875	3803
anlam	5872	3804
gazete	5872	3805
haftadır	5870	3806
telafi	5868	3807
getiriyor	5867	3808
durumun	5866	3809
sabırsızlanıyorum	5865	3810
vergi	5864	3811
sağolun	5864	3812
yılı	5864	3813
yapmadan	5864	3814
söylemesi	5860	3815
kapatın	5858	3816
herifin	5856	3817
carrie	5853	3818
yerime	5852	3819
dakikaya	5852	3820
güvenilir	5847	3821
lise	5845	3822
aa	5845	3823
hannah	5844	3824
uluslararası	5844	3825
bittiğinde	5841	3826
birbirlerine	5838	3827
baya	5838	3828
yapamayız	5836	3829
yaşıyoruz	5835	3830
bayılırım	5835	3831
yapsın	5834	3832
bölgede	5831	3833
vereceğiz	5826	3834
diz	5825	3835
hoşgeldin	5818	3836
uyum	5818	3837
uçağa	5816	3838
doktorlar	5812	3839
cinayeti	5810	3840
böcek	5809	3841
yatıyor	5807	3842
koymak	5807	3843
kalmaya	5807	3844
üniversiteye	5806	3845
edward	5804	3846
soruyorsun	5799	3847
delil	5799	3848
kanser	5798	3849
geminin	5797	3850
yüzük	5796	3851
kazandın	5796	3852
yaptığına	5793	3853
yandan	5792	3854
sabaha	5790	3855
haberdar	5790	3856
girebilir	5788	3857
otelde	5786	3858
bulalım	5783	3859
kabus	5783	3860
pilot	5780	3861
anlar	5779	3862
umuyordum	5776	3863
betty	5775	3864
alabilirim	5771	3865
istemiyoruz	5768	3866
brown	5767	3867
sun	5766	3868
young	5766	3869
düşünmüyor	5759	3870
merhamet	5758	3871
yük	5757	3872
temas	5757	3873
kardeşimin	5757	3874
karı	5757	3875
darbe	5755	3876
gerçekleri	5754	3877
tutan	5754	3878
zahmet	5754	3879
king	5753	3880
ho	5752	3881
nedeniyle	5752	3882
kurtardın	5751	3883
deneyelim	5748	3884
beth	5747	3885
müdahale	5742	3886
gordon	5739	3887
ani	5738	3888
öteki	5733	3889
miller	5731	3890
söyleyeceksin	5729	3891
ağzından	5728	3892
rengi	5727	3893
resmini	5727	3894
ederse	5727	3895
bilgileri	5727	3896
tutmaya	5725	3897
direk	5725	3898
idam	5724	3899
ulan	5720	3900
karımı	5717	3901
almadan	5711	3902
hatan	5710	3903
görecek	5709	3904
geçelim	5708	3905
korusun	5706	3906
almıştım	5705	3907
tuttu	5704	3908
direkt	5703	3909
me	5702	3910
ağlama	5700	3911
tavşan	5700	3912
sanmam	5700	3913
numarasını	5698	3914
ateşe	5696	3915
olacağına	5695	3916
kraliyet	5695	3917
önem	5695	3918
üstün	5691	3919
kurtarma	5691	3920
zordur	5687	3921
tutar	5684	3922
boston	5681	3923
parker	5678	3924
yiyelim	5676	3925
etmemiz	5670	3926
yatırım	5667	3927
versene	5667	3928
denize	5667	3929
çeker	5662	3930
ikiye	5662	3931
önemlisi	5661	3932
esas	5656	3933
izledim	5653	3934
gençler	5652	3935
niyetim	5652	3936
şirketin	5651	3937
başının	5649	3938
çıkıyoruz	5649	3939
sınır	5647	3940
alet	5646	3941
çanta	5645	3942
türden	5645	3943
gelmeyecek	5644	3944
uyarı	5643	3945
devre	5643	3946
nişan	5641	3947
çalmak	5641	3948
anlatmaya	5639	3949
listesi	5639	3950
vermeden	5639	3951
borçluyum	5638	3952
bugüne	5638	3953
tekne	5636	3954
bekar	5633	3955
anasını	5630	3956
buradaydı	5627	3957
dosya	5626	3958
kurmak	5626	3959
söylemiyorum	5626	3960
anlamsız	5624	3961
wayne	5623	3962
zamanla	5622	3963
doktoru	5621	3964
sebebini	5620	3965
karıştı	5618	3966
burnunu	5618	3967
lik	5618	3968
ot	5614	3969
popüler	5612	3970
izliyor	5612	3971
çağrı	5609	3972
herneyse	5609	3973
nesin	5606	3974
robot	5604	3975
cok	5602	3976
etmenin	5601	3977
bulmam	5601	3978
kanka	5599	3979
zehir	5599	3980
ian	5598	3981
ileride	5598	3982
kenny	5597	3983
katilin	5594	3984
değiştirdi	5594	3985
amaç	5593	3986
kimler	5591	3987
kadarını	5590	3988
dennis	5590	3989
casey	5590	3990
okulun	5588	3991
bugünlerde	5584	3992
panik	5582	3993
oscar	5581	3994
artı	5579	3995
liz	5577	3996
jeremy	5575	3997
taşı	5575	3998
olivia	5575	3999
teşhis	5575	4000
marty	5574	4001
tae	5570	4002
giy	5569	4003
gittiği	5568	4004
bıçağı	5566	4005
bekleyeceğim	5565	4006
eğlenceler	5565	4007
değişik	5561	4008
gereksiz	5559	4009
özlüyorum	5558	4010
uslu	5557	4011
olmayacağım	5556	4012
kader	5556	4013
steven	5551	4014
benzemiyor	5549	4015
duymadın	5549	4016
sue	5547	4017
sesle	5544	4018
bilgiler	5544	4019
yapabileceğini	5541	4020
homer	5540	4021
oğlumun	5539	4022
jin	5535	4023
planım	5534	4024
naber	5533	4025
kokusunu	5532	4026
oğlunun	5532	4027
inek	5530	4028
cadılar	5527	4029
adlı	5525	4030
randy	5523	4031
çaresine	5522	4032
arabasını	5520	4033
bulunduğu	5519	4034
nina	5519	4035
kemik	5516	4036
matthew	5511	4037
ethan	5509	4038
gitmiyorsun	5507	4039
yaşadığı	5503	4040
bitecek	5502	4041
arkaya	5502	4042
merkezinde	5500	4043
kaldırın	5498	4044
mola	5497	4045
miami	5493	4046
çeken	5492	4047
vaktin	5484	4048
reklam	5484	4049
yanılıyorsun	5479	4050
açıp	5478	4051
başımdan	5478	4052
misafir	5478	4053
odayı	5473	4054
büyükbaba	5473	4055
davası	5472	4056
sapık	5469	4057
vurmak	5465	4058
koru	5464	4059
kod	5464	4060
meşgulüm	5463	4061
alçak	5463	4062
buldular	5462	4063
yasa	5461	4064
hız	5459	4065
boy	5457	4066
görürsün	5457	4067
geçiriyor	5456	4068
söylemeyeceğim	5454	4069
dylan	5452	4070
gideceğini	5452	4071
kımıldama	5451	4072
kaçmaya	5451	4073
kıyafet	5448	4074
isteyeceğim	5447	4075
bulamıyorum	5445	4076
ordusu	5443	4077
sikeyim	5442	4078
gibiler	5436	4079
davis	5436	4080
bağlantısı	5436	4081
is	5434	4082
kurtar	5433	4083
zorlu	5432	4084
aranızda	5431	4085
yapardı	5431	4086
uzaylı	5431	4087
otuz	5431	4088
önden	5426	4089
kol	5426	4090
lafı	5426	4091
yüzümden	5421	4092
lerin	5419	4093
bekledim	5417	4094
kimmiş	5416	4095
söylerdi	5415	4096
yıllarca	5414	4097
yalvarıyorum	5413	4098
yüzüğü	5412	4099
bahsettiğini	5411	4100
veri	5410	4101
cihazı	5409	4102
olmana	5408	4103
mıdır	5407	4104
yoruldum	5407	4105
işle	5402	4106
şapka	5401	4107
istemezdim	5398	4108
gezegen	5398	4109
ron	5398	4110
derdim	5398	4111
başlamış	5397	4112
cüret	5394	4113
dilemek	5392	4114
birilerinin	5392	4115
öncesi	5389	4116
başımıza	5388	4117
etki	5387	4118
yazan	5385	4119
koydu	5385	4120
bahsediyor	5385	4121
temizlik	5384	4122
ilişkisi	5382	4123
alırız	5382	4124
birlik	5381	4125
başkasının	5379	4126
yapabileceğimiz	5378	4127
lider	5377	4128
etmiyorsun	5376	4129
öte	5376	4130
görüş	5374	4131
üstüme	5372	4132
şeylerle	5372	4133
çabucak	5372	4134
servisi	5370	4135
kafalı	5368	4136
haklısınız	5364	4137
zoe	5364	4138
görünüyorum	5363	4139
puan	5363	4140
ibaret	5362	4141
çıktığını	5361	4142
okumak	5360	4143
söylediğimi	5359	4144
walker	5359	4145
hırsızlık	5357	4146
sakinleş	5356	4147
çocuğunu	5354	4148
yaramıyor	5351	4149
anahtarları	5351	4150
kolunu	5350	4151
ikincisi	5349	4152
kamyon	5348	4153
aklında	5347	4154
istersiniz	5344	4155
ikinizi	5344	4156
ülkede	5342	4157
telefona	5342	4158
giderek	5341	4159
halkın	5339	4160
şükran	5339	4161
endişeleniyorum	5338	4162
teddy	5337	4163
üstünü	5335	4164
gitmeni	5335	4165
sınırı	5334	4166
öldürmedim	5332	4167
nadir	5330	4168
çete	5328	4169
örümcek	5326	4170
düşüyor	5321	4171
bitirmek	5321	4172
ellen	5320	4173
bağ	5318	4174
gelmiştim	5317	4175
noeller	5316	4176
dar	5314	4177
yanındaki	5312	4178
gürültü	5311	4179
bakacak	5310	4180
gelişme	5310	4181
inanabiliyor	5310	4182
alındı	5306	4183
shawn	5304	4184
boyun	5304	4185
anlatayım	5304	4186
dana	5303	4187
başlayın	5302	4188
sahneye	5300	4189
öylesin	5299	4190
başkalarının	5295	4191
benziyorsun	5295	4192
örneğin	5295	4193
sarışın	5294	4194
ulaşmak	5293	4195
anlattım	5291	4196
işinde	5288	4197
vermişti	5286	4198
martha	5284	4199
anladığım	5284	4200
yerleri	5284	4201
hapis	5284	4202
yolla	5283	4203
üstünden	5281	4204
yapacaksınız	5279	4205
ailemin	5278	4206
zekice	5278	4207
kaçmış	5277	4208
konuşmalıyız	5272	4209
maruz	5270	4210
edilemez	5270	4211
kalanı	5268	4212
beşinci	5266	4213
yapamıyorum	5263	4214
dağ	5263	4215
sağlıyor	5260	4216
çıkarsa	5260	4217
gemide	5257	4218
caroline	5255	4219
boya	5254	4220
geliyordu	5251	4221
oysa	5249	4222
dil	5249	4223
midir	5247	4224
sorma	5244	4225
arkasından	5243	4226
aldığın	5243	4227
sabahın	5242	4228
bilgiyi	5241	4229
olabildiğince	5240	4230
michelle	5238	4231
ortalıkta	5237	4232
altındaki	5237	4233
vermiştim	5236	4234
terörist	5236	4235
buysa	5234	4236
konuşan	5231	4237
evvel	5231	4238
lı	5228	4239
çıkarmaya	5228	4240
jennifer	5227	4241
eşit	5227	4242
gay	5226	4243
arkadan	5220	4244
köle	5220	4245
ahmak	5219	4246
kang	5219	4247
seç	5218	4248
sınıfta	5214	4249
istemediğini	5214	4250
toplantısı	5211	4251
av	5209	4252
albert	5208	4253
yapılması	5207	4254
tuzağa	5205	4255
savaşçı	5204	4256
yetmez	5204	4257
gibbs	5203	4258
geçirmiş	5203	4259
iyiymiş	5203	4260
geçtim	5202	4261
sesli	5200	4262
sanıyorsunuz	5199	4263
istihbarat	5197	4264
olurlar	5196	4265
töreni	5196	4266
başardım	5193	4267
getirecek	5193	4268
etmedin	5192	4269
diane	5191	4270
bitiyor	5191	4271
oyunun	5190	4272
soygun	5188	4273
davran	5188	4274
işimize	5187	4275
teknoloji	5186	4276
alana	5184	4277
korkmuyorum	5183	4278
nancy	5182	4279
francis	5181	4280
ömür	5181	4281
ölüyorum	5181	4282
halkı	5181	4283
dediğine	5180	4284
hepinize	5180	4285
yarına	5180	4286
audrey	5180	4287
huh	5179	4288
sizlere	5178	4289
durdurun	5177	4290
anlamıyla	5175	4291
incil	5175	4292
sivil	5173	4293
zorundaydım	5173	4294
düşünüyorlar	5167	4295
sürüyor	5165	4296
bırakacağım	5163	4297
buluşma	5163	4298
hakkın	5160	4299
sağladı	5160	4300
kadınlara	5158	4301
konuştu	5157	4302
lou	5157	4303
aaron	5156	4304
meşhur	5155	4305
yanıt	5155	4306
hakkını	5152	4307
lideri	5148	4308
joseph	5146	4309
almadım	5146	4310
delirdin	5144	4311
ödemek	5144	4312
doldu	5144	4313
yazmış	5143	4314
kapıları	5142	4315
kaçırdım	5141	4316
merkezine	5138	4317
mösyö	5137	4318
duyabiliyor	5136	4319
devamlı	5136	4320
ailesini	5136	4321
kalbimi	5135	4322
sinirli	5135	4323
amma	5135	4324
memuru	5131	4325
duymuş	5129	4326
satmak	5122	4327
uyanık	5122	4328
hepinizin	5121	4329
simdi	5121	4330
kurallar	5121	4331
inanın	5117	4332
gördüğü	5116	4333
angel	5115	4334
iğne	5111	4335
sessizce	5110	4336
kokain	5107	4337
petrol	5106	4338
abla	5105	4339
bittiğini	5103	4340
kiliseye	5102	4341
yaşına	5099	4342
masaya	5097	4343
yapmaktan	5093	4344
istedikleri	5093	4345
binanın	5091	4346
eti	5091	4347
şahane	5089	4348
mecbur	5087	4349
karanlıkta	5086	4350
konuya	5085	4351
delikanlı	5084	4352
sevmiyor	5083	4353
gidemezsin	5083	4354
yazılı	5079	4355
gönderdim	5079	4356
çektim	5078	4357
hissettiriyor	5077	4358
şüphesiz	5076	4359
öfke	5069	4360
muazzam	5068	4361
aktif	5065	4362
babasını	5064	4363
bildin	5062	4364
aklı	5060	4365
başarı	5060	4366
vermedim	5059	4367
politik	5059	4368
dolusu	5056	4369
çekiyorum	5053	4370
müsait	5053	4371
toby	5050	4372
gözlerin	5049	4373
aklımdan	5047	4374
muydunuz	5047	4375
döndüğünü	5047	4376
öldürüyor	5046	4377
benimkini	5046	4378
barbara	5045	4379
kanada	5045	4380
alması	5044	4381
r	5039	4382
verdiniz	5034	4383
zamanını	5033	4384
oturma	5030	4385
sesler	5030	4386
ruhunu	5030	4387
tanıştığıma	5030	4388
sayfa	5030	4389
hatırlamıyor	5029	4390
herifler	5029	4391
avcı	5025	4392
hepinizi	5025	4393
anlaşmayı	5024	4394
marshall	5023	4395
hı	5019	4396
veriyoruz	5018	4397
birbirlerini	5017	4398
dinliyor	5014	4399
avukatı	5012	4400
raymond	5011	4401
saçlı	5011	4402
porno	5010	4403
yaparlar	5009	4404
işareti	5005	4405
ağrıyor	5004	4406
ederdi	5003	4407
odama	5002	4408
yetenek	5002	4409
karısını	4995	4410
yasadışı	4993	4411
zehirli	4993	4412
yemiş	4992	4413
sayıda	4991	4414
olayını	4991	4415
aday	4991	4416
ton	4991	4417
kum	4990	4418
arkadaşımın	4990	4419
yardımın	4990	4420
bilimsel	4989	4421
sıraya	4985	4422
maya	4984	4423
olumlu	4983	4424
hakkım	4981	4425
yakaladık	4981	4426
pencereden	4980	4427
arabam	4980	4428
şekli	4978	4429
bulabilirim	4978	4430
istediler	4977	4431
sevgilisi	4974	4432
bölgesi	4973	4433
düşünür	4973	4434
gitsem	4970	4435
otele	4970	4436
sürmez	4969	4437
jean	4969	4438
jacob	4966	4439
minnettar	4966	4440
bekleme	4961	4441
evlenme	4961	4442
doğruca	4961	4443
kızının	4957	4444
hatırla	4952	4445
kasabaya	4951	4446
içerde	4950	4447
zar	4946	4448
gözle	4944	4449
görünmez	4944	4450
seviyoruz	4943	4451
şeyini	4943	4452
içten	4943	4453
mars	4942	4454
kızımın	4942	4455
eva	4941	4456
oynamaya	4941	4457
içini	4941	4458
kendilerine	4939	4459
hatası	4939	4460
borçlu	4939	4461
istemiş	4936	4462
öldüğünde	4934	4463
aradın	4933	4464
hong	4933	4465
orman	4932	4466
durumunu	4930	4467
birisiyle	4927	4468
uçan	4926	4469
sağlar	4925	4470
elma	4925	4471
fotoğrafını	4925	4472
logan	4924	4473
italya	4922	4474
miydiniz	4919	4475
bedelini	4919	4476
hediyesi	4918	4477
pazarlık	4917	4478
ötesinde	4915	4479
hocam	4915	4480
bildiğiniz	4911	4481
gitmesini	4910	4482
bulana	4907	4483
koruyucu	4906	4484
şov	4906	4485
bakanlığı	4896	4486
haberlerim	4895	4487
keser	4895	4488
yöne	4894	4489
sonradan	4894	4490
adres	4894	4491
kanıtı	4892	4492
riley	4892	4493
öğren	4888	4494
vurdum	4887	4495
oksijen	4886	4496
ofisi	4884	4497
gönderin	4883	4498
sakla	4881	4499
vuruldu	4880	4500
çıkardım	4878	4501
çalışması	4876	4502
hazırla	4874	4503
verirseniz	4871	4504
yarayacak	4871	4505
izlemeye	4870	4506
söylediniz	4869	4507
yapmasını	4869	4508
margaret	4868	4509
istediklerini	4868	4510
sağlayan	4867	4511
görgü	4867	4512
yavrum	4867	4513
yaşındasın	4867	4514
woo	4866	4515
çalışıyorsunuz	4865	4516
yemekten	4865	4517
evinin	4864	4518
ihbar	4863	4519
öz	4860	4520
sesin	4859	4521
yanından	4859	4522
söylüyorsunuz	4858	4523
yüze	4855	4524
televizyonda	4853	4525
eşyaları	4851	4526
çıkarken	4848	4527
bozucu	4846	4528
izleyin	4845	4529
öp	4844	4530
tarafına	4844	4531
wendy	4844	4532
keith	4843	4533
söylediklerini	4840	4534
girmeye	4839	4535
üzülme	4839	4536
döndüğünde	4838	4537
terfi	4838	4538
mutfakta	4837	4539
plastik	4835	4540
devasa	4835	4541
kalem	4832	4542
hoşlanmıyorum	4832	4543
çocuklarım	4832	4544
ooh	4831	4545
olursak	4827	4546
süren	4826	4547
bitince	4824	4548
yapıyordun	4823	4549
sırrı	4822	4550
kent	4818	4551
lakin	4813	4552
olayları	4812	4553
mickey	4811	4554
düşündü	4811	4555
hesabı	4809	4556
görevim	4807	4557
duman	4806	4558
vurdun	4805	4559
ok	4805	4560
edebilecek	4804	4561
dönmem	4802	4562
kaçıyor	4802	4563
şahsen	4799	4564
annesini	4798	4565
kararını	4797	4566
adet	4796	4567
eylül	4794	4568
yapmıyor	4794	4569
kalmayı	4794	4570
başkaları	4791	4571
çoğunlukla	4790	4572
kalması	4790	4573
rüşvet	4789	4574
soruyor	4788	4575
kalmasını	4788	4576
kalırsa	4787	4577
cesedini	4786	4578
sorunlar	4786	4579
ip	4785	4580
ağacı	4784	4581
spencer	4783	4582
cehennemde	4783	4583
kullanma	4781	4584
üniversitesi	4781	4585
fikrimi	4778	4586
florida	4778	4587
yürüyüşe	4776	4588
dönüyorum	4776	4589
garson	4775	4590
victoria	4774	4591
dı	4774	4592
aykırı	4773	4593
köprü	4773	4594
malcolm	4772	4595
renkli	4771	4596
berlin	4769	4597
virüs	4766	4598
ek	4766	4599
gözler	4765	4600
edersiniz	4763	4601
büyüleyici	4763	4602
dönem	4763	4603
lewis	4762	4604
derse	4762	4605
gözlerimi	4761	4606
olmasının	4761	4607
emniyet	4760	4608
çıkarıp	4759	4609
tanıklık	4759	4610
kaplan	4759	4611
atıp	4758	4612
bahane	4757	4613
gül	4757	4614
penny	4750	4615
kutlu	4750	4616
holly	4750	4617
ağrı	4750	4618
söylememi	4746	4619
stephen	4746	4620
yavru	4745	4621
giren	4743	4622
seçeneğim	4742	4623
yemeye	4737	4624
kullanmayı	4736	4625
olabilirsiniz	4736	4626
çalıştın	4736	4627
açar	4735	4628
istiyorsa	4735	4629
arkadaşız	4734	4630
dertte	4732	4631
arkadaşımı	4730	4632
olmanız	4729	4633
kimliği	4728	4634
herifi	4725	4635
gitmişti	4721	4636
kurulu	4716	4637
anlıyorsun	4716	4638
fakir	4714	4639
duruyorum	4713	4640
iri	4712	4641
siktiğimin	4711	4642
bekliyorlar	4711	4643
etmeyecek	4709	4644
malı	4706	4645
dinleme	4706	4646
miles	4705	4647
telefonun	4705	4648
neil	4703	4649
bunlarla	4701	4650
şefi	4701	4651
mutsuz	4700	4652
ekstra	4699	4653
leonard	4696	4654
matematik	4696	4655
ann	4695	4656
diyeceksin	4689	4657
dizi	4687	4658
çarşamba	4686	4659
bonnie	4685	4660
bensiz	4685	4661
düşünsene	4683	4662
kilit	4682	4663
hayran	4682	4664
elindeki	4680	4665
gücün	4679	4666
yazmak	4679	4667
sözler	4679	4668
do	4678	4669
babacığım	4678	4670
yem	4675	4671
harold	4675	4672
uydu	4675	4673
aynısı	4674	4674
saçını	4674	4675
pat	4673	4676
ada	4673	4677
beklemiyordum	4672	4678
örneği	4669	4679
dostlarım	4667	4680
altını	4667	4681
gidiyorlar	4665	4682
öldükten	4663	4683
taciz	4661	4684
çoğunu	4659	4685
şiddetli	4658	4686
kullandığı	4656	4687
yapmana	4655	4688
aptallık	4655	4689
gidemem	4653	4690
jonathan	4653	4691
almaz	4652	4692
ortalığı	4649	4693
aralar	4649	4694
connor	4644	4695
kutlama	4644	4696
nehir	4644	4697
tanımıyorsun	4642	4698
attın	4641	4699
çaba	4640	4700
nasılsa	4638	4701
takdirde	4638	4702
harikasın	4638	4703
hakaret	4637	4704
çekmeye	4635	4705
bakım	4633	4706
şansını	4631	4707
monica	4630	4708
dediniz	4630	4709
göreve	4629	4710
ilacı	4629	4711
salonu	4628	4712
kaybolmuş	4628	4713
tina	4625	4714
şeklinde	4625	4715
duruyordu	4621	4716
kaçış	4620	4717
istediğinizi	4620	4718
sözleri	4619	4719
orijinal	4618	4720
jung	4617	4721
konuşuyoruz	4613	4722
russell	4613	4723
versin	4613	4724
düşündük	4611	4725
iyiliği	4610	4726
grant	4609	4727
köpekler	4608	4728
konuşurum	4608	4729
mutfak	4608	4730
bulacak	4607	4731
başardı	4607	4732
allison	4604	4733
olmayacağını	4603	4734
tahta	4602	4735
kendimden	4602	4736
ima	4600	4737
iniş	4600	4738
düzen	4598	4739
şeyde	4598	4740
bitirdim	4598	4741
nasil	4597	4742
çıkacağım	4597	4743
başladılar	4594	4744
böylesine	4593	4745
devletler	4592	4746
defalarca	4589	4747
yaşındayım	4587	4748
içimden	4587	4749
aklımı	4586	4750
ölümünden	4584	4751
owen	4584	4752
julian	4583	4753
önemlidir	4582	4754
haklıydı	4580	4755
rolü	4580	4756
fotoğrafları	4580	4757
bulabiliriz	4576	4758
başlama	4575	4759
gelecekte	4575	4760
kafan	4571	4761
ofis	4571	4762
olmadım	4570	4763
severdi	4570	4764
dansı	4568	4765
arkadaşlarını	4566	4766
sayede	4565	4767
gelemem	4564	4768
papa	4563	4769
beden	4563	4770
vermen	4562	4771
sammy	4562	4772
altyazı	4559	4773
değiştirdim	4559	4774
belirsiz	4558	4775
ettiğiniz	4556	4776
oldugunu	4552	4777
silahın	4552	4778
vermedin	4551	4779
değişim	4549	4780
bahar	4547	4781
tanırım	4546	4782
çiçekler	4546	4783
boku	4544	4784
bağla	4544	4785
gözlerim	4544	4786
olumsuz	4542	4787
gabriel	4539	4788
gelirken	4538	4789
caddesi	4536	4790
aramızdaki	4534	4791
düşen	4534	4792
dick	4533	4793
gördüğümü	4533	4794
önünden	4533	4795
kahverengi	4531	4796
götürür	4530	4797
mason	4530	4798
okuma	4528	4799
konuşmalıyım	4528	4800
atmaya	4527	4801
filmin	4526	4802
ölümden	4523	4803
elli	4521	4804
ken	4520	4805
lazımdı	4519	4806
veriyorlar	4519	4807
vermiyorsun	4518	4808
elleri	4514	4809
genetik	4514	4810
kaçıp	4511	4811
kardeşler	4510	4812
sırt	4509	4813
duyduk	4506	4814
teker	4506	4815
savcı	4505	4816
doktorun	4504	4817
demin	4500	4818
ticaret	4500	4819
erkenden	4497	4820
keyfini	4495	4821
durmadan	4494	4822
işçi	4494	4823
bulduğumuz	4493	4824
paylaşmak	4492	4825
sıkıldım	4489	4826
bulunuyor	4488	4827
williams	4486	4828
verirsin	4485	4829
bencil	4481	4830
uzmanı	4480	4831
travis	4477	4832
düşünmedim	4475	4833
yiyor	4475	4834
şiir	4474	4835
yakaladı	4473	4836
gösterin	4472	4837
edilecek	4472	4838
diyeyim	4471	4839
kullandım	4471	4840
ispanya	4466	4841
sayısı	4463	4842
arıyorlar	4462	4843
hapisten	4462	4844
kurabiye	4461	4845
sör	4459	4846
kaldığını	4459	4847
anlarım	4458	4848
arkadaşına	4454	4849
bilmez	4454	4850
babanız	4453	4851
açıldı	4452	4852
eninde	4452	4853
iade	4452	4854
diyordum	4451	4855
sokağa	4449	4856
çıkacağız	4446	4857
yapmıştım	4442	4858
azıcık	4441	4859
konuşur	4441	4860
dinlen	4440	4861
diğerlerini	4438	4862
olmamalı	4436	4863
görevlisi	4435	4864
baktı	4435	4865
dünyadan	4435	4866
tanesini	4434	4867
koltuk	4432	4868
çamaşır	4430	4869
earl	4429	4870
that	4428	4871
kalbin	4427	4872
durumunda	4427	4873
başkasına	4427	4874
toplum	4425	4875
öldürün	4424	4876
ortağı	4424	4877
aradığını	4423	4878
çocuklarını	4423	4879
şahit	4421	4880
kötülük	4419	4881
benle	4419	4882
bakarak	4416	4883
gittiğinde	4415	4884
oldunuz	4415	4885
işinin	4413	4886
isimleri	4413	4887
aklımda	4412	4888
evrenin	4412	4889
yapabileceğin	4411	4890
gösterecek	4410	4891
düşmanı	4410	4892
dakikalığına	4410	4893
karşınızda	4408	4894
otomatik	4408	4895
jules	4408	4896
elle	4407	4897
virginia	4406	4898
uyumak	4403	4899
kuvvetli	4403	4900
bense	4403	4901
istasyonu	4403	4902
blake	4401	4903
kapandı	4401	4904
durmak	4401	4905
kullandı	4401	4906
booth	4398	4907
özleyeceğim	4398	4908
getiririm	4396	4909
buluşalım	4394	4910
diyebilirsin	4393	4911
tersine	4392	4912
yapabilecek	4392	4913
yolumdan	4389	4914
yapımı	4388	4915
düzine	4388	4916
anlatacak	4388	4917
bire	4387	4918
randevum	4385	4919
deneyeceğim	4385	4920
ji	4384	4921
çıktığında	4384	4922
evinden	4381	4923
geçiş	4380	4924
yorum	4380	4925
bulabilir	4380	4926
sizsiniz	4380	4927
düzelecek	4379	4928
dostlar	4378	4929
kaya	4378	4930
kimyasal	4378	4931
taşıyor	4374	4932
ibne	4373	4933
yolladı	4368	4934
oldular	4368	4935
kutusu	4367	4936
kuvvetleri	4365	4937
makul	4362	4938
masanın	4362	4939
kaybedecek	4361	4940
kalıcı	4360	4941
şehirdeki	4358	4942
üzereyim	4357	4943
kitty	4356	4944
oturmak	4356	4945
kesip	4355	4946
bilmiyordu	4355	4947
savaşmak	4354	4948
şampiyon	4354	4949
izlerini	4354	4950
haksızlık	4353	4951
almıyor	4352	4952
alamıyorum	4351	4953
pas	4350	4954
ruth	4347	4955
christine	4346	4956
istersem	4346	4957
hallederiz	4345	4958
bağışlayın	4344	4959
bahset	4341	4960
tartışma	4340	4961
zorundasınız	4339	4962
öğretti	4338	4963
birisine	4338	4964
anlamını	4335	4965
düştüm	4331	4966
dong	4331	4967
sağır	4330	4968
söylüyordu	4329	4969
dışarıdan	4329	4970
aah	4328	4971
çatlak	4328	4972
tanıştık	4328	4973
california	4327	4974
belirli	4326	4975
sabırlı	4324	4976
okudun	4322	4977
iblis	4322	4978
koyu	4321	4979
benzeyen	4319	4980
ilerleme	4319	4981
espri	4318	4982
konuşması	4318	4983
tadına	4317	4984
olmasından	4315	4985
eşek	4315	4986
bulursun	4313	4987
samimi	4311	4988
bart	4309	4989
oturan	4308	4990
masada	4307	4991
duyarım	4307	4992
liste	4306	4993
sokaklarda	4306	4994
kanıtlar	4306	4995
diyoruz	4306	4996
ikisinin	4300	4997
kralın	4299	4998
norman	4299	4999
megan	4298	5000
bara	4298	5001
kızarmış	4298	5002
şartlı	4298	5003
keyif	4297	5004
rory	4296	5005
phoebe	4295	5006
demiyorum	4293	5007
kata	4293	5008
travma	4293	5009
gelmeni	4292	5010
söylersen	4290	5011
olmadığından	4288	5012
geçtiğini	4288	5013
arasından	4287	5014
paige	4287	5015
kaynak	4287	5016
kişiyle	4286	5017
icat	4285	5018
söylemiyorsun	4285	5019
döndüğümde	4284	5020
sandalye	4284	5021
çantayı	4283	5022
indirin	4283	5023
harris	4281	5024
barney	4280	5025
dayak	4279	5026
hayali	4276	5027
aileden	4274	5028
bırakacak	4272	5029
anki	4271	5030
ediliyor	4270	5031
komuta	4268	5032
black	4267	5033
elliot	4266	5034
sin	4265	5035
açıklaması	4264	5036
yaşadığım	4264	5037
bulduğunu	4264	5038
işimizi	4263	5039
başkasını	4262	5040
öldürülmüş	4262	5041
yaşama	4260	5042
kolu	4258	5043
fıstık	4257	5044
çıkabilir	4256	5045
white	4256	5046
seçti	4254	5047
uğradım	4253	5048
güneşin	4252	5049
dahası	4251	5050
alamam	4249	5051
tara	4248	5052
dikkate	4246	5053
biçim	4245	5054
endişeli	4244	5055
kullanılan	4244	5056
razı	4243	5057
yazdı	4243	5058
liam	4243	5059
geçit	4242	5060
bo	4241	5061
vermeyin	4241	5062
oynayalım	4240	5063
house	4239	5064
eğitimi	4238	5065
lincoln	4237	5066
şunun	4237	5067
my	4237	5068
uzaklara	4236	5069
ülkeyi	4233	5070
walt	4232	5071
açma	4231	5072
yararı	4231	5073
kalkıp	4231	5074
gözüm	4230	5075
adamımız	4228	5076
buradasınız	4228	5077
shane	4228	5078
buradalar	4228	5079
yapmanın	4227	5080
savaştan	4227	5081
dayanamıyorum	4225	5082
francisco	4225	5083
piyano	4225	5084
kızlara	4223	5085
çıkarıyor	4223	5086
yolcu	4222	5087
bulacaksın	4221	5088
girme	4219	5089
kendimize	4217	5090
sonunu	4217	5091
amcam	4217	5092
muhtemel	4216	5093
ofiste	4215	5094
hatırladığım	4214	5095
geçirdik	4213	5096
alanında	4212	5097
haftalık	4212	5098
alphahff	4212	5099
anladık	4211	5100
çalar	4209	5101
listesini	4209	5102
olabiliyor	4208	5103
düşünmeden	4207	5104
kendisinin	4207	5105
alamazsın	4206	5106
çaresiz	4206	5107
vermiştin	4205	5108
oğlunuz	4202	5109
sersem	4201	5110
hitap	4200	5111
imha	4200	5112
kıçına	4198	5113
büyücü	4198	5114
konuşacağız	4198	5115
arkadaşlık	4198	5116
biziz	4196	5117
aslan	4196	5118
seth	4195	5119
çalışmış	4193	5120
görebiliyor	4191	5121
saatten	4191	5122
kiralık	4190	5123
çalmaya	4190	5124
aralarında	4190	5125
gerçekçi	4189	5126
görme	4189	5127
şart	4188	5128
vücudu	4186	5129
beynini	4186	5130
nerelerdeydin	4186	5131
yaptığınızı	4185	5132
diliyorum	4183	5133
kardeşine	4182	5134
eğlenceliydi	4182	5135
saldırdı	4181	5136
stanley	4180	5137
eleman	4180	5138
miktar	4179	5139
burun	4179	5140
tamamıyla	4178	5141
kaybol	4178	5142
çatı	4177	5143
tekrardan	4175	5144
olmaları	4173	5145
elden	4173	5146
kapıda	4169	5147
kurusu	4169	5148
riskli	4167	5149
kurallara	4164	5150
çaldın	4163	5151
bulamadık	4163	5152
yayın	4162	5153
avuç	4162	5154
diyeceğimi	4162	5155
kuzenim	4160	5156
korkmuş	4160	5157
izler	4160	5158
ulaşmaya	4159	5159
görevin	4159	5160
karl	4157	5161
bakarız	4156	5162
içer	4154	5163
dönme	4153	5164
göreceğim	4152	5165
başlamıştı	4151	5166
blok	4150	5167
birimiz	4149	5168
boşanma	4149	5169
bahis	4149	5170
kurbanı	4149	5171
erkekleri	4148	5172
şehirden	4148	5173
sevgilin	4146	5174
malzeme	4145	5175
quinn	4145	5176
görüp	4143	5177
kulüp	4141	5178
çalışmayı	4140	5179
etkisiz	4140	5180
yaptığımızı	4139	5181
belası	4139	5182
bayramı	4139	5183
iyiye	4139	5184
saygısızlık	4138	5185
konsantre	4138	5186
yoldaş	4136	5187
stres	4135	5188
mıydınız	4133	5189
ilgileniyor	4131	5190
yazın	4129	5191
bağışla	4129	5192
teksas	4128	5193
jen	4127	5194
çalan	4126	5195
x	4126	5196
çelik	4126	5197
clay	4125	5198
veremeyiz	4125	5199
odamda	4124	5200
papaz	4123	5201
sorayım	4123	5202
kaliforniya	4123	5203
gidiyordu	4122	5204
almıştı	4121	5205
göndermek	4121	5206
neredeler	4120	5207
kasa	4120	5208
kontrolden	4120	5209
patronun	4120	5210
anthony	4119	5211
oynamayı	4118	5212
ailesine	4113	5213
flört	4113	5214
saatlik	4111	5215
çağırın	4111	5216
şerefine	4111	5217
hakları	4110	5218
diyen	4109	5219
olanların	4109	5220
allahım	4109	5221
jersey	4108	5222
çalışın	4106	5223
hikayenin	4106	5224
ismim	4105	5225
zararı	4104	5226
silahla	4102	5227
arabamı	4101	5228
kızlarla	4101	5229
soruları	4100	5230
bilseydim	4100	5231
hayatıma	4100	5232
resimleri	4100	5233
aklım	4099	5234
çorba	4099	5235
personel	4099	5236
açıklıyor	4098	5237
çalışacak	4095	5238
yapardın	4094	5239
taklit	4094	5240
hoşçakalın	4094	5241
borçlusun	4094	5242
nedenmiş	4093	5243
salla	4090	5244
şeytani	4090	5245
dışarda	4088	5246
kağıdı	4085	5247
uzaklaş	4084	5248
bağlantılı	4084	5249
mm	4084	5250
röportaj	4082	5251
sudan	4081	5252
dünyası	4080	5253
hap	4079	5254
ismin	4079	5255
kanal	4078	5256
nerdeyse	4078	5257
tracy	4078	5258
buluyorum	4077	5259
aramayı	4077	5260
yatmak	4073	5261
kayıtlarını	4073	5262
gelmen	4072	5263
pratik	4072	5264
etsem	4072	5265
yıldızlar	4072	5266
kısım	4071	5267
finn	4070	5268
anlayabiliyorum	4070	5269
kazası	4069	5270
partide	4069	5271
bitirelim	4068	5272
ricky	4065	5273
dolayısıyla	4064	5274
endişelenmeyin	4063	5275
yönetici	4063	5276
mitch	4063	5277
mulder	4062	5278
hill	4061	5279
sinemaya	4061	5280
götüreyim	4060	5281
çıkart	4059	5282
almalıyız	4058	5283
ardında	4056	5284
ameliyatı	4055	5285
edecekler	4055	5286
şantaj	4053	5287
geleyim	4053	5288
şuradan	4052	5289
christopher	4052	5290
göründüğü	4049	5291
aileni	4049	5292
bozuldu	4048	5293
delice	4047	5294
kulübe	4047	5295
kalkın	4046	5296
philip	4045	5297
kalmıştı	4045	5298
düşünecek	4043	5299
deniyorum	4042	5300
işık	4040	5301
yapmıyorsun	4039	5302
güçleri	4038	5303
transfer	4038	5304
natalie	4036	5305
ekselansları	4032	5306
bilemedim	4032	5307
yaşamayı	4031	5308
april	4030	5309
mesafe	4030	5310
yapacağı	4028	5311
defolun	4027	5312
hareketi	4027	5313
kasabanın	4025	5314
yaramadı	4024	5315
mudur	4024	5316
holmes	4021	5317
sapan	4021	5318
sayende	4019	5319
konuştuğunu	4019	5320
twitter	4019	5321
ajanı	4018	5322
g	4018	5323
bakıma	4014	5324
geldiğim	4013	5325
kullanıyorsun	4012	5326
geciktim	4010	5327
olduğunca	4010	5328
duyamıyorum	4006	5329
cinayetten	4006	5330
paramız	4005	5331
operasyonu	4004	5332
dawson	4004	5333
deyin	4004	5334
vermesi	4004	5335
öğrenmeye	4004	5336
istemek	4004	5337
köşeye	4003	5338
neyim	4003	5339
gloria	4001	5340
yakıt	4001	5341
açıklamak	4000	5342
dayanarak	3999	5343
açısından	3998	5344
birdenbire	3998	5345
konuşup	3996	5346
bahsetmiyorum	3995	5347
muayene	3994	5348
oradaydım	3992	5349
denemeye	3992	5350
öleceksin	3990	5351
saklamak	3986	5352
biyolojik	3985	5353
düşündüğümü	3985	5354
tanımak	3984	5355
internette	3983	5356
devreye	3979	5357
alınmış	3978	5358
hazine	3978	5359
gri	3977	5360
akşama	3977	5361
hafıza	3976	5362
hikayesini	3976	5363
alfa	3975	5364
pisliği	3975	5365
ölmesini	3973	5366
doğa	3973	5367
konuşayım	3973	5368
alev	3971	5369
karımın	3970	5370
gelirdi	3970	5371
tatile	3969	5372
şimdiki	3969	5373
saatin	3968	5374
gidersen	3967	5375
ettiğimiz	3966	5376
sihir	3965	5377
gitmemi	3965	5378
olmamıştı	3965	5379
kullanıyorum	3965	5380
istiyormuş	3964	5381
kriz	3964	5382
şeytanın	3964	5383
sent	3964	5384
sıvı	3963	5385
hüküm	3963	5386
kalmamış	3962	5387
beyzbol	3961	5388
yollar	3961	5389
bulma	3961	5390
şık	3959	5391
hallettim	3959	5392
günlüğüne	3959	5393
ürkütücü	3958	5394
sevmez	3956	5395
asil	3956	5396
almalıyım	3955	5397
hücre	3955	5398
desem	3954	5399
söyledikleri	3954	5400
çalışmıyorum	3951	5401
bekler	3951	5402
suçluluk	3951	5403
çıkaracağım	3950	5404
çıkmam	3949	5405
casus	3947	5406
olacağımı	3946	5407
ederseniz	3946	5408
eğil	3944	5409
bedeli	3943	5410
eseri	3943	5411
doları	3943	5412
birincisi	3942	5413
yolları	3942	5414
bağımsız	3942	5415
yeteneği	3941	5416
patronum	3941	5417
yaratıcı	3939	5418
neşeli	3939	5419
kaçırdı	3938	5420
temmuz	3938	5421
belkide	3938	5422
bilmiyorlar	3938	5423
bulduğum	3937	5424
kullandın	3936	5425
sok	3935	5426
öldürdüler	3934	5427
yemekte	3933	5428
amerikalılar	3931	5429
efsane	3930	5430
ölmüştü	3930	5431
uygunsuz	3929	5432
aradığın	3928	5433
pantolon	3927	5434
bakınca	3926	5435
arkadaşımla	3926	5436
odana	3925	5437
insanlık	3925	5438
kuşu	3924	5439
yönünde	3924	5440
gündü	3921	5441
alicia	3921	5442
riski	3921	5443
mezar	3919	5444
yüzün	3918	5445
öğrendi	3918	5446
istemeyiz	3917	5447
elmas	3917	5448
psikolojik	3916	5449
almanı	3915	5450
yaşta	3914	5451
duygularını	3914	5452
ilişkimiz	3914	5453
star	3912	5454
onlarda	3912	5455
edemeyiz	3911	5456
başladığında	3911	5457
fiyat	3910	5458
carla	3910	5459
surat	3910	5460
çevir	3910	5461
gitmedim	3909	5462
kendiniz	3909	5463
geleneksel	3909	5464
diğerlerine	3908	5465
uğraşıyorum	3908	5466
hikayeler	3908	5467
oynuyorsun	3907	5468
santa	3906	5469
warren	3905	5470
hastası	3904	5471
bulmuşlar	3904	5472
kong	3904	5473
anlatırım	3902	5474
lana	3902	5475
hissetmek	3901	5476
arkanda	3901	5477
oyna	3901	5478
dilini	3900	5479
getirebilir	3899	5480
moskova	3899	5481
olursam	3898	5482
y	3897	5483
getirmiş	3897	5484
kaçık	3896	5485
buluyor	3895	5486
suçlama	3894	5487
ölmedi	3893	5488
girelim	3892	5489
aptallar	3891	5490
rita	3891	5491
görüyorsunuz	3891	5492
isimli	3890	5493
elinizde	3889	5494
sandy	3889	5495
kenarında	3888	5496
öleceğim	3888	5497
analiz	3887	5498
kullanabilir	3887	5499
delisin	3887	5500
ölümün	3886	5501
olduğuma	3885	5502
hedefi	3883	5503
mitchell	3883	5504
açtım	3882	5505
nora	3881	5506
vuruş	3878	5507
jenna	3878	5508
çifte	3877	5509
etkilendim	3876	5510
gitmez	3875	5511
yalvarırım	3875	5512
yapmanız	3875	5513
iyiler	3875	5514
bisiklet	3874	5515
fincan	3872	5516
wow	3871	5517
gölge	3870	5518
yemeğinde	3869	5519
beyni	3869	5520
karşısına	3867	5521
gereği	3867	5522
yepyeni	3866	5523
filmde	3865	5524
yakınında	3865	5525
işti	3864	5526
dul	3863	5527
standart	3862	5528
tatlısın	3862	5529
bal	3861	5530
may	3861	5531
çal	3861	5532
davrandım	3860	5533
kafama	3860	5534
onsuz	3859	5535
anneciğim	3858	5536
fiyatı	3858	5537
pencere	3856	5538
acilen	3855	5539
borcu	3855	5540
ezik	3855	5541
düşünüyordu	3852	5542
çıktık	3852	5543
almamız	3850	5544
diana	3850	5545
kovboy	3847	5546
çarptı	3847	5547
kaçın	3847	5548
edilebilir	3845	5549
alarak	3845	5550
düşünüyorsan	3845	5551
koşun	3844	5552
atar	3841	5553
çekmiş	3838	5554
işlerim	3836	5555
imparator	3836	5556
geçerken	3835	5557
kuşlar	3834	5558
deliği	3834	5559
sanatçı	3834	5560
görünüyorsunuz	3834	5561
tokyo	3834	5562
olaydan	3833	5563
vic	3833	5564
kırk	3833	5565
maaş	3832	5566
merkeze	3832	5567
birader	3831	5568
takas	3828	5569
söylendi	3827	5570
konuşabiliriz	3825	5571
irak	3824	5572
arkasındaki	3824	5573
görün	3822	5574
bulunmuş	3822	5575
gerisini	3821	5576
kaçırma	3821	5577
seçeneğimiz	3821	5578
birbirinize	3820	5579
elimizdeki	3820	5580
kesmek	3819	5581
gözümün	3817	5582
ellie	3817	5583
denk	3817	5584
ikimizde	3817	5585
güveniyor	3816	5586
yukarıya	3815	5587
kocamın	3815	5588
sizleri	3814	5589
ellerinizi	3814	5590
olmadığım	3812	5591
yönetmen	3812	5592
yiyip	3811	5593
görevini	3809	5594
af	3807	5595
atma	3807	5596
kafamda	3807	5597
lara	3806	5598
çalışırım	3806	5599
etrafına	3805	5600
dönüyoruz	3805	5601
civarında	3804	5602
ölmeyi	3804	5603
heather	3804	5604
diğerlerinin	3801	5605
kazaydı	3801	5606
ağlıyor	3800	5607
gözlerinin	3800	5608
gelecektir	3800	5609
sinyali	3799	5610
istedik	3797	5611
man	3795	5612
leslie	3795	5613
durumdan	3794	5614
kılıcı	3794	5615
craig	3791	5616
treni	3791	5617
esir	3791	5618
solucan	3791	5619
olursunuz	3787	5620
düşünen	3787	5621
ofisine	3787	5622
adası	3786	5623
atmış	3784	5624
troy	3783	5625
gecede	3783	5626
emirleri	3783	5627
lex	3782	5628
olanlara	3781	5629
vaftiz	3781	5630
taşıyan	3779	5631
hatun	3778	5632
gidersin	3778	5633
sağla	3778	5634
bağış	3778	5635
prova	3778	5636
buluşuruz	3777	5637
cadde	3776	5638
damon	3775	5639
bilinmeyen	3775	5640
mmm	3774	5641
kelimeler	3774	5642
yoo	3774	5643
üzerimde	3774	5644
yazılmış	3774	5645
çiftlik	3773	5646
meclis	3772	5647
sorumlusu	3772	5648
yapabileceğimi	3772	5649
ralph	3772	5650
adamlara	3770	5651
hee	3769	5652
kötüydü	3768	5653
çıkıyorsun	3768	5654
ofise	3768	5655
göreyim	3768	5656
giriyorum	3766	5657
sürücü	3765	5658
ma	3765	5659
ned	3765	5660
yaşayacak	3764	5661
düşer	3764	5662
olmuşsun	3763	5663
green	3762	5664
dini	3762	5665
ofisinde	3760	5666
ronnie	3759	5667
gelmiştir	3758	5668
erkeği	3758	5669
hattı	3758	5670
dili	3758	5671
umutsuz	3757	5672
sahnede	3757	5673
yapılır	3756	5674
arazi	3756	5675
mekan	3755	5676
hapishanede	3754	5677
kayıtlı	3754	5678
hazırladım	3753	5679
çılgınlık	3752	5680
nicole	3751	5681
problemi	3749	5682
şayet	3749	5683
odasını	3748	5684
beklenmedik	3748	5685
çözmek	3747	5686
ava	3746	5687
hangisini	3746	5688
hazırlayın	3746	5689
çöpe	3746	5690
cameron	3745	5691
motoru	3744	5692
etmeme	3744	5693
ortağım	3742	5694
polisleri	3740	5695
ölene	3740	5696
oğluma	3738	5697
seçtim	3738	5698
rüyalar	3736	5699
ilgilenmiyorum	3736	5700
gelişmiş	3735	5701
yanındayım	3735	5702
sahipsin	3734	5703
takımın	3733	5704
yeah	3732	5705
ilerliyor	3732	5706
kazanır	3730	5707
konuşmuştuk	3729	5708
harper	3729	5709
hector	3729	5710
melissa	3728	5711
etmesine	3728	5712
erkekle	3728	5713
salim	3728	5714
herşeyin	3727	5715
yerli	3727	5716
murphy	3726	5717
şeyimiz	3726	5718
adresini	3725	5719
adamlarım	3725	5720
organize	3724	5721
diyecek	3724	5722
geceden	3723	5723
deney	3723	5724
aldığımız	3723	5725
göremedim	3720	5726
sid	3720	5727
kaçtım	3718	5728
anlatır	3718	5729
köpeğin	3717	5730
çıksın	3717	5731
vietnam	3717	5732
döneceğiz	3717	5733
hassiktir	3715	5734
kurdu	3715	5735
kontrolünü	3714	5736
peri	3714	5737
kont	3713	5738
durumlar	3711	5739
hissedebiliyorum	3711	5740
kalkma	3711	5741
imkan	3710	5742
yarışı	3708	5743
atı	3708	5744
z	3708	5745
kurtardım	3707	5746
soo	3707	5747
istediğine	3707	5748
kitabın	3706	5749
doğdu	3706	5750
isterdi	3706	5751
yang	3705	5752
kuralı	3704	5753
kamu	3704	5754
leydim	3702	5755
gina	3701	5756
çalıştığın	3700	5757
yanlışlıkla	3700	5758
halini	3700	5759
kalabilirsin	3699	5760
olabileceği	3697	5761
kale	3696	5762
tarafını	3695	5763
bırakıyor	3694	5764
vanessa	3693	5765
hepsine	3693	5766
bileti	3692	5767
simpson	3692	5768
inşaat	3692	5769
jill	3691	5770
kullanmaya	3691	5771
kalırım	3690	5772
bahçe	3689	5773
kuzeye	3689	5774
lauren	3689	5775
varsın	3688	5776
alsın	3688	5777
west	3686	5778
tetiği	3684	5779
saldırgan	3684	5780
hayvanat	3684	5781
getirmeye	3683	5782
alarmı	3682	5783
helikopter	3681	5784
harita	3680	5785
düşünürdüm	3679	5786
planları	3679	5787
düzeltmek	3679	5788
söylediğine	3679	5789
ağrısı	3678	5790
şunlara	3678	5791
lane	3678	5792
makyaj	3678	5793
kullanan	3678	5794
bakmam	3677	5795
tedavisi	3676	5796
kanıtlamak	3676	5797
kalıyorsun	3675	5798
tersi	3675	5799
edilmesi	3675	5800
bahsettiğim	3673	5801
deneyin	3672	5802
söylemeden	3672	5803
birbirinizi	3672	5804
sinema	3672	5805
mide	3671	5806
çalışmam	3671	5807
çeşitli	3669	5808
tutuyorum	3669	5809
benziyordu	3668	5810
gelmemi	3664	5811
pam	3664	5812
inatçı	3664	5813
gökyüzü	3663	5814
hiçbirini	3662	5815
çağırıyor	3661	5816
sydney	3661	5817
gözlerine	3660	5818
değiştir	3660	5819
evinize	3659	5820
arkadaşlarının	3657	5821
kraliçesi	3656	5822
geleceğin	3656	5823
heyecanlıyım	3656	5824
tutacak	3655	5825
durdum	3655	5826
tutup	3654	5827
ilgilenirim	3654	5828
du	3652	5829
elim	3650	5830
uçakta	3650	5831
mali	3650	5832
yürüyüş	3649	5833
kocanız	3649	5834
devriye	3648	5835
biftek	3647	5836
dükkan	3647	5837
ödeyeceğim	3646	5838
halledeceğim	3645	5839
sokağı	3644	5840
söylediğinde	3644	5841
meg	3643	5842
düşününce	3643	5843
bekleyeceğiz	3642	5844
eşyalarımı	3642	5845
şeref	3640	5846
çıkmadan	3639	5847
nehri	3637	5848
üyeleri	3635	5849
çalıntı	3634	5850
memnuniyetle	3633	5851
dede	3632	5852
sik	3630	5853
bakire	3628	5854
boşluk	3628	5855
din	3628	5856
odanın	3627	5857
janet	3627	5858
patladı	3625	5859
konuyla	3623	5860
christian	3622	5861
gitmiyoruz	3622	5862
şartlar	3620	5863
pirinç	3620	5864
sahibim	3619	5865
değmez	3618	5866
zeyna	3618	5867
bakanı	3617	5868
hastanesi	3617	5869
yerle	3616	5870
ndeki	3614	5871
kur	3613	5872
şifre	3612	5873
uykuya	3612	5874
çıkması	3611	5875
samantha	3611	5876
anlamış	3610	5877
yapmıştı	3610	5878
hastanın	3610	5879
askerleri	3609	5880
bugünün	3608	5881
buluşmak	3608	5882
ölürsün	3606	5883
neredeyiz	3606	5884
brooke	3605	5885
gelmedin	3605	5886
nisan	3604	5887
joan	3603	5888
kutuyu	3602	5889
geleceksin	3602	5890
hazırlanın	3602	5891
watson	3600	5892
katherine	3599	5893
öldürüp	3599	5894
değişiyor	3598	5895
annesine	3598	5896
kaçta	3598	5897
buda	3598	5898
izinsiz	3598	5899
alıcı	3596	5900
willie	3595	5901
başbakan	3595	5902
durdurmaya	3594	5903
aşığım	3593	5904
durumdayım	3592	5905
oluyordu	3592	5906
satan	3591	5907
kadınlarla	3591	5908
fotoğraflar	3589	5909
zack	3588	5910
geçirdin	3587	5911
keşif	3587	5912
won	3587	5913
evren	3585	5914
monk	3583	5915
biliyormusun	3583	5916
tanıştırayım	3583	5917
sevdin	3582	5918
yaşadı	3579	5919
hayli	3579	5920
isteği	3579	5921
erkeğe	3577	5922
durur	3577	5923
gitmene	3577	5924
bacaklarını	3577	5925
zamanlama	3576	5926
gördüğümüz	3575	5927
köy	3575	5928
baktın	3574	5929
ışıkları	3571	5930
piper	3571	5931
gözlü	3571	5932
proje	3571	5933
mayıs	3571	5934
almanlar	3570	5935
daisy	3570	5936
manhattan	3569	5937
sokmak	3569	5938
yürümeye	3568	5939
vurulmuş	3567	5940
evan	3566	5941
eşsiz	3566	5942
çocuklardan	3566	5943
castle	3566	5944
binayı	3563	5945
dönmeye	3562	5946
yüzünde	3562	5947
kazandık	3562	5948
öldün	3561	5949
nelson	3561	5950
hizmetçi	3561	5951
düşünüp	3561	5952
vereceğini	3559	5953
yemekleri	3558	5954
itaat	3558	5955
big	3557	5956
görmemiş	3557	5957
tiyatro	3556	5958
mart	3556	5959
kaçırmak	3553	5960
akşamı	3552	5961
gey	3552	5962
adınız	3552	5963
kül	3552	5964
içiyor	3552	5965
go	3551	5966
wade	3551	5967
şüpheliyim	3551	5968
karısının	3551	5969
ölümünü	3550	5970
saatler	3546	5971
fransızca	3546	5972
çekilmiş	3546	5973
yemekler	3545	5974
yetki	3544	5975
min	3544	5976
salonunda	3544	5977
unutmuş	3541	5978
tamamlandı	3541	5979
aslı	3541	5980
peşini	3540	5981
gösterisi	3540	5982
kızıma	3540	5983
cennete	3540	5984
gördüğünde	3539	5985
altıncı	3538	5986
komplo	3537	5987
amiral	3537	5988
koydun	3535	5989
görünür	3534	5990
doğrudur	3534	5991
filme	3533	5992
grubun	3532	5993
hyun	3531	5994
allen	3531	5995
arıyorsunuz	3531	5996
kamerayı	3530	5997
bölümünde	3530	5998
bulmalıyım	3529	5999
yetkili	3529	6000
şekil	3529	6001
yakaladın	3528	6002
ilişkiye	3526	6003
binada	3526	6004
yazıyorum	3526	6005
kelimeyi	3525	6006
yaşar	3525	6007
odaklan	3524	6008
doğruysa	3524	6009
geçme	3523	6010
çinli	3523	6011
öfkeli	3523	6012
ayrılma	3522	6013
hatalı	3520	6014
aramış	3519	6015
bulunur	3519	6016
baktığımda	3519	6017
aradığım	3514	6018
detayları	3514	6019
arar	3513	6020
antik	3512	6021
bilmediğim	3512	6022
haziran	3511	6023
isyan	3510	6024
doğuştan	3509	6025
rob	3508	6026
inanmıyor	3508	6027
karakter	3507	6028
kızınız	3507	6029
ashley	3505	6030
olurdun	3504	6031
stefan	3503	6032
söylersem	3503	6033
borcum	3503	6034
dehşet	3503	6035
öleceğiz	3502	6036
oturmuş	3501	6037
biriniz	3501	6038
gülümse	3501	6039
ihlal	3501	6040
içtim	3496	6041
alınan	3495	6042
ejderha	3494	6043
kasım	3494	6044
sonuçlar	3493	6045
alabiliriz	3492	6046
ford	3492	6047
ahh	3491	6048
cin	3490	6049
hayvanları	3490	6050
senedir	3490	6051
öğrendik	3489	6052
alanda	3489	6053
sebepten	3489	6054
telefonla	3488	6055
kanını	3488	6056
paraları	3488	6057
seferde	3488	6058
elektronik	3487	6059
yarası	3487	6060
aradığımız	3485	6061
hissi	3485	6062
vermeliyiz	3484	6063
hayatlarını	3483	6064
pisliğin	3482	6065
vazgeç	3482	6066
ilişkiler	3482	6067
basketbol	3480	6068
gülünç	3480	6069
edecektir	3480	6070
duyunca	3480	6071
güzeldir	3480	6072
bombası	3479	6073
birimi	3478	6074
söylemelisin	3478	6075
ülkeye	3477	6076
bitki	3476	6077
cevabını	3476	6078
suda	3475	6079
eger	3475	6080
servet	3475	6081
kesildi	3474	6082
ilişkin	3474	6083
lloyd	3473	6084
elin	3472	6085
inşallah	3471	6086
uyurken	3469	6087
geçmişe	3469	6088
nöbet	3469	6089
ağabey	3466	6090
yapamadım	3465	6091
üstündeki	3463	6092
yanımızda	3463	6093
emanet	3463	6094
telefonum	3462	6095
almalısın	3461	6096
sınıfı	3459	6097
olduysa	3459	6098
kalamam	3459	6099
konuşun	3457	6100
kapısı	3457	6101
etmene	3456	6102
götürüp	3456	6103
yatağına	3456	6104
dikiş	3455	6105
aradığınız	3454	6106
parçalara	3453	6107
oteli	3452	6108
geçmeden	3452	6109
hayati	3452	6110
çocuksun	3452	6111
sı	3452	6112
konuşamam	3452	6113
dale	3452	6114
görmedi	3451	6115
sahil	3451	6116
cömert	3451	6117
gitmiştim	3451	6118
masaj	3450	6119
louise	3450	6120
arkadaşınız	3450	6121
defteri	3450	6122
işgal	3450	6123
hallet	3449	6124
clara	3449	6125
manny	3448	6126
atan	3447	6127
kola	3446	6128
restoran	3445	6129
üçlü	3445	6130
ettiğinde	3445	6131
güzelce	3444	6132
görmeden	3443	6133
pişmanlık	3442	6134
başkanın	3441	6135
dileriz	3440	6136
çekecek	3438	6137
kuzen	3437	6138
görüşmeye	3436	6139
crane	3435	6140
davada	3435	6141
yapacağın	3435	6142
götürürüm	3434	6143
katolik	3433	6144
bölgeyi	3433	6145
konuşmuyor	3433	6146
söylesem	3433	6147
yanınızda	3432	6148
karışma	3432	6149
kızsın	3432	6150
chase	3432	6151
kendimiz	3432	6152
kitabını	3432	6153
bakıyordum	3431	6154
hızlıca	3431	6155
budala	3429	6156
stark	3427	6157
komşu	3427	6158
gidiyordum	3427	6159
götürüyor	3426	6160
büyüdüm	3426	6161
ayarladım	3425	6162
çıktığı	3424	6163
kastediyorsun	3424	6164
açım	3424	6165
mia	3423	6166
küçücük	3423	6167
gitmeyeceğim	3422	6168
lastik	3422	6169
durumuna	3422	6170
hataydı	3421	6171
bahsediyorsunuz	3421	6172
öneririm	3420	6173
dosyaları	3420	6174
kırılmış	3419	6175
leon	3417	6176
dedikodu	3417	6177
öğrenirse	3416	6178
istediniz	3415	6179
wallace	3414	6180
kongre	3414	6181
basıncı	3414	6182
geldiğine	3414	6183
brooklyn	3414	6184
düşündüğü	3411	6185
yokum	3411	6186
birim	3411	6187
veronica	3411	6188
ıslak	3410	6189
bombayı	3410	6190
ulaştı	3410	6191
drew	3410	6192
mikey	3410	6193
yapacaklar	3409	6194
inanır	3408	6195
çeki	3408	6196
seçme	3408	6197
üzerimden	3406	6198
derde	3406	6199
kızlardan	3405	6200
iyileşecek	3405	6201
avustralya	3403	6202
karını	3403	6203
kayda	3402	6204
evimiz	3402	6205
dediklerini	3401	6206
basınç	3401	6207
baskın	3400	6208
ilgileniyorum	3398	6209
nazi	3397	6210
plana	3397	6211
arkadaşlarına	3396	6212
ayağını	3396	6213
çıkarır	3396	6214
dakikan	3395	6215
ayrılmış	3395	6216
seçimi	3395	6217
unutmayacağım	3394	6218
alıyorlar	3392	6219
lüks	3392	6220
büyülü	3390	6221
istemişti	3389	6222
kırıldı	3389	6223
sormam	3388	6224
kazanıyor	3388	6225
bakacağız	3387	6226
kendileri	3384	6227
çıkınca	3383	6228
odadan	3382	6229
tıraş	3382	6230
söylerken	3380	6231
yapmadık	3380	6232
geldiğince	3380	6233
karışmış	3380	6234
neal	3379	6235
kapatmak	3379	6236
favori	3379	6237
whoa	3379	6238
ucube	3379	6239
saklı	3377	6240
yapmıyoruz	3377	6241
vermeyecek	3377	6242
yazdığı	3376	6243
keyifli	3376	6244
çıkmasını	3374	6245
ispanyol	3374	6246
bitmek	3374	6247
hatırlatıyor	3373	6248
anlatıyor	3373	6249
yapıldığını	3373	6250
devrim	3373	6251
amber	3372	6252
shaw	3372	6253
blair	3372	6254
toplu	3372	6255
yakınlarda	3370	6256
olmama	3370	6257
hat	3370	6258
şimdiyse	3370	6259
franklin	3370	6260
sın	3369	6261
gidebilirim	3369	6262
oyunda	3369	6263
gittiğimde	3369	6264
çalıştık	3368	6265
bölgeye	3367	6266
kızdı	3367	6267
resimler	3365	6268
dedik	3365	6269
kaldırmak	3364	6270
belgeleri	3364	6271
saha	3364	6272
öğrencisi	3363	6273
yiyeceğim	3363	6274
ormana	3363	6275
kardeşlerim	3362	6276
choi	3362	6277
aramıza	3362	6278
konusunu	3361	6279
atıyorum	3361	6280
veririz	3359	6281
layık	3359	6282
gitsek	3359	6283
acıyı	3359	6284
ikimizi	3359	6285
kalmam	3358	6286
aleti	3357	6287
planımız	3356	6288
kalanlar	3356	6289
ağzı	3354	6290
mcgee	3354	6291
güce	3353	6292
bağı	3351	6293
tanımıyor	3351	6294
dostun	3351	6295
noah	3351	6296
kullanacağım	3350	6297
hükümeti	3350	6298
bilemem	3350	6299
bitene	3350	6300
oynama	3348	6301
okyanus	3348	6302
evimi	3348	6303
aklın	3347	6304
edilir	3345	6305
hastaneden	3345	6306
patty	3344	6307
benny	3344	6308
zamankinden	3343	6309
yaklaşma	3342	6310
bud	3341	6311
yönde	3340	6312
bölgesinde	3340	6313
edemedim	3339	6314
anladı	3339	6315
eşya	3338	6316
öldürmeyi	3338	6317
aileye	3338	6318
ekim	3337	6319
marge	3336	6320
bilgiye	3335	6321
değersiz	3334	6322
teşvik	3334	6323
anderson	3333	6324
göreceksiniz	3333	6325
partisine	3330	6326
sokağın	3330	6327
olmakla	3329	6328
diego	3328	6329
hamle	3328	6330
ocak	3327	6331
mel	3327	6332
gitmeyecek	3326	6333
sevgililer	3326	6334
haricinde	3325	6335
köşede	3325	6336
doğmuş	3325	6337
fikirde	3324	6338
birbirini	3323	6339
gitmeme	3322	6340
döndük	3322	6341
hatırlıyorsun	3321	6342
dövme	3320	6343
emre	3320	6344
hazırlıklı	3319	6345
vardım	3319	6346
pahasına	3319	6347
uyumlu	3319	6348
atacağım	3319	6349
parkta	3317	6350
kaldığı	3316	6351
adamlardan	3316	6352
tahrik	3315	6353
kodu	3314	6354
we	3313	6355
akşamki	3313	6356
sorumluluğu	3312	6357
göstermeye	3310	6358
ucunda	3309	6359
şarkısı	3308	6360
istiyordun	3308	6361
lezbiyen	3308	6362
gidince	3308	6363
göndereceğim	3308	6364
sistemini	3308	6365
ivan	3308	6366
tanıştın	3307	6367
curtis	3307	6368
seviye	3306	6369
başınıza	3306	6370
tamamı	3306	6371
öldürecekler	3306	6372
denizci	3305	6373
poker	3304	6374
çantası	3304	6375
dışarıdaki	3303	6376
gelmeyi	3303	6377
sınav	3302	6378
kirk	3301	6379
ndaki	3300	6380
stone	3299	6381
pamuk	3299	6382
evimize	3298	6383
babalık	3298	6384
meryem	3297	6385
tüfek	3296	6386
naomi	3296	6387
ateşin	3296	6388
günümüz	3295	6389
saçları	3294	6390
işinden	3294	6391
bebekler	3293	6392
kalktı	3292	6393
parmağını	3291	6394
senindir	3291	6395
söylediklerimi	3290	6396
elaine	3289	6397
gücüm	3289	6398
clyde	3288	6399
büyükannem	3288	6400
sözde	3288	6401
bilgisi	3288	6402
kana	3285	6403
manzara	3285	6404
uğramış	3285	6405
herkesle	3285	6406
korsan	3284	6407
pound	3284	6408
parçalar	3284	6409
arabanı	3284	6410
marco	3284	6411
konser	3283	6412
bailey	3283	6413
tanığı	3282	6414
takdim	3281	6415
seattle	3280	6416
duyar	3280	6417
alison	3278	6418
alanına	3278	6419
eroin	3278	6420
dönüştü	3277	6421
düğünü	3277	6422
gerçekler	3277	6423
konuştuğumuz	3276	6424
siyasi	3274	6425
tuz	3273	6426
verdiğiniz	3273	6427
doktorum	3272	6428
yaparsam	3271	6429
aya	3270	6430
getirdik	3269	6431
açılış	3268	6432
lindsay	3268	6433
felix	3267	6434
duke	3266	6435
tenis	3266	6436
yaşamın	3266	6437
yüzme	3264	6438
yapmasına	3264	6439
davranmaya	3264	6440
evdeki	3263	6441
faydalı	3263	6442
bağlayın	3263	6443
ortalık	3262	6444
atışı	3261	6445
toplamak	3260	6446
bekleyebilir	3260	6447
uyarıyorum	3260	6448
kocamı	3260	6449
kullanmış	3259	6450
üniversitede	3259	6451
geçtik	3259	6452
yeme	3259	6453
ey	3258	6454
seçtin	3258	6455
yatın	3257	6456
vermemi	3257	6457
negatif	3257	6458
hesaba	3257	6459
gelebilirsin	3256	6460
colin	3255	6461
antonio	3254	6462
edebilirsiniz	3254	6463
dwight	3254	6464
silahlarınızı	3254	6465
başlayacağım	3253	6466
kaçırmış	3253	6467
aileme	3252	6468
tereddüt	3251	6469
telsiz	3251	6470
soruya	3250	6471
yapacağımızı	3250	6472
adrian	3250	6473
olduğumdan	3249	6474
keçi	3249	6475
inanç	3249	6476
felç	3248	6477
say	3248	6478
kuruş	3248	6479
güneye	3248	6480
yürümek	3246	6481
dikkatlice	3246	6482
zombi	3245	6483
gözüne	3244	6484
meme	3244	6485
öğretmenim	3244	6486
otopsi	3243	6487
farz	3243	6488
otobüse	3241	6489
ümit	3240	6490
durumdayız	3238	6491
zorlama	3238	6492
kopya	3237	6493
havlu	3236	6494
aylardır	3236	6495
başımı	3236	6496
suratına	3235	6497
zorluk	3235	6498
dairesi	3235	6499
tanrılar	3234	6500
tavan	3234	6501
içim	3234	6502
yaşamış	3233	6503
hazırlık	3232	6504
ofisime	3231	6505
stuart	3231	6506
davranma	3230	6507
kıçımı	3230	6508
kay	3230	6509
kesik	3229	6510
yaşamı	3229	6511
seversin	3228	6512
telefonumu	3228	6513
dağı	3227	6514
bölümlerinde	3227	6515
kitapları	3227	6516
otursana	3226	6517
miras	3226	6518
inin	3226	6519
açıklığa	3225	6520
aralık	3225	6521
bıraktığı	3224	6522
senaryo	3224	6523
temizlemek	3223	6524
söyleyeceğimi	3223	6525
diğerlerinden	3223	6526
eşin	3223	6527
görüşmesi	3222	6528
çekme	3222	6529
diyordu	3221	6530
tutacağım	3220	6531
bırakmayacağım	3220	6532
kadınsın	3220	6533
daphne	3220	6534
zordu	3219	6535
dostu	3217	6536
gazeteci	3217	6537
ata	3216	6538
kritik	3216	6539
denilen	3215	6540
söylemiyor	3215	6541
beklerken	3215	6542
yazıyordu	3214	6543
esnasında	3214	6544
görüyoruz	3214	6545
sabahı	3213	6546
yakınlarında	3213	6547
yaşındaydım	3212	6548
geldiğimi	3212	6549
anlamlı	3211	6550
ilaçlar	3211	6551
debbie	3210	6552
etmeli	3208	6553
kapılar	3207	6554
göründü	3207	6555
nedense	3207	6556
bel	3206	6557
yaşındaydı	3205	6558
dışındaki	3205	6559
ayrıldım	3205	6560
benjamin	3204	6561
dışarısı	3203	6562
yapılıyor	3202	6563
çıkmıyor	3202	6564
batman	3201	6565
atıyorsun	3201	6566
çaldım	3199	6567
koyup	3198	6568
okuluna	3196	6569
işlem	3196	6570
gelenin	3192	6571
sade	3192	6572
rehin	3191	6573
saniyede	3191	6574
sefil	3191	6575
ağustos	3189	6576
zamanları	3188	6577
korkutuyor	3188	6578
girdiğini	3188	6579
görünmek	3187	6580
onay	3186	6581
uğradı	3185	6582
harcadım	3185	6583
gittiğim	3184	6584
gecelik	3183	6585
kaliteli	3182	6586
okuyorum	3182	6587
bilmelisin	3181	6588
uyumaya	3181	6589
bakarsak	3180	6590
şakaydı	3180	6591
ücret	3180	6592
olmuştum	3178	6593
bekliyordun	3178	6594
geyik	3177	6595
döneceksin	3176	6596
başlayacağız	3176	6597
edeceksiniz	3176	6598
araban	3176	6599
karşılığını	3175	6600
evrak	3174	6601
trene	3174	6602
esrar	3173	6603
feci	3172	6604
kennedy	3172	6605
ayıp	3171	6606
kelimeleri	3171	6607
pozitif	3171	6608
haley	3171	6609
kaçan	3170	6610
götürelim	3170	6611
benzeri	3168	6612
ölmesi	3167	6613
sözümü	3167	6614
tamamını	3167	6615
havaalanına	3167	6616
ları	3166	6617
palmer	3165	6618
almasını	3164	6619
kadınım	3163	6620
duruşma	3163	6621
gitsen	3162	6622
gözünde	3162	6623
kurtaracak	3161	6624
portakal	3161	6625
tekerlekli	3161	6626
yapmışsın	3160	6627
dibine	3160	6628
yetersiz	3159	6629
evsiz	3159	6630
babasına	3159	6631
kazara	3159	6632
bulmayı	3159	6633
beklerim	3158	6634
korkuttun	3157	6635
korkutmak	3156	6636
kurbağa	3155	6637
afiyet	3154	6638
paramparça	3154	6639
kurmaya	3151	6640
evimden	3151	6641
çök	3151	6642
bırakırım	3151	6643
çağırdı	3150	6644
türü	3149	6645
düşünüyordun	3149	6646
ötede	3149	6647
ellerine	3148	6648
zeka	3148	6649
güzeller	3147	6650
isteriz	3146	6651
las	3146	6652
göl	3145	6653
gittikten	3142	6654
kaplı	3141	6655
babamız	3140	6656
kızdan	3140	6657
susun	3139	6658
düşüneceğim	3139	6659
eğlenmek	3139	6660
insansın	3139	6661
tucker	3138	6662
dedikleri	3137	6663
anlaşması	3136	6664
gidebilirsiniz	3135	6665
açıklar	3135	6666
öncesinde	3135	6667
incitmek	3134	6668
başımın	3133	6669
durumlarda	3133	6670
geçiyorum	3133	6671
bırakamam	3132	6672
yaşadığımız	3132	6673
macera	3129	6674
avcısı	3128	6675
yapacağımız	3128	6676
anlaşmaya	3127	6677
öğrenmiş	3127	6678
söylemeni	3126	6679
öğretmeni	3126	6680
ruby	3125	6681
anneniz	3124	6682
kişiden	3124	6683
olacaksa	3123	6684
hayalini	3123	6685
düşünürsek	3123	6686
yarattı	3121	6687
çevre	3121	6688
çapında	3120	6689
saçmalığı	3119	6690
giyin	3117	6691
lydia	3117	6692
mick	3116	6693
yaratmak	3116	6694
juliet	3116	6695
meredith	3115	6696
sharon	3114	6697
aileler	3113	6698
arkadaşımız	3112	6699
götürüyorum	3112	6700
okuyor	3112	6701
farkettim	3112	6702
buffy	3112	6703
vermeni	3112	6704
pierre	3112	6705
miranda	3112	6706
nevi	3110	6707
aylar	3110	6708
bitmiştir	3109	6709
kitaplar	3109	6710
gücüne	3109	6711
yeraltı	3109	6712
vaktinde	3107	6713
arzu	3107	6714
dönen	3105	6715
lisede	3104	6716
leri	3102	6717
partiyi	3101	6718
arkamda	3101	6719
çörek	3100	6720
görünmüyorsun	3100	6721
graham	3099	6722
gazı	3099	6723
gelmiyorsun	3099	6724
kıç	3099	6725
sonuca	3098	6726
duvarı	3098	6727
ilgileneceğim	3098	6728
seviyede	3097	6729
arkamdan	3097	6730
güvenmiyorum	3096	6731
yönden	3095	6732
görünüyorlar	3095	6733
ördek	3095	6734
üstümden	3094	6735
kelimesini	3094	6736
taşımak	3093	6737
cezasını	3093	6738
kaybeden	3093	6739
seferki	3093	6740
oyunları	3092	6741
üçü	3091	6742
oturuyorum	3091	6743
inceleme	3091	6744
yıi	3089	6745
dır	3089	6746
zalim	3088	6747
hanna	3088	6748
iflas	3088	6749
sikik	3087	6750
edersek	3087	6751
burke	3086	6752
iletişime	3086	6753
olmadığın	3086	6754
yöntem	3085	6755
yapmama	3085	6756
rastgele	3084	6757
oluyorlar	3083	6758
görevli	3083	6759
vefat	3083	6760
buluyorsun	3083	6761
başkalarına	3082	6762
sıcaklık	3082	6763
gelmelisin	3082	6764
göründüğünü	3081	6765
yanan	3081	6766
erkeklerle	3081	6767
temizle	3081	6768
gözün	3081	6769
içip	3080	6770
projesi	3080	6771
yön	3080	6772
kilisede	3080	6773
neredeyim	3079	6774
gireceğim	3079	6775
von	3079	6776
kartını	3079	6777
donmuş	3078	6778
ayaklarını	3078	6779
bugünlük	3078	6780
yaşadık	3077	6781
söylememiş	3076	6782
saldırısı	3075	6783
anlaşmamız	3075	6784
patronu	3074	6785
kızılderili	3073	6786
takılmak	3073	6787
canavarı	3073	6788
söylemekten	3071	6789
kalbinin	3071	6790
kapısını	3071	6791
hisse	3070	6792
bilmeden	3070	6793
cd	3069	6794
hah	3069	6795
üste	3069	6796
yiyorsun	3069	6797
gelecekler	3068	6798
sir	3067	6799
diyebiliriz	3066	6800
yarayabilir	3066	6801
tanıştığım	3065	6802
cesedin	3064	6803
annesiyle	3064	6804
kullanır	3064	6805
açabilir	3064	6806
ikinize	3064	6807
hepsinden	3063	6808
gezegenin	3062	6809
bahçede	3062	6810
caleb	3062	6811
izninle	3059	6812
atalım	3058	6813
em	3057	6814
tanır	3057	6815
böyledir	3056	6816
paketi	3055	6817
affedin	3055	6818
oğul	3055	6819
donanma	3055	6820
nicky	3055	6821
isabet	3055	6822
kariyer	3054	6823
rosa	3053	6824
bürosu	3052	6825
diyecektim	3052	6826
sorusu	3052	6827
kır	3050	6828
toplantıya	3050	6829
adamlarını	3050	6830
vurma	3048	6831
times	3048	6832
depo	3047	6833
kutlamak	3046	6834
değiştirir	3046	6835
saygın	3045	6836
notu	3045	6837
kesti	3044	6838
bulunmak	3044	6839
doldur	3042	6840
işlere	3042	6841
öldürüldüğü	3042	6842
ulu	3041	6843
mahvettin	3041	6844
kumandan	3040	6845
radyasyon	3040	6846
şansa	3040	6847
sevmedim	3039	6848
duncan	3039	6849
cindy	3038	6850
lady	3038	6851
brandon	3038	6852
imparatorluk	3038	6853
düşünerek	3037	6854
bulduğu	3037	6855
güçlerini	3037	6856
isteyecek	3037	6857
gelirler	3037	6858
sheldon	3036	6859
arabasına	3036	6860
çamur	3036	6861
göndermiş	3035	6862
damla	3034	6863
judy	3034	6864
başladığı	3033	6865
ra	3033	6866
gelenler	3033	6867
tutuklama	3033	6868
gezegeni	3032	6869
sebastian	3032	6870
tess	3030	6871
içime	3030	6872
sormaya	3028	6873
ucu	3028	6874
adamlarla	3028	6875
yatağın	3028	6876
psikopat	3027	6877
buradayken	3026	6878
iltifat	3026	6879
joy	3025	6880
başlasın	3023	6881
bakarsanız	3023	6882
duyan	3023	6883
bilmiyorsunuz	3022	6884
vücudun	3022	6885
yatan	3021	6886
balo	3021	6887
yiyen	3020	6888
unutmak	3020	6889
çektin	3020	6890
dilim	3019	6891
vererek	3018	6892
alamadım	3018	6893
şarabı	3018	6894
almışsın	3017	6895
sebeple	3017	6896
dönüşü	3017	6897
yapay	3017	6898
ceket	3017	6899
mutfağa	3015	6900
selamlar	3013	6901
uyandım	3013	6902
anlatın	3011	6903
fikriniz	3011	6904
atarım	3011	6905
ari	3010	6906
gelirsin	3010	6907
kırdı	3009	6908
çıkmayı	3008	6909
afganistan	3008	6910
umrunda	3007	6911
mezuniyet	3006	6912
ölmeye	3006	6913
poirot	3005	6914
vurmuş	3005	6915
kesilmiş	3004	6916
karıma	3004	6917
değilsen	3004	6918
ödeyecek	3002	6919
dünyasında	2999	6920
juan	2999	6921
üzgünüz	2999	6922
gol	2999	6923
öncesine	2999	6924
düşmanın	2997	6925
içeriden	2997	6926
okuldaki	2996	6927
avukatım	2996	6928
bacak	2995	6929
yas	2995	6930
boka	2995	6931
meseleyi	2994	6932
dersen	2993	6933
freddie	2992	6934
öderim	2992	6935
turner	2992	6936
görebilirsin	2991	6937
dolaşıyor	2990	6938
kararlar	2990	6939
bolca	2990	6940
hergün	2989	6941
gerekebilir	2988	6942
kaset	2987	6943
atlar	2987	6944
gençlik	2987	6945
elektrikli	2986	6946
ruslar	2986	6947
hissettiğimi	2986	6948
marka	2985	6949
kaybetme	2985	6950
romeo	2984	6951
geleceğiz	2984	6952
tanış	2984	6953
koymuş	2984	6954
bakmayı	2983	6955
cinayete	2982	6956
şoför	2981	6957
kartal	2980	6958
muhammed	2980	6959
anca	2980	6960
davanın	2979	6961
bell	2979	6962
varlığını	2979	6963
trajik	2979	6964
amirim	2978	6965
kaçma	2977	6966
becky	2977	6967
hafife	2977	6968
engellemek	2976	6969
bırakmaya	2976	6970
düşündüğümden	2976	6971
toplayıp	2975	6972
dosyayı	2974	6973
çocukluk	2974	6974
masası	2974	6975
söylerler	2974	6976
hayret	2971	6977
medya	2970	6978
gerisi	2970	6979
oralarda	2968	6980
çalışıp	2968	6981
kokuyorsun	2968	6982
iddiaya	2967	6983
düşünmüyorsun	2966	6984
şahsi	2966	6985
isimlerini	2966	6986
biliyorsundur	2965	6987
vaka	2965	6988
kalbine	2964	6989
etsen	2964	6990
dönmeliyim	2964	6991
adının	2963	6992
ellerin	2963	6993
görmen	2963	6994
mor	2962	6995
potansiyel	2962	6996
düşünemiyorum	2961	6997
geleceğe	2961	6998
teselli	2961	6999
olayların	2960	7000
geçtiğimiz	2960	7001
araştırdım	2959	7002
kazanacak	2957	7003
collins	2955	7004
çıkaralım	2954	7005
long	2954	7006
subay	2952	7007
kazanmaya	2952	7008
pierce	2951	7009
hunter	2951	7010
geçiriyorum	2951	7011
adams	2951	7012
ayakkabılar	2950	7013
korktun	2950	7014
cevaplar	2949	7015
bırakmam	2948	7016
adada	2948	7017
beynin	2948	7018
düşünmem	2948	7019
joel	2946	7020
getirip	2946	7021
önümde	2945	7022
uçağın	2945	7023
harrison	2945	7024
palyaço	2945	7025
izleme	2945	7026
ikiz	2945	7027
ayrıldık	2943	7028
tembel	2943	7029
dilek	2943	7030
koyacağım	2943	7031
evladım	2942	7032
havuz	2941	7033
filmleri	2940	7034
inip	2940	7035
çıkaracak	2938	7036
hükümetin	2937	7037
toplam	2937	7038
bilin	2936	7039
sal	2936	7040
rüyamda	2936	7041
rahatsızlık	2935	7042
alexander	2935	7043
yoksun	2935	7044
dişlerini	2934	7045
görmesini	2934	7046
yetti	2934	7047
zach	2933	7048
camdan	2933	7049
izliyorum	2933	7050
lawrence	2933	7051
kampı	2932	7052
song	2932	7053
zarif	2932	7054
istemedin	2932	7055
bilmesini	2931	7056
bilmesi	2931	7057
çiçekleri	2931	7058
kararlı	2931	7059
ilgimi	2930	7060
katıl	2929	7061
biliyorduk	2929	7062
reese	2929	7063
mum	2928	7064
görüşeceğiz	2928	7065
kaderi	2927	7066
diğerine	2927	7067
kıyafetler	2927	7068
scully	2927	7069
bahsettiğin	2926	7070
ikram	2925	7071
saatlerce	2925	7072
gömlek	2924	7073
ilgilen	2924	7074
giderdi	2924	7075
guy	2923	7076
karının	2923	7077
hatırlayamıyorum	2923	7078
alınma	2923	7079
alacağını	2922	7080
donald	2922	7081
gps	2921	7082
çalıştır	2921	7083
onurlu	2921	7084
davranmak	2921	7085
listede	2920	7086
sahtekar	2920	7087
düşünmüş	2919	7088
sıkışmış	2918	7089
kayıtlarına	2918	7090
sürebilir	2918	7091
hazırlan	2918	7092
garcia	2918	7093
arıyordu	2918	7094
uğraşmak	2917	7095
saçlarını	2917	7096
ölmesine	2917	7097
çözmeye	2917	7098
geçirme	2917	7099
adeta	2917	7100
fil	2916	7101
uç	2916	7102
korkuyordum	2916	7103
değerini	2916	7104
çalışacağız	2916	7105
angie	2915	7106
çağırdım	2915	7107
tipik	2913	7108
diri	2912	7109
bishop	2912	7110
verebilirsin	2911	7111
alırken	2911	7112
mantıksız	2910	7113
çalmış	2908	7114
anlamadın	2908	7115
artıyor	2907	7116
flynn	2906	7117
dee	2906	7118
rehine	2904	7119
votka	2904	7120
etmemiştim	2903	7121
kardeşime	2903	7122
amacım	2903	7123
başlamıştım	2902	7124
edeceğimi	2901	7125
değiştirecek	2901	7126
yapamazsınız	2900	7127
çalışıyormuş	2900	7128
street	2900	7129
girdik	2900	7130
bulabilirsin	2899	7131
ayrılıyor	2898	7132
aktör	2897	7133
istesem	2897	7134
yolculuğu	2896	7135
meraklı	2896	7136
anahtarlar	2895	7137
köpekleri	2895	7138
mo	2895	7139
çıkmıştı	2894	7140
anlattın	2894	7141
arkadaşıma	2892	7142
süresi	2892	7143
dansa	2892	7144
kocasının	2892	7145
dinledim	2891	7146
huzurlu	2891	7147
kalkan	2891	7148
asya	2891	7149
yanılıyor	2891	7150
üçte	2890	7151
gözetim	2890	7152
görevimiz	2889	7153
bahsetmek	2889	7154
anlatamam	2888	7155
kayıtlara	2887	7156
düşüp	2887	7157
yavaşla	2887	7158
arı	2886	7159
buzlu	2886	7160
yüzümü	2886	7161
kamyonu	2886	7162
harvard	2885	7163
veremezsin	2885	7164
lance	2884	7165
öğrenciler	2883	7166
dolaşıp	2883	7167
davrandı	2882	7168
görüntüleri	2882	7169
kel	2882	7170
söylerdim	2881	7171
değiştirme	2881	7172
maden	2880	7173
tören	2879	7174
violet	2879	7175
patlamış	2877	7176
bitirdin	2877	7177
yarışma	2875	7178
yaratıklar	2874	7179
duracak	2874	7180
yararlı	2873	7181
bilgin	2873	7182
as	2873	7183
teori	2871	7184
gil	2871	7185
kopyasını	2871	7186
all	2871	7187
oo	2870	7188
çıkarım	2869	7189
kovuldun	2869	7190
tekme	2868	7191
sabahtan	2868	7192
yunan	2867	7193
abim	2867	7194
gaza	2866	7195
nabız	2866	7196
verirler	2865	7197
sınırlı	2865	7198
kadardır	2865	7199
endişeliyim	2864	7200
chen	2864	7201
böylelikle	2864	7202
yattın	2863	7203
brick	2862	7204
yapabilirsiniz	2862	7205
reed	2862	7206
tipi	2862	7207
kırmak	2861	7208
karımla	2861	7209
içiyorsun	2860	7210
alec	2860	7211
çaylak	2859	7212
savunmasız	2859	7213
yaşadığın	2859	7214
kas	2857	7215
ruhlar	2857	7216
kafaya	2856	7217
lemon	2855	7218
yarbay	2854	7219
kızımız	2854	7220
başladığını	2854	7221
oynarken	2854	7222
dir	2854	7223
duyabiliyorum	2853	7224
söylemiştiniz	2853	7225
kızına	2851	7226
dinler	2851	7227
küba	2850	7228
nefesini	2849	7229
hapı	2849	7230
öğrenecek	2848	7231
tecrübe	2848	7232
kürek	2848	7233
patlayıcı	2847	7234
dikkatimi	2846	7235
çocuklarının	2846	7236
yağı	2846	7237
bedeni	2846	7238
bauer	2846	7239
boks	2845	7240
bebeğe	2845	7241
öneriyorum	2845	7242
yalnızım	2845	7243
tutma	2845	7244
binin	2844	7245
giymiş	2843	7246
mini	2843	7247
saklıyor	2843	7248
görülüyor	2842	7249
adamdır	2842	7250
babamdan	2840	7251
atacak	2839	7252
düşüneyim	2839	7253
anlamıştım	2839	7254
gwen	2839	7255
iken	2837	7256
ekonomik	2836	7257
jae	2835	7258
yiyeceğiz	2835	7259
koruyun	2835	7260
yakalandı	2835	7261
koruyor	2834	7262
veremez	2832	7263
açıyor	2832	7264
yarınki	2831	7265
so	2831	7266
yuva	2831	7267
gözüme	2831	7268
bulması	2830	7269
freddy	2830	7270
bildiğimi	2828	7271
demeli	2828	7272
ağız	2827	7273
beter	2827	7274
geçtin	2826	7275
duyguları	2826	7276
reddetti	2825	7277
demem	2825	7278
morris	2825	7279
joon	2824	7280
kıymetli	2824	7281
sil	2823	7282
deyince	2823	7283
diğerini	2822	7284
hepimize	2822	7285
sevdi	2822	7286
sense	2822	7287
keyfine	2822	7288
winston	2822	7289
kurtul	2821	7290
okumaya	2819	7291
yaralandı	2818	7292
fizik	2817	7293
geçir	2815	7294
cassie	2815	7295
dönmesi	2813	7296
yürüyor	2813	7297
vücudunu	2813	7298
açıktı	2813	7299
for	2813	7300
yapmayacak	2812	7301
görüştüm	2812	7302
fox	2811	7303
zamanımı	2811	7304
anlamam	2811	7305
ameliyata	2811	7306
kadınlardan	2811	7307
grey	2809	7308
rosie	2809	7309
aptalım	2809	7310
cal	2808	7311
almamı	2807	7312
hızı	2807	7313
kullandığını	2807	7314
hakikaten	2807	7315
içtin	2807	7316
girmeden	2806	7317
yazmaya	2806	7318
hawaii	2805	7319
görevde	2804	7320
konuşuyorduk	2804	7321
kadından	2804	7322
iütfen	2804	7323
yaver	2804	7324
gitar	2803	7325
jeffrey	2803	7326
kalmanı	2803	7327
ürünü	2802	7328
ailesiyle	2802	7329
bastır	2802	7330
irlanda	2801	7331
önümüzde	2801	7332
doyle	2801	7333
malzemeleri	2801	7334
dibinde	2801	7335
edebiliyor	2800	7336
ruhun	2800	7337
ücreti	2800	7338
olamadım	2800	7339
yürüyerek	2799	7340
orduya	2799	7341
umalım	2799	7342
konuşman	2799	7343
tutuyorsun	2799	7344
vermiyorum	2799	7345
çeyrek	2798	7346
etmeniz	2798	7347
arabalar	2798	7348
karşıma	2798	7349
mıymış	2797	7350
verilmiş	2797	7351
koridorda	2797	7352
israil	2796	7353
brenda	2796	7354
ilki	2796	7355
dürüstçe	2795	7356
kanıtları	2795	7357
artik	2795	7358
gerçeğini	2794	7359
maske	2794	7360
hayatımızı	2792	7361
one	2792	7362
çocuğunun	2792	7363
açan	2792	7364
papel	2792	7365
söyleyerek	2792	7366
connie	2791	7367
formu	2791	7368
bekliyordu	2790	7369
turta	2790	7370
beğenmiş	2789	7371
soktu	2788	7372
sağlayacağım	2787	7373
sözüm	2787	7374
kalırsın	2787	7375
clip	2786	7376
oğluna	2786	7377
koruması	2785	7378
oynayan	2785	7379
olmayacaksın	2785	7380
boyd	2785	7381
başkasıyla	2785	7382
seçilmiş	2784	7383
istediğinde	2784	7384
tekmeyi	2783	7385
sonuçlarını	2783	7386
edersem	2783	7387
ödedim	2783	7388
muz	2782	7389
olgun	2782	7390
aradılar	2782	7391
geçsin	2782	7392
milli	2781	7393
aileyi	2781	7394
hissettin	2781	7395
ilahi	2780	7396
sırtını	2779	7397
serena	2779	7398
yaklaş	2778	7399
ayakları	2778	7400
burdayım	2778	7401
intikamını	2778	7402
rekabet	2777	7403
konuştunuz	2777	7404
benzediğini	2777	7405
ücretsiz	2775	7406
üye	2775	7407
adıma	2772	7408
yerlerini	2772	7409
müslüman	2772	7410
gözlem	2772	7411
egzersiz	2772	7412
ilaçları	2772	7413
baker	2771	7414
dorothy	2769	7415
sezar	2768	7416
düş	2767	7417
ortam	2767	7418
açacak	2766	7419
bitmez	2766	7420
sürmek	2766	7421
arabaları	2765	7422
polislerin	2765	7423
seninkini	2764	7424
wyatt	2764	7425
tuvalette	2764	7426
sattım	2764	7427
görüşmem	2764	7428
paula	2763	7429
üzülüyorum	2763	7430
numaraları	2763	7431
çikolatalı	2762	7432
bozulmuş	2762	7433
hatırlattı	2762	7434
arayayım	2761	7435
yüklü	2761	7436
diyebilir	2760	7437
oyuncağı	2760	7438
gibiyiz	2760	7439
yaptığının	2759	7440
nihayetinde	2759	7441
uzat	2759	7442
hamburger	2758	7443
duygular	2758	7444
söylemez	2757	7445
olağan	2757	7446
alışverişe	2757	7447
öğrendiğim	2756	7448
haftasonu	2756	7449
dönmedi	2756	7450
satranç	2754	7451
yandı	2753	7452
borcunu	2753	7453
alfred	2752	7454
ödemeyi	2752	7455
güvendesin	2752	7456
gelmem	2752	7457
hareketli	2752	7458
polisle	2751	7459
şanslıyım	2751	7460
mona	2751	7461
geçmeye	2750	7462
yanılmışım	2749	7463
düşecek	2747	7464
evlenir	2747	7465
artie	2747	7466
tanıyorsunuz	2746	7467
kullanın	2746	7468
aptalsın	2746	7469
baksanıza	2746	7470
huysuz	2745	7471
iyiydin	2744	7472
getirdiği	2743	7473
bernard	2743	7474
zannetmiyorum	2742	7475
geçmedi	2742	7476
çıkmalıyız	2742	7477
yazdın	2742	7478
okuyorsun	2741	7479
ayakkabılarını	2741	7480
acınası	2741	7481
karşılığı	2741	7482
uzaklıkta	2740	7483
gittiniz	2740	7484
isviçre	2740	7485
gelse	2740	7486
evcil	2739	7487
buradaymış	2739	7488
davaya	2737	7489
banyoda	2737	7490
kollarını	2737	7491
olamazdı	2736	7492
güzeli	2736	7493
göremiyor	2735	7494
metro	2735	7495
öldüler	2735	7496
trevor	2734	7497
cüce	2733	7498
lisesi	2733	7499
gülüyorsun	2733	7500
kişilerin	2732	7501
ağabeyim	2732	7502
yatağı	2732	7503
demedi	2732	7504
ellerim	2732	7505
belge	2731	7506
adıyla	2731	7507
deneyim	2731	7508
binaya	2731	7509
mühim	2730	7510
mantar	2729	7511
alamaz	2729	7512
mücevher	2729	7513
midem	2728	7514
kıyafetleri	2728	7515
klaus	2727	7516
buralara	2727	7517
hindi	2727	7518
deyip	2726	7519
kanama	2724	7520
komünist	2724	7521
bankaya	2724	7522
karşılaştım	2723	7523
korkudan	2723	7524
kaybolan	2723	7525
haftanın	2722	7526
ortasına	2720	7527
karşılıklı	2719	7528
içlerinden	2719	7529
acısını	2718	7530
flash	2718	7531
geçiyoruz	2718	7532
severdim	2717	7533
evleniyor	2716	7534
salonuna	2716	7535
ilgisini	2716	7536
elvis	2716	7537
ortalama	2715	7538
kaldığım	2714	7539
satıyor	2714	7540
cebinde	2713	7541
bilecek	2713	7542
tel	2713	7543
sevmek	2713	7544
georgia	2712	7545
giriyoruz	2712	7546
ispanyolca	2712	7547
yağıyor	2712	7548
ufacık	2712	7549
kararımı	2711	7550
sıkıca	2709	7551
bacağını	2709	7552
süslü	2708	7553
hayatımız	2708	7554
sıralar	2708	7555
lerde	2707	7556
monroe	2706	7557
getiriyorum	2706	7558
gözünün	2705	7559
denedin	2705	7560
babasıyla	2705	7561
sevişmek	2705	7562
mesai	2704	7563
ini	2704	7564
ayna	2703	7565
kullanılmış	2703	7566
griffin	2703	7567
geceye	2702	7568
söyleyemezsin	2702	7569
hamileyim	2701	7570
koyuyorum	2701	7571
yattım	2700	7572
reid	2700	7573
almadın	2699	7574
nün	2699	7575
sağlığı	2699	7576
varız	2699	7577
zira	2697	7578
kaçınılmaz	2697	7579
şeyimi	2697	7580
dostumuz	2697	7581
boylu	2696	7582
satmaya	2696	7583
hesabını	2696	7584
şaşırmadım	2696	7585
istemediğimi	2696	7586
okumayı	2696	7587
oradalar	2695	7588
v	2695	7589
fikriydi	2695	7590
terör	2695	7591
isimsiz	2695	7592
bahçesi	2694	7593
kap	2694	7594
amacıyla	2694	7595
evlendi	2694	7596
bahşiş	2693	7597
your	2693	7598
amanın	2693	7599
detektif	2693	7600
arkana	2692	7601
douglas	2692	7602
oyuncusu	2692	7603
yolculuğa	2690	7604
hikayeleri	2690	7605
edebiliyorum	2688	7606
arayacak	2688	7607
evlatlık	2688	7608
oynar	2685	7609
what	2685	7610
hoşlandığını	2684	7611
erkeklerden	2684	7612
kesici	2684	7613
ahlak	2684	7614
archer	2683	7615
çare	2683	7616
telefonuna	2682	7617
sanal	2681	7618
indi	2681	7619
gölü	2680	7620
dallas	2680	7621
ölürse	2680	7622
houston	2680	7623
maça	2680	7624
sonny	2679	7625
yaşı	2679	7626
insanlığın	2679	7627
gabrielle	2678	7628
kuvvet	2678	7629
sörf	2676	7630
salata	2676	7631
çekimi	2674	7632
kaseti	2674	7633
bulan	2673	7634
ziyade	2673	7635
yen	2673	7636
birilerine	2673	7637
sırrını	2673	7638
patlayacak	2672	7639
arkadaşıyım	2672	7640
odasından	2672	7641
randall	2671	7642
fotoğraflarını	2670	7643
öldüm	2669	7644
nakil	2669	7645
kazan	2669	7646
yaptıklarından	2669	7647
peggy	2668	7648
desteği	2667	7649
istemiyordum	2667	7650
mesajını	2666	7651
mafya	2666	7652
theo	2665	7653
etsene	2664	7654
isaac	2664	7655
acıktım	2664	7656
kamerası	2663	7657
isimler	2663	7658
kıyafeti	2662	7659
vuran	2662	7660
yemeğin	2662	7661
kalmıyor	2662	7662
görmelisin	2660	7663
yapıyormuş	2660	7664
harbiden	2660	7665
re	2659	7666
duymuyorum	2659	7667
tartışmak	2659	7668
asansör	2659	7669
jang	2659	7670
yaramayacak	2658	7671
verdiğimiz	2656	7672
carson	2656	7673
nehrin	2655	7674
ışıklar	2654	7675
stella	2654	7676
büyükbabam	2653	7677
vermesini	2653	7678
adayı	2652	7679
verirdim	2652	7680
taşındı	2652	7681
üzereyiz	2652	7682
richie	2652	7683
ardı	2651	7684
yedinci	2650	7685
matmazel	2650	7686
saniyeliğine	2650	7687
çantamı	2649	7688
diyorsan	2649	7689
yılbaşı	2649	7690
yak	2648	7691
yataktan	2647	7692
hissettiğim	2647	7693
merdivenlerden	2646	7694
gelmezdi	2646	7695
drake	2646	7696
isterler	2646	7697
hayatından	2646	7698
içme	2646	7699
roket	2645	7700
zevkti	2645	7701
birşeyi	2644	7702
harcama	2644	7703
dönene	2644	7704
valla	2643	7705
kanın	2643	7706
filmler	2643	7707
cesetleri	2642	7708
merdiven	2642	7709
geber	2641	7710
haberlerde	2640	7711
ailene	2639	7712
eğleniyor	2639	7713
çamaşırı	2637	7714
kartları	2637	7715
akla	2636	7716
amcan	2635	7717
kemiği	2634	7718
üçe	2634	7719
içeren	2634	7720
bugünden	2634	7721
edildiğini	2634	7722
ileriye	2634	7723
korkmuştum	2633	7724
söylememe	2633	7725
erkeklere	2633	7726
fikirleri	2633	7727
girdiğinde	2633	7728
endişelendim	2633	7729
gizem	2632	7730
yatağında	2632	7731
geçmişini	2631	7732
tura	2631	7733
dünkü	2631	7734
gök	2630	7735
mr	2629	7736
düzey	2629	7737
üzereydim	2629	7738
hint	2628	7739
cesareti	2628	7740
köyü	2628	7741
brezilya	2627	7742
yaparsak	2626	7743
insanım	2626	7744
filmini	2626	7745
burnu	2625	7746
ydi	2624	7747
jan	2623	7748
dönünce	2623	7749
ayağı	2623	7750
efendimiz	2622	7751
yaşıyordu	2622	7752
erik	2622	7753
içindeydi	2622	7754
eşiniz	2621	7755
sakınca	2620	7756
suratını	2620	7757
etmişler	2619	7758
korkunçtu	2619	7759
dikkatle	2619	7760
oturuyorsun	2619	7761
görebilirsiniz	2619	7762
görmekten	2618	7763
ürün	2618	7764
açılıyor	2617	7765
öğrenmem	2616	7766
tabanca	2616	7767
gazetede	2616	7768
ailemle	2615	7769
ayakkabıları	2615	7770
anneler	2615	7771
perry	2615	7772
ağacın	2614	7773
bekleyelim	2614	7774
küresel	2613	7775
konuşmasını	2613	7776
ohh	2612	7777
söylemeyin	2612	7778
alabilirsiniz	2612	7779
temasa	2612	7780
borcun	2608	7781
füze	2607	7782
porter	2607	7783
fiona	2607	7784
bilmeyen	2607	7785
kimle	2607	7786
love	2607	7787
şovu	2606	7788
ormanın	2606	7789
endişelenecek	2605	7790
dolaşan	2605	7791
katına	2605	7792
zamanlı	2603	7793
hatıra	2602	7794
numaram	2602	7795
teyit	2602	7796
yapmalı	2601	7797
melanie	2601	7798
carmen	2601	7799
kaldırıp	2600	7800
kaldınız	2600	7801
saatlerde	2599	7802
sakat	2599	7803
bölümüne	2598	7804
internetten	2598	7805
yoluyla	2597	7806
bıraktığını	2596	7807
herzaman	2596	7808
infaz	2596	7809
yaban	2595	7810
düğmeye	2595	7811
denizde	2595	7812
sıçan	2594	7813
boğa	2594	7814
kargo	2594	7815
lester	2594	7816
düzeni	2594	7817
kafanda	2594	7818
baska	2594	7819
yurt	2593	7820
hoşlanmam	2593	7821
hope	2593	7822
kalpli	2592	7823
arkadaşlarından	2591	7824
hulk	2591	7825
farkındasın	2591	7826
gönderiyorum	2591	7827
peg	2591	7828
siyahi	2591	7829
demeyi	2590	7830
nolan	2590	7831
takıma	2589	7832
yanlız	2588	7833
amaçlı	2588	7834
normale	2587	7835
geçirmeye	2587	7836
sosis	2587	7837
antrenman	2587	7838
söylediğimde	2587	7839
halledelim	2586	7840
adındaki	2586	7841
kapatmam	2586	7842
leke	2586	7843
istekli	2586	7844
rezalet	2585	7845
karşılaştık	2585	7846
hapishaneye	2585	7847
planını	2585	7848
gençken	2584	7849
çocuktu	2583	7850
toplama	2583	7851
delirmiş	2583	7852
uğrayıp	2583	7853
geçidi	2582	7854
söyleyecektim	2582	7855
oyununu	2581	7856
üçümüz	2581	7857
yatmaya	2581	7858
barnes	2581	7859
hunt	2580	7860
işlerine	2580	7861
giyiyor	2579	7862
özgü	2579	7863
yazacağım	2578	7864
nikki	2578	7865
olduğumda	2578	7866
vurun	2577	7867
doğan	2576	7868
yerimi	2576	7869
shin	2575	7870
seçkin	2575	7871
yapmışlar	2575	7872
terapi	2575	7873
banyoya	2575	7874
çiçeği	2575	7875
çekiyorsun	2574	7876
yemeyi	2574	7877
pablo	2574	7878
evlerine	2574	7879
oynayacak	2574	7880
çıkışı	2573	7881
konuşmanın	2573	7882
değiştirmiş	2572	7883
ölürüm	2571	7884
soyunma	2571	7885
çıkmayacak	2571	7886
çekildi	2571	7887
parçasını	2571	7888
açmış	2571	7889
büyüdü	2570	7890
gerçekleşti	2570	7891
yüzündeki	2570	7892
okumuştum	2570	7893
açıkla	2569	7894
bekleyip	2569	7895
ayarla	2569	7896
doluydu	2569	7897
j	2569	7898
einstein	2568	7899
konularda	2567	7900
görüşmeyi	2567	7901
gezi	2567	7902
tanıdığın	2567	7903
talihsiz	2567	7904
kapatıyorum	2567	7905
oranı	2567	7906
dj	2566	7907
yaşanan	2566	7908
ydı	2565	7909
yerken	2565	7910
thor	2564	7911
kazanmış	2564	7912
miguel	2564	7913
şüphem	2564	7914
yaşayamam	2564	7915
açmaya	2563	7916
öldüreceksin	2563	7917
tabak	2563	7918
farklıydı	2563	7919
kameraya	2562	7920
zil	2561	7921
erişim	2561	7922
çektiğini	2561	7923
niles	2561	7924
görürsem	2561	7925
sanırdım	2560	7926
yaşından	2560	7927
konuşuyordum	2560	7928
korkusu	2559	7929
andre	2559	7930
almışlar	2558	7931
yedik	2557	7932
gelmişken	2557	7933
sabahları	2556	7934
sıradışı	2556	7935
arap	2556	7936
vururum	2556	7937
döneceğini	2556	7938
tahammül	2556	7939
arkadaşıyla	2555	7940
edgar	2555	7941
meslek	2555	7942
izlerken	2555	7943
yaparsa	2555	7944
robbie	2555	7945
brennan	2554	7946
anahtarını	2554	7947
çıkaran	2554	7948
anlamıyorsunuz	2554	7949
kafanın	2554	7950
aramam	2553	7951
evliliği	2553	7952
oluyoruz	2553	7953
görürsen	2553	7954
yöntemi	2553	7955
bilgisayarı	2553	7956
değilimdir	2552	7957
kıyafetlerini	2552	7958
seviyesi	2551	7959
doz	2551	7960
virüsü	2551	7961
açıklayabilirim	2551	7962
junior	2550	7963
doğdum	2549	7964
güvenmek	2549	7965
gerginim	2548	7966
ally	2547	7967
kardeşimle	2547	7968
sistemine	2547	7969
götürdüm	2547	7970
bölümünü	2546	7971
çağıracağım	2546	7972
jonas	2546	7973
kahramanı	2546	7974
giymek	2545	7975
olsak	2544	7976
küfür	2544	7977
kıyamet	2544	7978
olayla	2544	7979
bırakabilir	2544	7980
polislere	2544	7981
etmelisiniz	2543	7982
diken	2543	7983
değişmiş	2543	7984
hoşlanmıyor	2543	7985
sahilde	2543	7986
tanrısı	2543	7987
aşağıdaki	2543	7988
sormadım	2542	7989
p	2542	7990
götürebilir	2542	7991
erica	2541	7992
sullivan	2541	7993
saygıdeğer	2540	7994
araştırmaya	2540	7995
kafasında	2540	7996
kelimesi	2539	7997
isteyebilirsin	2539	7998
madison	2539	7999
dixon	2539	8000
zihinsel	2539	8001
yüzüstü	2538	8002
ordan	2538	8003
yanıp	2538	8004
geçiyordu	2538	8005
taktik	2538	8006
kanalı	2538	8007
kapatıp	2537	8008
dogru	2537	8009
kapattı	2537	8010
buck	2537	8011
tutarım	2536	8012
soracaktım	2534	8013
zannediyorsun	2533	8014
kalbinde	2533	8015
bazılarını	2533	8016
çıkarmış	2532	8017
dönerken	2532	8018
bakarken	2532	8019
birlikteyiz	2530	8020
neredeydi	2530	8021
sanıyorlar	2529	8022
kapağı	2529	8023
problemin	2528	8024
scotty	2528	8025
çatışma	2527	8026
yolculuklar	2527	8027
ikili	2527	8028
edebileceğini	2526	8029
nefis	2526	8030
kostüm	2526	8031
yoon	2526	8032
atları	2525	8033
cathy	2525	8034
şanslıyız	2525	8035
çiftliği	2524	8036
kıdemli	2524	8037
verilecek	2524	8038
çalışarak	2523	8039
helena	2523	8040
olmalıydım	2523	8041
güvenin	2523	8042
yorucu	2523	8043
bağımlı	2522	8044
rex	2522	8045
blue	2522	8046
bilebilir	2522	8047
ipi	2521	8048
kaderin	2520	8049
vermeliyim	2520	8050
hedefe	2519	8051
muamele	2519	8052
aradan	2519	8053
teklifini	2518	8054
mağara	2518	8055
beysbol	2517	8056
solunum	2517	8057
havai	2516	8058
çorap	2515	8059
dexter	2515	8060
işinize	2515	8061
mahvetti	2514	8062
olayda	2514	8063
çizgiyi	2513	8064
programını	2513	8065
dakikalık	2512	8066
birbirinden	2512	8067
bulabildin	2512	8068
hiçbirimiz	2512	8069
gerizekalı	2512	8070
büyümüş	2511	8071
yürürken	2511	8072
avery	2511	8073
arkadaşınla	2510	8074
inanma	2509	8075
rocky	2509	8076
kasabayı	2509	8077
dersleri	2509	8078
koyma	2508	8079
istemiştin	2508	8080
başlangıcı	2508	8081
bulacağını	2508	8082
konuk	2507	8083
uçup	2507	8084
bernie	2505	8085
sınıfa	2504	8086
ellerimle	2504	8087
ekibin	2504	8088
aptalın	2504	8089
görürse	2503	8090
yarışması	2503	8091
güçsüz	2503	8092
yapmadığını	2503	8093
rakip	2503	8094
getirdiğin	2502	8095
seçeneğin	2502	8096
alınca	2502	8097
çetesi	2501	8098
santim	2501	8099
birde	2500	8100
gibisiniz	2500	8101
kurtarın	2500	8102
komikti	2499	8103
hissetmiyor	2499	8104
yanmış	2499	8105
ağaca	2499	8106
bones	2498	8107
karışıklık	2498	8108
dawn	2497	8109
utanıyorum	2497	8110
yerlerden	2497	8111
duydu	2497	8112
hayatları	2497	8113
fazlasına	2497	8114
başımız	2495	8115
yürüyen	2495	8116
satıcısı	2495	8117
koyalım	2495	8118
departmanı	2495	8119
şahin	2495	8120
ellerimi	2494	8121
başlayan	2494	8122
uğraşıyor	2493	8123
asılı	2492	8124
gelmene	2492	8125
gerektirir	2491	8126
goa	2491	8127
arkadaşlarımla	2491	8128
hall	2491	8129
aileleri	2491	8130
mekanı	2491	8131
içkiyi	2490	8132
merlin	2489	8133
olursanız	2489	8134
chi	2487	8135
kullanabiliriz	2487	8136
otelin	2487	8137
yağlı	2487	8138
kapana	2486	8139
hatırlamak	2486	8140
gösteririm	2486	8141
uzan	2486	8142
oturur	2486	8143
cerrahi	2485	8144
kendinde	2485	8145
bankası	2484	8146
denise	2484	8147
kafamın	2484	8148
kaçmayı	2484	8149
sorarsan	2484	8150
duyduğunu	2484	8151
orleans	2483	8152
raj	2483	8153
liderlik	2483	8154
batıya	2482	8155
paralı	2482	8156
etkisini	2482	8157
kampa	2482	8158
getirme	2482	8159
burt	2481	8160
peynirli	2481	8161
tanışmıştık	2480	8162
gitmedin	2480	8163
cerrah	2480	8164
inanmam	2480	8165
kalanında	2480	8166
bulman	2480	8167
lenny	2480	8168
işinizi	2480	8169
günkü	2479	8170
açılan	2478	8171
beklediğim	2478	8172
anlayacaksın	2478	8173
yeriz	2477	8174
değiştirdin	2477	8175
sonuncusu	2477	8176
yakalamaya	2477	8177
görsel	2476	8178
teslimat	2476	8179
teresa	2476	8180
hayattan	2476	8181
yerdi	2476	8182
gözlerimin	2475	8183
yapamayacağım	2475	8184
pislikler	2475	8185
kalkıyor	2474	8186
şansınız	2474	8187
bedel	2474	8188
indirim	2474	8189
bahsetme	2473	8190
kurtuldu	2472	8191
katiller	2472	8192
maurice	2472	8193
herşeye	2471	8194
tanıştınız	2471	8195
inanıyoruz	2471	8196
noktasına	2471	8197
dvd	2470	8198
boynunu	2469	8199
derine	2469	8200
müsaadenizle	2469	8201
payı	2469	8202
kısaca	2469	8203
birbirimizin	2469	8204
hisset	2468	8205
seferlik	2468	8206
hoşlanıyorsun	2468	8207
kendisiyle	2467	8208
bırakmalısın	2467	8209
planlar	2467	8210
penis	2466	8211
sandığın	2466	8212
gününe	2465	8213
oğlumuz	2465	8214
koruyacak	2465	8215
illa	2465	8216
odam	2464	8217
numaranı	2464	8218
bakıyoruz	2463	8219
bekliyorsunuz	2463	8220
yeğenim	2462	8221
hoşlandım	2462	8222
biliyordur	2462	8223
deyişle	2462	8224
sıkışıp	2461	8225
gelmişsin	2461	8226
bennett	2461	8227
yapılacağını	2460	8228
aldığımı	2460	8229
değildik	2460	8230
saçımı	2460	8231
yalanlar	2459	8232
parmağı	2458	8233
durmuş	2457	8234
samuel	2456	8235
elbiseyi	2456	8236
gönderiyor	2456	8237
alacaksınız	2456	8238
alternatif	2455	8239
çöl	2455	8240
bölümde	2454	8241
içe	2454	8242
uçakla	2453	8243
doğanın	2452	8244
gözüküyorsun	2452	8245
manyetik	2452	8246
bayılır	2452	8247
hediyem	2452	8248
velet	2451	8249
gerektiğine	2451	8250
çaldığını	2451	8251
çıktılar	2451	8252
yaşıyorlar	2450	8253
eğitimli	2450	8254
finansal	2450	8255
odadaki	2449	8256
değiştirmeye	2449	8257
almayayım	2448	8258
oyunlar	2448	8259
tanıdım	2448	8260
silahım	2448	8261
ödedi	2447	8262
gidemez	2447	8263
olduktan	2447	8264
çalıp	2446	8265
duyuyoruz	2445	8266
saçmalıyorsun	2445	8267
uzayda	2445	8268
binmek	2444	8269
kristal	2444	8270
özelliği	2444	8271
istemiyorlar	2442	8272
paradan	2442	8273
sınavı	2441	8274
ahlaki	2441	8275
dönemde	2441	8276
rahatça	2440	8277
campbell	2440	8278
üssü	2440	8279
lizzie	2439	8280
enfeksiyon	2439	8281
tuvaleti	2439	8282
ifşa	2439	8283
kullanıp	2439	8284
kullanıyorlar	2438	8285
rudy	2438	8286
geçmesi	2437	8287
içmem	2436	8288
anlatsana	2436	8289
oz	2435	8290
merhabalar	2435	8291
ölüler	2435	8292
dosyası	2434	8293
onbaşı	2434	8294
tünel	2434	8295
saçı	2434	8296
frasier	2433	8297
şapşal	2433	8298
gelmedik	2433	8299
fedakarlık	2433	8300
hayvanı	2432	8301
has	2432	8302
buddy	2431	8303
azalıyor	2431	8304
kımılda	2431	8305
geleceğimi	2431	8306
çöz	2430	8307
suçlar	2430	8308
doğrusunu	2430	8309
conrad	2430	8310
kasabadan	2429	8311
hans	2429	8312
varlık	2429	8313
joo	2428	8314
çevresinde	2428	8315
kanunu	2427	8316
tanıyan	2427	8317
nicholas	2427	8318
giyen	2427	8319
muhabbet	2427	8320
inci	2427	8321
pay	2426	8322
saatini	2426	8323
başınız	2425	8324
vuracak	2425	8325
gözlerinde	2424	8326
şansımı	2423	8327
aşçı	2423	8328
beklemede	2422	8329
dönebilir	2422	8330
kendiliğinden	2422	8331
örtbas	2422	8332
anla	2422	8333
ölümle	2422	8334
sarıl	2421	8335
sosu	2420	8336
defasında	2420	8337
kapak	2419	8338
cevabım	2419	8339
açısı	2417	8340
akıyor	2417	8341
bilmediğin	2417	8342
düşünelim	2416	8343
sonrasını	2416	8344
kaçtın	2415	8345
elimize	2415	8346
yapmamızı	2415	8347
cody	2414	8348
bıraktılar	2413	8349
buluşmaya	2413	8350
ödüyor	2413	8351
atom	2413	8352
şampiyonu	2412	8353
vardık	2412	8354
sos	2411	8355
girmesine	2411	8356
asit	2411	8357
gözümü	2411	8358
gittiğin	2411	8359
kanseri	2410	8360
çıkmasına	2410	8361
yerdir	2410	8362
ipek	2410	8363
söylesin	2409	8364
konuşuyorsunuz	2408	8365
başlangıçta	2408	8366
sheila	2407	8367
andrea	2407	8368
kase	2407	8369
söyleyelim	2406	8370
tutmuş	2406	8371
chandler	2406	8372
perde	2406	8373
ruhsal	2406	8374
inanıyorsun	2405	8375
komiksin	2405	8376
ayırt	2404	8377
ellerinden	2404	8378
texas	2403	8379
koyar	2403	8380
kanat	2403	8381
gösterebilir	2402	8382
organik	2401	8383
sistemleri	2401	8384
sesimi	2400	8385
peşimden	2400	8386
chang	2400	8387
diyordun	2400	8388
şubat	2400	8389
dinlemeye	2399	8390
öğrenince	2399	8391
tanner	2399	8392
soylu	2399	8393
malum	2396	8394
evans	2396	8395
öldürebilir	2396	8396
havası	2394	8397
seviyordum	2393	8398
gezegende	2393	8399
makale	2393	8400
tuttun	2393	8401
gemileri	2393	8402
sevmiyorsun	2392	8403
doğdun	2391	8404
alırlar	2390	8405
kimim	2390	8406
öldürmekten	2390	8407
şarj	2390	8408
iyileşeceksin	2390	8409
konferans	2389	8410
boru	2389	8411
philadelphia	2389	8412
gelecekteki	2388	8413
vallahi	2387	8414
dolap	2386	8415
kocanın	2385	8416
nazikçe	2385	8417
sorunlu	2385	8418
polisim	2385	8419
dinlemiyorsun	2385	8420
tokat	2383	8421
duyduğu	2382	8422
geldiğinden	2381	8423
bayrak	2380	8424
sınırları	2380	8425
olmayacaktır	2380	8426
girişi	2380	8427
kızgınım	2379	8428
bakıyorsunuz	2378	8429
yapsak	2378	8430
perişan	2378	8431
sherlock	2378	8432
sorguya	2377	8433
yaparsınız	2377	8434
havayı	2377	8435
sis	2377	8436
inanmıyorsun	2376	8437
warp	2376	8438
dersem	2376	8439
ilişkileri	2376	8440
sebze	2375	8441
ettikten	2374	8442
kasten	2374	8443
dizlerinin	2374	8444
söyleniyor	2374	8445
lanetli	2373	8446
yıldırım	2373	8447
almıyorsun	2373	8448
mümkünse	2372	8449
gram	2372	8450
final	2372	8451
sinek	2372	8452
teklifim	2372	8453
ilgini	2372	8454
gülüyor	2371	8455
biletleri	2371	8456
bambaşka	2371	8457
görmez	2371	8458
ziyaretçi	2370	8459
dönmesini	2370	8460
ödeyeceksin	2370	8461
yolladım	2370	8462
mario	2369	8463
gelmesine	2369	8464
evlenecek	2369	8465
kalıyoruz	2368	8466
cha	2368	8467
bebeğini	2368	8468
kaçmasına	2368	8469
kazadan	2367	8470
içmeyi	2367	8471
yuvarlak	2366	8472
ölümsüz	2366	8473
bağlantıyı	2365	8474
söyleyeceğin	2365	8475
silaha	2365	8476
bye	2365	8477
kırıklığı	2365	8478
başlarına	2364	8479
aracın	2364	8480
boğazını	2363	8481
gelirsen	2363	8482
gelelim	2363	8483
öldürdüğü	2363	8484
şekerim	2362	8485
sonrada	2362	8486
sahada	2361	8487
etmiştir	2361	8488
saatinde	2361	8489
şakası	2361	8490
ağaçlar	2361	8491
dişleri	2361	8492
sasha	2361	8493
civarı	2360	8494
sandra	2360	8495
büyüyor	2360	8496
günümü	2359	8497
geçirdiğim	2359	8498
buluş	2359	8499
açacağım	2358	8500
chad	2358	8501
polonya	2357	8502
marilyn	2357	8503
danışman	2357	8504
spike	2356	8505
götürdüler	2355	8506
çocuklarına	2355	8507
oynuyorum	2355	8508
facebook	2355	8509
dibe	2355	8510
kampanya	2354	8511
çıkana	2354	8512
beverly	2353	8513
bozukluğu	2353	8514
cennette	2353	8515
toprağa	2353	8516
odun	2352	8517
fu	2352	8518
biber	2352	8519
ağırlık	2351	8520
saygılı	2351	8521
belirtisi	2351	8522
etmekle	2350	8523
ölümüyle	2350	8524
hakkına	2350	8525
kokteyl	2349	8526
etrafındaki	2349	8527
up	2348	8528
enteresan	2348	8529
lena	2348	8530
eser	2348	8531
delta	2348	8532
zararsız	2347	8533
saklıyorsun	2347	8534
çekeceğim	2347	8535
halükarda	2347	8536
barı	2346	8537
niyetli	2346	8538
gardiyan	2346	8539
oranın	2346	8540
komedi	2346	8541
jefferson	2346	8542
düğüne	2346	8543
karara	2346	8544
olabilirdim	2344	8545
kızgınsın	2344	8546
finch	2344	8547
vera	2343	8548
ter	2342	8549
gösterdim	2342	8550
çiftçi	2341	8551
bulamazsın	2341	8552
eyvah	2340	8553
şarkılar	2340	8554
dolapta	2340	8555
adaya	2339	8556
ayırma	2339	8557
paralar	2339	8558
dönemi	2338	8559
vaktini	2338	8560
işsiz	2338	8561
zemin	2337	8562
bingo	2337	8563
moore	2337	8564
düşüncesi	2336	8565
art	2336	8566
bekleyecek	2336	8567
günümüzde	2335	8568
ölme	2335	8569
kameralar	2334	8570
görevden	2334	8571
ailesinden	2334	8572
reynolds	2333	8573
filosu	2333	8574
işığı	2332	8575
amigo	2332	8576
kablo	2332	8577
görmesi	2332	8578
kalman	2332	8579
başkalarını	2332	8580
içimi	2332	8581
arkadaşlarıyla	2331	8582
tanıdığını	2331	8583
hissediyordum	2331	8584
atlayıp	2330	8585
tutku	2330	8586
parkı	2329	8587
bıraktığın	2329	8588
çağırayım	2327	8589
diyemem	2327	8590
hugo	2327	8591
web	2327	8592
ilkel	2327	8593
bakıyordu	2326	8594
kaz	2325	8595
kurdum	2325	8596
cliff	2325	8597
amelia	2325	8598
grayson	2325	8599
götüreceğiz	2325	8600
kargaşa	2324	8601
ticari	2324	8602
evlendim	2323	8603
müydü	2323	8604
thompson	2323	8605
vurup	2323	8606
listesinde	2323	8607
çocuktan	2323	8608
yukarıdan	2323	8609
nişancı	2323	8610
fikirler	2323	8611
öpmek	2322	8612
kast	2322	8613
sosisli	2321	8614
fasulye	2321	8615
kibirli	2321	8616
ideal	2321	8617
köşe	2320	8618
yaygın	2320	8619
denedik	2320	8620
madalya	2320	8621
duygusu	2320	8622
yıldızları	2320	8623
foster	2319	8624
jessie	2319	8625
çektiği	2319	8626
müşteriler	2319	8627
yaşlarında	2318	8628
erin	2318	8629
öl	2317	8630
sözleşme	2316	8631
güvenebilirsin	2316	8632
terslik	2315	8633
öldürmedi	2315	8634
kapatma	2313	8635
dokunmak	2313	8636
sakız	2313	8637
kısmında	2313	8638
çıkacağını	2313	8639
koridorun	2312	8640
sığır	2312	8641
güvenliğini	2312	8642
hastings	2312	8643
soluk	2312	8644
binası	2312	8645
daim	2312	8646
çağırdın	2312	8647
detaylı	2312	8648
kilidi	2311	8649
değerinde	2311	8650
olmadın	2311	8651
geceydi	2310	8652
gidersem	2310	8653
böyleydi	2309	8654
bölgedeki	2309	8655
ülkedeki	2309	8656
sahile	2308	8657
dansçı	2308	8658
sırlarını	2308	8659
yanık	2307	8660
öldürmeden	2307	8661
yiyin	2307	8662
june	2307	8663
emirler	2307	8664
yalnızlık	2307	8665
ettiğine	2306	8666
gavin	2306	8667
aaa	2306	8668
kane	2305	8669
çocuklarımı	2305	8670
görüntüler	2304	8671
uzaya	2304	8672
yil	2304	8673
aramda	2304	8674
dediğimde	2303	8675
denerim	2303	8676
sebebim	2303	8677
kırdın	2303	8678
yarısına	2302	8679
türk	2302	8680
acemi	2302	8681
ağzıma	2302	8682
gerekiyormuş	2302	8683
elimdeki	2302	8684
bekleyemem	2302	8685
düzenleme	2301	8686
çantada	2301	8687
kilisenin	2301	8688
jet	2301	8689
kaçar	2301	8690
geçireceğim	2301	8691
kaybediyoruz	2300	8692
arizona	2300	8693
by	2299	8694
isterdin	2298	8695
halledebilirim	2298	8696
lola	2298	8697
çılgına	2298	8698
gizlilik	2298	8699
deb	2297	8700
tutuklandı	2297	8701
kalbimin	2297	8702
kesme	2297	8703
çalıştığımı	2297	8704
wally	2297	8705
içkiye	2297	8706
ettikleri	2296	8707
yiyorum	2296	8708
laurel	2296	8709
sovyet	2295	8710
başlattı	2295	8711
dersini	2295	8712
edene	2295	8713
kocasını	2293	8714
britanya	2293	8715
bariz	2292	8716
hareketleri	2292	8717
little	2290	8718
isteğim	2290	8719
öldürürler	2290	8720
kocanızın	2289	8721
söyleyeceğini	2289	8722
makarna	2289	8723
ihmal	2288	8724
çene	2288	8725
halim	2287	8726
içiyorum	2286	8727
biten	2285	8728
komutanı	2285	8729
lazer	2285	8730
arkadaşlarımı	2285	8731
cleveland	2285	8732
geçirecek	2284	8733
uyuyamıyorum	2284	8734
kolum	2284	8735
şövalye	2284	8736
yönelik	2284	8737
olamıyorum	2284	8738
yakmak	2284	8739
efsanevi	2284	8740
soda	2283	8741
karınız	2283	8742
başkanlık	2282	8743
evleri	2281	8744
görene	2281	8745
kağıtları	2281	8746
kıl	2280	8747
hoşlanmadım	2280	8748
duymuyor	2280	8749
kalmıştım	2280	8750
duvarın	2280	8751
politika	2280	8752
bulduğun	2280	8753
stevie	2279	8754
emrini	2279	8755
arabama	2279	8756
televizyonu	2279	8757
ofisimde	2279	8758
nadiren	2278	8759
gerzek	2278	8760
sözlerini	2278	8761
parmaklarını	2276	8762
yapmazsan	2276	8763
söyleyince	2276	8764
aramadın	2276	8765
sekreter	2276	8766
meşguldüm	2275	8767
dergi	2275	8768
isveç	2275	8769
ustası	2273	8770
haklarını	2273	8771
insanla	2272	8772
haliyle	2272	8773
uyudun	2271	8774
denebilir	2271	8775
tartışmaya	2271	8776
vücudunun	2270	8777
doku	2269	8778
kameraları	2269	8779
öğreneceğim	2269	8780
kaybediyor	2269	8781
baktığını	2269	8782
olacağından	2268	8783
gelebilirim	2268	8784
ediyordun	2268	8785
planlıyorsun	2267	8786
verirsem	2267	8787
chan	2267	8788
çorbası	2266	8789
yapabilirdim	2266	8790
harcıyorsun	2266	8791
bodrum	2266	8792
tanıyoruz	2264	8793
blöf	2264	8794
köpeğim	2264	8795
otobüsü	2263	8796
ilgim	2263	8797
bölgesine	2263	8798
gökyüzüne	2263	8799
haftalar	2262	8800
naziksiniz	2262	8801
eun	2262	8802
vurmaya	2262	8803
kızma	2262	8804
programa	2261	8805
mıydım	2261	8806
miymiş	2261	8807
sanma	2261	8808
geberteceğim	2261	8809
ilaçlarını	2261	8810
hayvanların	2260	8811
olasılıkla	2260	8812
testler	2259	8813
ediyorduk	2259	8814
dayanıklı	2258	8815
gittiğimi	2258	8816
data	2258	8817
zekisin	2258	8818
çocuğumuz	2256	8819
kutunun	2256	8820
almadı	2255	8821
yükseliyor	2255	8822
desene	2255	8823
hokey	2255	8824
söylediklerine	2255	8825
kıskanç	2255	8826
olamayız	2254	8827
zorundalar	2254	8828
olamayacak	2254	8829
schmidt	2253	8830
aracılığıyla	2252	8831
yönetimi	2252	8832
katılacak	2252	8833
düşünürüm	2251	8834
atladı	2251	8835
zorunlu	2250	8836
saklanıyor	2250	8837
kaptanı	2250	8838
yüzyıl	2249	8839
cevapları	2249	8840
nine	2249	8841
aşka	2249	8842
sonucunda	2249	8843
broadway	2248	8844
büyükelçi	2248	8845
ablam	2248	8846
konsey	2248	8847
olasılığı	2248	8848
karısına	2248	8849
rolünü	2248	8850
aldığında	2246	8851
brody	2246	8852
aksini	2244	8853
defolup	2243	8854
ayrılıyorum	2243	8855
şeymiş	2243	8856
istemişimdir	2243	8857
düşüncelerini	2243	8858
birbirimizden	2243	8859
istek	2243	8860
iris	2242	8861
gürültülü	2242	8862
görkemli	2242	8863
imzala	2242	8864
sopa	2241	8865
arnold	2241	8866
yaptıysa	2241	8867
pantolonunu	2241	8868
arkadaşımdı	2241	8869
eldiven	2241	8870
mektupları	2240	8871
verecekler	2240	8872
laboratuvar	2239	8873
içerim	2239	8874
dediğiniz	2239	8875
karıştırma	2239	8876
söylenemez	2239	8877
açıyorum	2238	8878
bruno	2238	8879
seyirci	2238	8880
çıldırmış	2238	8881
ayık	2238	8882
almıyorum	2238	8883
gözetleme	2237	8884
ayında	2237	8885
kelebek	2237	8886
geliriz	2236	8887
bildiklerini	2236	8888
kansas	2236	8889
davrandın	2236	8890
yapmıştık	2236	8891
yardim	2236	8892
kişileri	2235	8893
ninja	2235	8894
sunmak	2235	8895
yapıyorduk	2235	8896
habersiz	2235	8897
jon	2234	8898
şarkıcı	2234	8899
tilki	2234	8900
geçeceğiz	2234	8901
seçmek	2233	8902
savaşmaya	2233	8903
naziksin	2232	8904
kaplumbağa	2232	8905
ucundan	2231	8906
geliyorsunuz	2230	8907
kurtaran	2230	8908
stephanie	2230	8909
yazısı	2229	8910
harikaydın	2229	8911
verirse	2229	8912
yapabileceği	2229	8913
oyuncular	2229	8914
nasıldır	2229	8915
edilmek	2228	8916
kattaki	2228	8917
çalışalım	2227	8918
utangaç	2227	8919
değişecek	2227	8920
açlık	2227	8921
acelem	2226	8922
etmiyoruz	2226	8923
with	2226	8924
saul	2225	8925
mazeret	2225	8926
şifreyi	2225	8927
murray	2224	8928
kömür	2224	8929
ışığında	2224	8930
pozisyon	2224	8931
getirdiler	2224	8932
gösterdin	2223	8933
olmalıdır	2223	8934
havaalanı	2222	8935
öğreneceğiz	2222	8936
kültür	2221	8937
suikast	2221	8938
yaptığında	2221	8939
yarasa	2220	8940
sırları	2220	8941
ilgilenir	2220	8942
donnie	2219	8943
haberiniz	2219	8944
oynuyoruz	2219	8945
haydut	2219	8946
gözyaşı	2219	8947
planlıyor	2219	8948
dakikadan	2219	8949
öğreneceksin	2219	8950
melekler	2218	8951
sayısız	2218	8952
kaos	2218	8953
telgraf	2218	8954
kaldıralım	2216	8955
gerçeğe	2216	8956
suçlamıyorum	2216	8957
tecavüze	2215	8958
böldüğüm	2215	8959
yerimiz	2215	8960
ejder	2214	8961
bahsetmedi	2214	8962
ardına	2214	8963
yazarım	2214	8964
sinsi	2214	8965
olmayacaktı	2213	8966
takılıp	2213	8967
inanılmazdı	2213	8968
cinayetle	2212	8969
cehennemin	2212	8970
yöneticisi	2212	8971
yoluma	2212	8972
balina	2212	8973
yolundan	2212	8974
işliyor	2212	8975
belgeler	2212	8976
tanya	2212	8977
gücünün	2211	8978
dinlemiyor	2210	8979
getirdiniz	2210	8980
köye	2210	8981
dengesiz	2210	8982
gıda	2209	8983
yazarı	2209	8984
ella	2209	8985
boşaltın	2208	8986
halledeceğiz	2208	8987
kalırsam	2207	8988
gönderdin	2207	8989
mahalle	2206	8990
fabrika	2206	8991
hatalar	2206	8992
reggie	2206	8993
fırsatım	2205	8994
zamandı	2205	8995
soracak	2205	8996
oynadı	2204	8997
geçirdiğini	2203	8998
acıtıyor	2203	8999
hazretleri	2203	9000
partinin	2202	9001
unutun	2202	9002
farketmez	2202	9003
çalışıyordun	2202	9004
kin	2202	9005
gray	2202	9006
kabalık	2201	9007
kung	2201	9008
battaniye	2201	9009
ağ	2200	9010
bakışı	2200	9011
beckett	2200	9012
yaklaşan	2199	9013
kalmıştık	2199	9014
numaramı	2199	9015
wells	2198	9016
göbek	2198	9017
sattı	2198	9018
silver	2198	9019
toplamaya	2198	9020
this	2198	9021
basına	2197	9022
görülen	2197	9023
geciktin	2195	9024
masasında	2195	9025
oynadın	2195	9026
güzelliği	2195	9027
amir	2195	9028
yapı	2194	9029
öde	2194	9030
belle	2194	9031
alırsan	2193	9032
çocuklarımız	2193	9033
öldürülen	2193	9034
kadındı	2193	9035
kurbanlar	2192	9036
dövüşmek	2191	9037
uyandığımda	2190	9038
koltukta	2190	9039
annemden	2190	9040
harap	2190	9041
meksikalı	2190	9042
iyiliğin	2190	9043
girmem	2190	9044
videoyu	2190	9045
ismimi	2190	9046
şarkıları	2189	9047
ifadesi	2189	9048
çevirdi	2189	9049
tarafın	2189	9050
tanıştırmak	2189	9051
başlayınca	2188	9052
ila	2188	9053
gittiğimiz	2188	9054
basitçe	2188	9055
bang	2188	9056
dönmeyi	2188	9057
bulundum	2188	9058
izledin	2187	9059
deliye	2186	9060
gireceğiz	2186	9061
dijital	2186	9062
gibiydim	2186	9063
mahvetmek	2186	9064
isteyerek	2186	9065
tepeden	2185	9066
f	2185	9067
ilerleyin	2185	9068
çayı	2184	9069
yahudiler	2184	9070
seveceğim	2184	9071
pedro	2184	9072
anlayacak	2184	9073
endişelenmene	2184	9074
açtın	2183	9075
oturabilir	2183	9076
claudia	2183	9077
süreci	2182	9078
balon	2182	9079
latin	2181	9080
korktuğunu	2181	9081
konuşmalısın	2180	9082
zevkle	2180	9083
raporunu	2179	9084
görmeni	2179	9085
şurası	2178	9086
durduk	2178	9087
dokundu	2178	9088
temize	2177	9089
kaçıran	2177	9090
olmasaydın	2176	9091
görürüz	2176	9092
hücum	2175	9093
kullanacak	2175	9094
söyledik	2175	9095
bond	2174	9096
pasifik	2174	9097
ruhumu	2174	9098
çıkmamız	2174	9099
isteyip	2173	9100
konuşmadan	2173	9101
dediklerimi	2173	9102
efendisi	2173	9103
ebeveyn	2173	9104
yeteneğin	2173	9105
peyton	2172	9106
ailenle	2171	9107
avı	2171	9108
iran	2171	9109
miss	2170	9110
tümüyle	2170	9111
rodney	2170	9112
olasıca	2170	9113
öldürüldüğünü	2169	9114
götürüyorsun	2169	9115
cm	2168	9116
yatma	2168	9117
cheryl	2168	9118
üzerimize	2168	9119
sahibiz	2168	9120
duymamıştım	2168	9121
yaraları	2167	9122
girmeyi	2167	9123
köşesinde	2167	9124
işıkları	2167	9125
korkacak	2167	9126
muhabir	2165	9127
leziz	2165	9128
kendisinden	2165	9129
fikirdi	2164	9130
dağınık	2164	9131
soyadı	2164	9132
sandalyeye	2163	9133
görmeliyim	2163	9134
protesto	2163	9135
phillip	2163	9136
dükkana	2163	9137
çalışman	2162	9138
uçmak	2162	9139
biliyormuş	2162	9140
yaptığından	2161	9141
gökyüzünde	2161	9142
gitmiştir	2161	9143
kolumu	2161	9144
wes	2160	9145
ash	2160	9146
listesine	2160	9147
gördüğüne	2159	9148
anahtarlarını	2159	9149
sorumluluğunu	2159	9150
laurie	2158	9151
striptiz	2158	9152
olmanızı	2158	9153
konuşmamı	2158	9154
düşürdü	2157	9155
isteyebilir	2157	9156
parçayı	2157	9157
halletmek	2157	9158
şirkete	2157	9159
üzüm	2156	9160
hissetmeye	2155	9161
çıkarıyorum	2155	9162
kazık	2155	9163
kullanabilirsin	2155	9164
bilmediğini	2154	9165
biriymiş	2154	9166
atılgan	2154	9167
kolye	2154	9168
se	2154	9169
bebeğimi	2153	9170
köyde	2153	9171
tablo	2152	9172
düşündünüz	2152	9173
istemediğim	2152	9174
kaynakları	2151	9175
nerelisin	2151	9176
bulursan	2151	9177
başkanım	2151	9178
resimlerini	2151	9179
deriz	2150	9180
istermisin	2150	9181
istediğimizi	2150	9182
val	2149	9183
kalmasına	2149	9184
hakkınızda	2148	9185
eleanor	2148	9186
limon	2148	9187
yakıp	2148	9188
söylediğiniz	2147	9189
vaat	2147	9190
koşu	2146	9191
baron	2146	9192
tutuklusun	2145	9193
bilmediğimi	2145	9194
salonda	2145	9195
gidemeyiz	2145	9196
yarattığı	2145	9197
şarkısını	2145	9198
edildim	2145	9199
içindeyim	2144	9200
sorgulama	2144	9201
harcamak	2144	9202
marvin	2144	9203
dakikadır	2144	9204
gerilim	2144	9205
dönmeliyiz	2143	9206
inanırım	2143	9207
takıldı	2143	9208
erkeğim	2142	9209
cümle	2142	9210
bişeyler	2142	9211
kimde	2142	9212
hatamdı	2142	9213
girerken	2142	9214
bilgim	2142	9215
sophia	2142	9216
uyuyamadım	2142	9217
hevesli	2141	9218
geçirip	2141	9219
wu	2141	9220
karma	2141	9221
itfaiye	2141	9222
ingilizler	2140	9223
açıklayayım	2140	9224
glenn	2140	9225
pahalıya	2140	9226
sürmeyecek	2139	9227
kopyası	2139	9228
yapmıştır	2139	9229
üzereydi	2138	9230
disiplin	2138	9231
yaralar	2138	9232
bulmalısın	2138	9233
sidney	2137	9234
gruba	2135	9235
etmenizi	2135	9236
seveceksin	2134	9237
sırayla	2133	9238
turu	2133	9239
shirley	2133	9240
haftalardır	2133	9241
eşyalar	2133	9242
sahneyi	2132	9243
karına	2132	9244
olanın	2132	9245
baktık	2132	9246
tutmayı	2132	9247
bölgenin	2132	9248
restoranda	2131	9249
denemelisin	2131	9250
olsaydık	2131	9251
istediğinden	2131	9252
sevinirim	2131	9253
yardımıyla	2131	9254
shakespeare	2130	9255
olabilmek	2130	9256
değiştirmez	2130	9257
bilmediği	2130	9258
kaçacak	2129	9259
köpekbalığı	2129	9260
island	2128	9261
bizimki	2128	9262
duyarlı	2128	9263
programına	2128	9264
gözükmüyor	2128	9265
kullanacağız	2128	9266
emirdir	2127	9267
çalışmaktan	2127	9268
dursun	2127	9269
tutabilir	2127	9270
kalacağını	2126	9271
yim	2126	9272
bilmenizi	2126	9273
bulursak	2125	9274
amatör	2125	9275
toplanın	2125	9276
düştün	2125	9277
müvekkilim	2124	9278
katıldı	2124	9279
reddedildi	2124	9280
anlatma	2124	9281
yaşayacağım	2123	9282
bırakacaksın	2123	9283
alışık	2123	9284
kravat	2123	9285
olasılık	2123	9286
sunuyorum	2122	9287
eziyet	2122	9288
işlemi	2122	9289
organ	2121	9290
sistemin	2121	9291
austin	2120	9292
kurnaz	2120	9293
klinik	2120	9294
gitmeli	2120	9295
sıkıyor	2120	9296
düşeni	2120	9297
günlerden	2120	9298
duyduğun	2120	9299
anlaşılıyor	2119	9300
öleceğini	2119	9301
programın	2119	9302
kutuda	2119	9303
kayak	2119	9304
olabiliyorsun	2119	9305
görürüm	2119	9306
şirketinin	2119	9307
hayaletler	2119	9308
bilge	2118	9309
gömülü	2118	9310
vücudunda	2118	9311
yanlışlık	2118	9312
almanın	2118	9313
kaldılar	2118	9314
ediyormuş	2118	9315
hizmeti	2117	9316
önlemek	2117	9317
marc	2117	9318
kırdım	2117	9319
vaz	2116	9320
canavarlar	2116	9321
aldıktan	2115	9322
süreç	2115	9323
sisteme	2115	9324
gönderildi	2115	9325
mahsuru	2114	9326
kanaması	2114	9327
düşünmeni	2114	9328
gönderdiler	2113	9329
bağlantıları	2113	9330
bez	2112	9331
maddi	2111	9332
tarafsız	2111	9333
isabel	2111	9334
yerdeki	2111	9335
yaptıkların	2110	9336
kutup	2110	9337
döneriz	2110	9338
ohio	2109	9339
karaya	2109	9340
ilişkim	2109	9341
emlak	2109	9342
ruhları	2108	9343
gidersek	2107	9344
söyleyebileceğim	2107	9345
çıkarız	2107	9346
gerçeklik	2106	9347
onla	2106	9348
düzene	2106	9349
toplantıda	2105	9350
hiçkimse	2104	9351
aşama	2104	9352
vakası	2104	9353
verimli	2104	9354
tir	2103	9355
vicdan	2103	9356
olurduk	2103	9357
şoförü	2103	9358
arabasının	2102	9359
yüzeye	2101	9360
oynadım	2101	9361
işimin	2101	9362
odur	2100	9363
arkadaşlarınla	2100	9364
ahlaksız	2099	9365
sular	2099	9366
bulaşmış	2099	9367
kumanda	2098	9368
karakola	2098	9369
performans	2098	9370
masayı	2098	9371
ooo	2098	9372
arkasını	2097	9373
yudum	2097	9374
gideceğimi	2097	9375
gelmemiş	2096	9376
deliğe	2096	9377
hüzünlü	2096	9378
inceledim	2096	9379
ilişkiyi	2096	9380
büro	2096	9381
yangını	2095	9382
kulesi	2095	9383
yıla	2095	9384
luis	2095	9385
korkutuyorsun	2095	9386
çevirmek	2095	9387
söylentiler	2094	9388
sorgu	2094	9389
olduğumuza	2094	9390
almasına	2093	9391
denli	2093	9392
camı	2093	9393
yemini	2093	9394
suçlular	2092	9395
yıllarda	2092	9396
calvin	2091	9397
anladığını	2091	9398
hayatımdan	2091	9399
tişört	2091	9400
yapacaktım	2091	9401
paramızı	2091	9402
harikulade	2091	9403
lin	2091	9404
çapraz	2090	9405
güçler	2090	9406
etmemiş	2090	9407
dal	2090	9408
hayatımdaki	2088	9409
leş	2088	9410
taç	2088	9411
aids	2087	9412
çalıştığımız	2087	9413
köylü	2086	9414
gabe	2086	9415
otto	2086	9416
birileriyle	2086	9417
düşünmen	2086	9418
süreli	2085	9419
mercedes	2085	9420
ilgilendirmiyor	2085	9421
satılık	2085	9422
eşini	2084	9423
seviyordu	2084	9424
dairesinde	2084	9425
sadakat	2084	9426
denizi	2084	9427
değiştiren	2083	9428
festivali	2083	9429
tekiydi	2083	9430
geçiyordum	2083	9431
ti	2083	9432
doğuya	2082	9433
kazasında	2082	9434
çıkarıyorsun	2081	9435
şafak	2081	9436
spock	2081	9437
göçmen	2080	9438
kitapta	2080	9439
denizin	2080	9440
zihin	2080	9441
gibisi	2079	9442
sığınak	2079	9443
birgün	2079	9444
işıklar	2079	9445
hayranı	2079	9446
kısmen	2078	9447
clarke	2078	9448
zevkli	2078	9449
değişimi	2077	9450
sarayı	2077	9451
vuruyor	2077	9452
varlığı	2077	9453
summer	2077	9454
yapmayacaksın	2077	9455
düşünmeyi	2077	9456
kalırsan	2076	9457
durmuyor	2076	9458
ülkeden	2076	9459
bedenini	2076	9460
içimdeki	2076	9461
çıkardık	2075	9462
kare	2075	9463
kısmına	2075	9464
tanı	2075	9465
lere	2075	9466
belirgin	2075	9467
köstebek	2074	9468
bittikten	2074	9469
kaybedersin	2074	9470
tarama	2074	9471
öncelikli	2074	9472
ateşle	2074	9473
tutuklu	2074	9474
del	2074	9475
kafatası	2073	9476
kilitle	2073	9477
geçebilir	2073	9478
hediyeler	2073	9479
pakistan	2073	9480
aradığı	2071	9481
kanıyor	2071	9482
davranmayı	2071	9483
uğraştım	2071	9484
alışkanlık	2071	9485
kokuyu	2070	9486
lynn	2070	9487
götürmeye	2070	9488
emindim	2070	9489
aynaya	2070	9490
brady	2070	9491
konuşmuyorsun	2070	9492
yaşadın	2069	9493
neşe	2069	9494
hatırlamaya	2069	9495
binadan	2069	9496
tuzlu	2068	9497
toplumun	2068	9498
khan	2068	9499
çıkartmak	2068	9500
olmuyorsun	2068	9501
olmamın	2067	9502
sıran	2066	9503
gelmiyorum	2066	9504
modeli	2066	9505
hastasın	2066	9506
bitirdi	2066	9507
hastayı	2066	9508
göremezsin	2065	9509
azgın	2065	9510
sandık	2065	9511
kukla	2064	9512
olmasaydım	2064	9513
bıçakla	2064	9514
beceriksiz	2064	9515
çıkartın	2064	9516
bacakları	2063	9517
herşeyden	2063	9518
çalmayı	2063	9519
argo	2063	9520
hoşlanır	2063	9521
silahımı	2062	9522
kala	2062	9523
vermemiz	2062	9524
alamayız	2062	9525
ellis	2062	9526
haç	2062	9527
ettiklerini	2062	9528
çalışıyorduk	2061	9529
moral	2060	9530
alacaklar	2059	9531
domates	2059	9532
gençsin	2059	9533
konuşabilirsin	2059	9534
sperm	2059	9535
roll	2059	9536
time	2058	9537
tanışmış	2058	9538
yüzünün	2058	9539
alkış	2058	9540
turuncu	2058	9541
çekmiyor	2057	9542
geçireceğiz	2057	9543
atlantis	2057	9544
değiştirebilir	2057	9545
fisher	2057	9546
evliyim	2057	9547
suyunu	2057	9548
aradık	2056	9549
kullanırım	2056	9550
cynthia	2056	9551
kestim	2056	9552
yaparsanız	2055	9553
plak	2055	9554
kuzu	2055	9555
açılmış	2054	9556
değişmedi	2054	9557
partisinde	2054	9558
yazdığını	2054	9559
bakabilirim	2053	9560
kazanma	2053	9561
bıraktığım	2053	9562
şişeyi	2053	9563
günlerini	2053	9564
katılıyor	2053	9565
karşın	2052	9566
oyundan	2052	9567
verirken	2052	9568
gemiden	2052	9569
buluşacağım	2052	9570
yapmazdım	2052	9571
hayırlı	2052	9572
mantık	2051	9573
grip	2051	9574
south	2051	9575
bum	2051	9576
bizimkiler	2051	9577
dayım	2050	9578
parasız	2050	9579
mutluluğu	2050	9580
geçirmez	2050	9581
kutuya	2050	9582
dururken	2050	9583
bebekleri	2049	9584
anlatıyorsun	2049	9585
alıntı	2049	9586
alırsınız	2049	9587
mektuplar	2048	9588
izleyen	2048	9589
babanızın	2048	9590
değiştiriyor	2047	9591
verdiğimi	2047	9592
tekiyim	2047	9593
antika	2046	9594
dramatik	2046	9595
singh	2045	9596
pop	2044	9597
kimya	2044	9598
hazırlanıyor	2044	9599
sung	2044	9600
sonun	2044	9601
yaralanmış	2044	9602
üretim	2043	9603
bush	2043	9604
çalışmaları	2043	9605
muhteşemdi	2043	9606
arkamı	2043	9607
öldüreceğini	2043	9608
giyiyorsun	2042	9609
kalacaksınız	2042	9610
yazmayı	2042	9611
kullanmam	2042	9612
harikalar	2041	9613
güvenini	2041	9614
ucuna	2041	9615
özlüyor	2041	9616
anlarsınız	2041	9617
yollardan	2041	9618
teorisi	2041	9619
giysi	2041	9620
dokunmayın	2041	9621
istasyon	2041	9622
alışılmadık	2040	9623
yapsam	2040	9624
central	2040	9625
aramadı	2040	9626
havadan	2040	9627
belgesi	2039	9628
hatayı	2039	9629
yemem	2039	9630
bastı	2038	9631
sorarım	2038	9632
shepherd	2038	9633
ilet	2038	9634
zorladı	2038	9635
pişmiş	2038	9636
bulayım	2038	9637
verdikleri	2038	9638
adamlarından	2038	9639
karısıyla	2037	9640
çölde	2037	9641
süpermen	2037	9642
hastam	2037	9643
etmekte	2037	9644
demiştiniz	2037	9645
vermekten	2037	9646
trende	2036	9647
tarihin	2036	9648
ikisine	2036	9649
birleşmiş	2035	9650
cihaz	2035	9651
gözlerime	2035	9652
başlayabiliriz	2035	9653
yetkililer	2035	9654
sterlin	2034	9655
yattı	2034	9656
etkileri	2034	9657
kalanları	2034	9658
ward	2034	9659
bağırma	2033	9660
jared	2033	9661
becca	2033	9662
cat	2033	9663
karakteri	2032	9664
damar	2032	9665
soran	2031	9666
kapatır	2031	9667
ağaçların	2031	9668
etkiliyor	2031	9669
çekelim	2031	9670
oral	2031	9671
kalamaz	2031	9672
takmış	2031	9673
kararları	2030	9674
hazırlamak	2029	9675
regina	2029	9676
edemezsiniz	2029	9677
joshua	2028	9678
ilgilenecek	2028	9679
sakladım	2028	9680
bam	2028	9681
karnım	2028	9682
düşünürsün	2028	9683
parka	2028	9684
kafasının	2027	9685
irtibata	2026	9686
sıska	2026	9687
geçiren	2026	9688
seviyorlar	2026	9689
derisi	2025	9690
kolaydır	2025	9691
acıdı	2025	9692
enjekte	2025	9693
odanda	2025	9694
ölçüde	2025	9695
kızımla	2024	9696
adamlarının	2024	9697
devletin	2023	9698
aşkını	2023	9699
apaçık	2023	9700
kaçtığını	2023	9701
hudson	2023	9702
çıkaracağız	2022	9703
böcekler	2022	9704
yersin	2022	9705
müsade	2022	9706
uçuyor	2022	9707
sa	2021	9708
çıkardınız	2021	9709
yenisini	2021	9710
tozu	2020	9711
çürük	2020	9712
ortağın	2020	9713
sigortası	2020	9714
bilmeniz	2020	9715
bayanın	2020	9716
barmen	2019	9717
sebebiyle	2019	9718
grand	2019	9719
casusluk	2019	9720
lafını	2019	9721
hastayım	2019	9722
yakıyor	2019	9723
binip	2019	9724
kavgaya	2018	9725
ekibini	2018	9726
arayalım	2018	9727
ilgilendirir	2018	9728
cinayetler	2017	9729
dedem	2017	9730
toprağı	2017	9731
tüh	2017	9732
yelken	2017	9733
ikinizde	2017	9734
valerie	2016	9735
gidene	2016	9736
önündeki	2016	9737
çak	2015	9738
uzaylılar	2015	9739
öpücüğü	2014	9740
kimseden	2014	9741
agnes	2014	9742
caddenin	2014	9743
ceketini	2014	9744
tümör	2013	9745
kullanılır	2013	9746
ormanı	2013	9747
yapmamış	2013	9748
muhtaç	2013	9749
tanıdığı	2013	9750
yönü	2012	9751
beklediğini	2012	9752
hakkınız	2012	9753
am	2011	9754
dağın	2011	9755
birbirleriyle	2011	9756
ayni	2011	9757
taburcu	2011	9758
çekebilir	2010	9759
ağı	2010	9760
öldürdünüz	2010	9761
kasayı	2010	9762
zamanların	2010	9763
taşınmak	2009	9764
beraberiz	2009	9765
değişikliği	2009	9766
askere	2009	9767
ad	2009	9768
özledin	2008	9769
kanepede	2008	9770
görüşebilir	2008	9771
sanmıyordum	2008	9772
okur	2008	9773
derinden	2008	9774
bacağı	2008	9775
ettiğinizi	2008	9776
fidye	2007	9777
tost	2007	9778
davranışları	2007	9779
değişiklikler	2007	9780
alırsak	2006	9781
cyrus	2006	9782
yenmek	2006	9783
olmamızı	2006	9784
poz	2006	9785
gönderdiği	2006	9786
haklıymış	2005	9787
büyüsü	2005	9788
geçenlerde	2005	9789
yaşandı	2004	9790
çatıya	2004	9791
inmek	2004	9792
konudan	2003	9793
nakli	2003	9794
ötesi	2003	9795
gideceksiniz	2003	9796
litre	2002	9797
nü	2002	9798
anlık	2002	9799
halleder	2002	9800
birimler	2002	9801
kalırız	2001	9802
yarından	2000	9803
bekliyorduk	2000	9804
balıklar	2000	9805
sirk	2000	9806
söyleyene	1999	9807
mahrum	1999	9808
karşımda	1999	9809
olacakmış	1999	9810
çalışanlar	1999	9811
ordunun	1998	9812
albüm	1998	9813
kaçıyorsun	1998	9814
avukatın	1998	9815
ajanlar	1998	9816
tatili	1998	9817
ayrılıp	1998	9818
dergisi	1997	9819
liseden	1997	9820
trajedi	1997	9821
sulu	1997	9822
varmak	1996	9823
yoga	1996	9824
öldürücü	1996	9825
uzmanlık	1996	9826
gözaltına	1995	9827
kütüphane	1995	9828
dakikamız	1995	9829
bebeğimiz	1995	9830
suçları	1994	9831
hadisene	1994	9832
dönüyorsun	1994	9833
duruyorlar	1994	9834
giyip	1994	9835
kathy	1993	9836
ceo	1993	9837
bırakamayız	1993	9838
yıldızların	1993	9839
çantasını	1992	9840
küstah	1992	9841
değişen	1992	9842
kazanacağım	1991	9843
hayaller	1991	9844
yaşayıp	1991	9845
toplar	1991	9846
öldürmesi	1990	9847
hatırlatmak	1990	9848
konuşarak	1989	9849
değiş	1989	9850
değilmi	1989	9851
jedi	1988	9852
kurbanların	1988	9853
açıklayabilir	1987	9854
onlarca	1987	9855
sivri	1987	9856
halkının	1987	9857
kediler	1987	9858
kemikleri	1986	9859
şundan	1986	9860
sadede	1986	9861
olanlarla	1986	9862
olurken	1986	9863
jasper	1985	9864
torbası	1985	9865
yapım	1985	9866
getirebilirim	1985	9867
satıcı	1985	9868
uyandı	1984	9869
neyiniz	1984	9870
cesaretin	1984	9871
bazılarının	1984	9872
uçtu	1983	9873
stevens	1983	9874
kulüpte	1983	9875
başlarda	1983	9876
üstümü	1982	9877
ettirmek	1982	9878
yardımınıza	1982	9879
yiyecekler	1981	9880
shelby	1981	9881
hasarı	1980	9882
woody	1980	9883
vücuduna	1979	9884
claude	1979	9885
seul	1979	9886
burns	1978	9887
duvarlar	1978	9888
hazırlar	1978	9889
rich	1978	9890
ayrıntıları	1978	9891
liman	1978	9892
dışişleri	1978	9893
yastık	1977	9894
deprem	1977	9895
şeklini	1977	9896
mastürbasyon	1977	9897
shelly	1977	9898
yaşıyorsunuz	1977	9899
ailemiz	1977	9900
götürmeliyiz	1976	9901
puşt	1976	9902
çıkacaksın	1976	9903
ispat	1976	9904
ironik	1976	9905
etmişsin	1975	9906
istemediği	1975	9907
davetsiz	1974	9908
alabilmek	1974	9909
irlandalı	1974	9910
christina	1974	9911
gözlerimle	1974	9912
evlen	1974	9913
sensei	1974	9914
olmalıydın	1973	9915
yinede	1973	9916
yengeç	1973	9917
mahsur	1973	9918
kısacası	1972	9919
tamamiyle	1972	9920
ölüp	1972	9921
zararlı	1972	9922
kendinle	1972	9923
ağlıyorsun	1971	9924
samuray	1971	9925
dokun	1971	9926
öldüğünden	1970	9927
elinizi	1970	9928
uymuyor	1970	9929
hoşunuza	1970	9930
alsam	1969	9931
getireceğiz	1969	9932
iznim	1969	9933
ikimize	1969	9934
dosyasını	1968	9935
ucuza	1968	9936
gözlük	1968	9937
yaptırdım	1968	9938
yolumuz	1968	9939
vermiyorlar	1968	9940
kurallarını	1967	9941
geçeceğim	1967	9942
eşinin	1967	9943
evleneceğim	1967	9944
queen	1967	9945
dairesine	1967	9946
çıkarsın	1967	9947
korktu	1967	9948
ilerle	1967	9949
karşında	1966	9950
verene	1966	9951
çalıştılar	1966	9952
yarıya	1966	9953
adaleti	1966	9954
atılmış	1965	9955
çekmeyi	1965	9956
neredesiniz	1965	9957
bilemeyiz	1965	9958
komşular	1965	9959
şekeri	1965	9960
ölümünün	1965	9961
inandım	1964	9962
kuyruk	1964	9963
güvenmiyor	1963	9964
konuşuyordu	1963	9965
düşünebiliyor	1963	9966
boynuna	1963	9967
bıraktık	1962	9968
aranıyor	1962	9969
dante	1962	9970
aramasını	1962	9971
wong	1962	9972
çalındı	1962	9973
beladan	1962	9974
sahiptir	1961	9975
sofia	1961	9976
edebilmek	1960	9977
istiyorsak	1960	9978
silahlarını	1959	9979
ötesine	1959	9980
bırakan	1958	9981
evimin	1958	9982
patlaması	1958	9983
ağzımdan	1958	9984
girsin	1958	9985
kuşları	1958	9986
anlaman	1958	9987
stewart	1957	9988
korkmuyor	1957	9989
kokuşmuş	1956	9990
teması	1956	9991
yetkisi	1956	9992
bilsem	1955	9993
sabır	1955	9994
televizyona	1955	9995
seyir	1955	9996
moruk	1955	9997
bilmiyorduk	1954	9998
böbrek	1954	9999
anlatabilir	1954	10000
keseceğim	1953	10001
donovan	1953	10002
suçundan	1952	10003
geçmesini	1952	10004
çantanı	1952	10005
teyzem	1952	10006
edince	1951	10007
parfüm	1951	10008
deneyeyim	1951	10009
bezi	1951	10010
amcık	1950	10011
bozmak	1950	10012
girmesi	1949	10013
anlaşılma	1949	10014
dimi	1949	10015
anton	1949	10016
başlıyorsun	1949	10017
bahsettiğimi	1948	10018
nehre	1948	10019
etkiledi	1948	10020
acıklı	1948	10021
şekerleme	1948	10022
düşünceli	1948	10023
odasının	1948	10024
buluşacağız	1948	10025
sendromu	1947	10026
beklemeye	1947	10027
çocuğumu	1947	10028
bittiği	1947	10029
konuşuyorlar	1946	10030
söylemeyecek	1946	10031
phoenix	1946	10032
paçayı	1946	10033
damat	1945	10034
marş	1945	10035
istemiyordu	1945	10036
ısı	1945	10037
piçler	1944	10038
sat	1944	10039
iskoçya	1944	10040
ağzında	1944	10041
kurtaracağım	1944	10042
emrediyorum	1943	10043
anlatan	1943	10044
tüp	1943	10045
hapları	1943	10046
evliliğin	1943	10047
konusundaki	1942	10048
hamilton	1942	10049
larda	1942	10050
fevkalade	1942	10051
unutuyordum	1942	10052
taraflı	1940	10053
eugene	1940	10054
listeyi	1940	10055
karides	1939	10056
kararın	1939	10057
ernie	1938	10058
aradınız	1937	10059
açıklamaya	1937	10060
olayına	1937	10061
mesajınızı	1937	10062
taşıma	1937	10063
geçmez	1936	10064
dindar	1936	10065
saçın	1935	10066
rico	1935	10067
saldıran	1935	10068
dosyalar	1935	10069
nolu	1935	10070
takar	1935	10071
marcel	1935	10072
numaralar	1934	10073
savunmak	1934	10074
söylediklerin	1934	10075
tekneyi	1934	10076
görüşüyorum	1933	10077
tahminimce	1933	10078
elinizden	1933	10079
alıyordu	1933	10080
yakalayıp	1932	10081
diyet	1932	10082
patlar	1932	10083
söyleyemez	1932	10084
kramer	1932	10085
kardinal	1931	10086
ölünce	1931	10087
mahallede	1930	10088
gönderirim	1930	10089
zorundaydı	1930	10090
üzerini	1930	10091
yazma	1929	10092
gelerek	1929	10093
çarpmış	1929	10094
listeye	1929	10095
isteyeceğini	1929	10096
barın	1929	10097
sisteminin	1928	10098
kırıp	1928	10099
hastalar	1928	10100
balıkçı	1928	10101
çıkarabilir	1928	10102
biliyorlardı	1927	10103
köprüsü	1927	10104
kullanıyordu	1927	10105
cesurca	1926	10106
huzursuz	1926	10107
benimde	1925	10108
tepeye	1925	10109
seti	1925	10110
bahsi	1925	10111
sanatı	1924	10112
fırsatını	1924	10113
tutsak	1924	10114
durumdasın	1924	10115
şurayı	1924	10116
şikayetçi	1924	10117
yaptıklarının	1923	10118
halı	1923	10119
karşıtı	1923	10120
koşarak	1923	10121
hemde	1922	10122
euro	1922	10123
paranoyak	1922	10124
uyandığında	1922	10125
suçsuz	1922	10126
karanlığın	1922	10127
yatmış	1921	10128
reagan	1921	10129
görmedik	1921	10130
ödüyorum	1921	10131
bağımlısı	1920	10132
gittiğine	1920	10133
kenneth	1920	10134
cesetler	1920	10135
hırsızı	1920	10136
kalesi	1920	10137
takımının	1920	10138
tesadüfen	1919	10139
davasında	1919	10140
ayrıldıktan	1919	10141
konuşmaktan	1918	10142
yılını	1918	10143
aitti	1918	10144
doc	1918	10145
saatliğine	1918	10146
harbi	1917	10147
buralardan	1917	10148
düzelt	1917	10149
bırakmayı	1916	10150
göstergesi	1916	10151
bayıldı	1915	10152
imparatorluğu	1915	10153
izliyordum	1914	10154
okuyacağım	1914	10155
aram	1914	10156
dünyasına	1914	10157
fayda	1913	10158
bandı	1913	10159
farklıdır	1913	10160
amacın	1913	10161
inde	1912	10162
kurtuluş	1912	10163
potter	1912	10164
kaynağını	1912	10165
drama	1912	10166
masal	1912	10167
happy	1912	10168
çağrısı	1911	10169
hastalığın	1911	10170
hayatınızı	1911	10171
şüphelinin	1911	10172
fikre	1910	10173
cüretle	1910	10174
almama	1910	10175
veriyordu	1910	10176
kaybolduğunu	1909	10177
hood	1909	10178
ettiğinden	1908	10179
düşünmedin	1908	10180
anlayışlı	1908	10181
bakıcı	1907	10182
halletmem	1907	10183
akşamdan	1907	10184
sonları	1907	10185
hills	1906	10186
koyuyor	1906	10187
olacaktım	1906	10188
havaalanında	1906	10189
beklemiyorum	1906	10190
dayı	1906	10191
istila	1906	10192
kulübüne	1905	10193
percy	1905	10194
atmayı	1905	10195
hoca	1905	10196
kayıtlar	1905	10197
adınızı	1905	10198
ayrılmadan	1904	10199
mükemmeldi	1904	10200
yaktı	1904	10201
kasabadaki	1904	10202
gregory	1904	10203
fatura	1904	10204
uld	1904	10205
çatıda	1903	10206
yazıyorsun	1903	10207
sultan	1903	10208
görüşüyor	1903	10209
rahatlatıcı	1903	10210
lake	1903	10211
callie	1903	10212
mesafede	1902	10213
kişisin	1902	10214
şaşırmış	1902	10215
yüzüm	1902	10216
rahatladım	1902	10217
babalar	1902	10218
muhafız	1902	10219
ararken	1902	10220
timmy	1902	10221
ilgilenmek	1902	10222
koruyacağım	1901	10223
karışımı	1900	10224
wang	1900	10225
mandy	1900	10226
güneşi	1900	10227
omar	1899	10228
arayabilir	1899	10229
topları	1899	10230
olmazdım	1899	10231
kokulu	1899	10232
vesaire	1899	10233
varmı	1899	10234
kalabilirim	1899	10235
keller	1898	10236
hayatımızın	1898	10237
archie	1898	10238
yollarını	1898	10239
söylemene	1898	10240
ebedi	1897	10241
çalınan	1897	10242
bulduğunda	1896	10243
ncis	1896	10244
mevzu	1895	10245
yaşımdayken	1895	10246
akan	1895	10247
willy	1895	10248
saldırın	1895	10249
aleyhine	1894	10250
yükü	1894	10251
anlayış	1893	10252
liv	1893	10253
hislerini	1893	10254
dinlenme	1892	10255
nesil	1892	10256
biliyorsan	1892	10257
giremez	1892	10258
halime	1892	10259
anormal	1891	10260
havuza	1891	10261
kurşunu	1891	10262
gösterişli	1890	10263
dikkatine	1890	10264
kardeşinle	1890	10265
nam	1890	10266
kuzeni	1890	10267
çocuğuna	1889	10268
gülme	1889	10269
kestik	1889	10270
söylenir	1889	10271
rehberlik	1889	10272
get	1888	10273
palavra	1888	10274
kasıtlı	1888	10275
seviyeye	1888	10276
dümdüz	1888	10277
ağırdan	1888	10278
alkolik	1888	10279
markete	1888	10280
alsana	1887	10281
bedavaya	1887	10282
sahipleri	1887	10283
ağlamaya	1887	10284
bileceğim	1887	10285
mutlak	1886	10286
gezisi	1886	10287
saatleri	1886	10288
irene	1886	10289
unutmadım	1886	10290
yarayacağını	1886	10291
kaderini	1886	10292
edemiyor	1886	10293
yaptırmak	1885	10294
suyla	1885	10295
hissedeceksin	1885	10296
çenenizi	1885	10297
görüntüsü	1885	10298
geçtikçe	1884	10299
taşak	1884	10300
wall	1884	10301
anın	1884	10302
öyleydim	1884	10303
halin	1884	10304
hanginiz	1883	10305
koymaya	1883	10306
ayırmak	1883	10307
gates	1883	10308
yarısında	1883	10309
karlı	1883	10310
jonah	1882	10311
giderler	1882	10312
bankada	1882	10313
duyuyorsun	1882	10314
nasılmış	1882	10315
civarda	1881	10316
alırdım	1881	10317
güya	1881	10318
kibarca	1880	10319
stu	1880	10320
kupa	1880	10321
arkamızda	1879	10322
planlarını	1878	10323
çıkmıştım	1878	10324
içeriyor	1878	10325
greene	1878	10326
karaciğer	1878	10327
inanan	1877	10328
yapısı	1876	10329
solda	1876	10330
price	1876	10331
kardeşiniz	1876	10332
kamyonet	1876	10333
gotham	1876	10334
gideon	1876	10335
tat	1876	10336
vampirler	1875	10337
köpeğe	1875	10338
nakliye	1875	10339
denny	1875	10340
oluşuyor	1875	10341
detroit	1875	10342
kaybettiğini	1875	10343
hanımım	1875	10344
niyeti	1875	10345
tetikte	1875	10346
bulamadı	1874	10347
dönüm	1874	10348
tuttuğunu	1874	10349
içerideki	1874	10350
dinozzo	1873	10351
kaybediyorum	1873	10352
aylarca	1873	10353
komitesi	1873	10354
sanık	1873	10355
unutmam	1872	10356
kuyruklu	1872	10357
hayranım	1872	10358
sevecek	1872	10359
alemde	1871	10360
gelmemişti	1870	10361
aileniz	1870	10362
garrett	1870	10363
yeteneğini	1869	10364
versen	1869	10365
aydan	1868	10366
vereceksiniz	1868	10367
hristiyan	1868	10368
yürüyüp	1868	10369
dönmen	1868	10370
attığını	1867	10371
bradley	1867	10372
rusty	1867	10373
wesley	1867	10374
çetin	1867	10375
yazdığım	1866	10376
kıpırdamayın	1866	10377
başlı	1865	10378
okulunda	1865	10379
louie	1865	10380
bahsettiği	1865	10381
etmediğini	1865	10382
odan	1864	10383
kalbimde	1864	10384
satıyorum	1864	10385
doris	1864	10386
verebiliriz	1864	10387
abe	1864	10388
görürsünüz	1864	10389
sorunların	1863	10390
yakalayacağım	1863	10391
noktaları	1863	10392
emeklilik	1863	10393
yale	1863	10394
idrar	1863	10395
mesih	1862	10396
arttı	1862	10397
yatıp	1862	10398
yukarıdaki	1862	10399
alış	1862	10400
şaşmamalı	1861	10401
anlamadığım	1861	10402
elemanı	1861	10403
istanbul	1861	10404
debra	1860	10405
dayanıyor	1860	10406
gitmeyin	1860	10407
boyle	1860	10408
yavrusu	1860	10409
duyacak	1860	10410
askerlerin	1860	10411
seviyorsan	1859	10412
önümden	1859	10413
bitireceğim	1859	10414
numaraya	1859	10415
baxter	1858	10416
balığa	1858	10417
şimşek	1858	10418
korkmayın	1858	10419
bulut	1858	10420
gösterebilirim	1858	10421
kalmamı	1857	10422
dakikanız	1857	10423
dolardan	1857	10424
lorenzo	1857	10425
getirdiğini	1857	10426
cass	1857	10427
hallediyorum	1856	10428
elbiselerini	1856	10429
verirdi	1856	10430
bayılıyor	1856	10431
roberts	1855	10432
cahil	1855	10433
kımıldayın	1855	10434
geçmeyi	1855	10435
lionel	1854	10436
nişanlım	1854	10437
attılar	1854	10438
çevirmen	1853	10439
belirtileri	1853	10440
devon	1853	10441
bırakamazsın	1853	10442
sembolü	1853	10443
kötüsün	1853	10444
ekonomi	1852	10445
saldırıyı	1852	10446
bitirdik	1852	10447
görmeliydin	1852	10448
paralarını	1851	10449
oluştu	1851	10450
kendimle	1851	10451
söylemenin	1851	10452
kolaydı	1850	10453
uydurma	1850	10454
gun	1850	10455
aramız	1849	10456
meydanı	1849	10457
pasaport	1849	10458
ırkçı	1848	10459
bulmama	1848	10460
rakam	1848	10461
konuşmalar	1848	10462
teal	1848	10463
bilemez	1847	10464
istesin	1847	10465
arkadaşa	1847	10466
giderdim	1846	10467
ilişkiniz	1846	10468
üniforma	1845	10469
yürür	1845	10470
oylama	1845	10471
çiğ	1845	10472
dönmeyeceğim	1845	10473
düştüğünü	1845	10474
girdiği	1844	10475
kaşık	1844	10476
doğmadan	1844	10477
kulağına	1843	10478
diyerek	1843	10479
konuşmanı	1842	10480
anlıyoruz	1842	10481
kilisesi	1842	10482
maskeli	1842	10483
katılmıyorum	1842	10484
ortamı	1842	10485
burnumu	1842	10486
cho	1842	10487
nezaket	1841	10488
herife	1841	10489
özgürlüğü	1841	10490
uçaktan	1841	10491
köyün	1840	10492
soğan	1840	10493
ıssız	1840	10494
mail	1840	10495
peşimde	1839	10496
meğer	1839	10497
temizleme	1839	10498
yerlerine	1839	10499
duymaya	1839	10500
araştırmak	1838	10501
midemi	1838	10502
öldüğüne	1838	10503
bizleri	1838	10504
vuracağım	1838	10505
balıkları	1837	10506
kürtaj	1837	10507
bitsin	1837	10508
davrandığını	1837	10509
etrafını	1836	10510
gösterelim	1836	10511
atlı	1836	10512
dükkanında	1836	10513
düşünmelisin	1835	10514
aileyiz	1835	10515
oturdu	1835	10516
hayvanın	1835	10517
değiştirip	1835	10518
tank	1834	10519
önerdi	1834	10520
topa	1834	10521
angelo	1834	10522
babandan	1834	10523
ayağına	1834	10524
başvuru	1833	10525
koruyan	1833	10526
cinayetin	1833	10527
sanıyordun	1833	10528
evelyn	1833	10529
geldiklerinde	1833	10530
ressam	1833	10531
oğlunuzun	1833	10532
duyduğumda	1832	10533
seçeneği	1832	10534
ii	1832	10535
hayattaki	1832	10536
komiserim	1831	10537
diğerleriyle	1831	10538
olasın	1831	10539
çıkabilirsin	1831	10540
içinizden	1831	10541
rota	1830	10542
yolunun	1830	10543
ilgiliydi	1830	10544
notlar	1830	10545
hayatındaki	1830	10546
etkiler	1830	10547
gururlu	1830	10548
sabun	1829	10549
koşmaya	1829	10550
ödümü	1829	10551
bırakıyorsun	1829	10552
gerçeğin	1829	10553
olaylara	1829	10554
hissettiğin	1829	10555
görmediniz	1828	10556
asi	1828	10557
arkadaşlarımın	1828	10558
planlarım	1828	10559
gözünden	1828	10560
payını	1827	10561
jose	1827	10562
haberini	1827	10563
öldürmem	1827	10564
tüfeği	1827	10565
kaldığın	1826	10566
bilinci	1826	10567
robinson	1826	10568
yeğlerim	1826	10569
söylüyordum	1826	10570
subayı	1826	10571
öyleyiz	1826	10572
gelemez	1826	10573
dediğimiz	1826	10574
arıza	1825	10575
dediğinde	1825	10576
gülümseme	1825	10577
ödlek	1824	10578
arabasında	1824	10579
muhafızlar	1824	10580
böceği	1823	10581
kurallarına	1823	10582
bekleyemez	1823	10583
günümde	1823	10584
boris	1823	10585
sahibinin	1822	10586
endişeleniyor	1822	10587
anılar	1821	10588
koşullar	1821	10589
denedi	1821	10590
resmin	1821	10591
hastanenin	1821	10592
set	1821	10593
martini	1821	10594
rutin	1821	10595
ayrılın	1821	10596
eviniz	1820	10597
parçalanmış	1820	10598
düşürmek	1820	10599
kuran	1820	10600
edilmiştir	1820	10601
kurul	1820	10602
sürprizim	1820	10603
kıyıya	1820	10604
parçalarını	1819	10605
taşları	1819	10606
başkomiser	1819	10607
monty	1819	10608
ziyan	1819	10609
tekneye	1818	10610
kanunları	1818	10611
planda	1818	10612
izci	1818	10613
bırakmamı	1817	10614
evrakları	1817	10615
geçirdiği	1817	10616
sevmiştim	1817	10617
önlem	1816	10618
uygulama	1816	10619
önemliydi	1815	10620
matty	1815	10621
dikkatinizi	1815	10622
dürüstlük	1814	10623
telefonları	1814	10624
gittiğimizi	1814	10625
üzgünsün	1814	10626
are	1814	10627
hesabına	1814	10628
suçunu	1814	10629
düşündüğünüz	1814	10630
girmesini	1814	10631
dayken	1814	10632
yerimde	1813	10633
herkül	1813	10634
dehşete	1813	10635
beslenme	1813	10636
sınırsız	1813	10637
soktun	1813	10638
luther	1813	10639
yaptıklarına	1813	10640
vücudum	1813	10641
bilgilere	1812	10642
ülkesi	1812	10643
sakladığını	1812	10644
ağaçları	1811	10645
kule	1811	10646
hergele	1811	10647
yapacaklarını	1811	10648
şiddete	1811	10649
zili	1811	10650
bahçesinde	1810	10651
yaptıktan	1809	10652
wo	1809	10653
bulacağımı	1808	10654
market	1808	10655
yetenekleri	1808	10656
yaşarken	1808	10657
fort	1808	10658
fitz	1807	10659
pencereyi	1807	10660
tüy	1807	10661
gittiğimizde	1807	10662
yalancısın	1807	10663
kasap	1807	10664
bowling	1807	10665
atlanta	1806	10666
ivy	1806	10667
anlayışı	1806	10668
haberimiz	1806	10669
düşündüğünden	1805	10670
ayrıntılı	1805	10671
yaratan	1805	10672
ifadesini	1805	10673
öğrencileri	1805	10674
etmiştin	1805	10675
opera	1804	10676
konuşmuyorum	1804	10677
bodrumda	1804	10678
ren	1804	10679
sorununuz	1804	10680
yaklaşıyoruz	1804	10681
etmezsen	1803	10682
görüldü	1803	10683
bates	1803	10684
bilinir	1803	10685
jun	1802	10686
hart	1802	10687
etmeleri	1802	10688
çıktığım	1802	10689
sattın	1802	10690
es	1802	10691
ölürüz	1801	10692
zorluyor	1801	10693
pearl	1801	10694
ziyafet	1801	10695
dewey	1801	10696
yolumu	1801	10697
seung	1801	10698
yanlarında	1801	10699
hırsızlar	1800	10700
olmamıştım	1800	10701
eşleşme	1800	10702
götürebilirim	1800	10703
vaughn	1800	10704
motosiklet	1800	10705
toplayın	1800	10706
harikadır	1799	10707
öğrenir	1799	10708
kapattım	1799	10709
bilmeliyim	1799	10710
pan	1799	10711
içkiler	1799	10712
voyager	1798	10713
kalkmış	1798	10714
almayacağım	1798	10715
zevki	1798	10716
gözlerinizi	1798	10717
sesinizi	1798	10718
serseriler	1798	10719
kahvaltıda	1797	10720
içlerinde	1797	10721
neill	1796	10722
heykel	1796	10723
gösterme	1796	10724
rio	1795	10725
timsah	1794	10726
joyce	1794	10727
evlendin	1794	10728
tanışma	1793	10729
paniğe	1793	10730
yüzlü	1792	10731
dolaba	1792	10732
kızdın	1792	10733
özgürsün	1792	10734
mahvettim	1791	10735
kurtlar	1791	10736
bahsettin	1791	10737
gibson	1790	10738
apollo	1790	10739
gösteriyi	1790	10740
gilbert	1790	10741
garajda	1790	10742
gitmemiş	1789	10743
bulamaz	1789	10744
kontes	1789	10745
hughes	1789	10746
sekizinci	1789	10747
javier	1789	10748
konuşmadık	1789	10749
prensi	1789	10750
pope	1788	10751
arkadaki	1788	10752
malları	1788	10753
glen	1788	10754
demedin	1787	10755
göç	1787	10756
davranıyorum	1787	10757
bahsediyordum	1787	10758
ortalarda	1787	10759
bulaşıcı	1787	10760
hz	1787	10761
sex	1787	10762
bilinmiyor	1786	10763
randevusu	1786	10764
sebebin	1786	10765
oyunculuk	1786	10766
kalmalı	1786	10767
soruşturmayı	1785	10768
baloya	1785	10769
yakalayacağız	1785	10770
bilgilerini	1785	10771
elbet	1785	10772
üzüntü	1784	10773
dönemem	1784	10774
hayalim	1784	10775
aydınlık	1784	10776
geldiğimizde	1784	10777
manuel	1783	10778
salakça	1783	10779
hissedersin	1783	10780
aletleri	1783	10781
önüme	1782	10782
sözlü	1782	10783
hıyar	1782	10784
giriyorsun	1781	10785
evler	1781	10786
düzeyde	1781	10787
ilgilenen	1781	10788
bulunca	1781	10789
testleri	1781	10790
kusuruma	1780	10791
yım	1780	10792
sanirim	1780	10793
bırakabilirsin	1780	10794
korkar	1780	10795
sırtında	1780	10796
kazanacağız	1779	10797
bridget	1779	10798
mahkumlar	1779	10799
durduramaz	1778	10800
misafirimiz	1778	10801
kaybeder	1778	10802
söylenen	1778	10803
durak	1777	10804
laboratuar	1777	10805
nedenden	1777	10806
reddediyorum	1776	10807
saklan	1776	10808
çocuğunuz	1776	10809
makineyi	1776	10810
takviye	1776	10811
dizisi	1776	10812
ikisinden	1776	10813
yasalara	1775	10814
oha	1775	10815
stüdyo	1775	10816
know	1775	10817
istemezsiniz	1775	10818
şartları	1775	10819
istemediğine	1775	10820
otururken	1775	10821
pezevenk	1775	10822
kazanç	1774	10823
olmasan	1774	10824
gördüler	1774	10825
bella	1774	10826
döneminde	1773	10827
okyanusun	1773	10828
arkadaşımsın	1772	10829
yabani	1772	10830
renee	1772	10831
kıskançlık	1772	10832
sağlamaya	1772	10833
etsek	1772	10834
hıristiyan	1771	10835
gezegene	1771	10836
konseyi	1771	10837
mürettebat	1770	10838
saatimiz	1770	10839
berbattı	1770	10840
sahaya	1770	10841
konuşmama	1769	10842
takmak	1769	10843
carlo	1769	10844
çocuklarımın	1769	10845
ailede	1769	10846
sakinleştirici	1769	10847
sınıftan	1769	10848
tanem	1769	10849
maksimum	1769	10850
tanışmanı	1769	10851
kök	1768	10852
mahvoldu	1768	10853
prezervatif	1768	10854
katıldım	1768	10855
salon	1768	10856
değişmez	1768	10857
yapmayacağız	1767	10858
brien	1767	10859
kurdun	1767	10860
olmayın	1767	10861
geldiğimizi	1767	10862
ceketi	1767	10863
duyduğumu	1766	10864
ezra	1766	10865
umuyoruz	1766	10866
yüzyılın	1766	10867
almanca	1766	10868
fareler	1765	10869
apıyorsun	1765	10870
yerinizde	1765	10871
kokan	1765	10872
judith	1765	10873
sherman	1764	10874
çıkman	1764	10875
geçirdiğimiz	1764	10876
gitmeniz	1763	10877
müşterim	1763	10878
ayarladı	1763	10879
yıkım	1763	10880
bahsetmişken	1763	10881
krallık	1762	10882
hatırlarsın	1762	10883
saldırmak	1762	10884
milyarlarca	1762	10885
dışından	1762	10886
giremezsin	1762	10887
yuri	1762	10888
açalım	1761	10889
paskalya	1761	10890
şeysin	1761	10891
taşıyıcı	1761	10892
baksın	1761	10893
ödülünü	1760	10894
yapabiliyor	1760	10895
kolları	1760	10896
donny	1760	10897
sıçayım	1760	10898
söyleriz	1760	10899
randevun	1759	10900
içeceğim	1759	10901
saçların	1759	10902
aldığınız	1759	10903
moe	1758	10904
islam	1758	10905
birbirimizle	1758	10906
olsalar	1758	10907
avantaj	1758	10908
geçirir	1757	10909
kanıtla	1757	10910
bilmemiz	1757	10911
nadia	1757	10912
morfin	1757	10913
katliam	1757	10914
axl	1757	10915
başlarım	1757	10916
haftadan	1756	10917
bitmişti	1756	10918
suçla	1756	10919
konunun	1756	10920
artar	1756	10921
hatırladınız	1756	10922
etik	1755	10923
atıldı	1754	10924
beynine	1754	10925
sarhoşsun	1754	10926
çaldığı	1754	10927
koyulalım	1753	10928
kalmayacağım	1753	10929
haklıymışsın	1753	10930
kasırga	1753	10931
bitirmedim	1753	10932
sayım	1753	10933
katında	1753	10934
vazgeçtim	1753	10935
dağıtmak	1753	10936
tanrıların	1753	10937
burger	1752	10938
brett	1752	10939
avukatlar	1752	10940
oradaydın	1752	10941
bree	1752	10942
anıları	1751	10943
gittiğinden	1751	10944
taraftaki	1751	10945
iyileşme	1751	10946
dadı	1750	10947
birbiriyle	1750	10948
ukala	1750	10949
il	1750	10950
geçtiği	1749	10951
yıka	1749	10952
söyleyeceğiz	1749	10953
çıktıktan	1748	10954
müydün	1748	10955
düşmek	1748	10956
partiden	1748	10957
doludur	1748	10958
besin	1747	10959
bırakmadı	1747	10960
çalacak	1747	10961
görülmüş	1747	10962
gelmeniz	1747	10963
metrelik	1747	10964
çağırmak	1747	10965
parlayan	1747	10966
homo	1747	10967
kılan	1747	10968
show	1747	10969
demiyor	1746	10970
gelini	1746	10971
görevimi	1746	10972
çiftlikte	1746	10973
sylvia	1746	10974
yatarken	1746	10975
yönetiyor	1746	10976
hikayeni	1746	10977
etkilemek	1745	10978
verebilecek	1745	10979
getiriyorsun	1745	10980
kaçamazsın	1744	10981
istasyona	1744	10982
harfi	1743	10983
milo	1743	10984
hammond	1743	10985
yerçekimi	1743	10986
ling	1743	10987
tarihe	1742	10988
veriyorsunuz	1742	10989
lerden	1741	10990
yetişkinler	1741	10991
yığın	1741	10992
sağda	1741	10993
anlaşmanın	1741	10994
vereceğimi	1741	10995
fırtınası	1740	10996
fikrine	1740	10997
zırhlı	1740	10998
akraba	1739	10999
dudak	1739	11000
bekleriz	1739	11001
monte	1739	11002
bakarsın	1739	11003
şair	1739	11004
vivian	1738	11005
crichton	1738	11006
japonlar	1738	11007
durmayın	1738	11008
kadardı	1738	11009
raporları	1738	11010
sorup	1737	11011
vatandaş	1737	11012
sıklıkla	1737	11013
orduda	1737	11014
doların	1736	11015
verdiğinde	1736	11016
bildirmek	1736	11017
ezmesi	1736	11018
ailemden	1736	11019
anlamaz	1736	11020
danimarka	1736	11021
internete	1736	11022
sanchez	1735	11023
usulü	1735	11024
muymuş	1735	11025
oğlumla	1734	11026
görüşeceğim	1734	11027
incelemek	1734	11028
misafiri	1734	11029
isteyecektir	1734	11030
ayıracak	1734	11031
yardımını	1734	11032
beach	1733	11033
river	1733	11034
göle	1733	11035
soruma	1733	11036
meşru	1733	11037
irtibat	1733	11038
ödemeye	1732	11039
kışın	1732	11040
izliyorsun	1732	11041
karşısındaki	1732	11042
mills	1732	11043
hatırlar	1732	11044
filmlerde	1732	11045
estetik	1731	11046
buzz	1731	11047
yediğini	1731	11048
barut	1730	11049
roz	1730	11050
abraham	1730	11051
yemeğinden	1730	11052
diyeceğini	1730	11053
kalamazsın	1730	11054
kariyerini	1730	11055
camille	1730	11056
halbuki	1730	11057
ilişkimizi	1730	11058
kafadan	1729	11059
bulmadan	1729	11060
darryl	1729	11061
alınacak	1729	11062
danışmanı	1729	11063
salgın	1729	11064
kişilere	1729	11065
tasarım	1729	11066
çiftler	1729	11067
olmalarını	1728	11068
koşuyor	1728	11069
rüyanda	1728	11070
elbiseler	1728	11071
psişik	1727	11072
yapmaları	1727	11073
lokma	1727	11074
hastalıklı	1727	11075
oradayım	1726	11076
haftalığına	1726	11077
kitaba	1726	11078
büyüyü	1726	11079
hayes	1726	11080
takımını	1726	11081
hissettirdi	1726	11082
yüzmeye	1726	11083
uzaklaşın	1726	11084
out	1725	11085
davadan	1724	11086
unutalım	1724	11087
gold	1724	11088
yükseğe	1724	11089
hastaları	1724	11090
but	1724	11091
inandırıcı	1724	11092
yaratır	1723	11093
kullanıyoruz	1723	11094
tedirgin	1723	11095
olmaman	1722	11096
google	1722	11097
şah	1722	11098
baltimore	1722	11099
kutusuna	1722	11100
geldiğimiz	1721	11101
adanın	1721	11102
aramıştım	1721	11103
lık	1721	11104
geçmişti	1721	11105
müziğin	1721	11106
sutton	1721	11107
federaller	1721	11108
cehennemden	1721	11109
dom	1721	11110
attığı	1720	11111
gireyim	1720	11112
bahsettim	1720	11113
sang	1720	11114
parazit	1720	11115
bulunması	1720	11116
korur	1720	11117
oluşur	1720	11118
değillerdi	1720	11119
özü	1720	11120
okyanusu	1720	11121
erecek	1720	11122
olduğunuza	1720	11123
getirmeyi	1720	11124
kurtulmaya	1719	11125
tanıştığımız	1719	11126
gail	1719	11127
birlikteyken	1719	11128
noktayı	1719	11129
çalıyorsun	1719	11130
ağlamak	1719	11131
odaları	1719	11132
tanıma	1719	11133
kaçırıldı	1719	11134
taşlar	1718	11135
ailemizin	1718	11136
günlerdir	1718	11137
beridir	1718	11138
federasyon	1718	11139
kai	1718	11140
sıcaklığı	1718	11141
evrende	1718	11142
çukur	1717	11143
detay	1717	11144
istemediğin	1717	11145
uyuyan	1717	11146
anma	1716	11147
luthor	1716	11148
kazanıyorum	1716	11149
yakalamış	1716	11150
yabancılar	1716	11151
yaprak	1716	11152
etmezdim	1715	11153
gönül	1715	11154
sütü	1715	11155
peşindesin	1715	11156
tanrim	1715	11157
çalışanı	1715	11158
dünden	1715	11159
kyung	1715	11160
off	1714	11161
sayıları	1714	11162
karınca	1714	11163
garaj	1714	11164
sevmediğini	1713	11165
büyüktü	1713	11166
acısı	1713	11167
kalkış	1712	11168
olağandışı	1712	11169
kaybolduğu	1712	11170
dönüşüm	1711	11171
saklanmak	1711	11172
konuşmadım	1711	11173
kullanılabilir	1711	11174
değerlendirme	1711	11175
gangster	1711	11176
tarihinde	1711	11177
edenler	1710	11178
kemerini	1710	11179
ayaklarım	1710	11180
yıkıcı	1710	11181
düzeltmeye	1710	11182
esmer	1710	11183
günlerce	1710	11184
ikizler	1710	11185
yenilmez	1709	11186
makinesini	1709	11187
alıyorsunuz	1709	11188
şirkette	1708	11189
unuttu	1708	11190
duvarda	1708	11191
yazıp	1707	11192
boşluğu	1707	11193
mezara	1707	11194
geçirmeyi	1707	11195
ağabeyin	1707	11196
anlayan	1707	11197
kaydını	1707	11198
havalandırma	1706	11199
fikirlerini	1706	11200
duruyoruz	1706	11201
açıklayacağım	1706	11202
hoşnut	1706	11203
düğme	1705	11204
bahçeye	1705	11205
taksiye	1705	11206
ayrılık	1705	11207
nerdesin	1705	11208
vermeyeceğiz	1705	11209
mürekkep	1705	11210
nasa	1705	11211
yürüyelim	1705	11212
koptu	1704	11213
unu	1704	11214
çözdüm	1704	11215
teşkil	1704	11216
havuzu	1704	11217
eğilin	1703	11218
taşın	1703	11219
kadarki	1703	11220
dükkanına	1703	11221
dükkanda	1702	11222
bitmesini	1701	11223
oynayacağız	1701	11224
gücüyle	1701	11225
etmeliydim	1701	11226
halledebiliriz	1701	11227
hugh	1700	11228
yapayalnız	1700	11229
şaşırdın	1699	11230
yaşadığımı	1699	11231
kurtulduk	1699	11232
serin	1699	11233
çekerim	1699	11234
sorunlarını	1699	11235
yeteneklerini	1699	11236
insani	1699	11237
anlatıyorum	1698	11238
yetmiyor	1698	11239
yönünü	1698	11240
eksi	1698	11241
kanla	1698	11242
oturalım	1697	11243
almıştır	1697	11244
bırakmaz	1697	11245
sovyetler	1697	11246
kit	1697	11247
dinlenmek	1697	11248
strateji	1697	11249
restoranı	1697	11250
dahakine	1697	11251
yapardık	1696	11252
kiz	1696	11253
tarzını	1696	11254
orgazm	1695	11255
hallettik	1694	11256
durdun	1694	11257
ürünleri	1694	11258
severler	1694	11259
zerre	1694	11260
depoda	1694	11261
saklayacak	1694	11262
peterson	1694	11263
tavsiyem	1694	11264
isminiz	1694	11265
koyacak	1693	11266
shh	1693	11267
filminde	1693	11268
savcılık	1693	11269
ayağım	1692	11270
mexico	1692	11271
kötüdür	1692	11272
avatar	1692	11273
takımda	1692	11274
moon	1692	11275
teknede	1691	11276
glee	1691	11277
torres	1691	11278
söylenti	1690	11279
lilly	1690	11280
ruhum	1690	11281
boğazına	1690	11282
cruz	1690	11283
vazgeçmek	1690	11284
bulursam	1690	11285
mülk	1690	11286
apartman	1690	11287
mesajlar	1689	11288
takılıyor	1689	11289
elbisesi	1689	11290
nöbetçi	1689	11291
fırlat	1689	11292
bayana	1689	11293
hakkımızda	1689	11294
yuvası	1688	11295
topladım	1688	11296
alaska	1688	11297
pentagon	1688	11298
vericiydi	1687	11299
gayret	1687	11300
yanımıza	1687	11301
makas	1687	11302
sizinki	1687	11303
havamda	1687	11304
kartım	1687	11305
şeytanı	1687	11306
cevabın	1687	11307
springfield	1686	11308
getirmemi	1685	11309
demişken	1685	11310
ayarlandı	1685	11311
onaylandı	1685	11312
sesim	1685	11313
oluşturuyor	1684	11314
riskini	1684	11315
caz	1684	11316
işaretleri	1684	11317
sigarayı	1683	11318
çıkarmayı	1683	11319
karbon	1683	11320
lucky	1682	11321
bağlılık	1682	11322
miktarı	1682	11323
tahmini	1682	11324
denge	1682	11325
chelsea	1682	11326
direniş	1681	11327
telefonundan	1681	11328
almaktan	1681	11329
radikal	1681	11330
kalemi	1680	11331
bitmeden	1680	11332
vicky	1680	11333
kılıcını	1680	11334
bit	1680	11335
bulabilecek	1680	11336
reddediyor	1680	11337
gelmişler	1679	11338
duvarları	1679	11339
şeyiniz	1679	11340
endişeleniyorsun	1678	11341
söyleyebiliriz	1678	11342
yaratıyor	1678	11343
meleği	1678	11344
torba	1677	11345
tekila	1677	11346
gösteriş	1677	11347
sloan	1677	11348
torunum	1677	11349
serum	1676	11350
gerald	1676	11351
denver	1676	11352
değecek	1676	11353
rehber	1676	11354
sakladın	1676	11355
rezervasyon	1676	11356
uğraşıyorsun	1675	11357
geçmişin	1675	11358
hoştu	1675	11359
yasaları	1675	11360
olabileceğine	1675	11361
tefek	1675	11362
führer	1675	11363
gönderen	1674	11364
vatan	1674	11365
desin	1674	11366
geçmesine	1674	11367
bırakırsan	1674	11368
piknik	1674	11369
insanoğlu	1674	11370
sadie	1673	11371
gösterdiği	1673	11372
musa	1673	11373
marissa	1673	11374
susie	1673	11375
tüylü	1673	11376
çıldırdın	1673	11377
bahsediyordu	1672	11378
aha	1672	11379
yattığını	1672	11380
yemi	1671	11381
lafın	1671	11382
çöktü	1670	11383
gelenek	1670	11384
güçlüsün	1669	11385
seneye	1669	11386
fişek	1669	11387
kocamla	1669	11388
gerektiren	1669	11389
açayım	1669	11390
ehliyet	1669	11391
oynadığı	1669	11392
bant	1668	11393
stresli	1668	11394
baktığında	1668	11395
etrafımda	1668	11396
büyüyen	1668	11397
yaa	1667	11398
açılır	1667	11399
chester	1667	11400
hareketlerini	1667	11401
seo	1667	11402
olduklarına	1666	11403
mahkemesi	1666	11404
eminsin	1666	11405
dövüşü	1666	11406
dostluk	1666	11407
keşiş	1666	11408
sesinden	1666	11409
sıkıştı	1666	11410
barışı	1666	11411
ş	1666	11412
güvercin	1665	11413
edemeyeceğim	1665	11414
amacımız	1665	11415
odasındaki	1665	11416
rastladım	1664	11417
uyarmıştım	1664	11418
elinin	1664	11419
geçince	1664	11420
açılmışken	1664	11421
day	1664	11422
öğrenmen	1664	11423
çocukça	1663	11424
yazacak	1663	11425
mama	1663	11426
dönmeyecek	1663	11427
hoşlanmaz	1663	11428
michel	1663	11429
kid	1663	11430
kapanıyor	1663	11431
dönmeden	1662	11432
uğraşıyoruz	1662	11433
varsayıyorum	1662	11434
buhar	1661	11435
galip	1660	11436
ölürken	1660	11437
oluyormuş	1660	11438
aklınıza	1660	11439
haddini	1660	11440
colorado	1660	11441
demiryolu	1660	11442
henderson	1659	11443
mühendis	1659	11444
anlatabilirsin	1659	11445
uğraşma	1659	11446
dokunaklı	1659	11447
inanılır	1659	11448
saldırıdan	1658	11449
iştir	1658	11450
laneti	1658	11451
güler	1657	11452
gitmiştik	1657	11453
cinayetleri	1657	11454
yemedim	1656	11455
manevi	1656	11456
döndüğümüzde	1655	11457
olmamak	1655	11458
çıktığımda	1655	11459
araştırması	1655	11460
kova	1655	11461
evinizde	1655	11462
tepe	1654	11463
götürmem	1654	11464
zinciri	1654	11465
alıştırma	1654	11466
önceleri	1653	11467
düşürdüm	1653	11468
koşmak	1653	11469
öldürdüğümü	1652	11470
aidan	1652	11471
çalınmış	1652	11472
başlayıp	1652	11473
işçiler	1652	11474
aşağısında	1651	11475
nihai	1651	11476
feneri	1651	11477
öğretmenler	1651	11478
abigail	1651	11479
jenkins	1650	11480
eyvallah	1650	11481
ekrana	1649	11482
harikayım	1649	11483
kullanabilirim	1649	11484
buradaydım	1649	11485
satışı	1648	11486
götürmüş	1648	11487
ağırlığı	1648	11488
çalışmanın	1648	11489
boşanmak	1648	11490
noktadan	1647	11491
newton	1647	11492
kurtardığın	1647	11493
ısırık	1647	11494
madeni	1647	11495
gireceksin	1647	11496
yürek	1647	11497
sorduğun	1646	11498
verileri	1646	11499
karmaşa	1646	11500
saatim	1646	11501
yakaladılar	1646	11502
izlenim	1646	11503
felicity	1646	11504
fırsatın	1646	11505
bacağım	1646	11506
duygularımı	1646	11507
dedikodular	1645	11508
tekrarlıyorum	1645	11509
naruto	1645	11510
tatilde	1645	11511
olmamıştır	1645	11512
tammy	1645	11513
doldurmak	1644	11514
konuşmaları	1644	11515
oluşturmak	1644	11516
world	1644	11517
ofisinden	1644	11518
gecikme	1643	11519
bilmiyordun	1643	11520
başarıyla	1643	11521
vurduğunu	1643	11522
olacakları	1643	11523
ağzının	1643	11524
muhafaza	1642	11525
umudu	1642	11526
balayı	1642	11527
halkla	1642	11528
borcumu	1642	11529
beraberinde	1642	11530
çalışanları	1642	11531
eyaleti	1642	11532
mae	1642	11533
cennetin	1641	11534
ctu	1641	11535
okuyan	1641	11536
öldürmekle	1641	11537
kalbimle	1641	11538
daniels	1641	11539
eylem	1641	11540
çekiç	1641	11541
boyutlu	1641	11542
ll	1641	11543
birşeye	1641	11544
yaşamıyor	1640	11545
adamını	1640	11546
neredeydiniz	1640	11547
çalışacaksın	1640	11548
teneke	1640	11549
gibiydin	1640	11550
davetiye	1640	11551
güçlüdür	1640	11552
deyim	1640	11553
öptüm	1640	11554
üniversiteden	1640	11555
etini	1639	11556
içti	1639	11557
frost	1639	11558
konuşmuyoruz	1639	11559
sandığı	1639	11560
oradayken	1639	11561
gemiler	1638	11562
ıvır	1638	11563
gelebilecek	1638	11564
kimsem	1638	11565
hücreye	1638	11566
garipti	1638	11567
edebileceğim	1638	11568
hımm	1638	11569
başıboş	1638	11570
boyunda	1638	11571
hyde	1638	11572
sürmeye	1637	11573
doktorla	1637	11574
quentin	1637	11575
bulunduğunu	1637	11576
fotoğrafçı	1637	11577
korkutmaya	1637	11578
inanması	1637	11579
yapabilmek	1636	11580
dağılın	1636	11581
söylemeliydim	1636	11582
arkası	1636	11583
görüntüyü	1636	11584
sırılsıklam	1635	11585
sıkma	1635	11586
fikirdeyim	1635	11587
yatar	1635	11588
polly	1634	11589
diyebilirsiniz	1634	11590
bileceksin	1634	11591
evlenmiş	1634	11592
dönmeni	1634	11593
çeviriyor	1634	11594
bağlanmış	1634	11595
anlaşmıştık	1633	11596
hislerim	1633	11597
tapınak	1633	11598
tekniği	1633	11599
damien	1633	11600
dani	1632	11601
bahsetmedin	1632	11602
ilişkinin	1632	11603
ürpertici	1632	11604
öğrendiğinde	1632	11605
isteyeyim	1632	11606
devletleri	1631	11607
sıkan	1631	11608
düşmez	1631	11609
franz	1631	11610
hikayen	1631	11611
gelenleri	1630	11612
metin	1630	11613
yaşayacaksın	1630	11614
arkadaşlarıma	1630	11615
istemeyen	1629	11616
evimizde	1629	11617
aşikar	1629	11618
cebine	1628	11619
açarım	1628	11620
bırakman	1628	11621
uzaklaşmak	1628	11622
koltuğa	1628	11623
altüst	1628	11624
çıkarmalıyız	1628	11625
ayrıldın	1628	11626
borçluyuz	1628	11627
türde	1627	11628
kemer	1627	11629
hazırlayayım	1627	11630
gelmeyeceğini	1627	11631
bırakmıyorsun	1626	11632
hiçte	1626	11633
şirketini	1626	11634
jüpiter	1626	11635
gitmişler	1626	11636
kulübünde	1626	11637
problemleri	1626	11638
trish	1625	11639
uyanın	1625	11640
dayalı	1625	11641
kapsamlı	1625	11642
koluna	1625	11643
engelliyor	1625	11644
ga	1625	11645
soygunu	1624	11646
sandı	1624	11647
öğrenebilir	1624	11648
anlatmadın	1624	11649
muhakkak	1623	11650
hazırsın	1623	11651
arayacağız	1623	11652
insandı	1623	11653
çıkmanın	1623	11654
kızıyla	1623	11655
zeus	1623	11656
yapsan	1623	11657
gerektiriyor	1623	11658
oluşmuş	1623	11659
dağılmış	1623	11660
topluluk	1623	11661
içerisi	1623	11662
liderleri	1622	11663
umursamıyor	1622	11664
oturacak	1622	11665
adamda	1622	11666
hikayem	1622	11667
öğreteceğim	1621	11668
konuşamaz	1621	11669
ekmeği	1621	11670
yığını	1621	11671
baygın	1621	11672
florrick	1621	11673
dairede	1621	11674
seslerini	1621	11675
bağlayan	1621	11676
bn	1621	11677
isabelle	1620	11678
korumam	1620	11679
marina	1620	11680
yardımcım	1620	11681
girince	1620	11682
seyretmek	1620	11683
yaşamını	1620	11684
yakındı	1620	11685
gerçekti	1620	11686
olabileceğimi	1619	11687
just	1619	11688
patlamadan	1618	11689
çevrede	1618	11690
enerjiyi	1618	11691
konuşmaz	1618	11692
müdürün	1618	11693
dolandırıcı	1617	11694
sihirbaz	1617	11695
caddede	1617	11696
evladı	1617	11697
cohen	1617	11698
sokma	1617	11699
okudu	1617	11700
edie	1617	11701
korkuyorlar	1616	11702
yakalanmış	1616	11703
mıydık	1616	11704
narin	1616	11705
bale	1616	11706
yiyeceksin	1616	11707
bulamadın	1616	11708
gitmekten	1615	11709
derneği	1615	11710
kesmiş	1615	11711
sağlayabilir	1615	11712
tercüme	1615	11713
ararsın	1615	11714
kuantum	1614	11715
bazılarımız	1614	11716
yapamazdım	1614	11717
sonuncu	1614	11718
simmons	1614	11719
güvenebilir	1614	11720
şeylerde	1613	11721
taşır	1613	11722
çekiyoruz	1613	11723
tayland	1613	11724
etmemizi	1612	11725
yanınıza	1612	11726
sormadan	1612	11727
mağaza	1612	11728
müstakbel	1612	11729
soldan	1611	11730
radyoda	1611	11731
aşı	1611	11732
kemeri	1611	11733
halkına	1611	11734
pozisyonu	1611	11735
araştırıyoruz	1611	11736
hollanda	1610	11737
kaçalım	1610	11738
yıldızın	1610	11739
ücretini	1610	11740
temelli	1610	11741
delinin	1609	11742
katını	1609	11743
kenarına	1609	11744
bulanık	1609	11745
danışmanlık	1609	11746
hareketler	1609	11747
kurtuldum	1609	11748
geliyorsa	1609	11749
tanışın	1608	11750
saçmalamayı	1608	11751
medeni	1608	11752
trent	1608	11753
kazayla	1608	11754
bölümlerde	1608	11755
tedaviyi	1608	11756
evrim	1607	11757
bakıyorlar	1607	11758
tasarruf	1607	11759
mack	1606	11760
bahsetmiş	1606	11761
janice	1606	11762
düşünceleri	1606	11763
rogers	1606	11764
asistan	1606	11765
intihara	1606	11766
have	1605	11767
sorununu	1605	11768
taklidi	1605	11769
tepesinde	1605	11770
bırakacağız	1604	11771
tutkulu	1604	11772
sabahki	1604	11773
öğretmenlik	1604	11774
sunar	1604	11775
kötüleşiyor	1604	11776
milletin	1604	11777
kızmış	1604	11778
bundy	1604	11779
tipler	1603	11780
bahsetmişti	1603	11781
yolculuğun	1603	11782
bulurlar	1603	11783
çıkabilirim	1603	11784
insandan	1603	11785
evlenmeyi	1602	11786
tık	1602	11787
kaybetmeye	1602	11788
insanoğlunun	1602	11789
kedicik	1601	11790
tarifi	1601	11791
walsh	1601	11792
sikim	1601	11793
mekanik	1600	11794
dağları	1600	11795
dememi	1600	11796
hic	1600	11797
ışığın	1600	11798
yayılıyor	1600	11799
içimizden	1600	11800
atlamak	1599	11801
yükseldi	1599	11802
usandım	1599	11803
epeyce	1599	11804
yapışkan	1599	11805
geliyormuş	1599	11806
tavır	1599	11807
portland	1599	11808
tertemiz	1598	11809
bütçe	1598	11810
bırakmayın	1598	11811
cumhuriyet	1598	11812
davranan	1598	11813
bayanı	1597	11814
burs	1597	11815
ramon	1597	11816
aradaki	1597	11817
bilgisayara	1597	11818
vekil	1596	11819
kafasından	1596	11820
saklamaya	1596	11821
briggs	1596	11822
telefonlar	1596	11823
kelimenin	1596	11824
kolla	1596	11825
komada	1596	11826
büyüklükte	1596	11827
gözyaşları	1596	11828
seçimler	1596	11829
birlikteyim	1596	11830
öğretmenin	1595	11831
zamanınız	1595	11832
prensesi	1595	11833
korktuğum	1595	11834
ını	1595	11835
yakası	1595	11836
gitmelisiniz	1595	11837
davayla	1595	11838
görüyordum	1594	11839
kutusunu	1594	11840
birazını	1594	11841
taşındım	1594	11842
yemeğimi	1594	11843
beyninin	1594	11844
restorana	1594	11845
bot	1593	11846
katilini	1593	11847
jr	1593	11848
trey	1593	11849
beyazlar	1593	11850
teorik	1592	11851
silahsız	1592	11852
melinda	1592	11853
zam	1592	11854
kullandığın	1592	11855
ayırdığınız	1592	11856
dolaşmak	1592	11857
çizik	1591	11858
çözümü	1591	11859
ilgilendiriyor	1591	11860
köpeğini	1591	11861
versiyonu	1591	11862
biricik	1591	11863
domuzlar	1591	11864
yeteneğim	1591	11865
getirelim	1590	11866
duble	1590	11867
bayram	1589	11868
paranızı	1589	11869
tazminat	1589	11870
yaşlıyım	1589	11871
edilmesini	1589	11872
gücümü	1588	11873
darren	1588	11874
vadisi	1588	11875
düşündüğümüz	1588	11876
ike	1588	11877
almamış	1588	11878
simone	1588	11879
fi	1588	11880
mutluyuz	1587	11881
turist	1587	11882
saniyen	1587	11883
bakmanı	1587	11884
anlamında	1587	11885
görsün	1587	11886
yaklaştık	1587	11887
karnını	1586	11888
girdiler	1586	11889
problemim	1586	11890
düşünebilirsin	1586	11891
bert	1586	11892
sürüsü	1586	11893
barbie	1586	11894
def	1586	11895
cesaretini	1586	11896
kıçı	1585	11897
esther	1585	11898
atlama	1585	11899
yaşımda	1585	11900
salaklar	1585	11901
tarzım	1585	11902
kardeşlerin	1585	11903
özellikleri	1584	11904
üstad	1584	11905
oppa	1584	11906
detaylar	1584	11907
yaklaştı	1584	11908
hotel	1584	11909
siparişi	1584	11910
bilmediğimiz	1584	11911
seninkiler	1583	11912
içindeyiz	1583	11913
bilsen	1583	11914
jacques	1583	11915
çıkabiliriz	1583	11916
nedenim	1583	11917
sendika	1583	11918
kahramanlar	1582	11919
suçlamalar	1582	11920
emirlere	1582	11921
okumuş	1582	11922
kağıda	1582	11923
yaşıma	1581	11924
bildirin	1581	11925
krep	1581	11926
kalsa	1581	11927
çürümüş	1580	11928
yapımcı	1580	11929
merkezde	1580	11930
gösteriyorsun	1580	11931
gerçekleşecek	1580	11932
yüzleşmek	1580	11933
kişiyim	1580	11934
cips	1579	11935
bulmuşsun	1579	11936
kazandığını	1579	11937
dileme	1579	11938
yapabilirler	1579	11939
tükeniyor	1579	11940
bulaşık	1578	11941
canavarın	1578	11942
tarihini	1578	11943
notları	1578	11944
tanırsın	1577	11945
telefondan	1577	11946
teşebbüs	1577	11947
kulağıma	1577	11948
gerektiğinde	1577	11949
koyarım	1577	11950
söylemediniz	1577	11951
depoya	1576	11952
lucifer	1576	11953
dalgası	1576	11954
like	1576	11955
bizlere	1576	11956
yusuf	1575	11957
istemeye	1575	11958
kararım	1575	11959
bildir	1575	11960
yerlerinize	1575	11961
kaleye	1575	11962
döndüler	1574	11963
dalgalar	1574	11964
öldürdüğün	1574	11965
benziyorlar	1574	11966
bırakmanı	1574	11967
yaşaması	1574	11968
fren	1574	11969
holt	1574	11970
açıkladı	1574	11971
vermişler	1574	11972
olmasam	1573	11973
gölgeler	1573	11974
sayısını	1573	11975
yargılama	1573	11976
marta	1573	11977
takın	1573	11978
koştum	1573	11979
ifadeyi	1573	11980
vuruldum	1572	11981
kırıcı	1572	11982
çıkarayım	1572	11983
derinliklerinde	1572	11984
yanlıştı	1572	11985
keyfi	1572	11986
bilardo	1572	11987
asistanı	1571	11988
davasını	1571	11989
kalmamıştı	1571	11990
takıyor	1571	11991
yükselen	1571	11992
silip	1571	11993
krem	1570	11994
günlerin	1570	11995
kurtulmuş	1570	11996
çarpışma	1570	11997
traş	1570	11998
ediyorsan	1570	11999
deneyimi	1570	12000
kocanı	1570	12001
yapmanızı	1570	12002
kurgu	1569	12003
dediklerine	1569	12004
özgürce	1569	12005
bozukluk	1569	12006
lardan	1569	12007
akşamları	1569	12008
durduracak	1569	12009
bekarlığa	1569	12010
hintli	1568	12011
yaşıyormuş	1568	12012
suçluyorsun	1568	12013
toplantım	1568	12014
bağırıp	1568	12015
mikrofon	1568	12016
ettiğimizi	1568	12017
fazladır	1568	12018
neyimiz	1568	12019
emretti	1568	12020
gardner	1568	12021
çivi	1567	12022
ölebilir	1567	12023
muhbir	1567	12024
değerleri	1567	12025
giyecek	1566	12026
shannon	1566	12027
geçiriyorsun	1566	12028
bayılacaksın	1566	12029
kötüsünü	1565	12030
ilgilendiren	1565	12031
avcıları	1565	12032
yatıyorum	1565	12033
bitkin	1565	12034
bakmalısın	1565	12035
kudüs	1565	12036
aramamı	1565	12037
mekik	1564	12038
nice	1564	12039
giremezsiniz	1564	12040
diplomatik	1564	12041
dilemeye	1564	12042
otobüste	1563	12043
darcy	1563	12044
fırlatma	1563	12045
güvenilmez	1563	12046
şifreli	1563	12047
sincap	1563	12048
basıp	1562	12049
babaya	1561	12050
down	1561	12051
kefalet	1561	12052
puro	1561	12053
vega	1561	12054
juliette	1561	12055
arabana	1561	12056
domuzu	1561	12057
gördükten	1560	12058
kanında	1560	12059
söylemezsen	1560	12060
stewie	1560	12061
ayrıldığını	1560	12062
şiddetle	1560	12063
norveç	1560	12064
söylediklerim	1560	12065
theresa	1560	12066
hanımı	1560	12067
yeon	1560	12068
yapacağına	1559	12069
akciğer	1559	12070
israr	1559	12071
deliller	1559	12072
yetim	1559	12073
omuz	1559	12074
kurbanları	1558	12075
elijah	1558	12076
beynim	1558	12077
addison	1558	12078
acıya	1558	12079
tutuklayın	1558	12080
cüzdanını	1558	12081
ekibinin	1558	12082
gönderilmiş	1558	12083
olacağımızı	1557	12084
veremiyorum	1557	12085
christy	1557	12086
tersini	1557	12087
dinleyelim	1556	12088
doğaüstü	1556	12089
yardımınız	1556	12090
yapınca	1556	12091
niyetinde	1556	12092
düşünceler	1556	12093
koltuğu	1556	12094
fener	1556	12095
hayaleti	1556	12096
gelirsek	1556	12097
gösteriye	1556	12098
fletcher	1555	12099
sabote	1555	12100
doğaçlama	1554	12101
giysiler	1554	12102
kutuları	1554	12103
olsanız	1554	12104
görmediğim	1554	12105
kuzenin	1554	12106
hazırlıyorum	1554	12107
ruhani	1554	12108
motel	1553	12109
hizmetleri	1553	12110
bahçesine	1553	12111
varmadan	1553	12112
güneşli	1552	12113
abin	1552	12114
zamanının	1552	12115
montgomery	1552	12116
çıkardığı	1552	12117
meclisi	1552	12118
merhametli	1552	12119
olamazsınız	1552	12120
anlattığı	1552	12121
arabasıyla	1551	12122
müddetçe	1550	12123
tırnak	1550	12124
fantezi	1550	12125
oynayacağım	1550	12126
izlemeyi	1550	12127
sizlerin	1549	12128
alevler	1549	12129
kaçırdık	1549	12130
ender	1549	12131
patricia	1549	12132
ariel	1549	12133
tanıdın	1549	12134
roland	1548	12135
ediyorlardı	1548	12136
bryan	1548	12137
yüzyılda	1548	12138
tessa	1548	12139
kaldığımız	1547	12140
kuşkusuz	1547	12141
büyüme	1547	12142
adamlarına	1547	12143
yarısından	1547	12144
başlayabilirsin	1547	12145
çan	1547	12146
suçluyor	1546	12147
çocukluğumdan	1546	12148
iyisidir	1546	12149
ışığa	1546	12150
biteni	1546	12151
onlari	1546	12152
gönderir	1546	12153
sunny	1545	12154
düşkün	1545	12155
kuruyor	1545	12156
kalalım	1545	12157
havuç	1545	12158
alanın	1545	12159
acımasızca	1544	12160
sürgün	1544	12161
narkotik	1544	12162
durmaya	1544	12163
yaşamanın	1544	12164
kurmuş	1544	12165
dostça	1543	12166
ölürsem	1543	12167
tapınağı	1542	12168
karınla	1542	12169
saçmalıkları	1542	12170
müzisyen	1542	12171
yatsın	1542	12172
edwards	1542	12173
tütün	1542	12174
vermezler	1541	12175
timi	1541	12176
getirsin	1541	12177
sormayı	1541	12178
vaktimi	1541	12179
nikita	1541	12180
ronald	1541	12181
bayrağı	1540	12182
sizlerle	1540	12183
beğenmedin	1540	12184
krema	1539	12185
şaşırttı	1539	12186
gitmekte	1539	12187
kurumu	1539	12188
geçersiz	1539	12189
çantam	1539	12190
sonuçlarına	1539	12191
kalmaktan	1539	12192
köprüyü	1539	12193
ettiğimde	1539	12194
inandığım	1539	12195
kişiydi	1538	12196
yükleme	1538	12197
sev	1538	12198
ihlali	1538	12199
dokunabilir	1538	12200
konuşabilirim	1538	12201
almana	1538	12202
gretchen	1537	12203
takımına	1537	12204
cebimde	1537	12205
mahkemenin	1537	12206
susadım	1537	12207
davetli	1536	12208
okuyun	1536	12209
geçenleri	1536	12210
yolumuza	1536	12211
kaka	1536	12212
fabrikası	1536	12213
gözlerinden	1536	12214
dalış	1536	12215
kanıtın	1536	12216
sırlar	1535	12217
adamıyım	1535	12218
benziyorum	1535	12219
tutuklamak	1535	12220
kolombiya	1535	12221
norma	1535	12222
ısırdı	1535	12223
aradığımı	1535	12224
alanını	1534	12225
çingene	1534	12226
istisna	1534	12227
kaçarken	1534	12228
düşünmüyordum	1534	12229
tanrıça	1534	12230
got	1534	12231
ortamda	1534	12232
kimdir	1534	12233
deliler	1534	12234
hamilelik	1533	12235
aldığımda	1533	12236
düşürdün	1533	12237
aranan	1533	12238
gelmezse	1533	12239
yumruğu	1533	12240
benimkiler	1533	12241
ameliyattan	1533	12242
çöpü	1533	12243
insanlarız	1532	12244
söylerse	1532	12245
randevuya	1532	12246
ming	1532	12247
tiffany	1532	12248
bırakmıştım	1532	12249
öğrenmelisin	1532	12250
alıyordum	1532	12251
ihtimaline	1532	12252
çekerken	1532	12253
ödevini	1531	12254
kısıtlı	1531	12255
powell	1531	12256
frances	1531	12257
çalışmasını	1531	12258
bozuyor	1531	12259
söylenecek	1531	12260
birlikleri	1531	12261
birleşme	1531	12262
ruj	1531	12263
götüreceksin	1531	12264
mendil	1531	12265
olmadığımızı	1530	12266
araca	1530	12267
doğruluk	1530	12268
uyuyorum	1530	12269
komisyon	1530	12270
önünü	1530	12271
unutuyorsun	1529	12272
ederdin	1529	12273
kostümü	1529	12274
çenesini	1529	12275
suratıma	1529	12276
tehlikesi	1529	12277
mazur	1528	12278
köprüden	1528	12279
geçerse	1528	12280
plazma	1528	12281
piliç	1528	12282
öğretmek	1528	12283
baek	1527	12284
mani	1527	12285
parmağımı	1527	12286
adaletin	1527	12287
ilgilenmem	1527	12288
adadan	1526	12289
çağırıyorum	1526	12290
soruna	1526	12291
güvenme	1526	12292
doğruydu	1526	12293
edecektim	1526	12294
söylemişlerdi	1526	12295
tutuyorlar	1526	12296
kuruldu	1526	12297
sandığım	1526	12298
ödev	1525	12299
kanatları	1525	12300
şöhret	1525	12301
asma	1525	12302
konuşsun	1525	12303
lavaboya	1525	12304
agresif	1525	12305
reşit	1525	12306
öğreniyorum	1525	12307
planlıyorum	1525	12308
yapmışım	1525	12309
şanslısınız	1524	12310
sonraya	1524	12311
polisten	1524	12312
tarihinin	1524	12313
annelik	1524	12314
içerken	1523	12315
weaver	1523	12316
darwin	1523	12317
kapısına	1523	12318
konuştuğum	1523	12319
düşme	1522	12320
nabzı	1522	12321
öğrenelim	1522	12322
kalıntıları	1522	12323
başlarız	1522	12324
üzeresin	1522	12325
kaynıyor	1521	12326
durumla	1521	12327
ow	1521	12328
bakman	1521	12329
kalabiliriz	1521	12330
trenin	1521	12331
kalmalısın	1520	12332
lila	1520	12333
hedefin	1519	12334
öğrencilerin	1519	12335
suratlı	1519	12336
göstermiş	1519	12337
uyuyacağım	1519	12338
izleyeceğim	1519	12339
gidi	1519	12340
atarak	1519	12341
enerjisi	1518	12342
kaybetmekten	1518	12343
hataları	1518	12344
edith	1518	12345
çubuk	1518	12346
atayım	1518	12347
vurdular	1518	12348
vermezsen	1517	12349
hissetmedim	1517	12350
toplantısına	1517	12351
avukata	1517	12352
mezarı	1517	12353
bulursa	1517	12354
carly	1517	12355
yegane	1517	12356
demeliyim	1516	12357
konum	1516	12358
kullanımı	1516	12359
öğrenene	1516	12360
arkandan	1516	12361
yerimizi	1516	12362
sevmeye	1516	12363
hakkımız	1515	12364
acılı	1515	12365
nigel	1515	12366
hayatınız	1515	12367
jude	1515	12368
skandal	1515	12369
sonia	1515	12370
hikayeye	1515	12371
açılacak	1514	12372
demeden	1514	12373
başındaki	1514	12374
gu	1514	12375
konuşamazsın	1514	12376
lisedeyken	1514	12377
yazmıyor	1514	12378
vermeniz	1514	12379
büyükannen	1514	12380
babacık	1513	12381
almayacak	1513	12382
ağzımı	1513	12383
dövmesi	1513	12384
was	1513	12385
kalkar	1513	12386
vermenin	1512	12387
dandik	1512	12388
yaramazlık	1512	12389
meleğim	1512	12390
yayını	1511	12391
sini	1511	12392
uzanan	1511	12393
hasiktir	1511	12394
bilmeyecek	1511	12395
seyler	1511	12396
katılın	1511	12397
kumaş	1511	12398
başlayabilir	1511	12399
dayanamam	1510	12400
öğrenme	1510	12401
eğlenmeye	1510	12402
doğduğu	1510	12403
malik	1510	12404
çözüldü	1510	12405
yapılabilir	1509	12406
kapatmalıyım	1509	12407
getireceğini	1509	12408
lacey	1509	12409
çıktığın	1509	12410
öneriyorsun	1509	12411
canlısı	1509	12412
ham	1509	12413
gizlemek	1509	12414
kayboluyor	1508	12415
kayboldum	1508	12416
dönüşüyor	1508	12417
şarkının	1508	12418
burdasın	1508	12419
ayrılmayın	1508	12420
gitmenizi	1508	12421
yetmedi	1508	12422
çıkamaz	1507	12423
aceleye	1507	12424
topluyor	1507	12425
ka	1507	12426
müzesi	1506	12427
edilmişti	1506	12428
herifle	1506	12429
şirketler	1506	12430
finans	1506	12431
yunanistan	1506	12432
sookie	1505	12433
tehlikelidir	1505	12434
birimizin	1505	12435
koyduk	1505	12436
meteor	1505	12437
bitkiler	1504	12438
umursamıyorum	1504	12439
konuşsak	1504	12440
örnekleri	1504	12441
yapmalıydım	1504	12442
gördüklerini	1503	12443
savcısı	1503	12444
gemma	1503	12445
durumumuz	1503	12446
getirildi	1503	12447
saint	1503	12448
hapishaneden	1503	12449
evimizi	1503	12450
kolaylıkla	1503	12451
mccoy	1502	12452
iniyor	1502	12453
bender	1502	12454
seyi	1502	12455
anneye	1501	12456
cross	1501	12457
giyiyorum	1501	12458
tayin	1501	12459
saçım	1501	12460
gerektirecek	1501	12461
bölük	1500	12462
holden	1500	12463
gelecekten	1500	12464
kaybederiz	1500	12465
bağlar	1499	12466
günlerdeki	1499	12467
çakal	1499	12468
sunu	1498	12469
vaktiniz	1498	12470
sahnesi	1498	12471
uyarmak	1498	12472
krallığı	1498	12473
danielle	1498	12474
çalışmalar	1498	12475
bulmanı	1497	12476
yatacak	1497	12477
bulacaklar	1497	12478
önemini	1496	12479
vurur	1496	12480
bölümün	1496	12481
paha	1496	12482
sonbahar	1496	12483
görevine	1496	12484
gözde	1496	12485
brooks	1496	12486
günlüğü	1496	12487
karanlığa	1495	12488
açsana	1495	12489
koyacağız	1495	12490
gelmediğini	1495	12491
işlerle	1494	12492
lamba	1494	12493
enfes	1494	12494
ölmekten	1494	12495
nişanlı	1494	12496
göstermez	1494	12497
sağladım	1494	12498
korkuttu	1494	12499
ayrılırken	1493	12500
gazetesi	1493	12501
bulduğumda	1493	12502
tate	1492	12503
kaça	1492	12504
göremez	1492	12505
başüstüne	1492	12506
preston	1491	12507
hissetmeni	1491	12508
üstümde	1491	12509
desteğe	1491	12510
eşimin	1491	12511
işlerden	1490	12512
şekerli	1490	12513
düşünürsen	1490	12514
konuşmuş	1490	12515
şapkası	1490	12516
eğlenelim	1489	12517
bulabilirsiniz	1489	12518
sabıka	1489	12519
şeytana	1489	12520
tanışıyor	1489	12521
bulunduğumuz	1489	12522
senato	1489	12523
unuttunuz	1488	12524
sahipti	1488	12525
bomboş	1488	12526
muamelesi	1488	12527
değişmeyecek	1488	12528
uyudum	1488	12529
benzemez	1488	12530
stajyer	1487	12531
girmez	1487	12532
kurtardık	1487	12533
sormuyorsun	1487	12534
gelemezsin	1487	12535
peyniri	1487	12536
kıllı	1486	12537
görünebilir	1486	12538
maçına	1486	12539
koydular	1486	12540
uykular	1486	12541
bekleyemeyiz	1486	12542
ba	1486	12543
duy	1486	12544
hayallerini	1486	12545
müttefik	1485	12546
temsilcisi	1485	12547
kılık	1485	12548
beklettiğim	1485	12549
olamayacağını	1485	12550
tutunun	1485	12551
pacey	1485	12552
clayton	1484	12553
ilerde	1484	12554
yapılmasını	1483	12555
söküp	1483	12556
saldırıyor	1483	12557
gideceğimizi	1483	12558
grev	1483	12559
şikago	1483	12560
gazoz	1483	12561
yayında	1482	12562
gölün	1482	12563
kollarında	1482	12564
hissetmemiştim	1482	12565
görmeme	1482	12566
gecikti	1482	12567
burton	1482	12568
iğrençsin	1482	12569
yaralandın	1481	12570
hayırdır	1481	12571
alırsam	1481	12572
klingon	1480	12573
orasını	1480	12574
suçlamaları	1480	12575
dahice	1480	12576
kütüphanede	1479	12577
dememiş	1479	12578
dilerdim	1479	12579
çarptım	1479	12580
buster	1479	12581
nişanlısı	1479	12582
iyimisin	1479	12583
olamayacağım	1478	12584
köprünün	1478	12585
chip	1478	12586
gösterip	1478	12587
şuanda	1478	12588
anlamalısın	1478	12589
bahsedelim	1478	12590
gücümüz	1478	12591
evleniyorum	1478	12592
konuştuğun	1478	12593
barb	1477	12594
aletini	1477	12595
vardın	1477	12596
ekran	1477	12597
sevdiğimiz	1477	12598
keşfettim	1477	12599
katılmaya	1477	12600
dinlenmeye	1477	12601
türkiye	1477	12602
saatlere	1477	12603
köfte	1476	12604
hırslı	1476	12605
gereğinden	1476	12606
soktum	1476	12607
anlatacaksın	1476	12608
cartman	1476	12609
miş	1476	12610
kıyısında	1476	12611
oynadığını	1475	12612
psikoloji	1475	12613
takılan	1475	12614
montana	1475	12615
suzanne	1475	12616
kediyi	1475	12617
hücrede	1475	12618
söyleyebilirsiniz	1474	12619
bianca	1474	12620
üçünüz	1474	12621
hakkinda	1474	12622
masrafları	1474	12623
süvari	1474	12624
roosevelt	1474	12625
sawyer	1474	12626
topluluğu	1474	12627
değilken	1474	12628
denemeydi	1473	12629
anlığına	1473	12630
bırakmadan	1473	12631
kızınızın	1473	12632
bulacaksınız	1473	12633
dosyalarını	1473	12634
elleriyle	1473	12635
yapıyordunuz	1473	12636
sakal	1473	12637
gezegendeki	1473	12638
güneşe	1473	12639
striptizci	1473	12640
sandalyede	1473	12641
izliyoruz	1473	12642
fırsatta	1472	12643
biletler	1472	12644
hm	1472	12645
kucak	1472	12646
yayına	1472	12647
rekor	1472	12648
hangisinin	1472	12649
kapayın	1472	12650
ghost	1472	12651
itici	1472	12652
wolf	1471	12653
anneleri	1471	12654
çıkarmam	1471	12655
kocama	1471	12656
iple	1471	12657
olmazsan	1471	12658
neticede	1471	12659
hepsinde	1471	12660
sahibini	1471	12661
isteseydim	1470	12662
wook	1470	12663
çıkıyorlar	1470	12664
there	1470	12665
azı	1469	12666
ateşkes	1469	12667
kalite	1469	12668
salatası	1469	12669
becerikli	1469	12670
pastayı	1468	12671
görüşelim	1468	12672
orkestra	1468	12673
kirayı	1467	12674
benzemiyorsun	1467	12675
korkusuz	1467	12676
düşünmezdim	1467	12677
yasası	1467	12678
aleyküm	1467	12679
yapmakla	1467	12680
geldiğinizi	1467	12681
köprüye	1467	12682
süpriz	1467	12683
koduğumun	1467	12684
magnus	1466	12685
bilebilirim	1466	12686
asyalı	1466	12687
gazetelerde	1466	12688
ararız	1466	12689
venedik	1466	12690
solgun	1466	12691
olayından	1466	12692
düğünde	1466	12693
tereyağı	1465	12694
michigan	1465	12695
sebeplerden	1465	12696
ayin	1465	12697
üçüncüsü	1464	12698
kesecek	1464	12699
konular	1464	12700
mesafeden	1464	12701
durumum	1464	12702
demezsin	1464	12703
nsa	1464	12704
işlerde	1463	12705
okurum	1463	12706
büyüyünce	1463	12707
geçiyorsunuz	1463	12708
etmelerini	1462	12709
kabile	1462	12710
russ	1462	12711
anısına	1462	12712
marion	1462	12713
prue	1461	12714
sorunuz	1461	12715
bakmıyorsun	1461	12716
gösteriyorum	1460	12717
çıkarsan	1460	12718
tümü	1460	12719
oğulları	1460	12720
durmasını	1460	12721
zihnini	1460	12722
keserim	1460	12723
giysileri	1460	12724
yapabildin	1460	12725
kazak	1459	12726
iskoç	1459	12727
yazdığın	1459	12728
sancak	1459	12729
reis	1459	12730
batırdım	1459	12731
kazı	1459	12732
hayvanlara	1458	12733
şahitlik	1458	12734
tuzağı	1458	12735
julio	1458	12736
toprağın	1458	12737
doğruymuş	1458	12738
silahların	1457	12739
maskesi	1457	12740
light	1457	12741
düştüğü	1457	12742
tünaydın	1457	12743
karnı	1457	12744
sekreteri	1457	12745
müdürüm	1457	12746
müşterileri	1457	12747
nixon	1457	12748
geçerek	1456	12749
doğar	1456	12750
belliydi	1456	12751
lorelai	1456	12752
bardağı	1456	12753
madrid	1456	12754
tanışmadım	1456	12755
yapış	1456	12756
somut	1456	12757
aranda	1456	12758
kandırmaya	1455	12759
kibrit	1455	12760
anlaşılır	1455	12761
güvendeyiz	1455	12762
peşin	1455	12763
paulie	1455	12764
verecektir	1455	12765
kot	1455	12766
tedaviye	1454	12767
ayrılan	1454	12768
gidiyorduk	1454	12769
modası	1454	12770
üsse	1454	12771
görüşmeyeli	1454	12772
girerse	1454	12773
kurucu	1454	12774
arkadaşlarımdan	1454	12775
hisseder	1454	12776
chul	1454	12777
egzotik	1453	12778
medyum	1453	12779
karate	1453	12780
haven	1453	12781
söylüyordun	1453	12782
istasyonunda	1453	12783
müze	1453	12784
görevlileri	1453	12785
edebilirler	1453	12786
anlayamazsın	1452	12787
yiyoruz	1452	12788
aceleyle	1452	12789
yerinize	1451	12790
kurtulan	1451	12791
taşıyorsun	1451	12792
düşünürken	1451	12793
oluyorsunuz	1451	12794
ırk	1451	12795
yaşayacağız	1451	12796
rehabilitasyon	1451	12797
çalışırız	1451	12798
sarf	1451	12799
sokacak	1451	12800
bizle	1451	12801
sağlarım	1451	12802
iyimser	1451	12803
bitireyim	1450	12804
kitt	1450	12805
clive	1449	12806
pazarlama	1449	12807
bulduğumu	1449	12808
gelişti	1449	12809
görebileceğim	1449	12810
sağlığına	1448	12811
dük	1448	12812
edildiği	1448	12813
makineli	1448	12814
fransızlar	1448	12815
becer	1447	12816
endişelenmeye	1447	12817
olsunlar	1447	12818
sıram	1447	12819
kullanılıyor	1447	12820
düştük	1447	12821
hasat	1447	12822
tansiyon	1446	12823
iyisiniz	1446	12824
olsaydınız	1446	12825
kollarına	1446	12826
nash	1446	12827
kastediyorum	1446	12828
mara	1446	12829
unutmuşsun	1446	12830
isminin	1446	12831
mesajımı	1445	12832
arabamın	1445	12833
acelen	1445	12834
ziva	1445	12835
horoz	1445	12836
çıkamazsın	1445	12837
inancım	1445	12838
bittim	1444	12839
sonunun	1444	12840
dokunur	1444	12841
diğerinin	1444	12842
kolun	1444	12843
men	1444	12844
sokuyor	1444	12845
bindi	1444	12846
umursamaz	1444	12847
çekilen	1443	12848
joanna	1443	12849
etek	1443	12850
artan	1443	12851
yediğim	1443	12852
açmıyor	1443	12853
dayanılmaz	1443	12854
josie	1443	12855
haltlar	1443	12856
araçları	1443	12857
rip	1442	12858
mühendislik	1442	12859
suça	1442	12860
taraması	1442	12861
kuzeyde	1442	12862
ajanları	1442	12863
kalça	1442	12864
aciz	1442	12865
versem	1442	12866
ram	1442	12867
lindsey	1441	12868
kabuğu	1441	12869
worf	1441	12870
olabilirdin	1441	12871
alırsa	1441	12872
natasha	1440	12873
georgie	1440	12874
günüydü	1440	12875
bakması	1440	12876
vaziyette	1440	12877
gerçekleşen	1440	12878
beleş	1440	12879
duymaz	1440	12880
maura	1440	12881
gönderme	1439	12882
dönmez	1439	12883
yaramazsa	1439	12884
belirlemek	1437	12885
uyuya	1437	12886
bankanın	1437	12887
deve	1437	12888
söylesen	1437	12889
dalgaları	1437	12890
yollayın	1437	12891
yapmakta	1437	12892
teröristler	1437	12893
crawford	1436	12894
oturuyordu	1436	12895
sorulara	1436	12896
frederick	1435	12897
inanmaya	1435	12898
doktorların	1435	12899
çoğunun	1435	12900
yönetmeni	1435	12901
züppe	1434	12902
halledeyim	1434	12903
sızıntı	1434	12904
kafamdan	1434	12905
sorunlarım	1434	12906
elektriği	1433	12907
altıma	1433	12908
kalamayız	1433	12909
tarım	1433	12910
elsa	1433	12911
disk	1433	12912
saatlerdir	1433	12913
sorabilirsin	1433	12914
annemiz	1433	12915
deposu	1433	12916
araştır	1433	12917
aktris	1432	12918
tuttuğu	1432	12919
bağlantıya	1432	12920
malone	1432	12921
kurtarabilir	1432	12922
takıp	1432	12923
tesisi	1432	12924
anlatmam	1431	12925
haritayı	1431	12926
bilinçli	1431	12927
itibariyle	1431	12928
maureen	1431	12929
yemen	1430	12930
niyet	1430	12931
çim	1430	12932
çatal	1430	12933
arkadaşından	1430	12934
willow	1430	12935
huzuru	1430	12936
annenden	1429	12937
ediyorsa	1429	12938
protein	1429	12939
dağa	1429	12940
korkuyordu	1429	12941
tüpü	1429	12942
değdi	1429	12943
girdiniz	1429	12944
rüzgarı	1429	12945
aksiyon	1428	12946
tipim	1428	12947
sınıfın	1428	12948
uzunca	1428	12949
gracie	1428	12950
sözcük	1428	12951
otelden	1428	12952
açıklayacak	1427	12953
yıldızlara	1427	12954
isabella	1427	12955
hediyeyi	1427	12956
peşime	1427	12957
sebepsiz	1427	12958
aldırma	1427	12959
kusacağım	1427	12960
kaybettiniz	1426	12961
koşup	1426	12962
paranız	1426	12963
bombalar	1426	12964
gezintiye	1426	12965
nesne	1425	12966
çıkamam	1425	12967
ajansı	1425	12968
masasına	1425	12969
zincir	1425	12970
trenle	1425	12971
duyamadım	1425	12972
çalarken	1425	12973
yakışmış	1425	12974
ayyaş	1425	12975
dünyasının	1425	12976
kaybından	1424	12977
siper	1424	12978
dörtte	1424	12979
latince	1424	12980
otu	1424	12981
istemeden	1424	12982
tükendi	1423	12983
yılımı	1423	12984
davranın	1423	12985
yemeklerini	1423	12986
karşılamak	1423	12987
fırın	1423	12988
bisküvi	1423	12989
kültürel	1422	12990
ayaklarının	1422	12991
sayılırım	1422	12992
ebediyen	1421	12993
affediyorum	1421	12994
öncesinden	1421	12995
tarihte	1421	12996
gönderecek	1421	12997
topraklar	1421	12998
queens	1421	12999
gelişim	1421	13000
değiştiğini	1421	13001
haritası	1421	13002
etmiyorlar	1421	13003
gelişi	1420	13004
milton	1420	13005
parlıyor	1420	13006
barbekü	1419	13007
bombanın	1419	13008
salağın	1419	13009
tutuklanmış	1419	13010
değiştireceğim	1419	13011
county	1419	13012
konuştuğu	1419	13013
isteme	1418	13014
isteyeceksin	1418	13015
çektiğim	1418	13016
kumarhane	1418	13017
santiago	1418	13018
cassidy	1417	13019
bozma	1417	13020
iyiyimdir	1417	13021
bombaları	1417	13022
içeriz	1417	13023
sokmaya	1417	13024
işimden	1417	13025
noktamız	1416	13026
saatlerinde	1416	13027
zero	1416	13028
askıya	1416	13029
bırakmıyor	1416	13030
kurma	1416	13031
daireyi	1416	13032
tutuklusunuz	1416	13033
zirveye	1416	13034
lori	1416	13035
açtığı	1416	13036
taşıyorum	1416	13037
now	1416	13038
yoktun	1416	13039
sevk	1416	13040
rom	1416	13041
dükkanın	1416	13042
sıkıntılı	1415	13043
centilmen	1415	13044
toplantısında	1415	13045
çakmak	1415	13046
yararına	1415	13047
durmanı	1415	13048
tecrübeli	1415	13049
oğlanlar	1415	13050
yapıldığı	1415	13051
tutacağız	1414	13052
araması	1414	13053
edebileceğimi	1414	13054
öğrenmenin	1414	13055
hayalleri	1414	13056
seviniyorum	1414	13057
brendan	1413	13058
beklemekten	1413	13059
davul	1413	13060
hakiki	1413	13061
yukarda	1413	13062
çarpan	1413	13063
sabahleyin	1413	13064
duymadınız	1413	13065
böcekleri	1413	13066
kişiyiz	1412	13067
cumhuriyeti	1412	13068
görsem	1412	13069
çalışırdı	1412	13070
savaşları	1412	13071
evrendeki	1412	13072
kestirme	1411	13073
kayboldun	1411	13074
dönersin	1411	13075
düşünmeliyiz	1411	13076
istasyonda	1411	13077
çalışmıyorsun	1410	13078
değiştim	1410	13079
elbiseleri	1410	13080
katılır	1410	13081
seyahate	1410	13082
saymazsak	1410	13083
sevdiğiniz	1410	13084
gömleğini	1410	13085
doğruladı	1410	13086
bağırıyor	1410	13087
bilemezsiniz	1410	13088
karşına	1409	13089
minnettarız	1409	13090
anita	1409	13091
cüzdanımı	1409	13092
bulutlar	1409	13093
tabut	1408	13094
malzemeler	1408	13095
parçam	1408	13096
hastaların	1408	13097
julius	1408	13098
kandırdın	1408	13099
sormadın	1408	13100
ölmemiş	1408	13101
mutfağı	1408	13102
bağlıdır	1407	13103
kadara	1407	13104
ticareti	1407	13105
yaşın	1407	13106
bebekle	1407	13107
gururla	1406	13108
alexis	1406	13109
kariyerim	1406	13110
boğulmuş	1406	13111
stacy	1406	13112
venüs	1405	13113
kartımı	1405	13114
anlatmış	1405	13115
fran	1405	13116
başlatmak	1405	13117
başlamalıyız	1405	13118
babaları	1405	13119
hırsızlığı	1405	13120
ablan	1405	13121
almayın	1405	13122
göstermem	1404	13123
maymunlar	1404	13124
yatağımda	1404	13125
seyret	1404	13126
heh	1403	13127
ibrahim	1403	13128
boşalt	1403	13129
kızartması	1403	13130
yaşımdan	1403	13131
üs	1403	13132
tanıyordum	1403	13133
söylememiştin	1403	13134
hastaya	1403	13135
güverte	1403	13136
beta	1402	13137
toplantıyı	1402	13138
uzaklaştırma	1402	13139
hazırlanmış	1401	13140
beğenmedim	1401	13141
aradığında	1401	13142
salona	1401	13143
peruk	1401	13144
seyirciler	1401	13145
karıştırıyor	1401	13146
ri	1401	13147
tarafındaki	1401	13148
dersine	1401	13149
anlamanı	1400	13150
öldürürsen	1400	13151
kozmik	1400	13152
kardeşlik	1400	13153
görülür	1400	13154
acınacak	1400	13155
edecekti	1400	13156
evlenmeye	1400	13157
eriyor	1399	13158
başlık	1399	13159
neleri	1399	13160
sayılmam	1399	13161
gidiyormuş	1399	13162
çevrili	1399	13163
toprakları	1399	13164
şımarık	1399	13165
seksten	1399	13166
başlat	1399	13167
kiloluk	1398	13168
hakla	1398	13169
annesiyim	1398	13170
evindeki	1398	13171
koz	1398	13172
durumunuz	1398	13173
göğüsleri	1398	13174
düşündüren	1397	13175
uyudu	1397	13176
tövbe	1397	13177
giyinmiş	1397	13178
parçasıydı	1397	13179
melez	1397	13180
verirsek	1397	13181
hurda	1397	13182
zorundadır	1397	13183
günahkar	1397	13184
öğrenmemiz	1396	13185
heykeli	1396	13186
kovuldum	1396	13187
aletler	1396	13188
jeanne	1396	13189
izleyelim	1396	13190
röntgen	1396	13191
oxford	1395	13192
sağlama	1395	13193
bölüme	1395	13194
gemisine	1395	13195
ayarlamak	1395	13196
sinsice	1395	13197
teşkilatı	1395	13198
izleyip	1395	13199
ağzın	1395	13200
beklediği	1394	13201
bugünü	1394	13202
bulvarı	1394	13203
delhi	1394	13204
eğleneceğiz	1393	13205
yalandı	1393	13206
soy	1393	13207
bilirler	1393	13208
oturdum	1393	13209
paralel	1393	13210
courtney	1393	13211
churchill	1392	13212
yiyebilir	1392	13213
öğrenmesi	1392	13214
geçtiler	1392	13215
açılın	1392	13216
timothy	1392	13217
xin	1391	13218
bilirdi	1391	13219
çekinme	1391	13220
bulunduğum	1391	13221
kırılgan	1391	13222
konusuna	1391	13223
horatio	1391	13224
söylemesini	1391	13225
duyardı	1391	13226
harf	1391	13227
problemimiz	1391	13228
bastın	1391	13229
gittiklerini	1391	13230
kelso	1391	13231
öküz	1391	13232
superman	1391	13233
acıttı	1391	13234
kalktım	1390	13235
kuvvetler	1390	13236
ruhunun	1390	13237
göründüğünden	1390	13238
benimkinden	1390	13239
yediği	1390	13240
içinse	1389	13241
gruplar	1389	13242
köylüler	1389	13243
ikinizden	1389	13244
kurmayı	1388	13245
sığ	1388	13246
keyfin	1388	13247
soslu	1388	13248
araştırıyor	1387	13249
yakma	1387	13250
yanılıyorsunuz	1387	13251
roberto	1387	13252
tahminim	1387	13253
başlayayım	1386	13254
lekesi	1386	13255
po	1386	13256
fantastik	1386	13257
ala	1386	13258
bulmuştum	1385	13259
göğsüne	1385	13260
haklıyım	1385	13261
geçirin	1385	13262
uyandırmak	1384	13263
yapamayacağımı	1384	13264
minibüs	1384	13265
kamyoneti	1384	13266
avusturya	1384	13267
araman	1384	13268
kalacaklar	1384	13269
sokaktaki	1384	13270
yollarım	1384	13271
uzatma	1383	13272
hayranlık	1383	13273
jesus	1383	13274
gidiş	1383	13275
bip	1383	13276
yakalama	1383	13277
leah	1383	13278
anlatırsın	1382	13279
heyecanlandım	1382	13280
tarzan	1382	13281
vardığımızda	1382	13282
rap	1382	13283
sırtına	1382	13284
yaşayabilir	1381	13285
doğduğunda	1381	13286
dilinde	1381	13287
hafifçe	1381	13288
benimdir	1381	13289
esnada	1381	13290
aramanı	1381	13291
kaçırdığını	1381	13292
anlayacaktır	1381	13293
bedenin	1381	13294
yaptığıma	1381	13295
yatıyordu	1381	13296
hannibal	1380	13297
sorumluyum	1380	13298
sırtından	1380	13299
moya	1380	13300
soruşturması	1380	13301
soğukkanlı	1380	13302
demokrasi	1380	13303
ışığını	1379	13304
alırdı	1379	13305
fiyata	1379	13306
davranıp	1379	13307
viyana	1379	13308
çıkayım	1379	13309
atak	1379	13310
kasvetli	1379	13311
liseye	1378	13312
dağlar	1378	13313
çekeceğiz	1378	13314
hazırladı	1378	13315
neresinde	1378	13316
sözün	1378	13317
edebiyat	1378	13318
piyasaya	1377	13319
ekle	1377	13320
etmezler	1377	13321
yürekli	1377	13322
finanse	1377	13323
lisbon	1377	13324
edinmek	1377	13325
veriliyor	1376	13326
turk	1376	13327
tepesine	1376	13328
marcy	1376	13329
çevreyi	1376	13330
sabırsızlıkla	1376	13331
nöbeti	1376	13332
düşmanları	1376	13333
bryce	1376	13334
pisliğe	1376	13335
dinleyecek	1376	13336
şansına	1376	13337
bildirdi	1375	13338
etmeyen	1375	13339
yasağı	1375	13340
atabilir	1375	13341
geziye	1375	13342
adem	1375	13343
geleceğine	1375	13344
bekçi	1374	13345
aramalıyız	1374	13346
sherry	1374	13347
satıldı	1374	13348
bağışıklık	1374	13349
yay	1374	13350
dahisin	1374	13351
düşünüyorduk	1373	13352
meselesini	1373	13353
wheeler	1373	13354
öldürmedin	1373	13355
masraflarını	1373	13356
başlamaya	1373	13357
dişini	1373	13358
haberlere	1373	13359
gazeteler	1373	13360
görürseniz	1373	13361
ayır	1373	13362
vip	1373	13363
durması	1373	13364
görünümlü	1372	13365
abartılı	1372	13366
ira	1371	13367
çalma	1371	13368
burak	1371	13369
zorlanıyorum	1371	13370
beck	1371	13371
manyağı	1371	13372
sisteminde	1370	13373
gülümseyin	1370	13374
şşş	1370	13375
arıyorduk	1370	13376
arkadaşlarımız	1370	13377
zehri	1370	13378
kıpırda	1370	13379
torpido	1370	13380
inançlı	1370	13381
giles	1369	13382
ak	1369	13383
topluma	1369	13384
sorman	1369	13385
öder	1369	13386
karşılama	1369	13387
yerindeki	1369	13388
sistemde	1369	13389
valentine	1369	13390
banks	1369	13391
olayında	1369	13392
bekleniyor	1368	13393
kanadı	1368	13394
sıçrama	1368	13395
edepsiz	1368	13396
uçakları	1368	13397
tepenin	1368	13398
sar	1368	13399
becerdin	1368	13400
durumları	1368	13401
numaran	1367	13402
geçirelim	1367	13403
bilimi	1367	13404
haftaki	1367	13405
ofisini	1367	13406
komite	1367	13407
ağlayan	1367	13408
saçına	1367	13409
saatimi	1367	13410
hayley	1366	13411
vermezdim	1366	13412
girişimi	1366	13413
arz	1366	13414
bilinç	1366	13415
yapacaktır	1366	13416
kampına	1366	13417
merkezindeki	1365	13418
oğlanı	1365	13419
öptü	1365	13420
mayın	1365	13421
aittir	1365	13422
bitirmeye	1364	13423
soruyorsunuz	1364	13424
kalırsak	1364	13425
yanımdan	1364	13426
kaybolur	1364	13427
carolina	1364	13428
hatırlamıyorsun	1364	13429
kımıldamayın	1364	13430
hastanesine	1364	13431
döndüğü	1363	13432
görünecek	1363	13433
stanford	1363	13434
inanmaz	1363	13435
okyanusa	1363	13436
vermediler	1363	13437
limonata	1363	13438
üstat	1363	13439
renkler	1363	13440
dolabı	1362	13441
dök	1362	13442
vardiya	1362	13443
cenneti	1362	13444
saraya	1362	13445
kullanım	1362	13446
geçmiyor	1362	13447
geçeyim	1362	13448
acılar	1362	13449
aştım	1361	13450
bitirir	1361	13451
sevgiyle	1361	13452
cezayı	1361	13453
olmazsın	1361	13454
veriler	1361	13455
varış	1361	13456
sakso	1361	13457
olmadıklarını	1361	13458
açmayı	1361	13459
özgürüm	1361	13460
aptalcaydı	1361	13461
she	1361	13462
ergen	1361	13463
nikah	1361	13464
işletme	1361	13465
müzikal	1360	13466
mustafa	1360	13467
düşünmekten	1360	13468
enkaz	1359	13469
alacaktır	1359	13470
konuşmadı	1359	13471
kamyona	1359	13472
konserve	1359	13473
buralı	1359	13474
peygamber	1359	13475
öneri	1359	13476
olmasıdır	1359	13477
diyeceğiz	1359	13478
kovdu	1358	13479
katlanamıyorum	1358	13480
götürdün	1358	13481
dönmelisin	1358	13482
huzurunda	1358	13483
araştırmalar	1357	13484
yardımıma	1357	13485
öldürüyorsun	1357	13486
dedektifler	1357	13487
yarışmaya	1357	13488
ilanı	1357	13489
havuzda	1357	13490
istasyonuna	1357	13491
öncelik	1357	13492
kütüphaneye	1357	13493
karşılıksız	1357	13494
birsey	1357	13495
hemfikir	1356	13496
karanlıktan	1356	13497
zıpla	1356	13498
yaratığı	1356	13499
saldır	1356	13500
batıl	1356	13501
olmaksızın	1356	13502
asistanım	1356	13503
duymamış	1356	13504
savaşçısı	1356	13505
bataklık	1356	13506
maddy	1355	13507
hakem	1355	13508
gezegenler	1355	13509
bakıcısı	1355	13510
yakınız	1355	13511
kedisi	1355	13512
harriet	1354	13513
duracağım	1354	13514
maçta	1354	13515
çıktınız	1354	13516
kullandığım	1354	13517
tutuluyor	1354	13518
karavan	1354	13519
kahramanlık	1354	13520
meraktan	1354	13521
cihazını	1353	13522
ty	1353	13523
emriyle	1353	13524
dokuzuncu	1353	13525
karıştırıyorsun	1353	13526
vaaz	1353	13527
olabileceğim	1352	13528
bildiğinden	1352	13529
dilimi	1352	13530
lopez	1352	13531
dönebilirsin	1352	13532
ihtimale	1352	13533
çizim	1352	13534
ittifak	1352	13535
evreni	1351	13536
suçlamak	1351	13537
seninde	1351	13538
astronot	1351	13539
hastanesinde	1351	13540
kaybetmeyi	1351	13541
good	1351	13542
sözüne	1351	13543
yasalar	1351	13544
karşıyayız	1351	13545
şeytanlar	1350	13546
allan	1350	13547
gerçekleştirmek	1350	13548
okuyacak	1350	13549
erotik	1350	13550
çektik	1350	13551
yoldayım	1350	13552
atık	1350	13553
sıkıntısı	1350	13554
unutmuştum	1349	13555
atlantik	1349	13556
yırtıcı	1349	13557
kadarmış	1349	13558
saldırının	1348	13559
içen	1348	13560
mimi	1348	13561
öğrenmeliyiz	1348	13562
yaşlılar	1348	13563
kartın	1348	13564
beklemeliyiz	1347	13565
keder	1347	13566
ekipleri	1347	13567
getireceksin	1347	13568
çember	1347	13569
kullanmıyorum	1347	13570
byron	1347	13571
aspirin	1347	13572
akıp	1347	13573
sağlayabilirim	1346	13574
sınırlarını	1346	13575
giysilerini	1346	13576
bilmiyormuş	1346	13577
allahın	1346	13578
çarmıha	1346	13579
keman	1346	13580
come	1346	13581
yaradığını	1346	13582
tamamlamak	1346	13583
çoklu	1346	13584
eşyaların	1345	13585
yerleşim	1345	13586
milletler	1345	13587
alanları	1345	13588
merkezinden	1345	13589
aşamada	1345	13590
koyuyorsun	1345	13591
ss	1345	13592
isimle	1345	13593
maçın	1345	13594
karşılaşmak	1345	13595
dursana	1345	13596
cilt	1344	13597
laboratuvara	1344	13598
sını	1343	13599
yakışır	1343	13600
öğrenirsin	1343	13601
esrarengiz	1343	13602
durumdalar	1343	13603
armstrong	1343	13604
etmezdi	1343	13605
ritchie	1343	13606
olmamasına	1342	13607
bulundun	1342	13608
kullanırken	1342	13609
birbirimiz	1342	13610
st	1342	13611
görüntülerini	1342	13612
çekeceksin	1342	13613
görebilmek	1342	13614
ağa	1342	13615
ortasındayız	1342	13616
bakmamı	1341	13617
who	1341	13618
sokar	1341	13619
flint	1341	13620
adamlarımız	1341	13621
mahvediyor	1341	13622
elbiseli	1341	13623
altındayız	1341	13624
gülen	1341	13625
büyüktür	1341	13626
konuları	1340	13627
ayarlarım	1340	13628
kafandan	1340	13629
bırakılmış	1340	13630
alınması	1340	13631
beklersin	1340	13632
sayılı	1340	13633
kamyonun	1340	13634
izledi	1340	13635
bahsettiğinizi	1339	13636
millie	1339	13637
yaptırdı	1339	13638
celia	1339	13639
hissediyorsunuz	1339	13640
görüşü	1339	13641
izine	1338	13642
adamlarımı	1338	13643
ulaşamıyorum	1338	13644
suçluları	1338	13645
alkollü	1338	13646
dikilip	1338	13647
ayrılıyoruz	1338	13648
tüyler	1338	13649
şirketinde	1338	13650
unutmaya	1338	13651
bulaştı	1338	13652
nypd	1338	13653
getirmesi	1337	13654
old	1337	13655
biliniyor	1337	13656
köşeyi	1337	13657
çalışkan	1337	13658
len	1337	13659
çatıdan	1337	13660
clinton	1337	13661
bakımı	1336	13662
rush	1336	13663
kasaya	1336	13664
rengini	1336	13665
fen	1336	13666
içindesin	1335	13667
muhabbeti	1335	13668
stalin	1335	13669
çilek	1335	13670
north	1335	13671
albümü	1335	13672
vatandaşı	1335	13673
kahkaha	1335	13674
inancın	1335	13675
hiçbiriniz	1334	13676
gençlerin	1334	13677
fikrimiz	1334	13678
çalışmıştım	1334	13679
dayız	1334	13680
kadin	1334	13681
sokaktan	1334	13682
ine	1334	13683
göndermeye	1334	13684
demekti	1334	13685
les	1333	13686
akrabası	1333	13687
tanışmadan	1333	13688
bırakarak	1333	13689
aldıkları	1333	13690
sağdan	1333	13691
karıştırıcı	1333	13692
başkalarıyla	1333	13693
majestelerinin	1332	13694
nüfus	1332	13695
demen	1332	13696
amcası	1332	13697
bitmeyecek	1332	13698
benimsin	1332	13699
olmamalısın	1331	13700
alışkın	1331	13701
denizaltı	1331	13702
kahveyi	1331	13703
resme	1331	13704
karardı	1331	13705
whitney	1330	13706
bilmezsin	1330	13707
hor	1330	13708
girdiğimde	1330	13709
cüzdanı	1330	13710
yüzmek	1330	13711
balta	1330	13712
şişesi	1330	13713
bacaklarım	1330	13714
analizi	1330	13715
katkıda	1330	13716
bakmalıyız	1330	13717
zaferi	1329	13718
hayatlarımızı	1329	13719
plaka	1329	13720
ahmet	1329	13721
beşlik	1329	13722
kiraz	1329	13723
antoine	1329	13724
hisleri	1329	13725
hacı	1329	13726
dönüşür	1329	13727
kucağına	1329	13728
doğacak	1329	13729
aceleci	1328	13730
rupi	1328	13731
kavgayı	1328	13732
kanıtlıyor	1328	13733
uyuyorsun	1328	13734
değişebilir	1328	13735
bilmeye	1328	13736
sel	1328	13737
asansörde	1327	13738
billie	1327	13739
haplar	1327	13740
fırında	1327	13741
bulamadılar	1327	13742
caitlin	1327	13743
motorları	1327	13744
aşıksın	1327	13745
yakar	1326	13746
tarzın	1326	13747
once	1326	13748
duyguların	1326	13749
post	1326	13750
ordudan	1326	13751
tesekkürler	1326	13752
alabiliyorum	1326	13753
merdivenleri	1326	13754
istiyordur	1326	13755
soyadını	1326	13756
sağladın	1326	13757
savunmaya	1325	13758
dutch	1325	13759
izledik	1325	13760
dekan	1325	13761
başlığı	1325	13762
sorar	1325	13763
mississippi	1325	13764
içişleri	1325	13765
arasın	1325	13766
referans	1325	13767
ikimizden	1325	13768
yasaktır	1324	13769
gezegenden	1324	13770
ayakkabılarımı	1324	13771
süresince	1324	13772
titriyor	1324	13773
sembol	1324	13774
tekidir	1324	13775
içtik	1324	13776
etmeyeceksin	1324	13777
penguen	1324	13778
jürinin	1324	13779
gazla	1324	13780
degilim	1323	13781
olmayınca	1323	13782
hissetmiştim	1323	13783
kanamayı	1323	13784
sahipsiniz	1323	13785
olacağın	1322	13786
sandığından	1322	13787
ruhuna	1322	13788
alacaktım	1322	13789
çekirdek	1322	13790
babasından	1322	13791
ollie	1322	13792
patlamaya	1321	13793
acıdan	1321	13794
yala	1321	13795
inanmamı	1321	13796
sorduğum	1321	13797
harley	1321	13798
dizayn	1321	13799
henri	1320	13800
mutant	1320	13801
kullanırız	1320	13802
alabilecek	1320	13803
senaryoyu	1320	13804
yeğeni	1320	13805
durdurmalıyız	1320	13806
tuğla	1319	13807
kavuşturalım	1319	13808
teknolojisi	1319	13809
piçi	1319	13810
takıyorsun	1319	13811
tepesi	1319	13812
kuyruğu	1319	13813
okurken	1319	13814
uçaklar	1319	13815
değişken	1318	13816
takıntılı	1318	13817
yeryüzünde	1318	13818
çalışırsan	1318	13819
güvenle	1318	13820
göstereceğiz	1318	13821
odanı	1318	13822
yapamazlar	1318	13823
görünmeye	1318	13824
cristina	1318	13825
oswald	1318	13826
flaş	1318	13827
gönderdiğini	1317	13828
hızını	1317	13829
baby	1317	13830
yoksul	1317	13831
geçireceksin	1317	13832
randevumuz	1317	13833
diledim	1317	13834
davranır	1317	13835
kurduk	1317	13836
prosedür	1317	13837
saklamış	1317	13838
yollara	1316	13839
kişilerle	1316	13840
pusuya	1316	13841
gevşek	1316	13842
kaybedeceksin	1316	13843
kontrole	1316	13844
büyükannemin	1316	13845
neşelen	1316	13846
mankafa	1316	13847
kardeşleri	1316	13848
yüzüğünü	1316	13849
kremi	1316	13850
tik	1316	13851
wa	1316	13852
başarmış	1316	13853
liseli	1316	13854
zenciler	1315	13855
first	1315	13856
açıklarım	1315	13857
kurtarmış	1315	13858
tatsız	1315	13859
ekibe	1314	13860
kaçırıyorsun	1314	13861
yatılı	1314	13862
bekledi	1314	13863
alacağımı	1314	13864
gezmek	1314	13865
keşfetmek	1314	13866
clarence	1314	13867
aylak	1314	13868
attığın	1314	13869
herman	1314	13870
engelli	1314	13871
zoey	1314	13872
evlenmeden	1314	13873
erzak	1314	13874
gerekenleri	1313	13875
eksikliği	1313	13876
bitirin	1313	13877
cehennemi	1313	13878
fry	1313	13879
bakmadan	1313	13880
coop	1312	13881
adrenalin	1312	13882
obama	1312	13883
bayılacak	1311	13884
beton	1311	13885
noktasında	1311	13886
şunlar	1311	13887
bulunamadı	1311	13888
faturaları	1311	13889
kazada	1311	13890
düzgünce	1311	13891
güvenliğin	1310	13892
sayılar	1310	13893
cephane	1310	13894
yardımım	1310	13895
seçin	1310	13896
çalışmamız	1310	13897
organları	1310	13898
yapmazsın	1310	13899
çıkardılar	1310	13900
kutsasın	1310	13901
silas	1310	13902
çıkıyordu	1310	13903
şeyse	1310	13904
marianne	1310	13905
milyonlar	1309	13906
önerim	1309	13907
sinclair	1309	13908
inandın	1309	13909
kazanın	1309	13910
büyükbaban	1309	13911
malzemesi	1309	13912
pilotu	1309	13913
vardi	1309	13914
odamı	1308	13915
kullanmaktan	1308	13916
görmediğini	1308	13917
ayarlayabilirim	1307	13918
yerdeler	1307	13919
akışı	1307	13920
crowley	1306	13921
seçimini	1306	13922
ferrari	1306	13923
kraliçem	1306	13924
konuşmayacağım	1306	13925
kafaları	1306	13926
sevilen	1306	13927
dinlemelisin	1306	13928
yakaladınız	1306	13929
yıldızlı	1306	13930
hikayemi	1306	13931
seninleyim	1305	13932
dersinde	1305	13933
gömleği	1305	13934
saçmalığa	1305	13935
indirmek	1305	13936
sırtım	1305	13937
yapsana	1305	13938
girmeme	1305	13939
battı	1304	13940
ayrılmaya	1304	13941
anlattığın	1304	13942
benimkine	1304	13943
aeryn	1304	13944
gemiyle	1304	13945
yalanı	1303	13946
hatırına	1303	13947
cary	1303	13948
babil	1303	13949
programında	1303	13950
sokan	1302	13951
patlak	1302	13952
ofisin	1302	13953
sınava	1302	13954
katılacağım	1302	13955
bulmuştu	1302	13956
bencilce	1302	13957
piyasa	1302	13958
kapılarını	1302	13959
yapmazsam	1302	13960
sorgulamak	1302	13961
gördükleri	1302	13962
oynuyorlar	1302	13963
temizlemeye	1302	13964
dolanıp	1301	13965
mizah	1301	13966
ulaştım	1301	13967
hiçbirinin	1301	13968
gıcık	1301	13969
nat	1301	13970
yürüyorum	1301	13971
mahallinde	1301	13972
dillon	1301	13973
mecburum	1301	13974
seçiyorum	1301	13975
çağ	1301	13976
verilir	1301	13977
dayanır	1300	13978
gazeteyi	1300	13979
kaptanın	1300	13980
yum	1300	13981
cennetten	1300	13982
amerikalıların	1300	13983
gecesinde	1300	13984
yanılmıyorsam	1300	13985
bırakmadın	1300	13986
franco	1300	13987
kurbanımız	1300	13988
kontrat	1300	13989
krala	1300	13990
hesapları	1299	13991
öteye	1299	13992
ayrılacak	1299	13993
bulamazsak	1299	13994
şeftali	1299	13995
güvenmelisin	1299	13996
alaşağı	1299	13997
kalmasın	1299	13998
zanlı	1298	13999
crystal	1298	14000
wanda	1298	14001
işlenmiş	1298	14002
babasıyım	1298	14003
öyleler	1298	14004
büyütülecek	1298	14005
piskopos	1298	14006
haneye	1298	14007
düzensiz	1298	14008
kalbinden	1298	14009
bırakmasını	1298	14010
let	1297	14011
arayı	1297	14012
yapmazsak	1297	14013
hatırlat	1297	14014
matthews	1297	14015
eliyle	1297	14016
karşıladı	1297	14017
kulağın	1297	14018
hediyeleri	1297	14019
soya	1297	14020
çıkarırım	1297	14021
kesmeye	1297	14022
sırrın	1296	14023
bırakabilirim	1296	14024
sakince	1296	14025
açmam	1296	14026
dönmemiz	1295	14027
niyetin	1295	14028
arzusu	1295	14029
düşerse	1295	14030
heryerde	1295	14031
bakmıyor	1295	14032
öldüreceğiz	1295	14033
defter	1295	14034
iskele	1295	14035
tehdidi	1294	14036
koyan	1294	14037
hawkins	1294	14038
jorge	1294	14039
arayabilirsin	1294	14040
kapıldım	1294	14041
koşan	1294	14042
gercekten	1294	14043
kev	1294	14044
nane	1294	14045
olmadıkça	1294	14046
reklamı	1294	14047
ömrü	1294	14048
vermeli	1293	14049
görüldüğü	1293	14050
otis	1293	14051
burdaki	1293	14052
sözlerin	1293	14053
üzmek	1293	14054
görülmemiş	1293	14055
karıştırmak	1293	14056
götüren	1293	14057
evlenip	1293	14058
butters	1293	14059
kapatalım	1293	14060
kızdım	1293	14061
kıskanıyorum	1293	14062
şifresini	1293	14063
temizlikçi	1292	14064
altındaydı	1292	14065
akademisi	1292	14066
gidecektim	1292	14067
hücreleri	1292	14068
karışmak	1292	14069
rüzgarın	1292	14070
başladığımız	1291	14071
yürümüyor	1291	14072
kulaklarını	1291	14073
görüyorlar	1291	14074
kastetmiştim	1291	14075
sözlerine	1290	14076
oyuncuları	1290	14077
bacaklarımı	1290	14078
vereceği	1290	14079
işlediğini	1290	14080
düğünden	1290	14081
çarpıcı	1289	14082
sanıyordu	1289	14083
piyango	1289	14084
müvekkilimin	1289	14085
truman	1289	14086
dereceden	1289	14087
ortaklık	1288	14088
skinner	1288	14089
jax	1288	14090
global	1288	14091
kasada	1288	14092
hollow	1288	14093
şapkayı	1288	14094
atmosfer	1288	14095
bastım	1287	14096
lahana	1287	14097
katlanmak	1287	14098
önemsiyorum	1287	14099
pratt	1287	14100
yoğurt	1287	14101
sakladığı	1287	14102
bennet	1286	14103
here	1286	14104
özürlü	1286	14105
geçmeliyiz	1286	14106
yakacak	1286	14107
grubunun	1286	14108
atılan	1286	14109
kıyak	1286	14110
tamirci	1285	14111
mucizevi	1285	14112
kralım	1285	14113
faith	1285	14114
milyoner	1285	14115
they	1285	14116
bulmanın	1285	14117
verirsiniz	1285	14118
biliriz	1285	14119
katrina	1285	14120
havanın	1285	14121
vahşice	1284	14122
eğlendim	1284	14123
görebilirim	1284	14124
açıklamama	1284	14125
saklanacak	1284	14126
sokaklara	1284	14127
heidi	1284	14128
kandırdı	1284	14129
hastaydı	1284	14130
bilgisayarın	1284	14131
yapsaydım	1284	14132
pisi	1284	14133
sordunuz	1284	14134
tedbirli	1284	14135
peşindeyim	1283	14136
amcamın	1283	14137
düşünüyorsanız	1283	14138
birbirlerinin	1283	14139
gallagher	1282	14140
susamış	1282	14141
ahşap	1282	14142
olmandan	1282	14143
kazandığı	1282	14144
yürüdüm	1282	14145
sabıkası	1282	14146
örgütü	1282	14147
meyveli	1281	14148
enayi	1281	14149
kötüyüm	1281	14150
saklıyorum	1281	14151
öldürmenin	1281	14152
kirsten	1281	14153
bakabilirsin	1281	14154
itfaiyeci	1281	14155
stacey	1280	14156
öğrenin	1280	14157
cana	1280	14158
işlerimiz	1280	14159
gelmeyeceğim	1280	14160
ilacın	1280	14161
davranıyorlar	1279	14162
mahalli	1279	14163
gerçekleşiyor	1279	14164
radar	1279	14165
ceviz	1279	14166
kullanışlı	1278	14167
kuvveti	1278	14168
başladınız	1278	14169
anlayacağın	1278	14170
anlatmıyorsun	1278	14171
bilmeli	1278	14172
kanım	1278	14173
metreden	1278	14174
balistik	1278	14175
bankayı	1278	14176
dolly	1278	14177
dinlemeyi	1278	14178
isteyenler	1278	14179
gelsen	1277	14180
bulmasını	1277	14181
başarabilirsin	1277	14182
eklemek	1277	14183
söylemediler	1277	14184
bulduğunuz	1277	14185
girl	1277	14186
gösterdiğin	1277	14187
deacon	1277	14188
dostuz	1276	14189
hazırlayacağım	1276	14190
hazırda	1276	14191
şansları	1276	14192
kalkacak	1276	14193
geçiriyoruz	1276	14194
okuduğum	1276	14195
gen	1276	14196
aleyhinde	1275	14197
alerjisi	1275	14198
tepede	1275	14199
oynarım	1275	14200
sahası	1275	14201
hareketsiz	1275	14202
yeteneklisin	1275	14203
geldiklerini	1275	14204
birisiydi	1274	14205
sloane	1274	14206
çalmadım	1274	14207
kıçıma	1274	14208
viktor	1274	14209
amcanın	1274	14210
cici	1274	14211
soralım	1274	14212
araçlar	1274	14213
suratı	1274	14214
muhafızları	1274	14215
söyleyeceklerim	1274	14216
harekat	1274	14217
biliyordunuz	1273	14218
cazip	1273	14219
bölgeden	1273	14220
manken	1273	14221
suçluyu	1273	14222
garantisi	1273	14223
haftalarca	1273	14224
söylerdin	1273	14225
askerin	1273	14226
yıldönümü	1273	14227
atmam	1273	14228
tutalım	1272	14229
konumuz	1272	14230
kemikler	1272	14231
gözümde	1272	14232
avcılar	1272	14233
kontrolüm	1272	14234
cyril	1272	14235
liza	1272	14236
imzalayın	1271	14237
sitesi	1271	14238
sevgisi	1271	14239
hızda	1271	14240
dostları	1271	14241
şoka	1271	14242
tobias	1271	14243
betsy	1271	14244
olmamalıydı	1271	14245
q	1271	14246
yaşamaktan	1271	14247
ayrıl	1271	14248
kesiyor	1271	14249
sardı	1270	14250
utandım	1270	14251
vicki	1270	14252
amaçla	1270	14253
uyuz	1270	14254
tanımadığım	1270	14255
kalmama	1270	14256
yaya	1270	14257
öldürmez	1270	14258
dönmüşsün	1270	14259
aramalıyım	1270	14260
terkedilmiş	1270	14261
grady	1270	14262
kremalı	1270	14263
ağlamayı	1269	14264
anlaması	1269	14265
eşyalarınızı	1269	14266
konuşuyordun	1269	14267
amsterdam	1269	14268
götünü	1269	14269
trudy	1269	14270
zorlamak	1269	14271
söylemeliydin	1268	14272
değişmek	1268	14273
biraraya	1268	14274
şirketten	1268	14275
oynuyordu	1268	14276
jj	1267	14277
bilimin	1267	14278
heba	1267	14279
çinliler	1267	14280
zannediyordum	1267	14281
uzayın	1267	14282
motorlu	1267	14283
kanepe	1266	14284
jambon	1266	14285
bitirip	1266	14286
uyuşturucuyu	1266	14287
dışa	1266	14288
yapmazdı	1266	14289
topun	1266	14290
etmedik	1266	14291
iletişimi	1266	14292
istemezdi	1265	14293
çıkmanı	1265	14294
üzüyor	1265	14295
mallar	1265	14296
koymayı	1265	14297
sokup	1265	14298
kırmış	1265	14299
bileceğiz	1265	14300
morty	1265	14301
kaynaklanıyor	1265	14302
yürüdüğünü	1264	14303
cinsiyet	1264	14304
daireye	1264	14305
isminde	1264	14306
boynunda	1264	14307
bırakmıştı	1264	14308
boo	1264	14309
iner	1263	14310
kitabımı	1263	14311
huzura	1263	14312
silahlarla	1263	14313
bölmek	1263	14314
sabrina	1263	14315
bulacaktır	1263	14316
burnun	1263	14317
life	1263	14318
armağan	1263	14319
vermelisiniz	1263	14320
bağlamak	1263	14321
bodruma	1262	14322
polislerle	1262	14323
ölmeyecek	1262	14324
zarf	1262	14325
tarzda	1262	14326
etse	1262	14327
ölümlü	1262	14328
yayılmış	1262	14329
çalışmalarını	1262	14330
revire	1261	14331
olamazlar	1261	14332
şirketine	1261	14333
severiz	1261	14334
gebertirim	1261	14335
ola	1261	14336
alsan	1261	14337
gecen	1261	14338
varisi	1261	14339
arkama	1261	14340
beyninde	1261	14341
tango	1260	14342
hareketini	1260	14343
izole	1260	14344
olandan	1260	14345
demeyin	1260	14346
düşüş	1260	14347
alanım	1260	14348
olmamasını	1260	14349
kalbime	1260	14350
çalıştınız	1260	14351
almalı	1260	14352
şirketleri	1260	14353
yapıyorsan	1260	14354
şahıs	1260	14355
benton	1260	14356
asansörü	1259	14357
davranıyordu	1259	14358
güçle	1259	14359
toplanmış	1259	14360
katılabilir	1259	14361
uzaklarda	1259	14362
emek	1259	14363
ekibine	1259	14364
içmiş	1258	14365
boyut	1258	14366
boynuzlu	1258	14367
bağırıyorsun	1258	14368
teli	1258	14369
orduyu	1258	14370
destekliyor	1258	14371
benson	1257	14372
rufus	1257	14373
başlarsın	1257	14374
uyandın	1257	14375
aşamaya	1257	14376
bankadan	1257	14377
gönderilen	1257	14378
benimdi	1257	14379
ağladı	1257	14380
işaretler	1257	14381
eşine	1257	14382
edemezdim	1257	14383
candy	1257	14384
düşünmesini	1257	14385
interpol	1257	14386
bekledik	1256	14387
fonu	1256	14388
titiz	1256	14389
buymuş	1256	14390
düştüğünde	1256	14391
nemli	1256	14392
kariyeri	1256	14393
edilmeden	1256	14394
yollamış	1256	14395
yaklaşım	1255	14396
memnuniyet	1255	14397
dominic	1254	14398
tutuyoruz	1254	14399
etkin	1254	14400
vermişsin	1254	14401
yaşını	1254	14402
hissetti	1254	14403
tanıdığımı	1254	14404
başarıya	1254	14405
doldurun	1254	14406
sahipliği	1254	14407
unutuyorum	1254	14408
öykü	1254	14409
defterini	1254	14410
öldürmen	1254	14411
çaplı	1253	14412
söndür	1253	14413
veba	1253	14414
meditasyon	1253	14415
başarılar	1253	14416
geçtikten	1253	14417
yıkama	1253	14418
inekler	1253	14419
çam	1252	14420
batmış	1252	14421
savaşan	1252	14422
yönetmek	1252	14423
fabrikada	1252	14424
kaçağı	1252	14425
teklifimi	1252	14426
öncü	1252	14427
etraf	1252	14428
erkeksin	1252	14429
öyleymiş	1252	14430
cassandra	1251	14431
duyuru	1251	14432
açıkta	1251	14433
geleceğimizi	1251	14434
taco	1251	14435
güçlerin	1251	14436
esnek	1251	14437
korumayı	1251	14438
dokunmadım	1251	14439
ayaklarına	1250	14440
akışını	1250	14441
tavuğu	1250	14442
yiyecekleri	1250	14443
bulabileceğimi	1250	14444
aranızdaki	1250	14445
boşanmış	1250	14446
söylemediğin	1250	14447
çocuğumun	1250	14448
sizindir	1249	14449
sekizde	1249	14450
club	1249	14451
buluşup	1249	14452
ulaştık	1249	14453
makineler	1249	14454
beyinsiz	1249	14455
duruyorsunuz	1249	14456
çuval	1249	14457
yakına	1249	14458
floyd	1249	14459
bağlantısını	1249	14460
motive	1248	14461
sarılmak	1248	14462
ulaşmış	1248	14463
mağlup	1248	14464
kıskanıyor	1248	14465
telsizi	1248	14466
hastaneyi	1248	14467
leonardo	1247	14468
rahatlıkla	1247	14469
yatağını	1247	14470
frankenstein	1247	14471
açgözlü	1247	14472
çıkardığını	1247	14473
arıyordun	1247	14474
öldürdükten	1247	14475
nevada	1247	14476
tanıtım	1247	14477
terketti	1247	14478
yumurtaları	1247	14479
konuğumuz	1246	14480
kartlarını	1246	14481
çamaşırları	1246	14482
yapmamalısın	1246	14483
sıkmak	1246	14484
hislerimi	1246	14485
almanız	1246	14486
öğrenmeliyim	1246	14487
akıllısın	1246	14488
geçmiyorum	1246	14489
ekibim	1246	14490
aynıdır	1245	14491
woods	1245	14492
ayağımı	1245	14493
yaşlarda	1245	14494
more	1245	14495
fahişeler	1245	14496
maddie	1245	14497
yatacağım	1245	14498
mayo	1244	14499
konseri	1244	14500
kanunlara	1244	14501
ilgilenmiyor	1244	14502
görebiliriz	1244	14503
hatırlayın	1244	14504
şüpheliyi	1244	14505
mat	1244	14506
bağırsak	1244	14507
delilleri	1244	14508
kitle	1244	14509
cüzdan	1243	14510
masajı	1243	14511
kadim	1243	14512
girebilirsin	1243	14513
koordinatları	1243	14514
kaçamak	1243	14515
skor	1243	14516
yapana	1243	14517
konuşursun	1243	14518
akademi	1243	14519
bakıcılık	1243	14520
oregon	1243	14521
hodgins	1242	14522
çarem	1242	14523
cora	1242	14524
öğrettim	1242	14525
kanunlar	1242	14526
alpha	1242	14527
atacaksın	1242	14528
aldığına	1242	14529
unutup	1242	14530
dolunay	1242	14531
uğrarım	1242	14532
bekledin	1241	14533
keş	1241	14534
inanmalısın	1241	14535
yapamıyor	1241	14536
milan	1241	14537
beğendiniz	1241	14538
öğrenirim	1241	14539
testere	1241	14540
ozaman	1240	14541
grupta	1240	14542
kraliçenin	1240	14543
julien	1240	14544
kefil	1240	14545
indiana	1240	14546
halkım	1240	14547
sarayda	1240	14548
palm	1240	14549
inancını	1240	14550
sayıyorum	1239	14551
kelimeyle	1239	14552
geleceğimiz	1239	14553
götürüyorlar	1239	14554
yöneten	1239	14555
yakalayalım	1239	14556
vadi	1239	14557
tasarlanmış	1239	14558
başımda	1238	14559
yaptıklarım	1238	14560
kılığına	1238	14561
bulmamı	1238	14562
seçenekleri	1238	14563
belgesel	1238	14564
mina	1237	14565
kaybediyorsun	1237	14566
solo	1237	14567
andrews	1237	14568
düşünürüz	1237	14569
nehirde	1237	14570
sakladı	1237	14571
bulabilmek	1237	14572
kutlayalım	1237	14573
elinize	1236	14574
tesis	1236	14575
tetikçi	1236	14576
yarışa	1236	14577
çıkartma	1236	14578
hazırlıyor	1236	14579
langley	1236	14580
işleme	1236	14581
duyulan	1236	14582
klişe	1236	14583
törenine	1235	14584
bilmeliydim	1235	14585
geçmişteki	1235	14586
state	1235	14587
kapatıldı	1235	14588
dinlesin	1235	14589
koçum	1235	14590
ödersin	1235	14591
point	1235	14592
çaldılar	1234	14593
bitirecek	1234	14594
edeceğine	1234	14595
sesine	1234	14596
sordular	1234	14597
pencerenin	1234	14598
öğreniriz	1234	14599
hayatımıza	1234	14600
borg	1233	14601
göstermiyor	1233	14602
rüyayı	1233	14603
bitirmem	1233	14604
yerinin	1233	14605
korkutan	1233	14606
başlayacaksın	1232	14607
kgb	1232	14608
etrafından	1232	14609
vuruşu	1232	14610
öğret	1231	14611
başınasın	1231	14612
elinle	1231	14613
renkleri	1231	14614
kasabası	1231	14615
olmadığınızı	1231	14616
oranda	1231	14617
yatıyorsun	1231	14618
hikayelerini	1231	14619
bulursunuz	1230	14620
bulunabilir	1230	14621
güreş	1230	14622
görünüşü	1230	14623
partiler	1230	14624
gemisini	1230	14625
uyanıp	1230	14626
karantina	1230	14627
yetiyor	1230	14628
patterson	1230	14629
çocuktum	1229	14630
çekiyordu	1229	14631
chun	1229	14632
yarışmayı	1229	14633
sorunsuz	1229	14634
izleyeceğiz	1229	14635
alvin	1229	14636
durdurdu	1229	14637
diyarı	1228	14638
makinesine	1228	14639
çıkartıp	1228	14640
boom	1228	14641
vance	1228	14642
ding	1227	14643
siktirin	1227	14644
gitgide	1227	14645
yazılım	1227	14646
canlılar	1227	14647
anlayışla	1226	14648
olurmuş	1226	14649
pastırma	1226	14650
diyorsa	1226	14651
kazanmayı	1226	14652
düşündüğünüzü	1226	14653
benzersiz	1226	14654
gönderdik	1226	14655
suçtur	1226	14656
düşünürler	1226	14657
sevgiler	1226	14658
atım	1225	14659
evlendik	1225	14660
ödevi	1225	14661
buğday	1225	14662
tahtası	1225	14663
kaptım	1225	14664
dağıtım	1225	14665
geliştirmek	1225	14666
çalışmalıyız	1225	14667
sorarsa	1224	14668
gözlüğü	1224	14669
büyüğü	1224	14670
kaybettiğim	1224	14671
right	1224	14672
öldürdük	1224	14673
arkadaşlarla	1224	14674
ölüsün	1224	14675
numaradan	1223	14676
lyle	1223	14677
stabil	1223	14678
katile	1223	14679
kazanırsın	1223	14680
hiro	1223	14681
laflar	1223	14682
ydu	1223	14683
rusça	1223	14684
süreceğini	1223	14685
doğası	1222	14686
görüşmemiz	1222	14687
duyalım	1222	14688
sebepleri	1222	14689
belçika	1222	14690
savaşıyor	1222	14691
vernon	1221	14692
demezdim	1221	14693
dişçi	1221	14694
evrensel	1221	14695
garaja	1221	14696
limuzin	1221	14697
anlatabildim	1221	14698
alerjim	1221	14699
uzatır	1221	14700
duymayı	1221	14701
floransa	1221	14702
düzeltme	1221	14703
bakmalıyım	1221	14704
onuru	1221	14705
kupası	1221	14706
düşünürdü	1221	14707
sıkıştım	1220	14708
nedenin	1220	14709
orjinal	1220	14710
alakam	1220	14711
jensen	1220	14712
pilav	1220	14713
kehanet	1220	14714
kulübün	1220	14715
otomobil	1220	14716
ofisten	1219	14717
bm	1219	14718
gitse	1219	14719
mindy	1219	14720
alamazsınız	1219	14721
taşınıyor	1219	14722
onunki	1219	14723
ailelerin	1219	14724
artış	1219	14725
uçar	1218	14726
görmüyorsun	1218	14727
murdoch	1218	14728
gönderip	1218	14729
virgil	1218	14730
kalabalığın	1218	14731
cece	1218	14732
çalışanların	1218	14733
gezgin	1218	14734
pamela	1218	14735
beklenen	1218	14736
aynısından	1217	14737
eminiz	1217	14738
adalete	1217	14739
ipuçları	1217	14740
kolyeyi	1217	14741
oynayabilir	1216	14742
yemiyor	1216	14743
yakalandım	1216	14744
bozdu	1216	14745
kenarı	1216	14746
ufo	1216	14747
meyilli	1216	14748
evlerinde	1216	14749
sahili	1216	14750
hayalin	1216	14751
ucunu	1215	14752
yapacağınızı	1215	14753
şiiri	1215	14754
ilgileniyorsun	1215	14755
darmadağın	1215	14756
mimar	1215	14757
şaşkın	1215	14758
ünite	1215	14759
haz	1215	14760
sandınız	1215	14761
anti	1215	14762
ayarlayacağım	1214	14763
bağlayıp	1214	14764
çoban	1214	14765
aşağılayıcı	1214	14766
savaşçılar	1214	14767
mesajları	1214	14768
jade	1214	14769
konuştuğumu	1214	14770
turşu	1214	14771
kazandınız	1214	14772
avans	1213	14773
günlerinde	1213	14774
yetiştirmek	1213	14775
özen	1213	14776
kardeşiyle	1213	14777
bilginiz	1213	14778
göreviniz	1213	14779
korkmana	1213	14780
koleksiyonu	1213	14781
komaya	1212	14782
okuyup	1212	14783
islak	1212	14784
büyükler	1212	14785
bölgesel	1212	14786
girsene	1212	14787
gerekse	1212	14788
creek	1212	14789
imzalı	1212	14790
söylediklerinin	1211	14791
kitabım	1210	14792
ordusunun	1210	14793
servise	1210	14794
dördü	1210	14795
planladığını	1210	14796
koridor	1210	14797
yakınına	1210	14798
azabı	1210	14799
sağlayın	1210	14800
bırakıldı	1210	14801
çaldığın	1210	14802
parçasıdır	1210	14803
karanlıktı	1210	14804
polissin	1210	14805
hidrojen	1209	14806
cinayetini	1209	14807
baharatlı	1209	14808
çökmüş	1209	14809
gününüz	1209	14810
sizle	1209	14811
ayrılalım	1209	14812
aramızdan	1209	14813
yağmuru	1208	14814
hallettin	1208	14815
kıracağım	1208	14816
yarayı	1208	14817
hasan	1208	14818
etli	1208	14819
başarısızlık	1208	14820
gidecekler	1208	14821
deneyler	1207	14822
moron	1207	14823
kapanmış	1207	14824
gizlenmiş	1207	14825
dönsün	1207	14826
etmişimdir	1207	14827
çevirin	1207	14828
sahipler	1207	14829
başlarında	1207	14830
büyüklüğünde	1206	14831
deneyimli	1206	14832
yong	1206	14833
kalkmak	1206	14834
farkeder	1206	14835
görünüyordun	1206	14836
if	1206	14837
masamda	1206	14838
kurtarıcı	1206	14839
başaracağız	1205	14840
olduklarından	1205	14841
noldu	1205	14842
dersler	1205	14843
odamız	1205	14844
ç	1205	14845
jerome	1205	14846
yerdeydi	1205	14847
işiyle	1205	14848
gezmeye	1205	14849
or	1205	14850
mış	1204	14851
yöntemleri	1204	14852
gaby	1204	14853
müstehcen	1204	14854
bilgisayarını	1204	14855
kafese	1204	14856
devamı	1204	14857
güvence	1204	14858
yeriniz	1203	14859
yürüyüşü	1203	14860
dönmüştü	1203	14861
olduğumuzdan	1203	14862
duvarların	1203	14863
pırıl	1203	14864
personeli	1203	14865
kahramanım	1203	14866
napolyon	1203	14867
bacaklı	1202	14868
getirmesini	1202	14869
sakallı	1202	14870
korktuğu	1202	14871
burasının	1202	14872
yanacak	1202	14873
bağırdı	1201	14874
çifti	1201	14875
davranışlar	1201	14876
beklerdim	1201	14877
otoparkta	1200	14878
verecektim	1200	14879
kalmanın	1200	14880
duşa	1200	14881
keyfinize	1200	14882
katılan	1200	14883
tutmalıyız	1200	14884
araziyi	1200	14885
düşmana	1200	14886
taktım	1200	14887
söylemeyeceksin	1199	14888
annenizin	1199	14889
zahmete	1199	14890
halkını	1199	14891
suçlayamam	1199	14892
sanders	1199	14893
yapıyorsa	1199	14894
çadır	1199	14895
diyemezsin	1199	14896
birbirlerinden	1199	14897
siber	1199	14898
korkmam	1198	14899
desek	1198	14900
rossi	1198	14901
baktığın	1198	14902
çıkmama	1198	14903
çalışmalısın	1198	14904
getirdiğim	1198	14905
eğlen	1198	14906
vurmayı	1198	14907
bakır	1198	14908
yenge	1198	14909
bedenim	1198	14910
dae	1198	14911
inancı	1197	14912
istemiyorsanız	1197	14913
kazandırır	1197	14914
partileri	1197	14915
girmişti	1197	14916
mei	1197	14917
fon	1197	14918
mahvolmuş	1197	14919
buluşacak	1196	14920
arkandayım	1196	14921
suçtan	1196	14922
olmasıydı	1196	14923
geldikten	1196	14924
duymalısın	1196	14925
doğumgünü	1196	14926
benziyorsunuz	1196	14927
çekerek	1196	14928
amazon	1195	14929
engellemeye	1195	14930
inmiş	1195	14931
beatrice	1195	14932
aylığına	1195	14933
üzeri	1195	14934
borsa	1195	14935
hissederim	1195	14936
bakacaksın	1195	14937
fikrimdi	1195	14938
uzanıp	1195	14939
düello	1195	14940
yemişsin	1194	14941
kurtuldun	1194	14942
devrede	1194	14943
üzereyken	1194	14944
çocuklarıma	1194	14945
ayılar	1194	14946
sırtımı	1194	14947
haydutlar	1194	14948
mucizeler	1194	14949
gösterinin	1193	14950
araştırıyorum	1193	14951
sonda	1193	14952
mumbai	1193	14953
göreceğimi	1193	14954
kablolu	1193	14955
başladığım	1193	14956
ailenden	1193	14957
yetkim	1193	14958
batıyor	1192	14959
gülmek	1192	14960
profil	1192	14961
haklıydım	1192	14962
acelesi	1192	14963
halinden	1192	14964
itti	1192	14965
tuhaftı	1191	14966
ekranda	1191	14967
abartma	1191	14968
azar	1191	14969
giyeceğim	1191	14970
banyosu	1191	14971
canavara	1191	14972
yanar	1191	14973
saçmalıklar	1191	14974
odin	1191	14975
manzarası	1191	14976
kazandığım	1191	14977
kaybettiğimi	1190	14978
duvardan	1190	14979
vergisi	1190	14980
satacak	1190	14981
seçimin	1190	14982
görüşecek	1190	14983
konuşmayacak	1190	14984
yarattım	1190	14985
duruyordum	1190	14986
geleneği	1190	14987
tutuldu	1190	14988
müteşekkirim	1190	14989
biyoloji	1189	14990
otobüsle	1189	14991
düzinelerce	1189	14992
karanlığı	1189	14993
oturacağım	1189	14994
kampta	1189	14995
ayaklı	1189	14996
xander	1189	14997
alamıyor	1188	14998
yazıyı	1188	14999
sanayi	1188	15000
öldürülmesi	1188	15001
bırakması	1188	15002
miydik	1188	15003
morrison	1188	15004
tok	1188	15005
çamaşırlarını	1188	15006
zeytin	1187	15007
anlatmadım	1187	15008
kafe	1187	15009
kapatabilir	1187	15010
mektubunu	1187	15011
uşak	1187	15012
deneyebilir	1187	15013
talebi	1187	15014
düşüncem	1187	15015
lehine	1187	15016
çocuklarınız	1187	15017
popo	1187	15018
oyununda	1187	15019
kulübede	1186	15020
anılarını	1186	15021
yemelisin	1186	15022
yolcular	1186	15023
planına	1186	15024
tampon	1186	15025
tu	1186	15026
rüyası	1186	15027
anlamazsın	1186	15028
atıyorlar	1186	15029
gitmeyen	1185	15030
söylemeliyiz	1185	15031
görmesine	1185	15032
kestin	1185	15033
arjantin	1185	15034
demez	1185	15035
kuduz	1185	15036
kraker	1185	15037
nefesi	1185	15038
tesekkür	1185	15039
yaktım	1185	15040
kıyasla	1185	15041
oluyorsa	1185	15042
bölümünden	1185	15043
ginger	1184	15044
işleyen	1184	15045
sayacağım	1184	15046
sunum	1184	15047
sekilde	1184	15048
koymuştum	1184	15049
anlatabilirim	1184	15050
basket	1184	15051
ceketimi	1184	15052
gemideki	1184	15053
limana	1184	15054
ilacını	1184	15055
astım	1183	15056
siki	1183	15057
kalmadan	1183	15058
hizmetler	1183	15059
öğrenmeden	1183	15060
vajina	1183	15061
mutluydum	1183	15062
festival	1183	15063
emmett	1183	15064
doğruları	1183	15065
torunu	1183	15066
çıtır	1183	15067
santral	1183	15068
jed	1183	15069
yollayacağım	1183	15070
lars	1183	15071
güveni	1183	15072
satıyorsun	1183	15073
oluşturan	1183	15074
sorarsanız	1182	15075
iyiydim	1182	15076
deneysel	1182	15077
efsanesi	1182	15078
desen	1182	15079
bilhassa	1182	15080
oluşturur	1182	15081
görsen	1182	15082
kolunda	1182	15083
kaçıyorum	1182	15084
giydiği	1182	15085
kaybettiği	1182	15086
hastalığa	1182	15087
eşinizin	1182	15088
ölmeni	1181	15089
şartla	1181	15090
hedefimiz	1181	15091
onurdur	1181	15092
izleyecek	1181	15093
yapsınlar	1180	15094
newman	1180	15095
adaları	1180	15096
sarhoştum	1180	15097
yapabileceğiniz	1180	15098
yazmıştım	1180	15099
saman	1180	15100
kaçırdınız	1180	15101
göndereceğiz	1180	15102
politikacı	1179	15103
konumda	1179	15104
büyütmek	1179	15105
erkeksi	1179	15106
takımında	1179	15107
charley	1179	15108
ayrıcalık	1179	15109
öldüremezsin	1179	15110
kırarım	1179	15111
şikayette	1179	15112
lang	1178	15113
mikrop	1178	15114
başçavuş	1178	15115
temelde	1178	15116
wright	1178	15117
postacı	1178	15118
tanımaya	1178	15119
çukuru	1178	15120
stop	1178	15121
birisiniz	1178	15122
müsünüz	1178	15123
konuşmasına	1178	15124
paşa	1178	15125
dokunursan	1178	15126
yaratığın	1178	15127
kedileri	1178	15128
yapmalısınız	1177	15129
psikiyatri	1177	15130
bardan	1177	15131
söyleseydim	1177	15132
aiden	1177	15133
korsanlar	1177	15134
istiyorlarsa	1176	15135
buzun	1176	15136
işlediği	1176	15137
belirtmek	1176	15138
omlet	1176	15139
temizleyin	1176	15140
boone	1176	15141
etmezsin	1176	15142
sezonu	1176	15143
neredeymiş	1176	15144
hakkından	1176	15145
bildim	1175	15146
buzdolabı	1175	15147
silmek	1175	15148
when	1175	15149
bağır	1175	15150
sarıldı	1175	15151
barışçıl	1175	15152
romantizm	1175	15153
işleriyle	1175	15154
peşindeler	1175	15155
bisikleti	1174	15156
istiyorsam	1174	15157
kutbu	1174	15158
teklifin	1174	15159
kızınızı	1174	15160
utanılacak	1174	15161
oprah	1174	15162
geçirdiğin	1174	15163
knox	1174	15164
rod	1174	15165
yağmurda	1174	15166
alaycı	1174	15167
gayri	1174	15168
yapıyorlardı	1174	15169
anlamadan	1174	15170
laboratuara	1174	15171
etmiştik	1173	15172
aşktan	1173	15173
katlı	1173	15174
bahseder	1173	15175
besbelli	1173	15176
vermiştir	1173	15177
çıkmalısın	1173	15178
tohum	1172	15179
yönlü	1172	15180
düşünmesi	1172	15181
dinleniyor	1172	15182
savaştı	1172	15183
gerard	1172	15184
vermiştik	1172	15185
aklımın	1172	15186
filmden	1172	15187
alıştım	1172	15188
merkezini	1172	15189
milleti	1172	15190
takılı	1172	15191
ölülerin	1171	15192
göğüslerini	1171	15193
rastlantı	1171	15194
aslinda	1171	15195
cenazeye	1171	15196
gitmemizi	1171	15197
göremiyorsun	1171	15198
kalmıştır	1171	15199
dolandırıcılık	1171	15200
yolluyorum	1171	15201
halüsinasyon	1171	15202
fişi	1171	15203
geziyor	1171	15204
üreme	1171	15205
güldü	1170	15206
denesene	1170	15207
peşimizde	1170	15208
istediğimde	1170	15209
yediğin	1170	15210
harcadın	1170	15211
picard	1170	15212
çevirip	1170	15213
nakavt	1170	15214
yapmayız	1170	15215
yaklaşın	1170	15216
buldukları	1170	15217
desteklemek	1170	15218
edebilirdim	1170	15219
br	1169	15220
rozet	1169	15221
ölmüştür	1169	15222
yüzen	1169	15223
öğrendiniz	1169	15224
kullanacaksın	1169	15225
yavşak	1169	15226
kullandıkları	1169	15227
sünger	1169	15228
diaz	1169	15229
priya	1169	15230
büyüyüp	1169	15231
içimizde	1169	15232
ayakların	1168	15233
maaşı	1168	15234
edilmedi	1168	15235
talimatları	1168	15236
nankör	1168	15237
lynette	1167	15238
zamanlarında	1167	15239
yapmadığım	1167	15240
döndür	1167	15241
yazmıştı	1167	15242
çenemi	1167	15243
dayanamaz	1167	15244
basmak	1167	15245
saatine	1167	15246
ilerlemeye	1167	15247
dolabın	1166	15248
kanıtlamaya	1166	15249
içmiyorum	1166	15250
duramıyorum	1166	15251
cook	1166	15252
youtube	1165	15253
kaybetmeden	1165	15254
bırakmayacak	1165	15255
düşmanımız	1165	15256
talimat	1165	15257
tonlarca	1165	15258
tekerlek	1165	15259
kurulmuş	1165	15260
vermemiş	1165	15261
tartışmayı	1165	15262
aria	1165	15263
yerlerinde	1164	15264
çalışmaz	1164	15265
olmanıza	1164	15266
ayaklar	1164	15267
seçmiş	1164	15268
inanmayacaksın	1164	15269
değilsindir	1164	15270
sarhoştu	1164	15271
süpürge	1164	15272
çevirme	1164	15273
sevgiyi	1164	15274
radyoyu	1164	15275
başaramadı	1164	15276
başarmak	1164	15277
dümen	1164	15278
ellerde	1163	15279
vazgeçme	1163	15280
lazim	1163	15281
bilgisayarda	1163	15282
amen	1163	15283
arabamda	1163	15284
kitabına	1163	15285
martinez	1163	15286
yollarda	1163	15287
dikkatsiz	1163	15288
herbert	1163	15289
tehlikeyi	1163	15290
duygusuz	1163	15291
hobi	1163	15292
istemedik	1162	15293
tanıştığımızda	1162	15294
arılar	1162	15295
kurtaracağız	1162	15296
oynat	1162	15297
diyorlardı	1162	15298
gökkuşağı	1162	15299
francine	1162	15300
almışım	1162	15301
mesajınız	1162	15302
delikten	1162	15303
atlantic	1162	15304
yıkmak	1162	15305
gelmiştik	1161	15306
callen	1161	15307
yangında	1161	15308
akademik	1161	15309
atm	1161	15310
özgün	1161	15311
tutarak	1160	15312
oradasın	1160	15313
birşeyin	1160	15314
istemesi	1160	15315
öğreniyorsun	1160	15316
yayıldı	1160	15317
engeller	1160	15318
gerçekle	1160	15319
buluşmayı	1160	15320
satıp	1159	15321
söylemişsin	1159	15322
dolarım	1159	15323
koreli	1159	15324
teşhisi	1159	15325
beslemek	1159	15326
markette	1159	15327
butch	1159	15328
uğradık	1158	15329
richmond	1158	15330
asansöre	1158	15331
blaine	1158	15332
oyundu	1158	15333
numaralarını	1158	15334
duyguyu	1158	15335
şartlarda	1158	15336
öldürerek	1158	15337
kaderim	1157	15338
camelot	1157	15339
terapiye	1157	15340
philippe	1157	15341
eşittir	1157	15342
getirmişti	1157	15343
larla	1157	15344
süleyman	1157	15345
türünün	1157	15346
sanıyorsan	1156	15347
pişmanım	1156	15348
ödemem	1156	15349
değiştirelim	1156	15350
etmektir	1155	15351
köşedeki	1155	15352
leyla	1155	15353
pencereleri	1155	15354
çip	1155	15355
pantolonu	1155	15356
duck	1155	15357
öldürebilirim	1155	15358
soruşturmaya	1155	15359
istesen	1155	15360
koşulları	1154	15361
ettiğimden	1154	15362
duruşmaya	1154	15363
radyoaktif	1154	15364
mesajın	1154	15365
korkan	1154	15366
programda	1154	15367
yuttu	1154	15368
gözaltında	1154	15369
çeviriyorsun	1153	15370
başınızı	1153	15371
isteğini	1153	15372
yulaf	1153	15373
hisler	1153	15374
söylemiştir	1153	15375
korktuğun	1153	15376
biriydim	1153	15377
buraları	1153	15378
oynayın	1153	15379
sinde	1152	15380
ümitsiz	1152	15381
gerry	1152	15382
gelişmeler	1152	15383
bunny	1152	15384
kavgası	1152	15385
gerginsin	1152	15386
kollar	1152	15387
soruşturmanın	1152	15388
shelley	1152	15389
birebir	1152	15390
kafede	1152	15391
sopayı	1152	15392
elektromanyetik	1151	15393
heralde	1151	15394
çekiliyor	1151	15395
demokratik	1151	15396
kapalıyız	1151	15397
görmemi	1151	15398
zalimce	1150	15399
bunlarda	1150	15400
şerifi	1150	15401
müziğe	1150	15402
gemisinin	1150	15403
colleen	1150	15404
unutmayalım	1150	15405
ziyareti	1149	15406
kalmamız	1149	15407
kaldırma	1149	15408
ödemesi	1149	15409
attık	1149	15410
götürüyoruz	1149	15411
kovmak	1149	15412
kertenkele	1149	15413
rafael	1149	15414
kullandık	1149	15415
sürerken	1149	15416
tutuyordu	1149	15417
gözüyle	1149	15418
operasyonun	1149	15419
özlemişim	1149	15420
tutmuyor	1148	15421
öğreniyor	1148	15422
fez	1148	15423
başlarsa	1148	15424
korkmak	1148	15425
rakamlar	1148	15426
amaçları	1148	15427
söylemediğim	1148	15428
uydurdum	1148	15429
atışını	1148	15430
kaybedemem	1148	15431
kıpırdayın	1147	15432
yaşadıkları	1147	15433
kitabında	1147	15434
gelmenizi	1147	15435
geceleyin	1147	15436
başladığımda	1147	15437
boksör	1147	15438
yeminli	1147	15439
gazeteye	1147	15440
inanıyordu	1147	15441
sevip	1147	15442
yargıcı	1147	15443
istediğimden	1147	15444
takılıyorum	1147	15445
taşınmış	1147	15446
aran	1147	15447
pencereye	1147	15448
itin	1147	15449
çantanın	1146	15450
gölde	1146	15451
filo	1146	15452
kararsız	1146	15453
kasanın	1146	15454
phyllis	1146	15455
zamanınızı	1146	15456
felsefe	1146	15457
hamur	1146	15458
syd	1146	15459
galaksi	1145	15460
götürmemi	1145	15461
iznini	1145	15462
vatikan	1145	15463
varsayalım	1145	15464
etkileyecek	1145	15465
gaius	1145	15466
mikro	1145	15467
kaldırdı	1145	15468
giyer	1145	15469
kurtulmanın	1145	15470
yüzlerini	1145	15471
zamanlardaki	1145	15472
eşliğinde	1144	15473
edemeyecek	1144	15474
korunuyor	1144	15475
zehirlenmesi	1144	15476
başladığından	1144	15477
ulaşım	1144	15478
baktığım	1144	15479
parasıyla	1144	15480
şefkat	1144	15481
klas	1143	15482
altmış	1143	15483
connecticut	1143	15484
haftası	1143	15485
aklının	1143	15486
aştı	1143	15487
dağıldı	1143	15488
konsere	1143	15489
oto	1143	15490
dakota	1143	15491
bisiklete	1143	15492
willis	1143	15493
perisi	1143	15494
yaşamasını	1142	15495
dövdü	1142	15496
tanırdım	1142	15497
parmakları	1142	15498
pil	1142	15499
stratejik	1142	15500
kullanmadım	1142	15501
açıklayamam	1142	15502
konuşacaksın	1142	15503
etkileyen	1142	15504
dağlarda	1142	15505
uçmuş	1142	15506
ingrid	1142	15507
çıkartacağım	1141	15508
güneyde	1141	15509
gizemi	1141	15510
kılıyor	1141	15511
abel	1141	15512
misafirler	1141	15513
yaptırdın	1141	15514
getirmiştim	1141	15515
kürk	1140	15516
kazanacaksın	1140	15517
makineleri	1140	15518
planlandığı	1140	15519
bağırmaya	1140	15520
vermiyoruz	1140	15521
aranız	1140	15522
suşi	1140	15523
onayladı	1140	15524
fındık	1140	15525
çöplük	1140	15526
mala	1140	15527
mütevazı	1139	15528
döndüğüne	1139	15529
iik	1139	15530
meşgulsün	1139	15531
aramadım	1139	15532
cesursun	1139	15533
bulursanız	1138	15534
yılki	1138	15535
hayattayken	1138	15536
buralar	1138	15537
panda	1138	15538
tarihindeki	1138	15539
umuduyla	1138	15540
görmeniz	1138	15541
yapacaksan	1137	15542
burnuna	1137	15543
gömmek	1137	15544
kazanıyorsun	1137	15545
pike	1137	15546
kerry	1137	15547
becermek	1137	15548
planının	1137	15549
çağı	1137	15550
sürdüm	1137	15551
değiştirmeyi	1137	15552
olmayacağız	1137	15553
davranışı	1137	15554
kaçtılar	1136	15555
hardy	1136	15556
sterling	1136	15557
afrikalı	1136	15558
tutmam	1136	15559
cezalandırmak	1136	15560
chet	1136	15561
gitmenin	1136	15562
kıçımın	1136	15563
tahrip	1136	15564
durduğunu	1136	15565
fırlattı	1136	15566
vermenizi	1135	15567
koyduğunu	1135	15568
geçene	1135	15569
sevişme	1135	15570
eşimi	1135	15571
sporcu	1135	15572
başlayarak	1135	15573
tutman	1135	15574
olmayacağına	1135	15575
zeke	1135	15576
kabuslar	1135	15577
dolabında	1134	15578
anlatmadı	1134	15579
uyarmaya	1134	15580
sahibine	1134	15581
resimde	1134	15582
kereliğine	1134	15583
kahin	1134	15584
sully	1133	15585
deneyeceğiz	1133	15586
çubuğu	1133	15587
izliyorlar	1133	15588
tecrit	1133	15589
gösteriyordu	1133	15590
çalışıyorlardı	1133	15591
çevrilmemiş	1133	15592
depresyon	1133	15593
beyan	1133	15594
porto	1133	15595
büyümek	1133	15596
cesedinin	1133	15597
hastalandı	1133	15598
açıklık	1133	15599
kıçından	1133	15600
cadillac	1133	15601
ayrıntı	1132	15602
organizasyon	1132	15603
büyüdün	1132	15604
makinenin	1132	15605
adamış	1132	15606
kanca	1132	15607
jamal	1132	15608
sunuyor	1132	15609
kızartma	1132	15610
bilginin	1132	15611
yatmadan	1132	15612
kaybederim	1132	15613
bulsun	1132	15614
said	1132	15615
kuşku	1132	15616
öldürelim	1132	15617
takıl	1131	15618
gelinin	1131	15619
hayattasın	1131	15620
konuşabiliyor	1131	15621
xi	1131	15622
ortama	1131	15623
yapanlar	1131	15624
kapatmaya	1131	15625
yürümez	1131	15626
ısmarlayayım	1131	15627
sokaklar	1131	15628
elçi	1131	15629
yarıda	1131	15630
kaçırıyor	1131	15631
gideceği	1131	15632
endüstri	1130	15633
evdeyim	1130	15634
yılları	1130	15635
yumurtalar	1130	15636
kartlar	1130	15637
hassan	1130	15638
umudunu	1130	15639
tomas	1130	15640
düzenlemek	1130	15641
zırh	1130	15642
umudumuz	1130	15643
geçtiğinde	1130	15644
nedenlerden	1130	15645
döneyim	1129	15646
gon	1129	15647
maçını	1129	15648
tabancası	1129	15649
dalton	1129	15650
aşar	1129	15651
işlemiş	1129	15652
falls	1129	15653
diamond	1129	15654
işimde	1129	15655
yiyorlar	1128	15656
uğra	1128	15657
olive	1128	15658
bakmamız	1128	15659
görüşmeleri	1128	15660
minicik	1128	15661
bağdat	1128	15662
açacağız	1128	15663
zina	1128	15664
uzanıyor	1128	15665
arayacaktım	1127	15666
sorunlarımız	1127	15667
bass	1127	15668
grubuna	1127	15669
indim	1127	15670
vah	1127	15671
almıyoruz	1127	15672
temizledim	1127	15673
ikisinde	1127	15674
sevecen	1126	15675
kameranın	1126	15676
anlattığım	1126	15677
yapmıştın	1126	15678
bulduğumuzda	1126	15679
girişim	1126	15680
haham	1126	15681
lisans	1126	15682
sergi	1126	15683
sektör	1126	15684
çince	1126	15685
kişiliği	1125	15686
övgü	1125	15687
eğlencesi	1125	15688
dudaklarını	1125	15689
girmedi	1125	15690
korkuyu	1125	15691
ilerleyen	1125	15692
sınıra	1125	15693
lo	1125	15694
valley	1125	15695
kampında	1125	15696
sendeki	1125	15697
yılanlar	1125	15698
engelleyen	1125	15699
zarfında	1125	15700
avro	1125	15701
kapısında	1124	15702
ezip	1124	15703
koloni	1124	15704
miligram	1124	15705
veremezdim	1124	15706
bette	1124	15707
anlıyorsunuz	1124	15708
protokolü	1124	15709
kulakları	1124	15710
derinliklerine	1124	15711
bıraktınız	1123	15712
giyiyordu	1123	15713
sinyalleri	1123	15714
kapi	1123	15715
geldiğimden	1123	15716
salaksın	1123	15717
olamazdım	1123	15718
halledebilir	1123	15719
doğrulandı	1123	15720
bulunduğun	1123	15721
derlerdi	1122	15722
kaynaklı	1122	15723
yaşındaydın	1122	15724
keselim	1122	15725
biçimi	1122	15726
dog	1122	15727
nova	1122	15728
uğradığını	1122	15729
ölüyordu	1121	15730
güm	1121	15731
durumunun	1121	15732
daydı	1121	15733
taşıyacak	1121	15734
atacağız	1121	15735
keki	1121	15736
zorba	1121	15737
gözünüzü	1121	15738
kapağını	1121	15739
çıldırdı	1121	15740
üstümüze	1121	15741
bulunacak	1121	15742
paten	1120	15743
bulmamıza	1120	15744
mobilya	1120	15745
davranışlarını	1120	15746
hocası	1120	15747
parçaya	1120	15748
istersek	1120	15749
vermesine	1119	15750
otobüsün	1119	15751
çantaya	1119	15752
avukatları	1119	15753
hamlet	1119	15754
getirmem	1119	15755
ülkemiz	1119	15756
ağladım	1119	15757
sürmedi	1119	15758
etmeyeceğiz	1119	15759
evliliğe	1119	15760
gübre	1118	15761
mahvedecek	1118	15762
atlayın	1118	15763
fernando	1118	15764
tarzında	1118	15765
bilebilirsin	1118	15766
yanlarına	1118	15767
ayarlayın	1118	15768
hissetmemi	1118	15769
çekilmek	1118	15770
sokayım	1118	15771
küre	1118	15772
gelecekti	1118	15773
mckay	1118	15774
öylemi	1117	15775
alf	1117	15776
pijama	1117	15777
etmediniz	1117	15778
kurup	1117	15779
formda	1117	15780
ışıkta	1117	15781
dinamit	1117	15782
getiriyorlar	1117	15783
mağarada	1117	15784
istiyorduk	1117	15785
olduğuyla	1117	15786
koruyorsun	1116	15787
sonucuna	1116	15788
farklılık	1116	15789
çekeyim	1116	15790
uyardım	1116	15791
adrese	1116	15792
kapatıyor	1116	15793
bulmakta	1116	15794
beğendi	1115	15795
reddington	1115	15796
yaşamasına	1115	15797
tanımıyoruz	1115	15798
hizaya	1115	15799
enstitüsü	1115	15800
puding	1115	15801
caesar	1115	15802
bronx	1114	15803
çözeceğiz	1114	15804
varmaya	1114	15805
davaları	1114	15806
görüşün	1114	15807
birisidir	1114	15808
giyinip	1114	15809
dodge	1114	15810
yakışıyor	1114	15811
taktirde	1114	15812
scarlett	1114	15813
lordu	1114	15814
kendinin	1114	15815
zayıflık	1114	15816
kullanmıyor	1114	15817
sürdüğü	1113	15818
burnum	1113	15819
evlerini	1113	15820
atladım	1113	15821
dersten	1113	15822
oley	1113	15823
hiçbirine	1113	15824
çıkarak	1113	15825
uykum	1113	15826
meşe	1113	15827
tang	1113	15828
çocuktur	1112	15829
foreman	1112	15830
duymuşsundur	1112	15831
bulunuyorum	1112	15832
fanny	1112	15833
duyduğumuz	1112	15834
teyzen	1112	15835
dolmuş	1112	15836
helal	1112	15837
benzerlik	1112	15838
annesinden	1112	15839
abisi	1111	15840
desteğini	1111	15841
sikerim	1111	15842
çekmesini	1111	15843
şirketinden	1111	15844
dangalak	1111	15845
gama	1111	15846
night	1111	15847
planınız	1111	15848
kusur	1111	15849
kıskanıyorsun	1111	15850
makineye	1111	15851
kullandılar	1111	15852
elise	1111	15853
çalıyorum	1110	15854
toplamda	1110	15855
vücuda	1110	15856
phillips	1110	15857
ödedin	1110	15858
yapabileceğimizi	1110	15859
canıma	1110	15860
çıkartıyor	1109	15861
noktasını	1109	15862
duşta	1109	15863
nereyi	1109	15864
tanıdığımız	1109	15865
ağla	1109	15866
planların	1109	15867
toronto	1109	15868
kalayım	1109	15869
yaşıyordum	1109	15870
kimsen	1109	15871
bulunuyoruz	1109	15872
oturuyoruz	1109	15873
baksan	1109	15874
terbiyeli	1109	15875
ilişkimizin	1109	15876
öğrettin	1108	15877
shi	1108	15878
balosu	1108	15879
birlikteydi	1108	15880
yatağının	1108	15881
takan	1107	15882
freud	1107	15883
florence	1107	15884
sevindik	1107	15885
gelirdim	1107	15886
merkezinin	1107	15887
soldaki	1107	15888
dostların	1107	15889
bitmesi	1107	15890
katılmış	1107	15891
naziler	1106	15892
birak	1106	15893
beklememiz	1106	15894
pauline	1106	15895
sanatları	1106	15896
kabak	1106	15897
denizden	1106	15898
aşamasında	1106	15899
koştu	1106	15900
tao	1106	15901
sattığını	1106	15902
dosyada	1106	15903
orson	1105	15904
çalışmanı	1105	15905
kalabalığı	1105	15906
karışıyor	1105	15907
istiyorlardı	1105	15908
yerleştir	1105	15909
yavruları	1105	15910
olayının	1105	15911
gerekenler	1105	15912
sıfırdan	1105	15913
küt	1105	15914
bloom	1105	15915
kurbanlarını	1105	15916
protokol	1105	15917
villa	1104	15918
başkana	1104	15919
yaslan	1104	15920
luk	1104	15921
konuşmadın	1104	15922
ilgilidir	1104	15923
sergei	1104	15924
firar	1104	15925
kulağı	1104	15926
görmeyecek	1104	15927
eğlenceyi	1104	15928
spagetti	1103	15929
gazeteleri	1103	15930
yarının	1103	15931
buyum	1103	15932
sinemada	1103	15933
bitmesine	1103	15934
kentucky	1103	15935
başardınız	1103	15936
rafa	1103	15937
istemiştiniz	1103	15938
çevirdin	1103	15939
lobide	1103	15940
tanıyordu	1103	15941
mezarlık	1103	15942
atlattık	1102	15943
mesleki	1102	15944
vinnie	1102	15945
yaprakları	1102	15946
brent	1102	15947
tuvok	1102	15948
kapalıydı	1102	15949
azaldı	1102	15950
çektiğin	1102	15951
giremem	1102	15952
veliaht	1102	15953
arkadaşlarınız	1102	15954
lira	1101	15955
hoşlandığım	1101	15956
seong	1101	15957
kırma	1101	15958
bırakırsın	1101	15959
durduğu	1101	15960
farklısın	1101	15961
sürüyorum	1101	15962
izzy	1101	15963
ikide	1101	15964
isminizi	1101	15965
gong	1100	15966
patlamanın	1100	15967
kalksın	1100	15968
vaiz	1100	15969
sürme	1100	15970
kolej	1100	15971
kurumuş	1100	15972
babanım	1100	15973
saçlarımı	1100	15974
kutusunda	1100	15975
kendimde	1100	15976
çıkacaktır	1100	15977
hara	1099	15978
sağlayacağız	1099	15979
bilgisayarına	1099	15980
hissetme	1099	15981
çağırma	1099	15982
ihanete	1099	15983
beklediğin	1098	15984
pozisyonda	1098	15985
ilgin	1098	15986
ağabeyi	1098	15987
kıvırcık	1098	15988
korurum	1098	15989
raporlar	1098	15990
cox	1098	15991
iskelet	1098	15992
işemem	1098	15993
yanım	1097	15994
önü	1097	15995
futbolu	1097	15996
topladı	1097	15997
katiyen	1097	15998
kaslı	1097	15999
helikopteri	1097	16000
vermezdi	1097	16001
eskisinden	1097	16002
elmaslar	1097	16003
boyutta	1097	16004
okay	1097	16005
patlayan	1097	16006
geliştirme	1097	16007
jeong	1096	16008
almıştık	1096	16009
rehberi	1096	16010
yakınlık	1096	16011
duyduğunda	1096	16012
hazırlıksız	1096	16013
kuralım	1096	16014
baz	1096	16015
söylüyorsa	1096	16016
etkilemeye	1096	16017
kahvaltıya	1096	16018
yuan	1096	16019
hit	1095	16020
çalıştığınız	1095	16021
kampanyası	1095	16022
düşünebilir	1095	16023
dağlara	1095	16024
şerefsizler	1095	16025
komşum	1095	16026
etmeyeceğini	1095	16027
aşağıdan	1095	16028
yemeden	1094	16029
geçirdiniz	1094	16030
yapamayacağını	1094	16031
başbaşa	1094	16032
tanri	1094	16033
plaj	1094	16034
kurtarmayı	1094	16035
anestezi	1094	16036
takılmış	1094	16037
oynamıyorum	1093	16038
okuyordum	1093	16039
karşımıza	1093	16040
ağlıyordu	1093	16041
oynarız	1093	16042
bakalim	1093	16043
alanının	1093	16044
şansımızı	1093	16045
kaptı	1093	16046
kitaplarını	1092	16047
hippi	1092	16048
tanığın	1092	16049
endişelendiriyor	1092	16050
geliyordum	1092	16051
geldiyse	1092	16052
liu	1092	16053
doluyor	1092	16054
beşte	1092	16055
sayfayı	1092	16056
uçuşu	1092	16057
maine	1092	16058
lockhart	1091	16059
kurtarmanın	1091	16060
kelimelerle	1091	16061
vinci	1091	16062
bulmaca	1091	16063
dubois	1091	16064
skipper	1091	16065
oynayıp	1091	16066
varlıklı	1091	16067
iğneyi	1091	16068
edeceği	1090	16069
sürdürmek	1090	16070
uymak	1090	16071
clare	1090	16072
kurtulma	1090	16073
reaksiyon	1090	16074
atarsın	1090	16075
reçete	1090	16076
herb	1090	16077
nelerin	1089	16078
firma	1089	16079
okuyabilir	1089	16080
deeks	1089	16081
bilmesine	1089	16082
geçmişten	1089	16083
müdafaa	1089	16084
dilsiz	1089	16085
kanuna	1088	16086
boynu	1088	16087
blues	1088	16088
sonundaki	1088	16089
alabileceğini	1088	16090
yapmıyorlar	1088	16091
emirlerini	1088	16092
delirmişsin	1088	16093
hoşlanırım	1088	16094
katılmayı	1088	16095
zorundaydık	1088	16096
ilginizi	1088	16097
satayım	1087	16098
satır	1087	16099
giydim	1087	16100
ritim	1087	16101
öğüt	1087	16102
yiyebilirsin	1087	16103
kapatmış	1087	16104
amacını	1087	16105
colt	1087	16106
gitmediğini	1087	16107
yaklaştın	1087	16108
dikkati	1087	16109
penelope	1087	16110
uygulamaya	1087	16111
psikiyatrist	1087	16112
derdiniz	1086	16113
somon	1086	16114
manchester	1086	16115
feng	1086	16116
yollamak	1086	16117
kişilerden	1086	16118
çalıştırmak	1086	16119
edilmeli	1086	16120
kariyerin	1086	16121
yaptığımda	1085	16122
goril	1085	16123
götürmeliyim	1085	16124
hatırlayacağım	1085	16125
pennsylvania	1085	16126
saklanmış	1085	16127
çıkarmamız	1085	16128
columbia	1085	16129
caine	1085	16130
arkadaşınım	1085	16131
chin	1085	16132
geldikleri	1084	16133
tanıştı	1084	16134
kastettiğim	1084	16135
bilirdim	1084	16136
çocuklarımızı	1084	16137
değilmişim	1084	16138
değişmemişsin	1084	16139
limanı	1084	16140
şiddeti	1084	16141
teknesi	1084	16142
anlaşmazlık	1084	16143
pisti	1084	16144
aştın	1083	16145
prag	1083	16146
prince	1083	16147
evliyiz	1083	16148
alakasız	1083	16149
şekline	1083	16150
fuller	1083	16151
masadan	1082	16152
kimlerin	1082	16153
dinozor	1082	16154
çekirdeği	1082	16155
araştırmayı	1082	16156
sonya	1082	16157
koro	1082	16158
ameliyatta	1082	16159
dönerse	1082	16160
izah	1082	16161
hatları	1082	16162
bitiş	1082	16163
başarabiliriz	1082	16164
coulson	1082	16165
yediniz	1081	16166
uğraş	1081	16167
birçoğu	1081	16168
yaşadıklarını	1081	16169
dekore	1081	16170
içindeyken	1081	16171
hislerin	1081	16172
kurtarır	1080	16173
porsche	1080	16174
kaçırdılar	1080	16175
karakolda	1080	16176
okullar	1080	16177
şapkanı	1080	16178
kenarda	1080	16179
tarikat	1080	16180
kölesi	1080	16181
ailemizi	1080	16182
lillian	1080	16183
görünmesini	1080	16184
duramam	1080	16185
güvertede	1080	16186
piyade	1080	16187
xavier	1079	16188
sormalıyım	1079	16189
gökten	1079	16190
kalmadım	1079	16191
kurduğu	1079	16192
dosdoğru	1079	16193
ödeştik	1079	16194
seans	1079	16195
çağırırım	1079	16196
duygularım	1079	16197
saçlar	1079	16198
aldığından	1079	16199
durman	1079	16200
yendi	1078	16201
konuşursan	1078	16202
görmemiz	1078	16203
hatırlasana	1078	16204
kliniğe	1078	16205
görmüşler	1078	16206
ateşini	1078	16207
şahidim	1078	16208
bitirmiş	1078	16209
görüşte	1078	16210
olmamam	1078	16211
olmadık	1078	16212
lime	1077	16213
tı	1077	16214
düzenbaz	1077	16215
avukatlık	1077	16216
luna	1077	16217
çıkarmadan	1077	16218
durumdaydı	1077	16219
anahtarın	1077	16220
hatırı	1077	16221
oğlunuzu	1077	16222
hastanedeki	1077	16223
düşünemedim	1076	16224
jody	1076	16225
veremedim	1076	16226
bağımlılık	1076	16227
üstte	1076	16228
borusu	1076	16229
ateşleme	1076	16230
gerçeklerle	1076	16231
aklınızı	1075	16232
gözlerinle	1075	16233
sevmedin	1075	16234
bong	1075	16235
yazarken	1075	16236
hayatınızın	1075	16237
yılanı	1075	16238
giderdik	1075	16239
soğuktan	1075	16240
kastetmedim	1075	16241
dövüşçü	1074	16242
hwang	1074	16243
malesef	1074	16244
getirmen	1074	16245
bezelye	1074	16246
beklemem	1074	16247
değiştirdiğini	1074	16248
evlisin	1074	16249
sirke	1073	16250
rahatına	1073	16251
üçünü	1073	16252
düşünmüştük	1073	16253
makinası	1073	16254
hoşlandın	1073	16255
açıktır	1073	16256
dersim	1073	16257
kıçım	1073	16258
toptan	1073	16259
öldürmemi	1073	16260
pul	1073	16261
fırsatımız	1072	16262
ömer	1072	16263
odalar	1072	16264
gruptan	1072	16265
bea	1072	16266
sistemler	1072	16267
duralım	1072	16268
köpeklerin	1072	16269
kötülüğü	1072	16270
satar	1072	16271
tümörü	1071	16272
koyabilir	1071	16273
mehmet	1071	16274
greta	1071	16275
tonla	1071	16276
soruların	1071	16277
işlerinde	1071	16278
masumum	1071	16279
bıyık	1071	16280
adele	1071	16281
güvenliğe	1071	16282
teklifte	1071	16283
gözlerindeki	1071	16284
daydım	1071	16285
savaşında	1071	16286
soyun	1070	16287
vites	1070	16288
hetty	1070	16289
görüşüm	1070	16290
savaşacak	1070	16291
projeyi	1070	16292
tanesinin	1070	16293
yürüyeceğim	1070	16294
harfleri	1070	16295
beynimi	1070	16296
geçirdiler	1070	16297
laboratuvarda	1069	16298
bölümünün	1069	16299
çoğunluğu	1069	16300
dozda	1069	16301
miriam	1069	16302
tanıştığımda	1069	16303
kandırdım	1069	16304
toplumsal	1069	16305
aynada	1069	16306
tabloyu	1069	16307
sevginin	1069	16308
tedarik	1069	16309
ricam	1069	16310
gevşe	1068	16311
nerelerde	1068	16312
kabaca	1068	16313
yerliler	1068	16314
şefim	1068	16315
durabilir	1068	16316
olmadığımız	1068	16317
döndünüz	1068	16318
tiyatroya	1068	16319
elf	1068	16320
utanma	1067	16321
uyuma	1067	16322
bakmadım	1067	16323
gökyüzünü	1067	16324
görmüştü	1067	16325
kuşun	1067	16326
dünyalar	1067	16327
zane	1067	16328
altıda	1067	16329
şerefsizin	1067	16330
kalsam	1067	16331
oyununa	1067	16332
doğrultusunda	1067	16333
dileğim	1067	16334
sonucunu	1067	16335
eksiksiz	1067	16336
seçmelere	1067	16337
getirmedim	1067	16338
korkunun	1067	16339
ısrarcı	1067	16340
görüştün	1067	16341
kurye	1067	16342
kızılderililer	1066	16343
tuttuğun	1066	16344
dağıt	1066	16345
gelmesin	1066	16346
suriye	1066	16347
bacağın	1066	16348
feet	1066	16349
anlayabilirim	1066	16350
zannettim	1066	16351
fırına	1066	16352
sidik	1065	16353
raporuna	1065	16354
ağaçtan	1065	16355
cebinden	1065	16356
sakinleri	1065	16357
patlıyor	1065	16358
sürmeyi	1065	16359
sheppard	1065	16360
east	1065	16361
çemberi	1064	16362
tutması	1064	16363
gibileri	1064	16364
televizyonun	1064	16365
klein	1064	16366
masalı	1064	16367
philly	1064	16368
stili	1064	16369
dex	1064	16370
güvenebileceğim	1064	16371
haklısındır	1064	16372
korkmuştu	1064	16373
değişmemiş	1064	16374
gitsinler	1064	16375
olmadığının	1064	16376
komedyen	1063	16377
göstermesi	1063	16378
yapmayalım	1063	16379
ligi	1063	16380
atarken	1063	16381
çiftliğe	1063	16382
töreninde	1063	16383
madeline	1063	16384
koruyucusu	1063	16385
kilometrelerce	1063	16386
eğleniyorum	1063	16387
kenar	1063	16388
baksam	1063	16389
alanlar	1063	16390
warner	1063	16391
silahlara	1063	16392
kontak	1063	16393
onurunu	1062	16394
basa	1062	16395
attığım	1062	16396
gezisine	1062	16397
mutluydu	1062	16398
malley	1062	16399
yelek	1062	16400
haklıdır	1062	16401
kovan	1062	16402
çıkmalıyım	1062	16403
doğuyor	1062	16404
şarkıya	1062	16405
bağırmak	1062	16406
hastalıkları	1062	16407
başkent	1062	16408
ediyordur	1062	16409
aşkımı	1062	16410
libby	1062	16411
kusuruna	1061	16412
kaçırmaya	1061	16413
çevirdim	1061	16414
soytarı	1061	16415
dalıp	1061	16416
napıyorsun	1061	16417
acının	1061	16418
pip	1061	16419
mezarını	1061	16420
oturduğunu	1061	16421
alışverişi	1061	16422
etmeyelim	1060	16423
hapishanesi	1060	16424
yoktan	1060	16425
anlatmalısın	1060	16426
kaçıncı	1060	16427
baykuş	1060	16428
söyleyecektin	1060	16429
götüne	1060	16430
yapabileceğime	1060	16431
faul	1060	16432
telefondaki	1060	16433
profesörü	1060	16434
avına	1060	16435
gümrük	1060	16436
adımını	1060	16437
kelimesine	1060	16438
mekana	1060	16439
springs	1059	16440
kullandığımız	1059	16441
çarpıyor	1059	16442
kontratı	1059	16443
bahsettiğiniz	1059	16444
girersin	1059	16445
dinliyorsun	1059	16446
bavul	1059	16447
sevmiş	1059	16448
şeklin	1059	16449
robotlar	1059	16450
bunak	1059	16451
karınızın	1059	16452
thea	1059	16453
uzunluğunda	1059	16454
chance	1059	16455
yaptıklarımı	1058	16456
fargo	1058	16457
kötülüğün	1058	16458
dahilinde	1058	16459
manası	1058	16460
yuh	1058	16461
yolum	1058	16462
jai	1058	16463
yağacak	1058	16464
virüsün	1057	16465
lucille	1057	16466
seviyorsunuz	1057	16467
bahisler	1057	16468
sıktı	1057	16469
öğretir	1057	16470
komisyonu	1057	16471
ayrıldınız	1057	16472
bakmasını	1057	16473
çantaları	1057	16474
haa	1057	16475
yakalar	1057	16476
görevleri	1057	16477
diski	1057	16478
form	1057	16479
ayarladın	1057	16480
çağırır	1057	16481
kattan	1057	16482
düşündüler	1056	16483
bayanla	1056	16484
sütlü	1056	16485
birlikteydim	1056	16486
çalışmıştı	1056	16487
dokunuyor	1056	16488
winnie	1056	16489
marley	1056	16490
kısma	1056	16491
potansiyeli	1056	16492
kalınca	1055	16493
yankee	1055	16494
hüseyin	1055	16495
davranacağım	1055	16496
motorlar	1055	16497
şifresi	1055	16498
isi	1055	16499
elias	1055	16500
bilgisayarlar	1055	16501
deneyebiliriz	1055	16502
terapist	1055	16503
girmeyecek	1055	16504
küçükler	1054	16505
götürmemiz	1054	16506
sorgulamaya	1054	16507
yılların	1054	16508
kaçırılma	1054	16509
astsubay	1054	16510
büyürken	1054	16511
ağlar	1054	16512
konuşmayın	1054	16513
kaybedeceğim	1054	16514
emniyeti	1053	16515
sevmeyi	1053	16516
kırsal	1053	16517
kliniği	1053	16518
biteceğini	1053	16519
kokla	1052	16520
fikrindi	1052	16521
çekilir	1052	16522
ülkemizin	1052	16523
koruman	1052	16524
yard	1052	16525
temyiz	1052	16526
deneyi	1052	16527
şefin	1052	16528
suçlusu	1052	16529
çuvalı	1052	16530
inanılmazsın	1052	16531
sorunla	1051	16532
göremeyecek	1051	16533
çağırıp	1051	16534
olacağıma	1051	16535
koşarken	1051	16536
geçeriz	1051	16537
bağımsızlık	1051	16538
iniyorum	1051	16539
öldüğümü	1051	16540
gönderdiğin	1051	16541
yapabildiğim	1051	16542
görebilecek	1051	16543
duyarız	1051	16544
bulmana	1050	16545
bıçağın	1050	16546
politikası	1050	16547
uyuşuyor	1050	16548
ihtimalini	1050	16549
yapmazlar	1050	16550
aşina	1050	16551
duyabilir	1050	16552
kopmuş	1050	16553
acını	1050	16554
suçlayamazsın	1050	16555
alındın	1050	16556
etkinlik	1050	16557
ergenlik	1049	16558
talyn	1049	16559
geçemez	1049	16560
oldugu	1049	16561
çıkmıştır	1049	16562
hayattayım	1049	16563
yatıştırıcı	1049	16564
epeydir	1049	16565
kaybettiğin	1049	16566
suçlunun	1049	16567
kafanızı	1048	16568
bahsediyorduk	1048	16569
spence	1048	16570
kullanması	1048	16571
françois	1048	16572
ihbarı	1048	16573
kullanacağını	1048	16574
taktın	1048	16575
atarsan	1048	16576
ayağın	1048	16577
onuncu	1048	16578
peçete	1048	16579
dönecektir	1048	16580
yetkililere	1047	16581
edildin	1047	16582
nico	1047	16583
ormandan	1047	16584
yüzleri	1047	16585
vücudumu	1047	16586
bulaşma	1047	16587
yıkıldı	1047	16588
dondurucu	1047	16589
göremeyeceğim	1047	16590
hafızam	1047	16591
içkileri	1047	16592
oğlanın	1046	16593
teorim	1046	16594
bırakmalıyız	1046	16595
toplandık	1046	16596
körfezi	1046	16597
aşağısı	1046	16598
uyuyordum	1046	16599
taktı	1046	16600
richards	1046	16601
kardeşimiz	1046	16602
savaşlar	1046	16603
sahtekarlık	1046	16604
bilip	1045	16605
arayacağını	1045	16606
ödüm	1045	16607
imzaladı	1045	16608
aslanım	1045	16609
yapıyordur	1045	16610
olurda	1045	16611
dişli	1045	16612
beklediğimiz	1045	16613
düzelteceğim	1045	16614
hazırladık	1045	16615
ayının	1045	16616
karşımızda	1045	16617
takımdan	1045	16618
gönderiyorlar	1045	16619
gezinti	1045	16620
kablosuz	1045	16621
söyleseydin	1045	16622
tükenmiş	1044	16623
denemez	1044	16624
söylüyoruz	1044	16625
veteriner	1044	16626
misafirlerimiz	1044	16627
gökyüzünden	1044	16628
super	1044	16629
muhasebe	1044	16630
davranıyorsunuz	1044	16631
işlemleri	1044	16632
mekanda	1044	16633
sağdaki	1043	16634
gerçektir	1043	16635
bulmaz	1043	16636
çıkanı	1043	16637
düşmanla	1043	16638
şapkalı	1043	16639
yazmam	1043	16640
sıralarda	1043	16641
fırça	1043	16642
yaşarsın	1043	16643
topraklarda	1043	16644
etmediler	1043	16645
winter	1042	16646
tanıkları	1042	16647
çıkmadım	1042	16648
kumsalda	1042	16649
konuşmayalım	1042	16650
vazgeçti	1042	16651
çığlıklar	1042	16652
nobel	1042	16653
galactica	1042	16654
rıza	1042	16655
hapsi	1042	16656
erimiş	1042	16657
alacağı	1042	16658
edmund	1042	16659
yaklaşmayın	1042	16660
malın	1042	16661
sözleşmesi	1042	16662
dinlemedin	1041	16663
değiştirmem	1041	16664
yüzyıllar	1041	16665
eliza	1041	16666
inanamazsın	1041	16667
yırtık	1041	16668
kedinin	1041	16669
coleman	1041	16670
ulaşır	1041	16671
uğursuz	1041	16672
olmamızın	1041	16673
siyaset	1041	16674
ölmedim	1041	16675
yalnızdım	1041	16676
işlerinden	1041	16677
imi	1041	16678
nedenleri	1041	16679
fakültesi	1041	16680
merdivenden	1041	16681
sebebinin	1040	16682
boğazı	1040	16683
ezilmiş	1040	16684
başlarlar	1040	16685
kıyı	1040	16686
hattını	1040	16687
gitmezse	1040	16688
ulus	1040	16689
nehirin	1040	16690
alarma	1040	16691
kaçırmışsın	1040	16692
etsinler	1040	16693
sürmüş	1040	16694
titan	1039	16695
çaresi	1039	16696
anka	1039	16697
reyes	1039	16698
görünmüyordu	1039	16699
yaşarım	1039	16700
uyandır	1039	16701
telaffuz	1039	16702
tardis	1039	16703
memeli	1039	16704
yapmamıza	1039	16705
evlendikten	1039	16706
dağların	1039	16707
duvardaki	1038	16708
stiles	1038	16709
dönük	1038	16710
yavrular	1038	16711
denemiyorsun	1038	16712
luc	1038	16713
görmesin	1038	16714
soymak	1038	16715
sokakları	1038	16716
deneyebilirsin	1038	16717
hardal	1038	16718
şehrinde	1037	16719
erişimi	1037	16720
konyak	1037	16721
insandır	1037	16722
kabuk	1037	16723
zamanlardan	1037	16724
ömrüm	1037	16725
sanatsal	1037	16726
değiştirmeyecek	1037	16727
değilmişsin	1037	16728
güneyli	1037	16729
sürüş	1037	16730
nell	1037	16731
pittsburgh	1037	16732
didik	1036	16733
hamam	1036	16734
anlaşılabilir	1036	16735
koltuğunda	1036	16736
astrid	1036	16737
alvarez	1036	16738
mektubun	1036	16739
jöle	1036	16740
konuşana	1035	16741
tüneli	1035	16742
karıştırdın	1035	16743
yüzeysel	1035	16744
bulacağımızı	1035	16745
verilmesi	1035	16746
dumanı	1035	16747
saldırısına	1035	16748
kutsanmış	1035	16749
görse	1035	16750
delikler	1035	16751
hoşlandığımı	1035	16752
banyoyu	1034	16753
geçmem	1034	16754
griffith	1034	16755
çalışayım	1034	16756
mütevazi	1034	16757
kapmış	1034	16758
konuşmaydı	1034	16759
minibüsü	1034	16760
katya	1034	16761
izlerim	1034	16762
arkadaşça	1034	16763
muhasebeci	1034	16764
mahkumu	1034	16765
grimm	1033	16766
götürüyorsunuz	1033	16767
oğluyla	1033	16768
tedbir	1033	16769
gevreği	1033	16770
ayıran	1033	16771
manning	1033	16772
serserinin	1033	16773
arasam	1033	16774
kafalarını	1033	16775
içersin	1033	16776
yaratacak	1033	16777
istemezsen	1032	16778
çoğumuz	1032	16779
ayırıp	1032	16780
mozart	1032	16781
burnunun	1032	16782
varlığından	1032	16783
geleceğinizi	1032	16784
hukuki	1032	16785
kapanmıştır	1032	16786
yaklaştım	1032	16787
sarhoşum	1032	16788
elbisemi	1032	16789
zamanıdır	1032	16790
baskısı	1032	16791
ilçe	1032	16792
şube	1031	16793
sürün	1031	16794
davasına	1031	16795
araçtan	1031	16796
kudretli	1031	16797
başkanının	1031	16798
zamanımızı	1031	16799
çalıyordu	1031	16800
görmediği	1031	16801
csi	1031	16802
güncel	1031	16803
özgürlüğünü	1031	16804
arkadaştık	1031	16805
devrimci	1031	16806
sayımı	1031	16807
molası	1030	16808
dönemden	1030	16809
sınıfında	1030	16810
fiyatları	1030	16811
gideceğimiz	1030	16812
trenden	1030	16813
taşıyordu	1030	16814
çekmeden	1030	16815
kıçının	1030	16816
tutucu	1030	16817
biliyorsunuzdur	1030	16818
ekipler	1030	16819
fotoğrafın	1030	16820
güvendiğim	1030	16821
müsaadenle	1030	16822
eğlendik	1030	16823
istihbaratı	1030	16824
harlan	1029	16825
picasso	1029	16826
kitaptan	1029	16827
yatırdım	1029	16828
merhum	1029	16829
kocasına	1029	16830
ebeveynler	1029	16831
kristen	1029	16832
öldürüyordu	1029	16833
kirby	1029	16834
adamlarımdan	1029	16835
çalıştığınızı	1029	16836
malikanesi	1029	16837
yoldayız	1028	16838
sürüp	1028	16839
kimmy	1028	16840
gazetelere	1028	16841
seninkinden	1028	16842
içtiğini	1028	16843
leela	1028	16844
fıçı	1028	16845
dinlenin	1028	16846
derisini	1028	16847
şüpheliler	1028	16848
durmayacak	1028	16849
düşmüştü	1028	16850
ihtiyaçlarını	1028	16851
vuruyorsun	1028	16852
boğaz	1027	16853
avukatımı	1027	16854
kocana	1027	16855
meğerse	1027	16856
gürültüsü	1027	16857
çağıralım	1027	16858
kıçın	1027	16859
savaşacağız	1027	16860
saçlarım	1027	16861
firması	1027	16862
dağda	1027	16863
bacağımı	1027	16864
anneyi	1027	16865
kemiklerini	1027	16866
butler	1026	16867
mahveder	1026	16868
erişte	1026	16869
yüzey	1026	16870
locke	1026	16871
biletim	1026	16872
hard	1026	16873
umudum	1026	16874
maçtan	1026	16875
verince	1026	16876
maması	1026	16877
istenmeyen	1026	16878
aralarındaki	1025	16879
tarafım	1025	16880
air	1025	16881
güller	1025	16882
öldürecekti	1025	16883
esaslı	1025	16884
tuttuk	1025	16885
kaybedeceğiz	1025	16886
sundu	1025	16887
kesen	1025	16888
mermiler	1025	16889
kalkanı	1025	16890
uçurmak	1025	16891
rahul	1025	16892
tabağı	1025	16893
yüksekten	1025	16894
başaramadım	1024	16895
cezaevi	1024	16896
karga	1024	16897
andı	1024	16898
etmiyorsunuz	1024	16899
tokuş	1024	16900
öleli	1024	16901
kullanman	1024	16902
ıslık	1024	16903
gününden	1024	16904
bahsetmeye	1024	16905
öleceğimi	1024	16906
akar	1023	16907
rekoru	1023	16908
yaygara	1023	16909
inanıyorlar	1023	16910
kaldıracak	1023	16911
götürdüğünü	1023	16912
yiyebilirim	1023	16913
kancık	1023	16914
iznin	1023	16915
yakalandın	1023	16916
koyduğum	1023	16917
çalışırlar	1023	16918
kapatacağım	1023	16919
gardiyanlar	1023	16920
ortasındayım	1023	16921
atıyordu	1023	16922
sokacağım	1023	16923
dolaşmaya	1023	16924
solomon	1022	16925
fazlaydı	1022	16926
tanıklar	1022	16927
yatkın	1022	16928
kalmalıyız	1022	16929
kaçırdığım	1022	16930
özledik	1022	16931
starbuck	1021	16932
yaka	1021	16933
online	1021	16934
disko	1021	16935
hafızasını	1021	16936
kürsüye	1021	16937
anlayışın	1021	16938
uçuyorum	1021	16939
etmesin	1021	16940
kuşların	1021	16941
göstererek	1021	16942
iklim	1021	16943
üşüyorum	1020	16944
bulaşıkları	1020	16945
mümkündür	1020	16946
ponpon	1020	16947
telaş	1020	16948
mızrak	1020	16949
tanımıyordum	1020	16950
kayip	1020	16951
toplanıp	1020	16952
bakteri	1020	16953
norm	1020	16954
kimliğimi	1020	16955
köprüde	1019	16956
filminin	1019	16957
çukura	1019	16958
ayrılmayı	1019	16959
yapmadınız	1019	16960
gidecektir	1019	16961
jojo	1019	16962
göğsünde	1019	16963
devir	1019	16964
başlaması	1019	16965
çıkarıldı	1019	16966
sing	1019	16967
yalandan	1019	16968
demiştik	1019	16969
mai	1019	16970
avlamak	1019	16971
cate	1019	16972
gevezelik	1019	16973
isterlerse	1018	16974
bulamazsınız	1018	16975
yaşayanlar	1018	16976
olmayayım	1018	16977
fritz	1018	16978
endişelendiren	1018	16979
çarpıp	1018	16980
ülkesine	1018	16981
araştırmacı	1018	16982
unutulmaz	1018	16983
mahcup	1018	16984
affetmeyeceğim	1018	16985
bacaklar	1018	16986
kıskandın	1018	16987
saklama	1017	16988
kuyu	1017	16989
bombardıman	1017	16990
decker	1017	16991
taşındık	1017	16992
haldeyim	1017	16993
topuklu	1017	16994
namussuz	1017	16995
kaynaklar	1017	16996
burnundan	1017	16997
sahibiyim	1017	16998
jasmine	1017	16999
atıştı	1017	17000
laboratuvarı	1017	17001
kaburga	1017	17002
ayini	1016	17003
öldüreyim	1016	17004
takıldım	1016	17005
bakmıştım	1016	17006
feragat	1016	17007
bildiğine	1016	17008
country	1016	17009
ernest	1016	17010
destekleyen	1016	17011
aksanı	1016	17012
ace	1016	17013
buzdolabında	1015	17014
aramalısın	1015	17015
sky	1015	17016
seferi	1015	17017
nahoş	1015	17018
ahırda	1015	17019
üniformalı	1015	17020
town	1015	17021
eğ	1015	17022
düşüncelisin	1015	17023
almanların	1015	17024
gündüzleri	1015	17025
suları	1015	17026
havaalanından	1015	17027
bilsin	1015	17028
harcadı	1015	17029
faturayı	1015	17030
uzaktaki	1015	17031
sorduğumda	1015	17032
harikaymış	1015	17033
adamının	1014	17034
razıyım	1014	17035
yozlaşmış	1014	17036
şişmiş	1014	17037
bulunmaz	1014	17038
edindim	1014	17039
çekilsin	1014	17040
umduğum	1014	17041
beklediğimden	1014	17042
asmak	1014	17043
gezen	1014	17044
berber	1014	17045
gururum	1014	17046
çekiyorlar	1014	17047
köyden	1014	17048
konuşamıyor	1014	17049
yoldaşlar	1014	17050
kanıta	1014	17051
görmelisiniz	1014	17052
kalkanlar	1014	17053
istiridye	1014	17054
bahseden	1013	17055
girdiğim	1013	17056
anam	1013	17057
öğretmeye	1013	17058
küvette	1013	17059
faşist	1013	17060
yalnızsın	1013	17061
kanıtlayacak	1013	17062
etkilenmiş	1013	17063
dereceye	1013	17064
karşılayacak	1013	17065
ünü	1013	17066
uğrattın	1013	17067
bekleyebilirim	1013	17068
insanlığı	1013	17069
güvenebileceğimi	1012	17070
söylemeli	1012	17071
geoffrey	1012	17072
bildiğinizi	1012	17073
pusu	1012	17074
olmadığında	1012	17075
odamdan	1012	17076
umutsuzca	1012	17077
işledi	1012	17078
peru	1012	17079
stanton	1012	17080
meraklanma	1012	17081
maddeler	1012	17082
patronuna	1012	17083
webster	1012	17084
piçin	1012	17085
tasha	1012	17086
konuşmanız	1012	17087
dc	1012	17088
kontrollü	1012	17089
numarada	1012	17090
kalmadığını	1012	17091
koyarız	1012	17092
sopası	1012	17093
joker	1011	17094
ney	1011	17095
şimdide	1011	17096
tanışmaya	1011	17097
see	1011	17098
royal	1011	17099
hi	1011	17100
clint	1011	17101
meçhul	1011	17102
ying	1011	17103
memphis	1011	17104
söyleyemedim	1011	17105
dökmek	1011	17106
çıkmamış	1011	17107
kaldığımı	1011	17108
andaki	1010	17109
kollarım	1010	17110
gezip	1010	17111
bank	1010	17112
keşfetti	1010	17113
koruyorum	1010	17114
lorraine	1010	17115
fiyatına	1010	17116
olaylardan	1010	17117
birşeyleri	1010	17118
fang	1010	17119
bull	1009	17120
uyarmalıyım	1009	17121
cobb	1009	17122
from	1009	17123
büyür	1009	17124
fakültesine	1009	17125
olucak	1009	17126
türkçe	1009	17127
yazayım	1009	17128
soyundan	1009	17129
ağzım	1009	17130
bedenine	1009	17131
zorbalık	1009	17132
böyleyim	1009	17133
ethel	1009	17134
ederdik	1009	17135
suçladı	1009	17136
kriket	1009	17137
maddeyi	1008	17138
güverteye	1008	17139
müşterilerin	1008	17140
göstermelisin	1008	17141
lokanta	1008	17142
ölüleri	1008	17143
sıkça	1008	17144
binalar	1008	17145
buffalo	1008	17146
olduğunuzda	1007	17147
formları	1007	17148
yetkilileri	1007	17149
sormuştum	1007	17150
kaygan	1007	17151
mirası	1007	17152
kanıtımız	1007	17153
uyur	1007	17154
uçuk	1007	17155
edilmemiş	1007	17156
ayırdım	1007	17157
çenesi	1006	17158
romalı	1006	17159
rae	1006	17160
korkup	1006	17161
öncülük	1006	17162
duyarsa	1006	17163
daireler	1006	17164
karşılaşma	1006	17165
back	1006	17166
koyduğumun	1006	17167
flora	1006	17168
ışın	1006	17169
anons	1006	17170
ipleri	1006	17171
sibirya	1005	17172
hissine	1005	17173
hançer	1005	17174
devrimi	1005	17175
kandırmak	1005	17176
yapiyorsun	1005	17177
kullanıldığını	1005	17178
cesetlerin	1005	17179
topluyorum	1005	17180
kulağını	1005	17181
arıyorsan	1005	17182
robbins	1005	17183
adımın	1005	17184
hoffman	1005	17185
iyileşiyor	1005	17186
savunması	1004	17187
tiplerden	1004	17188
susuz	1004	17189
cezasına	1004	17190
tanışmayı	1004	17191
uykuda	1004	17192
öptün	1004	17193
dinlemedi	1004	17194
fikirlerin	1004	17195
göstersene	1004	17196
katilleri	1004	17197
ölüyordum	1004	17198
gelmeyen	1004	17199
mustang	1004	17200
heyecanı	1004	17201
sorumsuz	1004	17202
moss	1003	17203
aldıklarını	1003	17204
çevreye	1003	17205
geliş	1003	17206
fit	1003	17207
hu	1003	17208
görüşmeler	1003	17209
madalyası	1003	17210
patronunun	1003	17211
kaleyi	1003	17212
uzaydan	1003	17213
tutacaksın	1003	17214
girmen	1002	17215
eskiler	1002	17216
katlanamam	1002	17217
angus	1002	17218
mistik	1002	17219
hayatlar	1002	17220
avrupalı	1002	17221
dengeli	1002	17222
güçlüyüm	1002	17223
şudur	1002	17224
temizliği	1002	17225
çevirmeye	1002	17226
yıkamak	1002	17227
kariyerimi	1001	17228
aptalı	1001	17229
düşmanım	1001	17230
kapatıyoruz	1001	17231
güveniyorsun	1001	17232
bırakacağını	1001	17233
yüzler	1001	17234
rotayı	1001	17235
gördüğümden	1001	17236
inandığını	1001	17237
imzalar	1001	17238
sevgisini	1001	17239
işteki	1001	17240
olabilirdik	1000	17241
başaracaksın	1000	17242
lucia	1000	17243
kabarık	1000	17244
müziğini	1000	17245
tişörtü	1000	17246
golden	1000	17247
beyinli	1000	17248
tito	1000	17249
tutmalısın	1000	17250
özellik	1000	17251
musallat	999	17252
margarita	999	17253
akrep	999	17254
tabip	999	17255
eddy	999	17256
costa	999	17257
aklınızda	999	17258
kaçırıp	999	17259
saldırmaya	999	17260
durumdu	999	17261
yaşarız	999	17262
pekin	999	17263
terbiye	999	17264
meleğin	999	17265
zafere	999	17266
etmemek	999	17267
getirmeni	998	17268
akışına	998	17269
karışım	998	17270
dünyam	998	17271
açı	998	17272
seksen	998	17273
ilgilendiğini	998	17274
eliot	998	17275
seçildi	998	17276
margot	998	17277
söylememem	998	17278
olacaktın	998	17279
hazineyi	998	17280
gönderdiğim	997	17281
burasi	997	17282
fotoğrafta	997	17283
gerginlik	997	17284
yakıştı	997	17285
yükünü	997	17286
abur	997	17287
şaplak	997	17288
echo	997	17289
gelmeli	997	17290
müebbet	997	17291
wolfe	997	17292
katkı	997	17293
koskoca	997	17294
kütle	997	17295
içinizde	997	17296
uyumam	996	17297
august	996	17298
depoyu	996	17299
marsh	996	17300
yürüdü	996	17301
güvenmiyorsun	996	17302
geçireyim	996	17303
hatırlatırım	996	17304
hazırdı	996	17305
hayvanlarla	995	17306
buluşması	995	17307
teste	995	17308
etmiyordu	995	17309
kaçırılmış	995	17310
sebepler	995	17311
dayanın	995	17312
saklayın	995	17313
grupla	995	17314
yunus	995	17315
kestiler	995	17316
diyorsam	995	17317
askerlik	995	17318
kalbe	995	17319
tyson	994	17320
vejetaryen	994	17321
yapacağınız	994	17322
sınıfına	994	17323
gömülmüş	994	17324
saklanan	994	17325
sunucu	993	17326
istememiş	993	17327
napoli	993	17328
tacı	993	17329
giyme	993	17330
uzlaşma	993	17331
pazara	993	17332
dinlenmen	993	17333
oturuyordum	992	17334
talihsizlik	992	17335
tanıdı	992	17336
ılık	992	17337
gelinceye	992	17338
alındım	992	17339
yazarlar	992	17340
jennings	992	17341
akşamın	992	17342
insanlardır	992	17343
beğeniyorum	991	17344
abartıyorsun	991	17345
seneki	991	17346
teri	991	17347
karev	991	17348
raylan	991	17349
hayatlarının	991	17350
verdikten	991	17351
kutluyoruz	991	17352
saydım	991	17353
erkencisin	991	17354
halloldu	991	17355
gidemezsiniz	991	17356
sheridan	991	17357
sonsuzluk	991	17358
konuşsana	991	17359
luca	991	17360
olmaktır	991	17361
tez	991	17362
moralini	990	17363
şakalar	990	17364
etmenize	990	17365
hafızası	990	17366
skye	990	17367
sokuyorsun	990	17368
yapmadığı	990	17369
müdüre	990	17370
öldürdüğüm	990	17371
trafiği	990	17372
kurtulacağız	990	17373
halledersin	990	17374
sanıyoruz	990	17375
okulundan	990	17376
vale	989	17377
tabela	989	17378
maaşını	989	17379
filmlerini	989	17380
rodriguez	989	17381
kilitlendi	989	17382
titus	989	17383
gülümsüyor	989	17384
laboratuarı	989	17385
okumam	989	17386
karnında	989	17387
yandaki	989	17388
çatışmaya	989	17389
şüphelimiz	989	17390
mao	989	17391
zorluyorsun	989	17392
abed	989	17393
kocasıyla	989	17394
allie	988	17395
koltuğun	988	17396
geçeceksin	988	17397
bilincini	988	17398
bilmiyorsan	988	17399
perdeleri	988	17400
direksiyon	988	17401
mangal	988	17402
linus	988	17403
yaratmaya	988	17404
kurum	988	17405
suikastçı	988	17406
kadere	988	17407
saklayacağım	988	17408
şanssız	988	17409
küp	987	17410
rahmetli	987	17411
işlenen	987	17412
delikleri	987	17413
yaratmış	987	17414
girmenin	987	17415
biletini	987	17416
maymunu	987	17417
bahsetmedim	987	17418
daimi	986	17419
dönsem	986	17420
cumhuriyetçi	986	17421
rakibi	986	17422
edemedi	986	17423
anahtarlarımı	986	17424
humphrey	986	17425
bakmış	986	17426
dakikam	986	17427
kazanırsam	986	17428
lizzy	986	17429
getirmişsin	986	17430
hydra	986	17431
krallığın	986	17432
bilmelisiniz	986	17433
çiş	986	17434
atmadan	986	17435
söyleneni	986	17436
tanışmadık	985	17437
kazanmanın	985	17438
görüyordu	985	17439
başrol	985	17440
filmindeki	985	17441
cinsten	985	17442
güvendim	985	17443
binasına	985	17444
hoo	985	17445
uçurumdan	985	17446
ruhsat	985	17447
dayanamayacağım	985	17448
rupert	985	17449
macgyver	985	17450
akli	985	17451
idari	985	17452
ayakkabıların	984	17453
büyümüşsün	984	17454
dolan	984	17455
kullanalım	984	17456
yapmamak	984	17457
şüphelerim	984	17458
penisi	984	17459
parkın	984	17460
kararlarını	984	17461
dikenli	984	17462
elmalı	984	17463
volkanik	984	17464
elması	984	17465
yeryüzündeki	984	17466
istemediğinden	984	17467
kaybetmenin	983	17468
spartacus	983	17469
taşınıyorum	983	17470
mührü	983	17471
hemşireler	983	17472
kelepçe	983	17473
kapıcı	983	17474
want	983	17475
vurucu	983	17476
vekili	983	17477
sıkkın	983	17478
bırakıyoruz	983	17479
terrence	983	17480
kg	983	17481
çıkarlar	983	17482
bakışta	982	17483
kilitleyin	982	17484
resimdeki	982	17485
cimri	982	17486
alınır	982	17487
inandı	982	17488
hiçe	982	17489
lux	982	17490
sarılmış	982	17491
how	982	17492
aklınızdan	982	17493
ederlerse	981	17494
gideceğin	981	17495
yaşları	981	17496
söyleyebilirdin	981	17497
ölmez	981	17498
cansız	981	17499
ödemeli	981	17500
kızkardeşim	981	17501
bırakırız	981	17502
cephe	981	17503
bütünüyle	981	17504
buluşmamız	981	17505
kurtardınız	981	17506
bildikleri	981	17507
beau	981	17508
olurlarsa	981	17509
odanız	980	17510
wraith	980	17511
doğruluyor	980	17512
yapmamıştım	980	17513
alabama	980	17514
gelmenin	980	17515
kızdırmak	980	17516
verdiğine	980	17517
aşmak	980	17518
testini	980	17519
yaramış	980	17520
tuttuğum	980	17521
edemiyorsun	980	17522
uyanmak	980	17523
dilde	979	17524
suçluyum	979	17525
eşimle	979	17526
canınızı	979	17527
bmw	979	17528
bitirdikten	979	17529
tezahürat	979	17530
sandığımdan	979	17531
anladığımı	979	17532
kaynaklarını	979	17533
gökyüzünün	979	17534
sikimde	979	17535
görüntüsünü	979	17536
sıkılmış	979	17537
mahvediyorsun	979	17538
kaldırır	978	17539
nefsi	978	17540
parçacık	978	17541
tuzu	978	17542
çapkın	978	17543
alamayacaksın	978	17544
çalışmamı	978	17545
düğününe	978	17546
hım	978	17547
harcıyor	978	17548
kuşak	978	17549
çaremiz	978	17550
orlando	978	17551
kusmuk	978	17552
çözün	978	17553
sakinim	978	17554
öldürüyorlar	978	17555
olmayanlar	978	17556
dinledin	978	17557
yapamayacak	977	17558
güçlük	977	17559
çekmem	977	17560
takdire	977	17561
bahsetmiştim	977	17562
seçtiği	977	17563
yazılar	977	17564
yürekten	977	17565
düzelir	977	17566
gelebileceğini	977	17567
polislerden	977	17568
edna	977	17569
ışıl	977	17570
hastalıktan	977	17571
çıkaracaksın	977	17572
ilişkisini	977	17573
yaptığımın	977	17574
çarpma	977	17575
dolanıyor	977	17576
dönmene	977	17577
değiştirin	977	17578
psikolog	976	17579
malibu	976	17580
sormalısın	976	17581
yetişirim	976	17582
noktalar	976	17583
carver	976	17584
yakıyorsun	976	17585
sürüngen	976	17586
yemeğim	976	17587
yolluyor	976	17588
jarvis	975	17589
partisini	975	17590
şehit	975	17591
korkaklar	975	17592
rahipler	975	17593
olmuşlar	975	17594
missy	975	17595
ellerinle	975	17596
iftira	975	17597
suçluların	975	17598
micheal	975	17599
köpük	975	17600
yardımımı	975	17601
sayıca	975	17602
gelmeyin	975	17603
sorumluluğum	975	17604
saddam	975	17605
antibiyotik	975	17606
çetenin	975	17607
ikinizle	975	17608
ansızın	974	17609
kaçakçılığı	974	17610
çıkıyordum	974	17611
gitmeyeceksin	974	17612
programları	974	17613
taşla	974	17614
eleştiri	974	17615
aktivite	974	17616
beşe	974	17617
morga	974	17618
doldurulmuş	974	17619
uçacak	974	17620
geciktiğim	973	17621
üyelerinin	973	17622
yerdeyiz	973	17623
tavana	973	17624
kiliseyi	973	17625
una	973	17626
gençleri	973	17627
kanatlarını	973	17628
harcadık	973	17629
yakalayacak	973	17630
görülecek	973	17631
yaralanma	972	17632
birlikler	972	17633
dilin	972	17634
pepper	972	17635
halat	972	17636
şeytanla	972	17637
kızıyım	972	17638
wagner	972	17639
bağırmayı	972	17640
avukatla	972	17641
gözcü	972	17642
lulu	972	17643
düşmesi	972	17644
tecavüzcü	972	17645
davalar	972	17646
kendilerinden	971	17647
teknenin	971	17648
faiz	971	17649
sağolsun	971	17650
adammış	971	17651
ölürsen	971	17652
düşüncelerimi	971	17653
duymam	971	17654
karakolu	971	17655
bakir	971	17656
mülteci	971	17657
sinirlenme	971	17658
zannediyor	971	17659
kıvılcım	971	17660
tanışmıştım	971	17661
duvarlara	971	17662
biliyorsa	970	17663
sahasında	970	17664
teknolojik	970	17665
rahim	970	17666
izlediğini	970	17667
düğüm	970	17668
marihuana	970	17669
anlarız	970	17670
hileli	970	17671
waffle	970	17672
etmezse	970	17673
sınırın	970	17674
grupları	970	17675
chambers	970	17676
halledin	970	17677
hükümete	970	17678
ayaklarımı	970	17679
kuğu	970	17680
otoyol	970	17681
bulaşmak	970	17682
bildirildi	970	17683
hissettirir	970	17684
çantamda	969	17685
atamam	969	17686
planlanmış	969	17687
köpeğimi	969	17688
derinlerde	969	17689
kalım	969	17690
sayılmazsın	969	17691
görecekler	969	17692
tanınmış	969	17693
diyeceksiniz	969	17694
dişler	969	17695
yanındayken	969	17696
merkezden	969	17697
marjorie	969	17698
düğmesi	969	17699
canınız	969	17700
way	969	17701
ilaçların	969	17702
oynamam	968	17703
binasında	968	17704
anlayana	968	17705
durdurmanın	968	17706
yeo	968	17707
yerleştirdim	968	17708
eyalette	968	17709
demesi	968	17710
vermeyeceksin	968	17711
çalışırdım	968	17712
fish	968	17713
değiştirirsen	968	17714
serçe	968	17715
burdayız	968	17716
içtenlikle	968	17717
ketçap	967	17718
çağırıyorlar	967	17719
dolaşırken	967	17720
kaçırıyorum	967	17721
buluşmam	967	17722
üstünlük	967	17723
öğrenmesini	967	17724
davey	967	17725
saygım	967	17726
kulübeye	967	17727
doldurdum	966	17728
kefaletle	966	17729
freya	966	17730
vurulan	966	17731
tai	966	17732
düşüncelerin	966	17733
kazanıp	966	17734
yapmayacağını	966	17735
american	966	17736
yapacağıma	966	17737
belirtiler	966	17738
walden	966	17739
ko	966	17740
imzası	966	17741
yapmadığımı	966	17742
sürprizi	966	17743
tutamaz	966	17744
ailemize	965	17745
italyanca	965	17746
deyiz	965	17747
yürümeyi	965	17748
adapte	965	17749
aldatıyor	965	17750
almakla	965	17751
skip	965	17752
misali	965	17753
büyükannenin	965	17754
sevişirken	965	17755
kaldığında	965	17756
çalışabilir	965	17757
kesim	964	17758
oyum	964	17759
bulunmaktadır	964	17760
evinizi	964	17761
sentetik	964	17762
döktüm	964	17763
olga	964	17764
bilseydi	964	17765
mahzuru	964	17766
horace	964	17767
gözleme	964	17768
dilenci	964	17769
geçerim	963	17770
stüdyoda	963	17771
bekleyeceksin	963	17772
rozeti	963	17773
büyünün	963	17774
yollarla	963	17775
duysun	963	17776
conan	963	17777
ülkem	963	17778
sarpa	963	17779
kabullenmek	963	17780
sakladığın	963	17781
güçlüydü	962	17782
tatbikat	962	17783
taşırım	962	17784
ahır	962	17785
gerekliydi	962	17786
trip	962	17787
mutlusun	962	17788
doğmamış	962	17789
koymuşlar	962	17790
kafes	962	17791
romalılar	962	17792
almıştın	962	17793
düğününde	962	17794
yargıcın	962	17795
yapılabilecek	962	17796
örgüt	962	17797
konumu	962	17798
arayacaksın	962	17799
mantığı	962	17800
aşıklar	962	17801
üzerinize	961	17802
kahrolasıca	961	17803
nelere	961	17804
memeleri	961	17805
krallar	961	17806
demekle	961	17807
aşkla	961	17808
tasarımı	961	17809
açtık	961	17810
chffffff	961	17811
düşmeden	961	17812
düğünün	961	17813
öğretiyor	961	17814
yolumuzu	961	17815
kanıyla	961	17816
yerinizi	960	17817
denemeliyiz	960	17818
vadeli	960	17819
cama	960	17820
olmasıyla	960	17821
giydiğin	960	17822
aramıyorsun	960	17823
tanımadığın	960	17824
gününün	960	17825
gündeme	960	17826
paddy	960	17827
bitireceğiz	960	17828
tahıl	960	17829
saldırıda	960	17830
verilmiştir	960	17831
ja	960	17832
kıskandım	960	17833
sormama	960	17834
norris	959	17835
çekinmeyin	959	17836
elinizdeki	959	17837
hasarlı	959	17838
aletin	959	17839
dinleyip	959	17840
savage	959	17841
yetmiş	959	17842
koyduğu	959	17843
bazılarınız	959	17844
hot	959	17845
mürettebatı	959	17846
durdurabilir	959	17847
aşırıya	959	17848
yapımcısı	959	17849
acıma	959	17850
büyüdük	959	17851
kalabilirsiniz	959	17852
tutarlı	959	17853
cenazesi	958	17854
yüzbaşım	958	17855
kaybedersen	958	17856
lapd	958	17857
aşan	958	17858
gilmore	958	17859
duymaktan	958	17860
perkins	958	17861
vurgun	958	17862
toparla	958	17863
yoklar	958	17864
benimkinin	958	17865
düşmanlar	958	17866
destekliyorum	958	17867
ilave	958	17868
jethro	958	17869
evleniyoruz	958	17870
edemezler	958	17871
afyon	958	17872
felicia	957	17873
ışını	957	17874
kapanış	957	17875
teknolojiyi	957	17876
geçebiliriz	957	17877
ziyaretine	957	17878
halletmeye	957	17879
alabiliyor	957	17880
ameliyathaneye	957	17881
seçer	957	17882
cevizi	957	17883
toplandı	957	17884
rahatlamak	957	17885
gerekmiyordu	957	17886
kayıplara	956	17887
baskıyı	956	17888
ölesiye	956	17889
peşindeyiz	956	17890
zıvır	956	17891
senede	956	17892
görevinden	956	17893
temizler	956	17894
merdiveni	956	17895
şampiyonluk	956	17896
seçenekler	956	17897
evraklar	956	17898
jüriye	956	17899
boğulma	956	17900
görebiliyorsun	956	17901
saygımla	955	17902
süs	955	17903
tanesine	955	17904
arabanız	955	17905
knight	955	17906
akım	955	17907
çevresindeki	955	17908
weston	955	17909
whoo	955	17910
kubbe	955	17911
okudunuz	955	17912
almaları	955	17913
konudaki	954	17914
mağazası	954	17915
sormayacağım	954	17916
içeceğiz	954	17917
kendininkini	954	17918
eğleniyoruz	954	17919
gövde	954	17920
kelle	954	17921
ramsey	954	17922
kulübesi	954	17923
atlamış	954	17924
desmond	954	17925
eğitimini	954	17926
aracını	954	17927
çıkarttı	954	17928
yaktın	954	17929
kaldırdım	953	17930
yapacaktı	953	17931
olanak	953	17932
bilse	953	17933
önceliğimiz	953	17934
olsalardı	953	17935
atarlar	953	17936
göğüsler	953	17937
duyamaz	953	17938
izinden	953	17939
bilgili	953	17940
pencereler	953	17941
ant	953	17942
geleli	953	17943
kalacağımı	952	17944
kıçınızı	952	17945
diyecekler	952	17946
enerjisini	952	17947
korkuyla	952	17948
toplanıyor	952	17949
rehineleri	952	17950
adamlarımın	952	17951
geçmemiz	952	17952
zenginler	952	17953
masters	952	17954
dönemin	952	17955
kitabının	952	17956
apple	952	17957
okumadım	952	17958
uzaktayız	952	17959
prensin	952	17960
yarışta	952	17961
boyutu	952	17962
ames	951	17963
çalışırsa	951	17964
rosemary	951	17965
taşa	951	17966
belirtti	951	17967
vitamin	951	17968
bilebilirdim	951	17969
seçimleri	951	17970
değiştirdik	951	17971
fikrinizi	950	17972
harikasınız	950	17973
boştu	950	17974
vardığında	950	17975
çıkarttım	950	17976
uzmanlar	950	17977
konuşmana	950	17978
vereceğin	950	17979
kıran	950	17980
endüstriyel	949	17981
utanıyor	949	17982
koçu	949	17983
fas	949	17984
kütük	949	17985
sevgilisini	949	17986
yüzleş	949	17987
bitirmeme	949	17988
alttan	949	17989
bagaj	949	17990
öldürmeyeceğim	949	17991
bakımdan	949	17992
ölmeyeceksin	949	17993
hayallerin	949	17994
lambert	949	17995
yeryüzü	949	17996
coco	949	17997
yaklaşmak	948	17998
uyuşturucudan	948	17999
topunu	948	18000
müthişti	948	18001
savannah	948	18002
çantasında	948	18003
bakmama	948	18004
hatıralar	948	18005
marian	948	18006
sözlerimi	948	18007
satmayı	948	18008
mezarlığa	948	18009
olduğumun	948	18010
götüreceğini	948	18011
planlama	948	18012
yalvardım	948	18013
eksikti	948	18014
tatiller	948	18015
oyu	948	18016
eşyalarım	948	18017
çıkarmanın	948	18018
ormandaki	947	18019
kaybetmiştim	947	18020
güvenmem	947	18021
kusurlu	947	18022
çırılçıplak	947	18023
tansiyonu	947	18024
uygulamak	947	18025
çöle	947	18026
sierra	947	18027
romanı	947	18028
site	947	18029
kalırlar	947	18030
izliyordu	947	18031
amiri	947	18032
bireysel	947	18033
gitsene	947	18034
davranmış	947	18035
korkum	947	18036
girmeyeceğim	947	18037
milyonu	946	18038
silinmiş	946	18039
yakışıklısın	946	18040
düşüncesiz	946	18041
hissedemiyorum	946	18042
çizgisi	946	18043
hoşlanmıyorsun	946	18044
halledecek	946	18045
ayrılacağım	946	18046
kazanamazsın	946	18047
kalmana	945	18048
rütbeli	945	18049
tavşanı	945	18050
dedektifi	945	18051
gözleriyle	945	18052
kazanırsa	945	18053
hazir	945	18054
seviyormuş	945	18055
yaşayamaz	945	18056
misafirim	945	18057
sans	945	18058
büyükbabamın	945	18059
ayağıma	945	18060
karada	945	18061
gireceğini	945	18062
japonca	945	18063
acelemiz	945	18064
raja	945	18065
yağmurlu	944	18066
wilfred	944	18067
giyim	944	18068
karıştırdım	944	18069
kıyafetlerimi	944	18070
yaşadığınız	944	18071
yaklaştığını	944	18072
bağları	944	18073
carlton	944	18074
politikacılar	944	18075
diyene	944	18076
şuydu	944	18077
us	944	18078
minnet	944	18079
vakfı	944	18080
sürücüsü	944	18081
evliliğimiz	944	18082
etmemize	944	18083
kastettim	944	18084
olmamıza	944	18085
yanındaydı	944	18086
patronluk	944	18087
high	943	18088
kaplama	943	18089
cani	943	18090
pantolonumu	943	18091
çarpık	943	18092
evlere	943	18093
strange	943	18094
hoşlanmadığını	943	18095
inanmadım	943	18096
duracaksın	943	18097
ayarlamaya	943	18098
değin	943	18099
aurora	943	18100
ai	943	18101
bronz	943	18102
mektupta	943	18103
eyaletin	942	18104
barrett	942	18105
havuzun	942	18106
tıka	942	18107
öleceksiniz	942	18108
fırtınanın	942	18109
sabret	942	18110
görmenin	942	18111
görevlerini	942	18112
birbirinin	942	18113
çalışırsın	942	18114
abu	942	18115
dakikası	942	18116
gerisinde	942	18117
tripp	942	18118
duyacağım	942	18119
kıyafetin	942	18120
hakkımı	942	18121
yarışmasına	942	18122
anları	942	18123
harbor	942	18124
dünyayla	941	18125
satışa	941	18126
gemisinde	941	18127
alsak	941	18128
bahsetmeyi	941	18129
belgelerini	941	18130
gasp	941	18131
şunlardan	941	18132
saatiniz	941	18133
plakası	941	18134
engin	941	18135
christie	941	18136
tıpatıp	941	18137
üzerlerine	941	18138
ateşten	941	18139
haritada	941	18140
kardan	941	18141
bebeklerin	941	18142
sırrımız	941	18143
myung	941	18144
pisliksin	941	18145
gözlüklü	941	18146
etmediği	940	18147
dudakları	940	18148
köşesine	940	18149
doktorsun	940	18150
insanlarda	940	18151
edebilirdi	940	18152
tahlil	940	18153
aşıyor	940	18154
kaldırmaya	940	18155
anya	940	18156
kaldırıyorum	940	18157
paco	940	18158
delip	940	18159
payımı	940	18160
istemiştir	940	18161
pislikleri	940	18162
marks	940	18163
olmalarına	940	18164
kovuldu	940	18165
snow	940	18166
bağlandı	940	18167
kayalar	939	18168
götün	939	18169
terbiyesiz	939	18170
armut	939	18171
bulurlarsa	939	18172
yenik	939	18173
korunmak	939	18174
üzereler	939	18175
komşuları	939	18176
tümünü	939	18177
anlaşılmaz	939	18178
çıkmıyorsun	939	18179
winchester	939	18180
büyüdüğünde	939	18181
nesli	939	18182
teğmenim	938	18183
katilimiz	938	18184
yaşananlar	938	18185
iii	938	18186
çıkıyorsunuz	938	18187
kılıklı	938	18188
ararsa	938	18189
uzadı	938	18190
öncede	938	18191
karıncalar	938	18192
maskeyi	938	18193
günlere	938	18194
tatlıydı	938	18195
dörtlü	937	18196
hamilesin	937	18197
kullanırlar	937	18198
havana	937	18199
arabaların	937	18200
dişlerimi	937	18201
gelmemin	937	18202
sevdikleri	937	18203
müzikle	937	18204
bırakırlar	937	18205
akıntı	937	18206
beatles	937	18207
adınıza	937	18208
savaşmayı	937	18209
özenle	936	18210
haftayı	936	18211
aynıydı	936	18212
süsü	936	18213
öldük	936	18214
majeste	936	18215
maryland	936	18216
yersiz	936	18217
anlamayın	936	18218
kiraladım	936	18219
teslimatı	936	18220
bırakmışlar	935	18221
bilebilirdi	935	18222
sınıftaki	935	18223
düşmeye	935	18224
zamanlardı	935	18225
incelemeye	935	18226
ulusu	935	18227
delirdi	935	18228
eserleri	935	18229
karmakarışık	935	18230
dakikalar	934	18231
lisedeki	934	18232
düşündüklerini	934	18233
karşılar	934	18234
unutmadan	934	18235
almadık	934	18236
kodları	934	18237
atını	934	18238
constance	934	18239
gitmemize	934	18240
disney	934	18241
santos	934	18242
mumları	934	18243
kanımı	934	18244
raven	934	18245
resmimi	933	18246
dinleyen	933	18247
istemiyorsunuz	933	18248
wendell	933	18249
tutamıyorum	933	18250
çekilmez	933	18251
bilmemeli	933	18252
kanına	933	18253
taşıdığı	933	18254
etkileyiciydi	933	18255
saklandığı	933	18256
strese	933	18257
hillary	933	18258
kurtarabiliriz	933	18259
ru	933	18260
memeler	933	18261
pastası	933	18262
arazide	933	18263
geçmiştir	932	18264
uyumadım	932	18265
kodunu	932	18266
memurları	932	18267
deden	932	18268
dunham	932	18269
sarhoşken	932	18270
sweets	932	18271
mesafeli	932	18272
bulutların	932	18273
ödün	932	18274
carolyn	932	18275
ölmemi	932	18276
zorundaydın	932	18277
kurbana	932	18278
bilek	931	18279
mezarlıkta	931	18280
fury	931	18281
oynuyorsunuz	931	18282
edinme	931	18283
meslektaşım	931	18284
belirti	931	18285
yahut	931	18286
sakura	931	18287
cerrahı	931	18288
tavsiyede	931	18289
leroy	931	18290
düşündükleri	931	18291
kutlamaya	931	18292
yapılmadı	931	18293
polonyalı	931	18294
bulduklarını	931	18295
anlarda	931	18296
bulabildiniz	931	18297
tavsiyesi	930	18298
değerler	930	18299
isteyeceğin	930	18300
keklik	930	18301
hedefleri	930	18302
unda	930	18303
azaltmak	930	18304
bayılırdı	930	18305
etmekti	930	18306
nişanlın	930	18307
böylesini	930	18308
stein	930	18309
normalden	930	18310
yanını	930	18311
katıldın	930	18312
andromeda	930	18313
ritmi	930	18314
sormuştun	930	18315
kulaklarım	930	18316
karnına	930	18317
yazıları	930	18318
darius	929	18319
çölün	929	18320
kimsesi	929	18321
çıkarabilirim	929	18322
çığırından	929	18323
durmayı	929	18324
iyiliğini	929	18325
mazereti	929	18326
basıyor	929	18327
hareketti	929	18328
lennox	929	18329
gariplik	929	18330
şeyh	929	18331
geyiği	929	18332
doe	928	18333
körü	928	18334
riker	928	18335
galaksinin	928	18336
çevirir	928	18337
holland	928	18338
bölgesini	928	18339
yapmalarını	928	18340
grissom	928	18341
etraftaki	928	18342
isteklerini	928	18343
kapattın	928	18344
verilmedi	927	18345
birey	927	18346
sahnenin	927	18347
kapar	927	18348
elbisenin	927	18349
merdivenler	927	18350
çıkışları	927	18351
yorma	927	18352
yapanı	927	18353
salt	927	18354
gittiğinizi	927	18355
lig	927	18356
reilly	927	18357
oyle	927	18358
zhang	927	18359
kanıtlayacağım	927	18360
panama	927	18361
geçmişim	927	18362
iyileştirmek	927	18363
kuracağız	927	18364
çalacağım	927	18365
itham	927	18366
samson	927	18367
arkadaşsın	927	18368
bölgesinden	927	18369
bildiniz	927	18370
mekanın	927	18371
iblisler	927	18372
soyu	926	18373
tanıyamadım	926	18374
satmış	926	18375
söze	926	18376
sürüyorsun	926	18377
tanınan	926	18378
açıl	926	18379
giderseniz	926	18380
birayı	926	18381
mevsim	926	18382
fniwata	926	18383
dolup	926	18384
uyuşturucuya	926	18385
deneyecek	926	18386
oradaymış	926	18387
karakterler	926	18388
iyileşti	926	18389
unuttuk	926	18390
yanındaydım	926	18391
çizmek	926	18392
alışmaya	925	18393
davalı	925	18394
gelişmeleri	925	18395
çalıştırın	925	18396
dizinin	925	18397
giydiğini	925	18398
candace	925	18399
kazandıracak	925	18400
doktorları	925	18401
düşürme	925	18402
gelemedi	925	18403
bırakmadım	925	18404
inanacak	925	18405
aramamız	925	18406
kalarak	925	18407
hatırlatıyorsun	925	18408
boğuldu	924	18409
uyandırdı	924	18410
konferansı	924	18411
tarihteki	924	18412
milyondan	924	18413
mühür	924	18414
izlemiş	924	18415
kimleri	924	18416
bittin	924	18417
elbisem	923	18418
well	923	18419
hazırlarım	923	18420
sayfada	923	18421
massachusetts	923	18422
gibiydik	923	18423
madeleine	923	18424
vargas	923	18425
gyousho	923	18426
sorumu	923	18427
derste	923	18428
oradadır	923	18429
çektiler	923	18430
arkadaşımdan	923	18431
hissettirdiğini	923	18432
bekçisi	923	18433
alzheimer	923	18434
temeli	923	18435
atlara	923	18436
yazmadım	922	18437
kutlarım	922	18438
dickie	922	18439
rozetini	922	18440
yakınındaki	922	18441
nadine	922	18442
hastalıklar	922	18443
varır	922	18444
plaza	922	18445
görüşlü	922	18446
ofisim	922	18447
şirketim	922	18448
ayrılır	922	18449
rene	922	18450
rahatlayın	922	18451
çıkarsak	922	18452
bardaki	922	18453
anlatman	922	18454
durduramazsın	922	18455
wei	921	18456
haini	921	18457
utah	921	18458
incittim	921	18459
takımım	921	18460
sybil	921	18461
şehvet	921	18462
değişmesi	921	18463
yakan	921	18464
sinirlendi	921	18465
şanslıydım	921	18466
hoşlandı	920	18467
söylediklerinde	920	18468
oynamış	920	18469
öğretecek	920	18470
yiyebiliriz	920	18471
asgard	920	18472
sayenizde	920	18473
kanının	920	18474
sikini	920	18475
dunn	920	18476
riskleri	920	18477
oklahoma	920	18478
müşterimiz	920	18479
sınırına	920	18480
yeteneğine	920	18481
hortum	920	18482
dolaş	919	18483
bakmaktan	919	18484
ısınma	919	18485
yaşayabilirim	919	18486
etiket	919	18487
anlayabilir	919	18488
çocuklarımızın	919	18489
limonlu	919	18490
camın	919	18491
karaoke	919	18492
güvenim	919	18493
enterprise	919	18494
dairenin	919	18495
ciddisin	919	18496
gidiyordun	919	18497
söylemeniz	919	18498
sempati	918	18499
bilmece	918	18500
hanson	918	18501
sınırını	918	18502
götürmeyi	918	18503
özgürlüğün	918	18504
karıştırdı	918	18505
manga	918	18506
sanığın	918	18507
cenazesine	918	18508
road	918	18509
sayemde	918	18510
idaresi	918	18511
ordusunu	917	18512
çöpleri	917	18513
düşünmemiz	917	18514
mevsimi	917	18515
raporlarını	917	18516
öğlene	917	18517
yalvardı	917	18518
kalmalıyım	917	18519
silahtan	917	18520
yardımsever	917	18521
maddenin	917	18522
yapabildiğini	917	18523
ürünler	917	18524
zıt	917	18525
bulanıyor	917	18526
nişanı	916	18527
filmdeki	916	18528
aş	916	18529
kokuyordu	916	18530
turtle	916	18531
kalmayacaksın	916	18532
acıyorum	916	18533
dostlarımız	916	18534
ıstakoz	916	18535
kurtulamazsın	916	18536
arayarak	916	18537
swat	916	18538
lawson	916	18539
fırçası	916	18540
kayıtlarında	915	18541
yabancılarla	915	18542
birinizin	915	18543
düşürmüş	915	18544
hanımın	915	18545
yerleştirilmiş	915	18546
elmasları	915	18547
şerefli	915	18548
ağaçta	915	18549
parmaklıklar	915	18550
tapınağa	915	18551
yangından	915	18552
tanımıyorsunuz	915	18553
bakmıyorum	915	18554
kazayı	915	18555
tartıştık	914	18556
cambridge	914	18557
duyarsan	914	18558
borçlarını	914	18559
yapabiliyorum	914	18560
söylediğimiz	914	18561
yaşanmış	914	18562
önemsiyorsun	914	18563
çizgili	914	18564
yemedin	914	18565
görünüş	914	18566
pasif	914	18567
bilseydin	914	18568
kullanmadan	914	18569
kaybedersem	914	18570
bayat	914	18571
müzikten	914	18572
endişelenmiyorum	914	18573
ducky	914	18574
kardeşinden	914	18575
başlamıştır	914	18576
bindim	913	18577
düşünmez	913	18578
kafesi	913	18579
cinsellik	913	18580
hook	913	18581
yaranın	913	18582
terapisi	913	18583
cape	913	18584
olmazdın	913	18585
uğrattım	913	18586
yakasında	913	18587
alanından	913	18588
düşündüğümüzden	913	18589
kullanıyorsunuz	913	18590
metropolis	913	18591
kazaya	913	18592
mezunu	913	18593
alamadık	913	18594
yaptırıyor	912	18595
cesetten	912	18596
gözlükleri	912	18597
ettir	912	18598
edecekse	912	18599
yapacaktın	912	18600
hipnotize	912	18601
vermene	912	18602
arabalara	912	18603
olamıyor	912	18604
menü	912	18605
geçiyorlar	912	18606
gelişen	912	18607
kuyruğunu	912	18608
gelmezsen	912	18609
yayılan	912	18610
barbar	912	18611
faydasız	912	18612
kurtulup	912	18613
izinli	911	18614
takımları	911	18615
pekiyi	911	18616
götürmez	911	18617
iletin	911	18618
ayakkabısı	911	18619
dolores	911	18620
cümleyi	911	18621
mesajım	910	18622
inen	910	18623
prem	910	18624
başlasan	910	18625
finali	910	18626
izleyerek	910	18627
verebileceğim	910	18628
vurmadım	910	18629
toplumu	910	18630
inecek	910	18631
maliyeti	910	18632
louisiana	910	18633
öpüşme	910	18634
amaca	910	18635
kazanması	910	18636
çocukluğundan	910	18637
kabin	910	18638
çalışmadı	910	18639
viking	910	18640
çipi	910	18641
bahsettiğimiz	910	18642
çölü	910	18643
jeannie	910	18644
geçeceğini	910	18645
satürn	910	18646
doğaya	910	18647
istendi	909	18648
klon	909	18649
babayı	909	18650
hicks	909	18651
hobbs	909	18652
unutur	909	18653
hollis	909	18654
açıcı	909	18655
dirk	909	18656
oynadık	909	18657
reg	909	18658
değiştiremezsin	909	18659
everett	909	18660
savaşçıları	909	18661
olmakta	909	18662
girmedim	909	18663
yendim	909	18664
kadınsı	909	18665
kullanamazsın	908	18666
anlayabiliyor	908	18667
numune	908	18668
sınırlar	908	18669
jest	908	18670
anlaşmasını	908	18671
sevinç	908	18672
powers	908	18673
gerçektende	908	18674
lucien	908	18675
farkla	908	18676
göremiyoruz	908	18677
şeyy	908	18678
davrandığım	908	18679
tahminde	908	18680
limanda	907	18681
cara	907	18682
menajer	907	18683
memurlar	907	18684
smokin	907	18685
ayrıldılar	907	18686
yüzüğün	907	18687
faresi	907	18688
omega	907	18689
sesinin	907	18690
gidersiniz	907	18691
saygıyı	907	18692
doo	907	18693
öldürülmeden	907	18694
geleceğinden	907	18695
bölümler	907	18696
seviyesinde	907	18697
varınca	907	18698
küpe	906	18699
suni	906	18700
arayıcı	906	18701
oyuncaklar	906	18702
itip	906	18703
plajda	906	18704
vermont	906	18705
dolarla	906	18706
beraberken	906	18707
bileğini	906	18708
kayıplar	906	18709
w	906	18710
sandalyeyi	906	18711
muydum	906	18712
ginny	906	18713
içebilir	906	18714
illinois	906	18715
dayanan	906	18716
hoşlanan	906	18717
mahkumların	906	18718
elimle	905	18719
köpekle	905	18720
yazarsın	905	18721
ödendi	905	18722
yolladın	905	18723
heart	905	18724
yakmış	905	18725
açıklamam	905	18726
daldı	905	18727
baktınız	905	18728
yapılmalı	904	18729
değiştin	904	18730
restoranın	904	18731
görmüştür	904	18732
cylon	904	18733
siktiğim	904	18734
tipin	904	18735
bebeğinin	904	18736
rakun	904	18737
duruşmada	904	18738
evie	904	18739
müzakere	904	18740
itibarını	904	18741
efsaneye	904	18742
korudu	904	18743
kızken	904	18744
taliban	904	18745
ragnar	904	18746
çekersin	904	18747
durmaz	903	18748
baktığı	903	18749
faks	903	18750
maxwell	903	18751
dedikoducu	903	18752
zapt	903	18753
sokaklardan	903	18754
kayıtsız	903	18755
elbiseni	903	18756
değilseniz	903	18757
katy	903	18758
oluverdi	903	18759
evliliğini	903	18760
saldıracak	903	18761
tarafımda	903	18762
çağırdınız	903	18763
onayı	903	18764
işimizin	903	18765
çıkmasın	902	18766
adolf	902	18767
faturası	902	18768
gelinlik	902	18769
harcayacak	902	18770
güçiü	902	18771
tüyo	902	18772
keen	902	18773
poşet	902	18774
vatansever	902	18775
çiçeklerin	902	18776
daily	902	18777
ishal	902	18778
kendinizden	901	18779
baklayı	901	18780
üzerimizde	901	18781
kılıcın	901	18782
volkan	901	18783
seymour	901	18784
getirebilirsin	901	18785
kahpe	901	18786
sonuçlandı	901	18787
öğrendiğimde	901	18788
kanından	901	18789
mccarthy	900	18790
hopkins	900	18791
kullanıldı	900	18792
anlatmayı	900	18793
girmiyor	900	18794
sıcaktı	900	18795
prensip	900	18796
takıyorum	900	18797
kimsede	900	18798
etiketi	900	18799
kazandığın	900	18800
rahatsızlığı	900	18801
suçluyorum	900	18802
konumunu	900	18803
işlerimi	899	18804
bulunmuyor	899	18805
işledim	899	18806
kulübünün	899	18807
gale	899	18808
dönüyorlar	899	18809
kısmi	899	18810
morali	899	18811
canının	899	18812
wisconsin	899	18813
görünmesi	899	18814
yolladılar	899	18815
süreceğim	898	18816
levi	898	18817
gölgede	898	18818
pişirmek	898	18819
tuhaflık	898	18820
durmam	898	18821
bon	898	18822
kanlar	898	18823
zombiler	898	18824
bilmiş	898	18825
motorun	898	18826
tanrıyı	898	18827
durumundan	898	18828
nana	898	18829
atıyoruz	898	18830
aramaktan	898	18831
bırakırsak	898	18832
müzeye	898	18833
uğraşırken	898	18834
bağladım	898	18835
sek	898	18836
sanan	897	18837
taşıdı	897	18838
bırakmışsın	897	18839
millete	897	18840
aldattı	897	18841
kapısının	897	18842
yemez	897	18843
meseleleri	897	18844
içmedim	897	18845
kültürü	897	18846
dinliyoruz	897	18847
rusların	897	18848
velayet	897	18849
ilişkide	897	18850
tutabilirim	897	18851
bulunacağım	897	18852
kalıyorsunuz	897	18853
saygılarımla	897	18854
daryl	897	18855
dolaştım	897	18856
delisi	897	18857
bendeki	897	18858
açsın	897	18859
parçasısın	896	18860
boşverin	896	18861
yapabilirdi	896	18862
belgeyi	896	18863
hissettiklerini	896	18864
tiger	896	18865
dedektiflik	896	18866
hazırlandı	896	18867
fitzgerald	896	18868
sistemlerini	896	18869
başlayacağımı	896	18870
hapise	896	18871
mackenzie	896	18872
kramp	896	18873
sprey	896	18874
soymaya	896	18875
duyma	896	18876
evliliğim	896	18877
sopayla	896	18878
şilin	896	18879
gözüküyordu	896	18880
sizdiniz	896	18881
doldurup	896	18882
çalın	896	18883
başlıyorlar	896	18884
gelirseniz	895	18885
raul	895	18886
düşündüğümde	895	18887
sylvester	895	18888
denetim	895	18889
sermaye	895	18890
toni	895	18891
çabalıyorum	895	18892
kadife	895	18893
kullanabilirsiniz	895	18894
perez	895	18895
dikkatleri	895	18896
eskort	895	18897
basmış	895	18898
adları	895	18899
beklemen	895	18900
şeylerini	895	18901
kobra	895	18902
kızacak	895	18903
önemsiyor	895	18904
dönebiliriz	894	18905
yüzyıllardır	894	18906
olduğunuzdan	894	18907
doğmuşum	894	18908
bıraksana	894	18909
döngü	894	18910
kapanır	894	18911
hissettiği	894	18912
birlikteydik	894	18913
halletti	894	18914
botu	894	18915
durdurma	894	18916
varsayım	894	18917
kederli	894	18918
dakikanızı	894	18919
grubunu	893	18920
süreçte	893	18921
şemsiye	893	18922
iowa	893	18923
kowalski	893	18924
söylediğinden	893	18925
karıştığını	893	18926
hareketin	893	18927
kanıtladı	893	18928
aileyle	893	18929
sınırda	893	18930
durgun	893	18931
aitsin	893	18932
uygunsa	893	18933
karnın	893	18934
görüştük	893	18935
fiş	893	18936
istemen	893	18937
cesaretim	893	18938
lerle	893	18939
talih	893	18940
durmalısın	892	18941
konuşmalarını	892	18942
geldiysen	892	18943
neşter	892	18944
vurduğu	892	18945
söyleyeceksiniz	892	18946
duymasını	892	18947
aramıyorum	892	18948
videosu	892	18949
suk	892	18950
açtığını	892	18951
suçlayacak	892	18952
içerden	892	18953
ışığına	891	18954
bilmeyi	891	18955
yerlerin	891	18956
uyanmış	891	18957
güneşten	891	18958
farkındayız	891	18959
güvenmiştim	891	18960
ailevi	891	18961
projenin	891	18962
takılmaya	891	18963
kıyafetini	891	18964
hepimizden	891	18965
arrow	891	18966
ayakkabılarım	891	18967
sıçtık	891	18968
pençe	891	18969
korktuğumu	891	18970
chung	891	18971
tomografi	891	18972
eileen	890	18973
göğsünden	890	18974
sekse	890	18975
söylememişti	890	18976
likör	890	18977
müşterisi	890	18978
bakabiliriz	890	18979
bahsederken	890	18980
ölmeyeceğim	890	18981
yaratıkları	890	18982
ulaştınız	890	18983
kurtarabilirim	890	18984
kalenin	890	18985
cinayetlerin	890	18986
evleneceğiz	890	18987
ryder	890	18988
oynamaktan	889	18989
mutluluğun	889	18990
nan	889	18991
zevkini	889	18992
gerçekleşmiş	889	18993
hepinizden	889	18994
anlayamaz	889	18995
boğuşma	889	18996
krusty	889	18997
ktir	889	18998
olamayacaksın	889	18999
murdock	889	19000
gitmiyorsunuz	889	19001
oturduğu	889	19002
elbisen	889	19003
giovanni	889	19004
princeton	889	19005
inandığı	889	19006
ölüyüm	888	19007
rand	888	19008
kaybetmedim	888	19009
korkuttum	888	19010
dırdır	888	19011
dinleyeceğim	888	19012
gelmeme	888	19013
köpeklere	888	19014
değerlidir	888	19015
fan	888	19016
sarsıntısı	888	19017
kalpsiz	888	19018
gölgesi	888	19019
harcıyoruz	887	19020
sorduğunda	887	19021
bitkisel	887	19022
bitmemiş	887	19023
değerdi	887	19024
birliktesin	887	19025
şovun	887	19026
öldürmesini	887	19027
yakalarız	887	19028
emmy	887	19029
yapılmıştı	887	19030
başladığın	887	19031
teller	887	19032
seviyesine	887	19033
başımızı	887	19034
baka	887	19035
anneyim	887	19036
dünyasını	887	19037
pürüzsüz	887	19038
şahika	887	19039
serisi	887	19040
tutuklamaya	887	19041
yatağıma	887	19042
homoseksüel	887	19043
sormadı	886	19044
tiyatroda	886	19045
kahramanın	886	19046
önümüze	886	19047
kaybolup	886	19048
kaldırabilir	886	19049
pisliğini	886	19050
ms	886	19051
yoruldun	886	19052
korkutup	886	19053
kuzeyinde	886	19054
hepsiyle	886	19055
sizlerden	886	19056
yerdeyim	886	19057
yemeğimizi	886	19058
yanıldığını	886	19059
spa	886	19060
yapsa	886	19061
çizdim	886	19062
koşullarda	886	19063
sevinecek	885	19064
sinirsel	885	19065
kalpten	885	19066
taşaklarını	885	19067
annenim	885	19068
ağlayacak	885	19069
lütuf	885	19070
cezayir	885	19071
mağazada	885	19072
sizinkiler	885	19073
sanıyorduk	885	19074
üniversiteyi	885	19075
eğlenceye	885	19076
başlatma	885	19077
valinin	885	19078
niyetine	885	19079
çıkarılmış	885	19080
aynını	885	19081
beklesin	885	19082
varlıklar	885	19083
listenin	884	19084
dokunmaz	884	19085
hazırlıkları	884	19086
kişidir	884	19087
savaştım	884	19088
bagaja	884	19089
gözlerle	884	19090
telefonunuzu	884	19091
aradığınızı	884	19092
saldırıları	884	19093
rider	884	19094
gideli	884	19095
değildiniz	884	19096
rahatım	883	19097
versek	883	19098
rahibi	883	19099
elemanlar	883	19100
söylersiniz	883	19101
profesyonelce	883	19102
çalışmasına	883	19103
kuruyorum	883	19104
arabadaki	883	19105
eşiğinde	883	19106
sorumlusun	883	19107
üretimi	883	19108
üzerindeydi	883	19109
kökenli	883	19110
lavabo	883	19111
mabel	883	19112
ına	882	19113
iyileri	882	19114
tutmadı	882	19115
programının	882	19116
kuralların	882	19117
bulamıyoruz	882	19118
yin	882	19119
yiyemem	882	19120
yasayı	882	19121
önerin	882	19122
gazeteciler	882	19123
gelebilirsiniz	881	19124
değiştiriyorum	881	19125
saldırmış	881	19126
beraberim	881	19127
bacağına	881	19128
collier	881	19129
görürler	881	19130
kaybettiler	881	19131
dallama	881	19132
ranger	881	19133
yazım	881	19134
alamayacak	881	19135
vito	881	19136
çıkarman	881	19137
ölmeli	881	19138
deliyim	881	19139
yaşarlar	881	19140
nota	880	19141
başlamalısın	880	19142
rüyaydı	880	19143
parmağım	880	19144
şafakta	880	19145
harlem	880	19146
ampul	880	19147
güzelliğini	880	19148
webber	880	19149
geceliğine	880	19150
kökü	880	19151
emrine	880	19152
arayabilirim	880	19153
takılıyorsun	880	19154
babacım	879	19155
power	879	19156
maçında	879	19157
blanche	879	19158
favorim	879	19159
lambası	879	19160
aralarına	879	19161
cherry	879	19162
mücadelesi	879	19163
çalışıyordur	879	19164
kalırdı	879	19165
uzaklaştırmak	879	19166
kapatılmış	879	19167
tutulmuş	879	19168
sigaran	879	19169
hayatlarımız	879	19170
saldırılar	878	19171
yemesi	878	19172
askerlere	878	19173
kanunsuz	878	19174
dinlemeni	878	19175
gelsem	878	19176
manevra	878	19177
sıkıntıdan	878	19178
mahveden	878	19179
araştırın	878	19180
çıksa	878	19181
sayıyı	878	19182
kapatacak	878	19183
ettirdi	878	19184
edeceğin	878	19185
sokun	878	19186
mesleği	878	19187
anlaşalım	878	19188
mermiyi	878	19189
patlat	878	19190
parasının	878	19191
theodore	877	19192
kayıtlarda	877	19193
kontrolünde	877	19194
diledi	877	19195
yaşamam	877	19196
atalarımız	877	19197
uğradın	877	19198
ruiz	877	19199
ballard	877	19200
chapman	877	19201
vücudundan	877	19202
sorsana	877	19203
cordelia	877	19204
güzelliğin	877	19205
öksürük	877	19206
telefonunun	876	19207
seninkine	876	19208
kısımları	876	19209
şerifin	876	19210
kitapların	876	19211
devamını	876	19212
jeneratör	876	19213
açımdan	876	19214
çalışmalıyım	876	19215
derinlere	876	19216
sınavına	876	19217
soğuktu	876	19218
konuştuğumuzu	876	19219
döndüğüm	876	19220
doksan	876	19221
bölgesindeki	876	19222
jimnastik	876	19223
kimbilir	876	19224
oynuyordum	875	19225
topraklarında	875	19226
olmayabilirim	875	19227
duymadan	875	19228
kalmazdı	875	19229
çalıyorlar	875	19230
değilsem	875	19231
mercy	875	19232
soruyorlar	875	19233
yaşanıyor	875	19234
zihni	875	19235
bölgesinin	875	19236
istemezler	875	19237
matematiksel	875	19238
engelleyecek	875	19239
istese	875	19240
missouri	875	19241
editör	874	19242
öğrendiği	874	19243
çiftin	874	19244
olmaktı	874	19245
dükü	874	19246
topçu	874	19247
verebilirsiniz	874	19248
etkilerini	874	19249
göndermeyi	874	19250
gerekirken	874	19251
izlerine	874	19252
kullandınız	874	19253
kızımızı	874	19254
sallayarak	874	19255
rodrigo	874	19256
programım	874	19257
kardeşimsin	873	19258
tanrılara	873	19259
kayla	873	19260
pozisyonunu	873	19261
şüphen	873	19262
göndereyim	873	19263
kalkışa	873	19264
guzel	873	19265
britney	873	19266
küçüğüm	873	19267
geldiğinizde	873	19268
hazırlanmak	873	19269
tanığımız	873	19270
güvenlikli	873	19271
bitirme	872	19272
öcünü	872	19273
sepeti	872	19274
carroll	872	19275
tennessee	872	19276
yükseklik	872	19277
isteyeceği	872	19278
alınıyor	872	19279
tahminen	872	19280
görürdüm	872	19281
dosyaya	872	19282
dell	872	19283
arıyormuş	872	19284
burnuma	872	19285
ezikler	872	19286
hayvana	872	19287
kollu	872	19288
kızlarım	872	19289
bozan	871	19290
otursun	871	19291
ayarlanmış	871	19292
bombalama	871	19293
olmazsam	871	19294
söylememiştim	871	19295
taşıdığını	871	19296
boyuna	871	19297
ardındaki	871	19298
vermeme	871	19299
evlilikten	871	19300
isteğin	871	19301
haritaya	871	19302
mesafeyi	871	19303
sarsıntı	871	19304
girdiğin	871	19305
söylemesine	871	19306
tutmanın	871	19307
kazanırız	871	19308
fırsatlar	871	19309
anası	871	19310
simgesi	871	19311
rosen	871	19312
peni	870	19313
tecrübesi	870	19314
bağırıyordu	870	19315
duyacaksın	870	19316
garden	870	19317
öğrenip	870	19318
formunu	870	19319
maddesi	870	19320
bildiklerimi	870	19321
anlamadı	870	19322
fotoğrafa	870	19323
alacağın	870	19324
unutabilirim	870	19325
bıraksan	870	19326
lokantada	870	19327
almakta	870	19328
declan	870	19329
ruhlu	870	19330
avantajı	870	19331
makina	870	19332
fırlatıp	870	19333
xiao	870	19334
kelimelerin	870	19335
vücudundaki	870	19336
söyleyeceği	870	19337
arnie	870	19338
işitme	870	19339
düzenliyor	869	19340
gerçekleşir	869	19341
tanımam	869	19342
hissederdim	869	19343
tanrıları	869	19344
beraberdik	869	19345
öldürmeni	869	19346
dokunacak	869	19347
deliğinden	869	19348
korkmaya	869	19349
sonumuz	869	19350
tanımadın	869	19351
kiliseden	869	19352
gomez	869	19353
hastamız	869	19354
hotch	869	19355
bağladı	869	19356
nereli	869	19357
kurşunlar	869	19358
bankalar	869	19359
edilmez	869	19360
oynayacaksın	869	19361
anlamasını	869	19362
basamak	868	19363
planet	868	19364
rüyada	868	19365
çıkaramıyorum	868	19366
idrak	868	19367
justine	868	19368
suratın	868	19369
rahatlık	868	19370
istemiyorsa	868	19371
sakinleşin	868	19372
pazarı	868	19373
dönmemi	868	19374
kullanıcı	868	19375
kasları	868	19376
lynch	868	19377
kazanırım	868	19378
başlattın	868	19379
saklambaç	868	19380
amacına	868	19381
uğraştığını	868	19382
almadığını	867	19383
mahvetme	867	19384
diyorduk	867	19385
davacı	867	19386
tahtaya	867	19387
gelsinler	867	19388
uğramak	867	19389
hücreler	867	19390
görmeyeceksin	867	19391
şapkamı	866	19392
göstereceksin	866	19393
chow	866	19394
arkadaşıydı	866	19395
sırtıma	866	19396
içerir	866	19397
söylemediğini	866	19398
seçtiğin	866	19399
verdiğimde	866	19400
örnekler	866	19401
gitmiştin	866	19402
ünde	866	19403
caffrey	865	19404
diğerinden	865	19405
kanıtlayabilirim	865	19406
hastan	865	19407
üniversiteli	865	19408
getirirsin	865	19409
castro	865	19410
kalemin	865	19411
hücresi	865	19412
ellere	865	19413
bikini	865	19414
köşesi	865	19415
mücevherler	865	19416
durduracağım	865	19417
celeste	865	19418
ölsün	865	19419
gelmelisiniz	865	19420
odanıza	865	19421
esasında	865	19422
yılının	865	19423
mit	865	19424
midesi	864	19425
eğlencelidir	864	19426
yürüyecek	864	19427
çiftçiler	864	19428
sonbaharda	864	19429
söylenmişti	864	19430
atlattı	864	19431
ağlıyorum	864	19432
yapmadılar	864	19433
mallory	864	19434
bulandırıcı	864	19435
dayanamadım	863	19436
deneyebilirim	863	19437
union	863	19438
bombay	863	19439
aramıyor	863	19440
açtığında	863	19441
duyup	863	19442
söyleyecektir	863	19443
fahişenin	863	19444
satacağım	863	19445
emirlerine	863	19446
eğitime	863	19447
kasetleri	862	19448
düşmanca	862	19449
saygıyla	862	19450
sormuş	862	19451
ferguson	862	19452
doğumu	862	19453
eylemi	862	19454
mezarına	862	19455
santimetre	862	19456
gösterdiğini	862	19457
tanıştığın	862	19458
ölürsünüz	862	19459
çıkarması	862	19460
kensi	861	19461
kağıtlar	861	19462
enzo	861	19463
denek	861	19464
kahramanca	861	19465
montreal	861	19466
marlene	861	19467
yardımcın	861	19468
herifleri	861	19469
gönderelim	861	19470
yargı	861	19471
dax	861	19472
çıktığımızda	861	19473
satıyorlar	861	19474
başardılar	861	19475
alışmak	861	19476
taksiyle	861	19477
siyahlar	861	19478
bebekken	861	19479
otostop	861	19480
beklediğiniz	861	19481
sevgilinin	861	19482
uyuyacak	861	19483
çaresizce	860	19484
kazandırdı	860	19485
des	860	19486
kurtarıyor	860	19487
satarım	860	19488
fotokopi	860	19489
rüyalarımda	860	19490
dikkatlerini	860	19491
nutuk	860	19492
yararsa	860	19493
yakalarım	860	19494
tonu	860	19495
ilgileneceğiz	860	19496
ortağını	860	19497
ikramiye	860	19498
tuvaletinde	860	19499
yeniyim	860	19500
kalktın	860	19501
getirmedin	859	19502
sezonun	859	19503
oluşturdu	859	19504
suçlamaya	859	19505
bulunsun	859	19506
kısmının	859	19507
istismar	859	19508
yanlışı	859	19509
mahalline	859	19510
vasıtasıyla	859	19511
hafızanı	859	19512
işçileri	859	19513
anlayabilirsin	859	19514
higgins	859	19515
güvenen	859	19516
howie	859	19517
almanızı	859	19518
emici	859	19519
hastalara	859	19520
sunuyoruz	859	19521
vadede	859	19522
listedeki	859	19523
gidecektik	858	19524
yaratabilir	858	19525
hacker	858	19526
zen	858	19527
döndüğün	858	19528
bıraktıktan	858	19529
dikkatimizi	858	19530
bakmışsın	858	19531
kokteyli	858	19532
kapıdaki	858	19533
domuzun	858	19534
mcdonald	858	19535
döndükten	858	19536
oleg	858	19537
görebildiğim	858	19538
edwin	858	19539
inanamadım	858	19540
hye	858	19541
hazel	857	19542
kurtulacak	857	19543
çıkarsam	857	19544
gönderebilir	857	19545
geçe	857	19546
bakıcılığı	857	19547
tutulur	857	19548
sokmuş	857	19549
tutarız	857	19550
bacakların	857	19551
yabancının	856	19552
aaah	856	19553
gösterdiler	856	19554
takımız	856	19555
varlığın	856	19556
uyuyordu	856	19557
liderimiz	856	19558
bulamayız	856	19559
telefonunuz	856	19560
çaktın	856	19561
değillerdir	856	19562
tipte	856	19563
pi	856	19564
bulabileceğini	856	19565
lexi	856	19566
dönüşte	856	19567
okyanusta	856	19568
içiyoruz	855	19569
kalıyordu	855	19570
scooby	855	19571
yapılmaz	855	19572
açılışı	855	19573
isteyebilirsiniz	855	19574
mağazaya	855	19575
uğraşan	855	19576
rahatlama	855	19577
denediniz	855	19578
çıkarıyorlar	855	19579
gitmezsen	855	19580
yanılmış	855	19581
hawk	854	19582
sarımsak	854	19583
sinirleri	854	19584
korumaları	854	19585
ödemiş	854	19586
mahkemeden	854	19587
börek	854	19588
arkadaşla	854	19589
kocanızı	854	19590
mürettebatın	854	19591
alındığında	854	19592
hazırdım	854	19593
lafımı	854	19594
yahudilerin	854	19595
blood	854	19596
biniyor	854	19597
onuruna	853	19598
ahmed	853	19599
seçici	853	19600
inanamayacaksın	853	19601
çöküp	853	19602
alırsanız	853	19603
karan	853	19604
uykusuz	853	19605
atarız	853	19606
gösteriyorlar	853	19607
günahlarını	853	19608
yabancıların	853	19609
sürünerek	853	19610
köründe	853	19611
indirdi	853	19612
kapımı	853	19613
yaralarını	853	19614
laboratuarda	853	19615
utanmalısın	853	19616
diger	853	19617
vladimir	852	19618
okulunu	852	19619
paylaşıyoruz	852	19620
yatır	852	19621
yürüyebilir	852	19622
inandığın	852	19623
enerjik	852	19624
işletiyor	852	19625
ortasından	852	19626
notlarını	852	19627
evimizin	852	19628
namuslu	852	19629
doğurmak	852	19630
kurdular	851	19631
sevmişimdir	851	19632
çöküyor	851	19633
edebileceğin	851	19634
başsavcı	851	19635
halletmemiz	851	19636
getirmeliyiz	851	19637
akın	851	19638
yapamıyorsun	851	19639
gömüldü	851	19640
yanlısı	851	19641
düşünmeme	851	19642
olmayacağı	851	19643
kronik	851	19644
kaçıyorlar	851	19645
anders	851	19646
çevirdiğini	851	19647
sokarım	851	19648
kamaştırıcı	851	19649
atamazsın	851	19650
yarin	851	19651
kiki	851	19652
kurun	850	19653
yermiş	850	19654
brittany	850	19655
yüksekte	850	19656
tiyatrosu	850	19657
ulaşabilir	850	19658
kaybolduk	850	19659
büyümeye	850	19660
nasıllar	850	19661
seçiyor	850	19662
sınırında	850	19663
düşünmene	850	19664
kucağıma	850	19665
evleneceksin	850	19666
kanıtım	850	19667
öğrenirlerse	850	19668
değiştirilmiş	850	19669
ziyaretçiler	850	19670
birliğine	850	19671
usul	850	19672
ruhların	850	19673
kalmadın	850	19674
karşılaştığım	850	19675
şekle	849	19676
düşünsenize	849	19677
anlatıyordu	849	19678
bulunma	849	19679
orospunun	849	19680
kelimesinin	849	19681
ağızdan	849	19682
kahveye	849	19683
kalmıyorsun	849	19684
kapısından	849	19685
hatırlarım	849	19686
seninim	849	19687
adlarını	849	19688
dökülüyor	849	19689
yedide	849	19690
balım	849	19691
sürükledi	849	19692
vagon	849	19693
kiralamak	849	19694
detaylarını	849	19695
kızdır	848	19696
janeway	848	19697
taşınma	848	19698
sürecinde	848	19699
ellerindeki	848	19700
kaybolmak	848	19701
fowler	848	19702
olmali	848	19703
anlamışsındır	848	19704
uyandırdım	848	19705
öteden	848	19706
imparatoru	848	19707
kuracağım	847	19708
kalırsınız	847	19709
kurtardığını	847	19710
bilmezdim	847	19711
hatırlatayım	847	19712
başarısı	847	19713
geliyordur	847	19714
leland	847	19715
zorluklar	847	19716
izleriz	847	19717
vuruldun	847	19718
destekleyecek	847	19719
royce	847	19720
bitirene	847	19721
beethoven	847	19722
talbot	847	19723
anlaşmak	847	19724
sürerim	847	19725
dead	847	19726
panzehir	847	19727
başlatan	847	19728
nelerden	847	19729
ulaşması	846	19730
devri	846	19731
düşünmeyin	846	19732
çizgiler	846	19733
yanda	846	19734
dondurulmuş	846	19735
ısmarlıyorum	846	19736
stüdyoya	846	19737
yapmamam	846	19738
taştan	846	19739
berkeley	846	19740
çıkmıyorum	846	19741
adamınız	846	19742
göstermeyi	846	19743
adadım	846	19744
sinirliyim	846	19745
bilgilerin	846	19746
söylemezsin	845	19747
asa	845	19748
yapmalarına	845	19749
kimliğin	845	19750
ilgileniyoruz	845	19751
geçiririz	845	19752
dönemezsin	845	19753
terli	845	19754
deliğin	845	19755
hangimiz	845	19756
sponsor	845	19757
kaybolma	845	19758
filozof	845	19759
darling	845	19760
inanmayı	845	19761
götü	845	19762
ettirdim	845	19763
kaybedip	845	19764
fotoğraftaki	845	19765
öğrenmeyi	845	19766
oluşturduğu	845	19767
binmiş	845	19768
ayrıntılar	845	19769
çıkarmaz	845	19770
vuracaksın	845	19771
bildireceğim	845	19772
ilerliyoruz	845	19773
arda	844	19774
bagajda	844	19775
yaptıysam	844	19776
öğrenebiliriz	844	19777
göğsünü	844	19778
hoover	844	19779
uçmayı	844	19780
morton	844	19781
kellesini	844	19782
tehditler	844	19783
thornton	844	19784
dokunulmazlık	844	19785
boynundaki	844	19786
şefkatli	844	19787
gururu	844	19788
kimileri	844	19789
çekmecede	844	19790
yarık	844	19791
about	843	19792
hayranıyım	843	19793
benimlesin	843	19794
planladığımız	843	19795
çekmesi	843	19796
fabrikasında	843	19797
cesede	843	19798
yuki	843	19799
imzalamak	843	19800
bırakmanın	843	19801
toplumda	843	19802
giydin	843	19803
zorladım	843	19804
mikrodalga	843	19805
herr	843	19806
alındığını	843	19807
kısası	843	19808
azdır	842	19809
ödeyen	842	19810
andie	842	19811
nefesimi	842	19812
çevresel	842	19813
bangkok	842	19814
berabere	842	19815
ağırlığını	842	19816
görünürde	842	19817
kaçamaz	842	19818
dünyevi	842	19819
domuzcuk	842	19820
dörde	842	19821
summers	842	19822
yaptırmış	842	19823
yakışmıyor	842	19824
düşürüyor	841	19825
aramaları	841	19826
reddettim	841	19827
doğada	841	19828
üzerinizde	841	19829
olimpiyat	841	19830
batıda	841	19831
dövmek	841	19832
bahsetsene	841	19833
kaybetmişti	841	19834
vardığımda	841	19835
duyduğunuz	841	19836
unutulmuş	841	19837
fişini	840	19838
hakimi	840	19839
dash	840	19840
kabine	840	19841
şehirler	840	19842
hodges	840	19843
değii	840	19844
arkadaştan	840	19845
gonna	840	19846
sözleşmeyi	840	19847
eğitimin	840	19848
cevapla	840	19849
getirmenin	840	19850
komple	840	19851
hapishanesinde	840	19852
lağım	839	19853
garrison	839	19854
ağzındaki	839	19855
dalı	839	19856
hızına	839	19857
ağacının	839	19858
müdürlüğü	839	19859
sahneden	839	19860
yemiyorsun	839	19861
lina	839	19862
çilekli	839	19863
derslerine	839	19864
çıkmana	839	19865
sanatçılar	839	19866
kadarcık	839	19867
göstermen	839	19868
belirdi	839	19869
indirip	839	19870
yanıyorum	839	19871
görmeyeceğim	839	19872
basma	839	19873
indirdim	839	19874
yapmanıza	839	19875
zorlanıyor	838	19876
klanı	838	19877
karış	838	19878
kardeşiz	838	19879
yükle	838	19880
arabistan	838	19881
kötüler	838	19882
değiştiremez	838	19883
kisi	838	19884
national	837	19885
incitti	837	19886
sürat	837	19887
algılama	837	19888
galibiyet	837	19889
gösterim	837	19890
tartışacak	837	19891
uyarısı	837	19892
öyleydin	837	19893
topraklara	837	19894
perili	837	19895
ağlayarak	837	19896
akbaba	837	19897
denizciler	837	19898
deh	837	19899
fikirlerim	837	19900
milyonluk	837	19901
kalıyorlar	837	19902
halimize	837	19903
konuma	837	19904
kalede	837	19905
koşar	837	19906
bağırarak	837	19907
corey	837	19908
beyim	836	19909
manyağın	836	19910
yapmadığın	836	19911
üzerlerinde	836	19912
yvonne	836	19913
parmağın	836	19914
karıştırmış	836	19915
siobhan	836	19916
oymuş	836	19917
moran	836	19918
kafi	836	19919
konuşamıyorum	835	19920
liberal	835	19921
mutfaktan	835	19922
pitiko	835	19923
mağdur	835	19924
koltuğuna	835	19925
take	835	19926
ayrılmam	835	19927
havale	835	19928
başlasak	835	19929
bağlıydı	835	19930
kemoterapi	835	19931
bobo	835	19932
diyecektin	835	19933
modellik	835	19934
karakterin	835	19935
elliott	835	19936
silikon	835	19937
öldürürüz	835	19938
olunur	835	19939
çıkarmalısın	835	19940
saplantı	835	19941
truva	834	19942
eğlendin	834	19943
josephine	834	19944
yürüme	834	19945
menajeri	834	19946
yaptıysan	834	19947
cesar	834	19948
karşılaştığımız	834	19949
rakamları	834	19950
imiz	834	19951
sakar	834	19952
kenya	834	19953
müsamaha	834	19954
gönderildim	834	19955
mercan	834	19956
anlaştığımız	833	19957
silahımız	833	19958
sorumuz	833	19959
böylesin	833	19960
bullock	833	19961
kullanmıyorsun	833	19962
güneyinde	833	19963
sinyalini	833	19964
sonrasına	833	19965
lavon	833	19966
kutsa	833	19967
yapmışsınız	833	19968
türler	833	19969
kabadayı	833	19970
oğlumuzu	832	19971
ızgara	832	19972
lem	832	19973
kamyonete	832	19974
steph	832	19975
şarkılarını	832	19976
dönerler	832	19977
bozdun	832	19978
kazanacağını	832	19979
lyla	832	19980
gecesini	832	19981
dinlenmelisin	832	19982
almalısınız	832	19983
olacağınızı	832	19984
ret	832	19985
fıkra	832	19986
tutarken	831	19987
minnesota	831	19988
tutukluyorum	831	19989
varacak	831	19990
konuklar	831	19991
cunku	831	19992
çıkmazsa	831	19993
fotoğrafımı	831	19994
slater	831	19995
saklar	831	19996
uykusunda	831	19997
never	831	19998
emerson	831	19999
çokça	831	20000
seksisin	831	20001
gerekçe	831	20002
münih	831	20003
baharat	831	20004
uğursuzluk	831	20005
ultra	831	20006
civardaki	831	20007
taşımaya	831	20008
kapattık	830	20009
olaydı	830	20010
seziyorum	830	20011
arabamız	830	20012
büyüklüğü	830	20013
yerleştirmek	830	20014
erer	830	20015
jaffa	830	20016
arkanızı	830	20017
inanmayın	830	20018
akımı	830	20019
yakındır	830	20020
yolcuları	830	20021
yalnızken	830	20022
jiang	830	20023
ağaçlara	830	20024
kızlık	829	20025
sandviçi	829	20026
bağlantımız	829	20027
yarattın	829	20028
sakalı	829	20029
renkte	829	20030
krizinden	829	20031
yeong	829	20032
öpmeye	829	20033
kullanırsın	829	20034
gençtim	829	20035
salvatore	829	20036
dwayne	829	20037
bom	828	20038
görevler	828	20039
bilgelik	828	20040
bahsedip	828	20041
başkenti	828	20042
şartıyla	828	20043
örgü	828	20044
bildiriyor	828	20045
imzaladım	828	20046
gözlerden	828	20047
müteşekkir	828	20048
kendall	828	20049
atman	828	20050
karsi	828	20051
polo	828	20052
çocukta	828	20053
dora	828	20054
neelix	828	20055
hissedebiliyor	828	20056
kuruları	828	20057
telefonlarıma	828	20058
cenevre	828	20059
forge	827	20060
ödülleri	827	20061
vermeyen	827	20062
numaranızı	827	20063
misilleme	827	20064
başkanlığı	827	20065
şova	827	20066
trafiğe	827	20067
şekillerde	827	20068
bittiğine	827	20069
gitmelerini	827	20070
ibadet	827	20071
ortadaki	827	20072
falcon	827	20073
kutular	826	20074
devriyesi	826	20075
kokular	826	20076
mercer	826	20077
sularında	826	20078
kötüleşti	826	20079
umuyor	826	20080
uyurum	826	20081
güveniyoruz	826	20082
kölelik	826	20083
saldırdılar	826	20084
öğrettiği	826	20085
hakkındaydı	826	20086
kask	826	20087
önerdim	826	20088
komşumuz	826	20089
belirlendi	826	20090
profili	826	20091
sularda	826	20092
bret	826	20093
bağırdım	826	20094
düdük	826	20095
dinlemen	826	20096
çarşaf	826	20097
özleyeceğiz	826	20098
patlatmak	826	20099
isteyin	826	20100
sığınma	825	20101
yedikten	825	20102
gelişiyor	825	20103
hatırladığın	825	20104
izniniz	825	20105
dosyasına	825	20106
firavun	825	20107
öldürürdüm	825	20108
görmeyeli	825	20109
kampüs	825	20110
bıraksın	825	20111
che	825	20112
dougie	825	20113
gibiydiler	825	20114
lil	825	20115
ekipman	825	20116
ölürler	825	20117
zirve	825	20118
yapılma	825	20119
dorian	825	20120
tır	825	20121
thorne	825	20122
üniforması	825	20123
ahtapot	825	20124
önünüzde	824	20125
olamadı	824	20126
çıkartmaya	824	20127
başladıktan	824	20128
kaçıracağım	824	20129
reçel	824	20130
kurşunla	824	20131
çalışabilirim	824	20132
çalışmadım	824	20133
ichi	824	20134
özelliklerini	824	20135
sığınağa	824	20136
dimitri	824	20137
saran	824	20138
gelmediler	824	20139
tarafımızda	824	20140
ölmem	824	20141
kötüymüş	824	20142
gerekmeyecek	824	20143
sevdiklerini	824	20144
düşkünü	824	20145
izlanda	824	20146
hazırlamış	824	20147
kaçıracağız	824	20148
makamı	824	20149
metresi	823	20150
bursu	823	20151
bethany	823	20152
uçmaya	823	20153
etmiyordum	823	20154
binasının	823	20155
taht	823	20156
bitirince	823	20157
dediğinizi	823	20158
bekleyeyim	823	20159
kaçı	823	20160
dağıtıyor	823	20161
smallville	823	20162
aitmiş	823	20163
eri	823	20164
söyleyemeyiz	823	20165
kapanacak	823	20166
yes	823	20167
yanıldım	823	20168
huylu	823	20169
ilgileniriz	823	20170
atması	823	20171
vazgeçmeyeceğim	822	20172
alberto	822	20173
yumurtayı	822	20174
bakışları	822	20175
major	822	20176
harp	822	20177
isteseydi	822	20178
delili	822	20179
dilediğin	822	20180
ereksiyon	822	20181
büyüdüğüm	822	20182
şanlı	822	20183
kullanmalısın	822	20184
gerçekmiş	822	20185
çıkmamı	822	20186
gelseydi	822	20187
kabloyu	822	20188
büyükmüş	822	20189
saklanın	822	20190
cisco	821	20191
gerektiğinden	821	20192
kaydettim	821	20193
savaşırken	821	20194
yakacağım	821	20195
randevunuz	821	20196
tavuklar	821	20197
ugh	821	20198
düzenini	821	20199
kızda	821	20200
altındayken	821	20201
kimseler	821	20202
yarayan	821	20203
şimdilerde	821	20204
kurtulmayı	821	20205
madonna	821	20206
başlasam	821	20207
komşunun	821	20208
hazırladın	821	20209
derseniz	821	20210
öğrencim	821	20211
durumumu	821	20212
yakıtı	821	20213
lorna	820	20214
israf	820	20215
defterine	820	20216
yabancılara	820	20217
görüşmen	820	20218
marx	820	20219
bagajı	820	20220
sporu	820	20221
yasını	820	20222
asık	820	20223
kalabalığa	820	20224
oluyordum	820	20225
birleştir	820	20226
kılar	820	20227
bird	820	20228
tanıtmak	819	20229
sevmediğimi	819	20230
çişim	819	20231
büyüğüm	819	20232
ailenizin	819	20233
meşguldü	819	20234
kayanın	819	20235
kısır	819	20236
beygir	819	20237
milyonda	819	20238
gönderiyoruz	819	20239
dengesi	819	20240
karşılıyor	819	20241
külot	819	20242
meselenin	819	20243
kurtarabilirsin	819	20244
deliğine	819	20245
kazanabiliriz	819	20246
adamımızı	819	20247
barrow	819	20248
yiyeceği	819	20249
üretmek	819	20250
düşürmeye	819	20251
zahmetine	819	20252
kaybetmeyeceğim	819	20253
vermiyorsunuz	818	20254
hayaletleri	818	20255
doctor	818	20256
çalıştığına	818	20257
heteroseksüel	818	20258
shepard	818	20259
ört	818	20260
tesisatçı	818	20261
olmadıkları	818	20262
kadındır	818	20263
klinikte	818	20264
honey	818	20265
peşimize	818	20266
çalıştıklarını	818	20267
hatırlayacak	818	20268
ramirez	818	20269
makinesinin	818	20270
çözdün	818	20271
yıkılmış	818	20272
kelepçeleri	818	20273
balığın	818	20274
öncekinden	817	20275
araştırdık	817	20276
katın	817	20277
romanya	817	20278
sevgilisiyle	817	20279
dengesini	817	20280
melekleri	817	20281
hissetmem	817	20282
götürme	817	20283
takılır	817	20284
salgını	817	20285
seçtiğim	817	20286
buzu	817	20287
vaktinizi	817	20288
çıkartır	817	20289
gökyüzündeki	817	20290
yaklaşıyorlar	817	20291
kişisiniz	817	20292
babamızın	817	20293
ödemen	816	20294
seyrettim	816	20295
korumalar	816	20296
terim	816	20297
güneşte	816	20298
problemler	816	20299
gi	816	20300
yıllardan	816	20301
myers	816	20302
bekleyemezsin	816	20303
araştırmaları	816	20304
gelmiştin	816	20305
güvenmen	816	20306
patrona	816	20307
açmadan	816	20308
bulabildiğim	816	20309
isteyecektim	816	20310
getirerek	816	20311
dönüşecek	816	20312
slim	816	20313
düşünmüşümdür	815	20314
dokunmaya	815	20315
taktiği	815	20316
bakanım	815	20317
şehrine	815	20318
yetkin	815	20319
okuldayken	815	20320
incelik	815	20321
parsons	815	20322
ordaki	815	20323
inelim	815	20324
sonum	815	20325
sakladığım	815	20326
öfkeyle	815	20327
hayallerim	815	20328
döküldü	815	20329
yapacakları	815	20330
iyileşir	814	20331
sinyor	814	20332
kurşunun	814	20333
oğluyum	814	20334
cehennemdesin	814	20335
doğduğum	814	20336
kaybolmadan	814	20337
anlayamıyor	814	20338
elemanları	814	20339
özgürlüğe	814	20340
anlarlar	814	20341
peşimi	814	20342
yakmaya	813	20343
geçse	813	20344
kono	813	20345
iznimiz	813	20346
saniyeler	813	20347
sırrım	813	20348
göremeyeceksin	813	20349
kızlarını	813	20350
kıpırdamasın	813	20351
yapılmıştır	813	20352
söyleyeceklerimi	813	20353
hissediyorsan	813	20354
benedict	813	20355
irving	813	20356
mahallesi	813	20357
koyabilirsin	812	20358
yapardınız	812	20359
gücümüzü	812	20360
inceledik	812	20361
ayağının	812	20362
kaptın	812	20363
master	812	20364
şili	812	20365
anayasa	812	20366
suçlayabilir	812	20367
mira	812	20368
sese	812	20369
tohumu	812	20370
geçitten	812	20371
barton	812	20372
montecito	812	20373
tabancayı	812	20374
wood	812	20375
oturabilirsin	812	20376
yapabiliyorsun	811	20377
göstermiyorsun	811	20378
dönüşmüş	811	20379
faye	811	20380
saklanıyorsun	811	20381
temsilci	811	20382
francesca	811	20383
ispatlamak	811	20384
kocanla	811	20385
ödeyeceğiz	811	20386
dosyalara	811	20387
koçluk	811	20388
tırnaklarını	811	20389
sodyum	811	20390
fikirli	811	20391
resimlere	811	20392
üşüdüm	811	20393
çıkmıştık	811	20394
kaybettiğimiz	811	20395
kaldıysa	811	20396
fiyatını	811	20397
cage	811	20398
kıracak	811	20399
inanmadı	811	20400
işinizin	811	20401
kapını	810	20402
ararsan	810	20403
düşüncelerim	810	20404
baktığımızda	810	20405
kaybedersek	810	20406
doğuda	810	20407
grove	810	20408
söylememiz	810	20409
birkaçını	810	20410
hediyeni	810	20411
tüyleri	810	20412
çorak	810	20413
değişmeye	810	20414
duyması	810	20415
kararına	810	20416
prosedürü	810	20417
boşluğa	810	20418
yazılan	810	20419
rj	810	20420
isveçli	810	20421
girişte	810	20422
hatırlarsan	810	20423
auggie	810	20424
mücevherleri	810	20425
yarısının	810	20426
gelirsiniz	810	20427
ekledim	810	20428
hades	810	20429
gerçekleşmesi	810	20430
öleyim	810	20431
kurduğum	809	20432
iğnesi	809	20433
sürtükler	809	20434
kazanırsan	809	20435
gülmeye	809	20436
shen	809	20437
sıkıntıya	809	20438
tepkisi	809	20439
dino	809	20440
işlemek	809	20441
salem	809	20442
geleceklerini	809	20443
yönetiyorum	809	20444
hilton	809	20445
sürprizlerle	809	20446
kilitledi	809	20447
mikrofonu	809	20448
fay	808	20449
boşaltmak	808	20450
kaçıracaksın	808	20451
getirebiliriz	808	20452
kaçıracak	808	20453
kazanabilirsin	808	20454
hopper	808	20455
olacaktık	808	20456
fleming	808	20457
tristan	808	20458
teşkilat	808	20459
müslümanlar	808	20460
ida	808	20461
aradığımızı	808	20462
sağlamış	808	20463
olduğudur	808	20464
kesimi	808	20465
davranarak	808	20466
hususunda	808	20467
bulduğumuzu	808	20468
turnuva	808	20469
yattığı	808	20470
üzerimi	807	20471
görebiliyoruz	807	20472
cankurtaran	807	20473
durağı	807	20474
haldeyken	807	20475
olsana	807	20476
babanızı	807	20477
güvenebilirim	807	20478
anlatmanı	807	20479
kıymetini	807	20480
üzgündü	807	20481
giymem	807	20482
göstermeliyiz	807	20483
nede	807	20484
yapamadı	807	20485
crosby	807	20486
imparatorun	807	20487
kalmışsın	806	20488
klima	806	20489
söylediğime	806	20490
lafları	806	20491
vermeleri	806	20492
satma	806	20493
düzenlenen	806	20494
ortası	806	20495
kıyafetlerin	806	20496
tehlikenin	806	20497
filmlerdeki	806	20498
ayvayı	806	20499
kullanıyormuş	806	20500
parçalarına	806	20501
belalı	806	20502
iğrençti	806	20503
arttırmak	805	20504
dokundum	805	20505
seyahati	805	20506
sevmedi	805	20507
güvenemezsin	805	20508
uğraşamam	805	20509
dine	805	20510
yıllığına	805	20511
tasvir	805	20512
annalise	805	20513
yüzmeyi	805	20514
uyuşturucular	805	20515
dinlerim	805	20516
saçının	805	20517
bulmuştur	804	20518
fischer	804	20519
iksir	804	20520
endişelenmeyi	804	20521
karton	804	20522
zelanda	804	20523
dilekçe	804	20524
ulusun	804	20525
müşterinin	804	20526
tankı	804	20527
anal	804	20528
detayı	804	20529
ölümler	804	20530
sıyrık	804	20531
tuttular	804	20532
hüzün	804	20533
videoya	804	20534
kurucusu	804	20535
düşünmeliyim	803	20536
adamına	803	20537
oynadığın	803	20538
gidebileceğini	803	20539
basının	803	20540
kazmaya	803	20541
etmemin	803	20542
çıkarttın	803	20543
yaratıkların	803	20544
bulamıyor	803	20545
çiz	803	20546
gibiymiş	803	20547
yerleştirdi	803	20548
travmatik	803	20549
savaşını	803	20550
vurulduğunu	803	20551
öldürürken	803	20552
hatalıydım	803	20553
duyarsam	803	20554
eğlenin	802	20555
ekibinden	802	20556
uyardı	802	20557
aşkımız	802	20558
umurlarında	802	20559
geçmişine	802	20560
saklanma	802	20561
latte	802	20562
miden	802	20563
abbott	802	20564
ulaşacak	802	20565
formülü	802	20566
kaynağına	802	20567
yüzeyi	802	20568
yetenekler	802	20569
enfeksiyonu	802	20570
bitmiyor	802	20571
kılıçla	802	20572
tekrarla	802	20573
alım	802	20574
kondu	802	20575
isteyecekler	802	20576
bulmamızı	801	20577
çekilip	801	20578
otorite	801	20579
forma	801	20580
yapanın	801	20581
gore	801	20582
fuarı	801	20583
paravan	801	20584
söylerseniz	801	20585
önlemler	801	20586
sag	801	20587
şut	801	20588
gide	801	20589
cool	801	20590
köleler	801	20591
ayıyı	801	20592
evlendiğini	801	20593
ulaşmayı	801	20594
shea	800	20595
kaynaklanan	800	20596
verecekti	800	20597
bear	800	20598
müşterilerim	800	20599
önderlik	800	20600
odaklanalım	800	20601
gidecekti	800	20602
ında	800	20603
bölme	800	20604
oyunlarını	800	20605
sim	800	20606
masama	800	20607
adamımı	800	20608
entelektüel	800	20609
bulamam	800	20610
tru	800	20611
partner	800	20612
janie	799	20613
nesiller	799	20614
luciano	799	20615
nerelere	799	20616
gülmekten	799	20617
kanıtlara	799	20618
görüşür	799	20619
ziyaretçin	799	20620
parlamento	799	20621
veriyordum	799	20622
raunt	799	20623
ewing	799	20624
ağlarken	799	20625
ihtimalin	799	20626
ödüyorlar	799	20627
yatmadım	799	20628
vasiyet	799	20629
kapsıyor	799	20630
kanepeye	799	20631
bağlantım	799	20632
söylediklerinden	799	20633
peşlerinden	798	20634
dönecekler	798	20635
erkekten	798	20636
döneceğimi	798	20637
tree	798	20638
müddet	798	20639
kopardın	798	20640
bakımından	798	20641
nicolas	798	20642
varlığına	798	20643
atıştırmalık	798	20644
dünyaca	798	20645
raphael	798	20646
çiftleşme	798	20647
dengeyi	798	20648
düşünecekler	798	20649
bıçaklanmış	797	20650
başlamıştık	797	20651
bıçağını	797	20652
soruyordu	797	20653
görüşünü	797	20654
gerekenden	797	20655
morgda	797	20656
serviste	797	20657
lük	797	20658
yakındaki	797	20659
tarafındayım	797	20660
gireriz	797	20661
kathryn	797	20662
çaldığında	797	20663
kibarlık	797	20664
olamadığım	797	20665
sunacağım	797	20666
yüklenme	796	20667
yanlızca	796	20668
öldürmesine	796	20669
çeyreklik	796	20670
gecesine	796	20671
çevredeki	796	20672
beklemeyin	796	20673
kurtarıyorum	796	20674
vazife	796	20675
home	796	20676
yemekle	796	20677
yazlık	796	20678
kaltağı	796	20679
yağmurun	796	20680
kalıntısı	796	20681
keçileri	796	20682
ailelerimiz	796	20683
itibar	796	20684
tarla	796	20685
esasen	795	20686
bitiririm	795	20687
sıkışık	795	20688
hediyen	795	20689
mekiği	795	20690
yarak	795	20691
düzenledi	795	20692
seninleyken	795	20693
halam	795	20694
mektuplarını	795	20695
itaatsizlik	795	20696
getirmez	795	20697
girene	795	20698
devleti	795	20699
sormuyorum	795	20700
yıllara	795	20701
ananı	795	20702
başlamamız	795	20703
telefonuma	795	20704
zarfı	795	20705
çalışacağını	795	20706
hae	795	20707
bulabilirsek	795	20708
seksin	795	20709
organlarını	795	20710
yumurtası	795	20711
söylememeliydim	795	20712
televizyondaki	794	20713
üçgen	794	20714
ruben	794	20715
pirzola	794	20716
belanı	794	20717
düzeldi	794	20718
patronunu	794	20719
anını	794	20720
hazırlayan	794	20721
peşimizden	794	20722
güneydoğu	794	20723
hazırlamaya	794	20724
him	794	20725
tüyü	793	20726
takıntı	793	20727
yemeğimiz	793	20728
nuh	793	20729
cash	793	20730
sallanan	793	20731
clem	793	20732
kasedi	793	20733
seçtik	793	20734
öldürüldüğünde	793	20735
bunla	793	20736
getiririz	793	20737
bulamazsam	793	20738
vermediğini	793	20739
ortalıktan	793	20740
patlayıcılar	793	20741
vermediniz	793	20742
bulmasına	793	20743
yapabileceğine	793	20744
düşes	793	20745
ikincil	793	20746
sikmek	792	20747
söylentileri	792	20748
olduğumuzda	792	20749
bilirdin	792	20750
gelmelerini	792	20751
dokundun	792	20752
dayanabilir	792	20753
çekilme	792	20754
buckley	792	20755
konuşmamızı	792	20756
yaşadığına	792	20757
sepet	792	20758
getiriyoruz	792	20759
sabotaj	792	20760
çıkarabilirsin	792	20761
derdik	792	20762
portekiz	792	20763
izlemiştim	792	20764
kalacaktır	792	20765
kendince	792	20766
üzdü	792	20767
çalındığını	792	20768
emniyete	792	20769
tutamam	792	20770
mayday	792	20771
koridora	792	20772
cehennemdeydin	792	20773
havva	792	20774
tanıştığı	792	20775
çekilecek	791	20776
gelişini	791	20777
çözeceğim	791	20778
çalışabiliriz	791	20779
tenli	791	20780
çamura	791	20781
haberleşme	791	20782
giymeyi	791	20783
şüpheleniyorum	791	20784
lav	791	20785
ilişkili	791	20786
bulmalı	791	20787
getirirsen	791	20788
atmosfere	791	20789
çıkarmışsın	791	20790
etkinliği	791	20791
beklemiyor	791	20792
aynıyız	791	20793
toplantının	791	20794
kadında	791	20795
detaylara	791	20796
meleklerin	791	20797
inanayım	791	20798
zihninde	791	20799
işsizlik	791	20800
geçtiniz	790	20801
göremem	790	20802
etmeyiz	790	20803
kontrolün	790	20804
gösteriden	790	20805
üniversitenin	790	20806
kaçınmak	790	20807
geveze	790	20808
piyasada	790	20809
atıldım	790	20810
gencim	790	20811
oturduğun	790	20812
ayrıcalıklı	790	20813
dördümüz	790	20814
kamyonetin	790	20815
kalabilmek	790	20816
hiçbişey	790	20817
maestro	789	20818
davam	789	20819
playboy	789	20820
bölümleri	789	20821
ofisteki	789	20822
rice	789	20823
kadarda	789	20824
ekşi	789	20825
savaşıyoruz	789	20826
bulamayacaksın	789	20827
lonnie	789	20828
rahibin	789	20829
hissetmesini	789	20830
sykes	789	20831
kaldırıldı	789	20832
gerekiyordur	789	20833
bernadette	789	20834
büfe	789	20835
alaka	789	20836
hesabıma	789	20837
hızlısın	789	20838
sinirlerimi	789	20839
imparatorluğun	789	20840
dışlanmış	788	20841
açtığımda	788	20842
uyanır	788	20843
uçsuz	788	20844
rhonda	788	20845
kandan	788	20846
arsız	788	20847
karin	788	20848
kafeste	788	20849
kumarbaz	788	20850
bulunduğunuz	788	20851
peşindeydi	788	20852
gestapo	788	20853
karakol	787	20854
slade	787	20855
yakalanmak	787	20856
avukatını	787	20857
sımsıkı	787	20858
değerlendirmek	787	20859
çıkarabiliriz	787	20860
atların	787	20861
kahramansın	787	20862
jaime	787	20863
damarı	787	20864
prensim	787	20865
arapça	787	20866
sonuçlara	787	20867
altındayım	787	20868
altta	787	20869
üzülerek	787	20870
moleküler	787	20871
janine	787	20872
giriyorlar	787	20873
hediyesini	787	20874
tutayım	787	20875
öğrenebilirsin	787	20876
bahsediyorlar	787	20877
dönebilirim	786	20878
görebiliyordum	786	20879
maceraya	786	20880
hizmetçisi	786	20881
sabahlar	786	20882
söylentilere	786	20883
kaybolması	786	20884
filistin	786	20885
atladın	786	20886
ukrayna	786	20887
öpüşmek	786	20888
labirent	786	20889
ölebilirim	786	20890
müyüz	786	20891
isme	786	20892
lambayı	785	20893
başlamam	785	20894
kapattılar	785	20895
bıraktığımı	785	20896
icra	785	20897
kırmızıya	785	20898
meşgulüz	785	20899
boz	785	20900
aramalar	785	20901
taşıdım	785	20902
pawnee	785	20903
tişörtünü	785	20904
kullanırdı	785	20905
girmemiz	785	20906
chakotay	785	20907
hayatımızda	785	20908
tanımaz	785	20909
refah	785	20910
ödüyorsun	785	20911
bırakırsanız	785	20912
ekibimiz	785	20913
severdin	785	20914
mekke	785	20915
diline	784	20916
forman	784	20917
telefonunda	784	20918
açıyorsun	784	20919
temizlerim	784	20920
berbatsın	784	20921
çekmedi	784	20922
ummuştum	784	20923
sorumluluğun	784	20924
bilinmez	784	20925
gine	784	20926
bozmaya	784	20927
ahıra	784	20928
josef	784	20929
büyüyecek	784	20930
düşüncen	784	20931
halledildi	784	20932
tuvaletin	784	20933
konuştuktan	784	20934
kaldıramam	784	20935
ölüyorlar	784	20936
marcie	784	20937
düşünmüşsün	784	20938
taa	784	20939
ihtiyarın	784	20940
tüccar	783	20941
tombul	783	20942
partilere	783	20943
depresif	783	20944
marsilya	783	20945
sorabilirsiniz	783	20946
doldurdu	783	20947
şeylerdir	783	20948
canavarları	783	20949
ortaklar	783	20950
düşüncesizce	783	20951
punk	783	20952
gelebiliriz	783	20953
kesebilir	783	20954
kendimin	783	20955
ricardo	783	20956
kanalizasyon	783	20957
umursuyorsun	783	20958
vermekle	782	20959
kuzeydeki	782	20960
işçisi	782	20961
çıkardığın	782	20962
ulaşan	782	20963
tutam	782	20964
dolduruyor	782	20965
yakarım	782	20966
kırmaya	782	20967
plaja	782	20968
başları	782	20969
yalanları	782	20970
penisini	782	20971
olmuşum	782	20972
durdular	781	20973
kırılan	781	20974
ulaştığında	781	20975
ayrıldığında	781	20976
taşınabilir	781	20977
senenin	781	20978
başımızın	781	20979
sırtı	781	20980
dinlenmesi	781	20981
kirasını	781	20982
açtılar	781	20983
baharda	781	20984
melodi	781	20985
yapraklar	781	20986
basar	781	20987
yeryüzüne	781	20988
emrinde	781	20989
anlatmıştı	781	20990
kenarındaki	781	20991
parmaklar	781	20992
kiracı	781	20993
cent	780	20994
ağladığını	780	20995
hoşlandığın	780	20996
hırsızın	780	20997
metroda	780	20998
habere	780	20999
bırakmalıyım	780	21000
bulmaları	780	21001
reno	780	21002
hissedeceğim	780	21003
ordusuna	780	21004
markası	780	21005
kahire	780	21006
günlerim	780	21007
koleksiyon	780	21008
alıyormuş	779	21009
aksam	779	21010
değişime	779	21011
döndürmek	779	21012
muhafızı	779	21013
büyüdüğünü	779	21014
kimberly	779	21015
gino	779	21016
beşi	779	21017
işidir	779	21018
muhabiri	779	21019
tatlılar	779	21020
dünyamız	779	21021
tuck	779	21022
paraşüt	779	21023
şangay	779	21024
akdeniz	779	21025
huck	779	21026
fahişelik	779	21027
siren	779	21028
çalarım	779	21029
milletvekili	779	21030
birisinden	779	21031
teoride	778	21032
sadaka	778	21033
oranında	778	21034
ciddiydim	778	21035
marnie	778	21036
acıyla	778	21037
sorularını	778	21038
western	778	21039
batan	778	21040
masasının	778	21041
şüpheci	778	21042
sürüyle	778	21043
bırakırsam	778	21044
çıkarmayın	778	21045
kilidini	778	21046
sonraları	778	21047
sıkıldı	778	21048
yaralanan	778	21049
sevmediğim	778	21050
külleri	778	21051
rahl	778	21052
temizleyip	778	21053
borçlandım	778	21054
ablası	778	21055
geçirildi	778	21056
yapacaksak	777	21057
dokuzda	777	21058
olmazdık	777	21059
okuduğunu	777	21060
sallıyor	777	21061
yapabilseydim	777	21062
türleri	777	21063
hatalarını	777	21064
ilişkiden	777	21065
okuyayım	777	21066
toplantıdan	777	21067
gördüğünüzü	777	21068
buluyorlar	777	21069
kalkarsan	777	21070
yönetecek	777	21071
ailelerine	777	21072
vakte	777	21073
şakayı	777	21074
çantan	777	21075
çekeriz	777	21076
anlamışsın	777	21077
rahibeler	777	21078
mezarlığı	777	21079
mahallenin	777	21080
girebilirim	777	21081
bilgisini	777	21082
utanmaz	777	21083
birimleri	777	21084
aksilik	777	21085
dyson	777	21086
kiraya	777	21087
karnaval	776	21088
cephede	776	21089
rocco	776	21090
raporunda	776	21091
annecik	776	21092
çıkmayacağım	776	21093
seyyar	776	21094
araştıracağım	776	21095
kimlerle	776	21096
koymam	776	21097
öyküsü	776	21098
yorulmuş	776	21099
bitirmeden	776	21100
seneden	776	21101
koyacaksın	776	21102
konuşkan	776	21103
kalkmayın	776	21104
kanserden	776	21105
reddetmek	776	21106
sıkmaya	776	21107
unutmadın	775	21108
gidişle	775	21109
boşta	775	21110
gitseniz	775	21111
alışırsın	775	21112
gevrek	775	21113
bacaklarının	775	21114
binaları	775	21115
albayım	775	21116
werner	775	21117
zormuş	775	21118
joanne	774	21119
meyer	774	21120
oradakiler	774	21121
başlatın	774	21122
çarptın	774	21123
ömrünün	774	21124
üzereydik	774	21125
aldatma	774	21126
tekneyle	774	21127
çözecek	774	21128
sevgilisinin	774	21129
tibet	774	21130
giyeceksin	774	21131
isteyebilirim	774	21132
tırmanmak	774	21133
açıklamıyor	774	21134
geciktik	774	21135
senpai	774	21136
ayrılması	774	21137
kullanıyordum	774	21138
yut	774	21139
delikte	774	21140
seçmen	774	21141
aldığınızı	773	21142
zenginlik	773	21143
düşünebildiğim	773	21144
odalı	773	21145
bebeğimin	773	21146
vurulma	773	21147
seneler	773	21148
yangının	773	21149
ibarettir	773	21150
izlediniz	773	21151
çocuksu	773	21152
hissetmen	773	21153
savcının	772	21154
yapmıyordum	772	21155
bitiriyor	772	21156
öğretmişti	772	21157
oluşu	772	21158
yazması	772	21159
parkında	772	21160
yürüyorsun	772	21161
bitmeyen	772	21162
geçirebilir	772	21163
tavsiyen	772	21164
dobbs	772	21165
etmişim	772	21166
öldürdüyse	771	21167
bakmaz	771	21168
uğrar	771	21169
sanırsam	771	21170
kazıp	771	21171
eduardo	771	21172
atalarımızın	771	21173
anonim	771	21174
bilezik	771	21175
etrafımızda	771	21176
takımlar	771	21177
istemediler	771	21178
heights	771	21179
kıta	771	21180
fazlaca	771	21181
yılanın	771	21182
düşünülürse	771	21183
tamara	771	21184
bitirebilir	771	21185
tersten	771	21186
gülüp	771	21187
bazi	770	21188
vatandaşlar	770	21189
sinirlisin	770	21190
karşılamaya	770	21191
kastettin	770	21192
seçtiler	770	21193
dersimi	770	21194
saklandığını	770	21195
kandıramazsın	770	21196
hipnoz	770	21197
uygundur	770	21198
pearson	770	21199
konumuna	770	21200
bulsan	770	21201
bulandırıyor	770	21202
saçmalığın	770	21203
öğretirim	770	21204
elektriksel	770	21205
önlemleri	770	21206
zayıfsın	770	21207
güçlerinin	770	21208
sasuke	770	21209
yumurtalarını	769	21210
direksiyonu	769	21211
kalkabilir	769	21212
söyleyemiyorum	769	21213
ağabeyinin	769	21214
sallanıyor	769	21215
edildiğinde	769	21216
haklıysa	769	21217
bağlama	769	21218
vücudumun	769	21219
camları	769	21220
aramadan	769	21221
birası	769	21222
kristina	769	21223
körfez	769	21224
büyüksün	769	21225
inceliyor	769	21226
ayarlayabilir	769	21227
strauss	769	21228
bazılarına	769	21229
olanaksız	769	21230
verilmişti	769	21231
johnnie	769	21232
iyiliğe	769	21233
çıkabilecek	769	21234
ulaşamadım	769	21235
ortakları	768	21236
sınırdan	768	21237
teröristlerin	768	21238
sormayın	768	21239
luka	768	21240
silindi	768	21241
ringe	768	21242
gözlüklerini	768	21243
barınak	768	21244
götürmesi	768	21245
tanıdığınız	768	21246
sürtüğü	768	21247
uzaklaşıyor	768	21248
götürmen	768	21249
sürdüğünü	768	21250
tanımadım	768	21251
kurulan	768	21252
mahvetmeye	768	21253
tabur	768	21254
haritasını	768	21255
buradakiler	768	21256
oturuyorsunuz	768	21257
bahsedin	768	21258
kondom	768	21259
irina	767	21260
parmaklarımı	767	21261
bedenimi	767	21262
vurduğunda	767	21263
kaybolmuştu	767	21264
yüzeyde	767	21265
psikiyatrik	767	21266
yorgunsun	767	21267
götürürüz	767	21268
buzdolabına	767	21269
murat	767	21270
cc	767	21271
çalışmalarına	767	21272
biner	767	21273
ateşte	767	21274
açıyoruz	767	21275
farksız	766	21276
sokaklarında	766	21277
mumlar	766	21278
düzmece	766	21279
hoyt	766	21280
liseyi	766	21281
örtüsü	766	21282
niyetindeyim	766	21283
greer	766	21284
jaguar	766	21285
arabamla	766	21286
hödük	766	21287
sürtüğün	766	21288
ursula	766	21289
öğrenebilirim	766	21290
açabilirsin	766	21291
şişme	766	21292
yaşardı	766	21293
çapta	766	21294
polisti	766	21295
kafir	766	21296
iq	765	21297
kazanmasına	765	21298
görünmedi	765	21299
yılına	765	21300
hesaplarını	765	21301
demişler	765	21302
müfettişi	765	21303
lüzum	765	21304
öldürürsün	765	21305
nüfusu	765	21306
korna	765	21307
sağlamalıyız	765	21308
öğrendiğin	765	21309
lutfen	765	21310
norton	765	21311
aranızdan	765	21312
çileden	765	21313
yaşlısın	765	21314
balkabağı	765	21315
çıkamıyorum	765	21316
emilio	764	21317
kaynağım	764	21318
dokunmadı	764	21319
kazançlı	764	21320
ehliyeti	764	21321
bildiririm	764	21322
yün	764	21323
haberci	764	21324
görülebilir	764	21325
unuttuğum	764	21326
tarafımdan	764	21327
ırkı	764	21328
köpekbalıkları	764	21329
anlayamadığım	764	21330
başınızın	764	21331
delirtiyor	764	21332
boynundan	764	21333
haldeydi	764	21334
yakuza	764	21335
parmağında	764	21336
yakındık	764	21337
farkın	764	21338
draper	764	21339
hissediyoruz	764	21340
birleştirmek	763	21341
komşusu	763	21342
kunduz	763	21343
stern	763	21344
dururdu	763	21345
dubai	763	21346
mükemmelsin	763	21347
sürünün	763	21348
sütyen	763	21349
söylüyorsan	763	21350
varis	763	21351
felan	763	21352
cotton	763	21353
papağan	763	21354
oyuncakları	763	21355
suzie	763	21356
tutulması	763	21357
vermedik	763	21358
zora	763	21359
açıklamayı	763	21360
binadaki	763	21361
gitmesin	763	21362
mücadeleye	763	21363
tohumları	762	21364
bulmanız	762	21365
brass	762	21366
deşifre	762	21367
manzarayı	762	21368
koyarak	762	21369
yaptıklarımdan	762	21370
birbirinizle	762	21371
kralımız	762	21372
tüfekle	762	21373
değiştirebilirsin	762	21374
ülkeler	762	21375
diziyi	762	21376
nehirden	762	21377
real	762	21378
karışır	762	21379
yiyerek	762	21380
sembolik	762	21381
hafızan	761	21382
kanatlı	761	21383
arabanızı	761	21384
rin	761	21385
çıkabilirsiniz	761	21386
hoşsun	761	21387
palto	761	21388
temizliyor	761	21389
mahremiyet	761	21390
kuma	761	21391
hatırlatma	761	21392
sesleniyorum	761	21393
vatandaşlık	761	21394
etkisiyle	761	21395
örneğini	761	21396
dostunuz	761	21397
blade	761	21398
ebeveynleri	761	21399
etkilendi	760	21400
senelik	760	21401
ayırmaya	760	21402
filminden	760	21403
teminat	760	21404
beyazların	760	21405
girmene	760	21406
tatmak	760	21407
ellerinin	760	21408
seçiyorsun	760	21409
cheyenne	760	21410
düşünebilirsiniz	760	21411
öldürdüğüne	760	21412
diliyorsun	760	21413
yolculuğuna	760	21414
yanın	759	21415
korunması	759	21416
ortağız	759	21417
çökün	759	21418
hatırlayamadım	759	21419
gafil	759	21420
azılı	759	21421
vermeyeceğini	759	21422
amos	759	21423
gelmeleri	759	21424
besliyor	759	21425
sempatik	759	21426
atina	759	21427
pegasus	759	21428
başlayana	759	21429
yeterliydi	759	21430
salağı	759	21431
durduracağız	759	21432
kasık	758	21433
yüzümde	758	21434
gezegenlerin	758	21435
geleceksiniz	758	21436
affetmek	758	21437
odo	758	21438
hiçsin	758	21439
savaşacağım	758	21440
tutulan	758	21441
cüzdanım	758	21442
hadım	758	21443
füzeleri	758	21444
ocağı	758	21445
olabilirmiş	758	21446
düşerken	758	21447
uçuşlar	757	21448
röportajı	757	21449
heyeti	757	21450
rahatlamış	757	21451
aslını	757	21452
gelmenize	757	21453
özet	757	21454
haraç	757	21455
atlatmak	757	21456
seviyesini	757	21457
sarılıp	757	21458
çağırdılar	757	21459
ödevimi	757	21460
geceyarısı	757	21461
nelerdir	757	21462
talimatlar	757	21463
emlakçı	757	21464
öğrendiğini	757	21465
teknolojinin	757	21466
alfredo	757	21467
espresso	757	21468
vakitte	757	21469
olabileceğin	757	21470
mühendisi	757	21471
çıkartacak	757	21472
hedefler	757	21473
sosyalist	757	21474
panter	756	21475
söyledikten	756	21476
aslanlar	756	21477
place	756	21478
hayranları	756	21479
alexandra	756	21480
sıçtım	756	21481
hiv	756	21482
hyung	756	21483
izleyici	756	21484
saplanmış	756	21485
bozuluyor	756	21486
acıları	756	21487
yayılır	756	21488
ortağının	756	21489
senyor	756	21490
operasyona	756	21491
yapabileceklerini	756	21492
izlemekten	756	21493
obje	756	21494
şaşkına	756	21495
conor	756	21496
aldatmaca	756	21497
bahsetmiyoruz	755	21498
pantolonun	755	21499
kaçtık	755	21500
söylesenize	755	21501
anlatmıştım	755	21502
iten	755	21503
bağlıyorum	755	21504
önlük	755	21505
kiraladı	755	21506
leila	755	21507
çalışabilirsin	755	21508
kaçırmam	755	21509
dolduracak	755	21510
getirilmiş	755	21511
wilkes	755	21512
gladys	755	21513
kemal	755	21514
dinlemez	755	21515
hayden	755	21516
sahasına	754	21517
arkadaşlara	754	21518
hızlıydı	754	21519
keçisi	754	21520
soğukta	754	21521
götürecekler	754	21522
faaliyet	754	21523
gerçeklerden	754	21524
geçirmesi	754	21525
öldürmeyin	754	21526
çalışmadığını	754	21527
planlı	754	21528
gibime	754	21529
şeyine	754	21530
düşünsem	754	21531
biran	754	21532
shay	754	21533
tırman	754	21534
uçurumun	753	21535
ruha	753	21536
gösterdiğim	753	21537
şüpheleniyor	753	21538
sistemimiz	753	21539
müşterin	753	21540
kokar	753	21541
yaşadığımızı	753	21542
beraat	753	21543
açılmıyor	753	21544
suçlanıyor	753	21545
kanunun	753	21546
attınız	753	21547
anlaşmalar	753	21548
bilgisayarında	753	21549
ayısı	753	21550
telefonlara	753	21551
spreyi	753	21552
durmaksızın	753	21553
masadaki	753	21554
edeceğimizi	752	21555
margo	752	21556
bovling	752	21557
arkadaşısın	752	21558
edo	752	21559
telif	752	21560
rahatlatıyor	752	21561
çalıştıkları	752	21562
hemfikiriz	752	21563
mesut	752	21564
bee	752	21565
söylese	752	21566
diler	752	21567
anlayacağız	752	21568
sera	752	21569
koydunuz	752	21570
gizlidir	752	21571
beraberce	752	21572
lakap	752	21573
yatarım	752	21574
karşıyım	752	21575
barikat	752	21576
yaptığımıza	751	21577
çalabilir	751	21578
ilişkilerini	751	21579
kutusunun	751	21580
düşmesini	751	21581
fae	751	21582
meydanda	751	21583
doluyum	751	21584
ayar	751	21585
ülkemizi	751	21586
hırs	751	21587
yaratılmış	751	21588
lilith	751	21589
seon	751	21590
etmemişti	751	21591
yalniz	751	21592
kayboldular	750	21593
cihazları	750	21594
küçümseme	750	21595
soyup	750	21596
hükümetinin	750	21597
uzundu	750	21598
uçarak	750	21599
wilbur	750	21600
değiştirdiler	750	21601
oturmuyorsun	750	21602
kalırdım	750	21603
jacobs	750	21604
şayan	750	21605
küçüktü	750	21606
tanımadığını	750	21607
ayrılacağız	750	21608
ilgilenin	750	21609
toksin	750	21610
hazırdır	750	21611
vermemek	750	21612
kanalları	750	21613
olmuştuk	750	21614
olmaktansa	750	21615
ayarladık	750	21616
osuruk	750	21617
cisim	750	21618
tanıyordun	750	21619
performansı	750	21620
düşürücü	750	21621
yanımdaydı	749	21622
ilgilenmeye	749	21623
yakınım	749	21624
dökülen	749	21625
temizim	749	21626
öldürebilirsin	749	21627
ryu	749	21628
tutmaz	749	21629
abimin	749	21630
mecburdum	749	21631
cadının	749	21632
disneyland	749	21633
girmeni	749	21634
quagmire	749	21635
magazin	749	21636
cinayetinden	749	21637
oturmaya	749	21638
götürebilirsin	749	21639
acıtacak	749	21640
öğrendiler	749	21641
damlası	749	21642
kardeşiyim	749	21643
değiştirmeden	749	21644
söyleyeceklerini	749	21645
korunma	749	21646
kurtaralım	749	21647
granger	749	21648
oğlunla	749	21649
adımlar	748	21650
kalkanları	748	21651
uysal	748	21652
çekimleri	748	21653
karşılaşmış	748	21654
pyo	748	21655
içindeler	748	21656
haklar	748	21657
sürerse	748	21658
oksijeni	748	21659
atıcı	748	21660
meth	748	21661
tanıyormuş	748	21662
kanalda	748	21663
webb	748	21664
yargıca	748	21665
güvene	748	21666
gösterisine	748	21667
güvenebilirsiniz	748	21668
aldattığını	748	21669
bulamamış	748	21670
great	748	21671
anlatıp	748	21672
ayarlama	748	21673
alakadar	748	21674
münasip	748	21675
gülmeyi	747	21676
marcos	747	21677
yüzünüzü	747	21678
maris	747	21679
çalışıyorsan	747	21680
sınıflar	747	21681
isen	747	21682
loki	747	21683
alem	747	21684
yüzüyor	747	21685
yaptıracağım	747	21686
olduklarında	747	21687
bulutları	747	21688
omzuna	747	21689
sunbae	747	21690
sarıp	747	21691
ceketin	746	21692
götürmeni	746	21693
deydi	746	21694
katliamı	746	21695
dönemeyiz	746	21696
kahrolsun	746	21697
katır	746	21698
gencin	746	21699
halktan	746	21700
çözebiliriz	746	21701
myra	746	21702
saldırıp	746	21703
davies	746	21704
yaşadılar	746	21705
devlete	746	21706
yıkmaya	746	21707
insanlarının	746	21708
rahatlamaya	746	21709
geçirmem	746	21710
başkanla	745	21711
hoşlandığı	745	21712
oynayarak	745	21713
sevgilimi	745	21714
paylaşacak	745	21715
gelemeyeceğim	745	21716
atlatacağız	745	21717
kopenhag	745	21718
durdurmayı	745	21719
madame	745	21720
adadaki	745	21721
chico	745	21722
brandy	745	21723
dosyalarına	745	21724
propaganda	745	21725
ödeyebilirim	745	21726
sayfası	745	21727
cemre	745	21728
had	745	21729
koyarsın	745	21730
öldürsün	745	21731
sırrımı	745	21732
charlene	745	21733
yemiştim	745	21734
nafaka	744	21735
oynuyorduk	744	21736
kayıyor	744	21737
bölünmüş	744	21738
küstahlık	744	21739
kafanıza	744	21740
işlerinin	744	21741
escobar	744	21742
transferi	744	21743
hayvanlardan	744	21744
sadist	744	21745
araçta	744	21746
yayındayız	744	21747
yemeğinizi	744	21748
olmalıydık	744	21749
duymuşsunuzdur	744	21750
durant	744	21751
cinayetiyle	744	21752
benziyoruz	744	21753
hayallerinin	743	21754
ahhh	743	21755
edison	743	21756
bencillik	743	21757
paolo	743	21758
görevinde	743	21759
galeri	743	21760
barında	743	21761
hırsızları	743	21762
sayılırız	743	21763
hissedin	743	21764
mekanizması	743	21765
gardını	743	21766
bilgisayardan	743	21767
bulsak	743	21768
kabloları	743	21769
saymak	743	21770
naneli	743	21771
ju	743	21772
cory	743	21773
soğuyor	743	21774
raporda	743	21775
insansız	743	21776
darbeyi	742	21777
zachary	742	21778
anlatsam	742	21779
görünüşlü	742	21780
kalkarsa	742	21781
verdiklerini	742	21782
bebekten	742	21783
ambulansı	742	21784
karışan	742	21785
jeremiah	742	21786
yetmezliği	742	21787
düşüyorum	742	21788
gerçeklere	742	21789
sanır	742	21790
sessizliği	742	21791
bulundunuz	742	21792
mine	742	21793
cezanı	742	21794
şeylerdi	742	21795
dileğin	742	21796
savaşma	742	21797
gazetecilik	742	21798
intikamımı	742	21799
silahlardan	741	21800
birkaçı	741	21801
newport	741	21802
bozmuş	741	21803
marketten	741	21804
boşlukları	741	21805
bulutu	741	21806
özgürüz	741	21807
atımı	741	21808
berry	741	21809
foley	741	21810
diyemez	741	21811
şort	741	21812
karpuz	741	21813
giyindin	741	21814
dövüşün	741	21815
dansını	741	21816
bücür	741	21817
anlaşmamızı	741	21818
yaşaman	741	21819
atmosferi	741	21820
kazanmam	741	21821
esiyor	740	21822
gelirsem	740	21823
loretta	740	21824
hatasını	740	21825
sugar	740	21826
takla	740	21827
ambulansa	740	21828
füzeler	740	21829
kurutulmuş	740	21830
alamadı	740	21831
mağaraya	740	21832
göğüslerin	740	21833
parçan	740	21834
endişem	740	21835
yardımımıza	740	21836
ölmene	740	21837
çoğunluk	740	21838
jonny	740	21839
yapışmış	740	21840
görünmeyen	740	21841
söylediğinizi	740	21842
nato	740	21843
kayaların	739	21844
gob	739	21845
güvensiz	739	21846
defans	739	21847
hisseleri	739	21848
tori	739	21849
müyüm	739	21850
normaldir	739	21851
birtakım	739	21852
yapmıyorsunuz	739	21853
havayolları	739	21854
kusma	739	21855
sunarım	739	21856
kullanmasını	739	21857
diliyor	739	21858
başarabilir	739	21859
yaşındaymış	739	21860
kapatayım	739	21861
çektirmek	739	21862
oynadığım	739	21863
landry	739	21864
anlayacağını	739	21865
riko	739	21866
travması	739	21867
helikoptere	739	21868
yumurtalı	739	21869
gelişimi	739	21870
pistinde	739	21871
girmemi	739	21872
yargılamak	739	21873
işyerinde	739	21874
hissediyordu	738	21875
hazırlama	738	21876
kurtarmalıyız	738	21877
yapacağımıza	738	21878
yükselir	738	21879
sırtımda	738	21880
dilemem	738	21881
çevrimiçi	738	21882
söylenebilir	738	21883
başlayabilirsiniz	738	21884
make	738	21885
saunders	738	21886
edeceklerini	738	21887
buluyoruz	738	21888
sevdiğinden	738	21889
geçmeyecek	738	21890
zorladın	738	21891
güvenliğiniz	738	21892
ücretli	738	21893
olaylarla	738	21894
polislik	738	21895
duyardım	738	21896
değiştirebilirim	738	21897
aldığımızda	738	21898
frekans	738	21899
kardeşinizin	738	21900
katılıp	738	21901
sohbeti	738	21902
sinirlendim	738	21903
milyarder	738	21904
hos	737	21905
hızlan	737	21906
oturarak	737	21907
açılması	737	21908
isteğiyle	737	21909
karımdan	737	21910
inerken	737	21911
güvenir	737	21912
ipotek	737	21913
uçağım	737	21914
kaldırsın	737	21915
pili	737	21916
çözer	737	21917
milyona	737	21918
dünyaları	737	21919
vogel	737	21920
yaşamana	737	21921
becker	737	21922
bebe	737	21923
sisko	737	21924
iletirim	737	21925
bbc	737	21926
kaçırılan	737	21927
ağına	737	21928
dizüstü	737	21929
hollandalı	737	21930
ödevlerini	737	21931
kafatasını	737	21932
kapatmayı	737	21933
wing	736	21934
kızınla	736	21935
braun	736	21936
jamaika	736	21937
seçtiniz	736	21938
bryant	736	21939
avenue	736	21940
sınıftayken	736	21941
gabby	736	21942
kuleye	736	21943
yapabilen	736	21944
leopar	736	21945
optik	736	21946
arayacağımı	736	21947
hattına	736	21948
ares	736	21949
şartlarını	736	21950
bulaştığını	736	21951
donut	736	21952
gömdüm	736	21953
depresyona	736	21954
gençti	736	21955
arifesinde	736	21956
artist	736	21957
dark	736	21958
saldırdığını	736	21959
getirdiğiniz	736	21960
eşyası	735	21961
kızgındım	735	21962
turp	735	21963
kiralama	735	21964
kaçtığı	735	21965
çıktığımı	735	21966
dönüşünü	735	21967
emredildi	735	21968
tuvaletini	735	21969
bayılmış	735	21970
öğrenmiştim	735	21971
harmon	735	21972
öfkeni	735	21973
içerek	735	21974
cennetteki	735	21975
erdiğinde	735	21976
memuruna	735	21977
güzelsiniz	735	21978
işığın	735	21979
düşünmüştü	735	21980
alayı	735	21981
yazılıyor	735	21982
felaketti	735	21983
cins	735	21984
dolabına	735	21985
arkanızda	734	21986
yazıldı	734	21987
kurtulacağım	734	21988
ayaklarımın	734	21989
öldürürdü	734	21990
evleniyorsun	734	21991
sevgilini	734	21992
kurtulalım	734	21993
charleston	734	21994
atışları	734	21995
budist	734	21996
evle	734	21997
etin	734	21998
yapacaktık	734	21999
ayaklanma	734	22000
kanıtınız	734	22001
zamanından	734	22002
anlamayacak	734	22003
yaran	734	22004
quark	734	22005
okumadın	734	22006
reaktör	733	22007
istekleri	733	22008
gaddar	733	22009
yüklendi	733	22010
bırakmıyorum	733	22011
yakalarsa	733	22012
artacak	733	22013
rygel	733	22014
vurularak	733	22015
uzaklaşma	733	22016
kızar	733	22017
morse	733	22018
koruyacağız	733	22019
people	733	22020
oynamıyor	733	22021
yemeyecek	733	22022
görüşüp	733	22023
yoludur	733	22024
emil	733	22025
ilgilendi	733	22026
unuttuğunu	732	22027
adımda	732	22028
çizdi	732	22029
kurtaramaz	732	22030
yazabilirim	732	22031
acısız	732	22032
üzüldü	732	22033
olayıyla	732	22034
kararınızı	732	22035
partnerim	732	22036
harcamış	732	22037
kimliklerini	732	22038
cuddy	732	22039
freeman	732	22040
elit	732	22041
çocuklarından	732	22042
arkadaşınızın	732	22043
berrak	732	22044
mika	732	22045
birşeydi	732	22046
kendiminkini	732	22047
seçmeler	732	22048
yeraltında	731	22049
vurarak	731	22050
filmlerden	731	22051
mız	731	22052
dairesini	731	22053
kurtarabilecek	731	22054
deha	731	22055
yaratma	731	22056
etseniz	731	22057
özünde	731	22058
yaraların	731	22059
mareşal	731	22060
uğrayan	731	22061
kedim	731	22062
havasında	731	22063
gözlere	731	22064
gelmişsiniz	731	22065
gazetenin	731	22066
buluştuk	731	22067
durmamı	730	22068
ettirmeye	730	22069
peters	730	22070
bulunmadı	730	22071
kaderimiz	730	22072
senmişsin	730	22073
dinlerken	730	22074
senedi	730	22075
çıkarıcı	730	22076
darnell	730	22077
bulamadınız	730	22078
termal	730	22079
korkuyorsunuz	730	22080
cenazede	730	22081
uyanıyor	730	22082
fotoğraflara	730	22083
tozunu	730	22084
hera	730	22085
fe	729	22086
kesiyorum	729	22087
two	729	22088
hissedecek	729	22089
faturasını	729	22090
yastığı	729	22091
satılan	729	22092
sağlayabiliriz	729	22093
hareketlilik	729	22094
isterken	729	22095
olacaklarını	729	22096
kalmayacağız	729	22097
bürosuna	729	22098
boyalı	729	22099
yaşayamazsın	729	22100
ölecekler	729	22101
randolph	729	22102
live	729	22103
geçenler	729	22104
etmişsiniz	729	22105
öndeki	729	22106
angelina	729	22107
görüştüğünü	729	22108
dağdan	729	22109
yakınlarındaki	729	22110
jd	729	22111
kuşağı	729	22112
halimi	728	22113
yarını	728	22114
kullanılacak	728	22115
mort	728	22116
eğlenmene	728	22117
yakalamayı	728	22118
çıkışını	728	22119
başlamadı	728	22120
katılım	728	22121
daveti	728	22122
cun	728	22123
hayrola	728	22124
koltuklar	728	22125
yaptığımdan	728	22126
bahçıvan	728	22127
öf	728	22128
istasyonun	728	22129
memelerini	727	22130
boşu	727	22131
sonja	727	22132
takibe	727	22133
duvarına	727	22134
bowman	727	22135
çalışacaklar	727	22136
numaranın	727	22137
lao	727	22138
arifesi	727	22139
yalnızız	727	22140
gideceğine	727	22141
dedemin	727	22142
dövüşmeyi	727	22143
çalışsın	726	22144
açıklayacaksın	726	22145
eşiyle	726	22146
aldığımızı	726	22147
girmiştim	726	22148
fosil	726	22149
anlatabiliyor	726	22150
etkilediğini	726	22151
kaçmaz	726	22152
temizleyeceğim	726	22153
uydurdun	726	22154
öğrencinin	726	22155
hav	726	22156
mermileri	726	22157
paso	726	22158
lakabı	726	22159
girerek	726	22160
seçeceğim	726	22161
brüksel	726	22162
etkiyi	726	22163
hortumu	726	22164
valisi	726	22165
tesla	725	22166
kaide	725	22167
denemeyi	725	22168
sinyaller	725	22169
beyefendinin	725	22170
hayatlarına	725	22171
mg	725	22172
empire	725	22173
sayfaları	725	22174
kıs	725	22175
korumamız	725	22176
caddesinde	725	22177
fırladı	725	22178
sanmış	725	22179
kabullen	725	22180
paranoya	725	22181
çekirge	725	22182
dea	725	22183
bembeyaz	724	22184
uçları	724	22185
üzülecek	724	22186
yaptır	724	22187
boyuta	724	22188
puanı	724	22189
buenos	724	22190
sekreterim	724	22191
jazz	724	22192
uyandırma	724	22193
metreye	724	22194
donanması	724	22195
tutuyorsunuz	724	22196
gidebilecek	724	22197
jessi	724	22198
götürdüğü	724	22199
ro	724	22200
garza	724	22201
adamlarınız	724	22202
lassie	724	22203
bokun	724	22204
olmuyorum	724	22205
bellek	723	22206
sıcacık	723	22207
vurmadan	723	22208
plakasını	723	22209
utandırıyorsun	723	22210
zorlaştırıyor	723	22211
alabileceğim	723	22212
babalarının	723	22213
grubunda	723	22214
çadırı	723	22215
çıldırmışsın	723	22216
sığınağı	723	22217
gösteride	723	22218
ajans	723	22219
denmez	723	22220
hoşlarına	723	22221
minimum	723	22222
arabamdan	723	22223
koyduğun	723	22224
aldatan	723	22225
siniz	723	22226
fa	723	22227
cesaretle	723	22228
atabilirsin	722	22229
biletin	722	22230
turnuvası	722	22231
büyüklük	722	22232
kavanoz	722	22233
çalıştığımızı	722	22234
ısmarlayabilir	722	22235
pusula	722	22236
tıkılıp	722	22237
hazırlanıyorum	722	22238
çalışamam	722	22239
otopark	722	22240
tonik	722	22241
robotu	722	22242
mahalleye	722	22243
fbl	722	22244
sında	722	22245
birliğin	722	22246
swan	722	22247
sıranın	722	22248
dart	722	22249
ağlayıp	722	22250
gitmelerine	722	22251
deneriz	722	22252
öfkesi	722	22253
dönmesine	722	22254
kimliğim	722	22255
içeceği	722	22256
singapur	722	22257
süreyi	722	22258
goldman	722	22259
fabrikaya	722	22260
vazgeçip	722	22261
geçirilmiş	721	22262
kaybınız	721	22263
bağını	721	22264
zihnin	721	22265
duymadı	721	22266
aldırış	721	22267
odaklanmış	721	22268
girmeliyiz	721	22269
manipüle	721	22270
owens	721	22271
parçasına	721	22272
altının	721	22273
fok	721	22274
tutmanı	721	22275
hapisteyken	721	22276
anladığın	721	22277
baskını	721	22278
bakin	721	22279
çıkardığım	721	22280
sunduğu	720	22281
koyuyorlar	720	22282
korumanın	720	22283
geoff	720	22284
şıllık	720	22285
dedektifim	720	22286
rehabilitasyona	720	22287
yakalanan	720	22288
sarılı	720	22289
aynanın	720	22290
arta	720	22291
edeceksen	720	22292
kaynağın	720	22293
çarptığını	720	22294
bozuyorsun	720	22295
vize	720	22296
fırını	720	22297
kopardı	720	22298
beyne	720	22299
bölgeleri	720	22300
çocuklu	720	22301
destansı	720	22302
kızımızın	720	22303
servisini	720	22304
olabileceğinden	720	22305
testine	720	22306
benji	719	22307
durmayacağım	719	22308
erdemli	719	22309
yapısını	719	22310
değişiklikleri	719	22311
yun	719	22312
söyleyim	719	22313
sweeney	719	22314
alacaktı	719	22315
karakterini	719	22316
gittikleri	719	22317
rehineler	719	22318
etmediğimi	719	22319
uykusu	719	22320
intikamı	719	22321
gecemiz	719	22322
değiştireyim	719	22323
nino	719	22324
anlamalısınız	719	22325
varana	719	22326
korkmuyorsun	719	22327
acıkmış	719	22328
zhao	719	22329
herkeste	719	22330
sarayın	719	22331
ikiside	719	22332
shiva	718	22333
aşıktım	718	22334
taktığı	718	22335
esteban	718	22336
çalışmıyoruz	718	22337
saga	718	22338
ağrım	718	22339
takılıyoruz	718	22340
bildiri	718	22341
yapmayan	718	22342
mahal	718	22343
deborah	718	22344
koridoru	718	22345
çit	718	22346
parasına	718	22347
olurdunuz	718	22348
kılığında	718	22349
bai	718	22350
gidemiyorum	718	22351
tutmamız	718	22352
başkanıyım	718	22353
çocuklarıyla	718	22354
onayını	718	22355
yaşayabilirsin	718	22356
kabil	718	22357
annecim	718	22358
kazanabilir	718	22359
haddimi	718	22360
yapmacık	718	22361
sanacak	718	22362
pandora	718	22363
mübarek	717	22364
söyleyemeyeceğim	717	22365
girdikten	717	22366
bucaksız	717	22367
yoko	717	22368
aubrey	717	22369
tavşanlar	717	22370
soyguncu	717	22371
söyleyebilirdim	717	22372
gibilerin	717	22373
sette	717	22374
uçağını	717	22375
sanırsın	717	22376
cabe	717	22377
pist	717	22378
büyütme	717	22379
maw	717	22380
topladık	717	22381
tarafindan	717	22382
buçukta	717	22383
üstlerine	717	22384
iyiyse	717	22385
irade	717	22386
gelemeyecek	717	22387
yakınsın	716	22388
kendilerinin	716	22389
düşündükçe	716	22390
ulaşıp	716	22391
yazabilir	716	22392
yıkadım	716	22393
düzeltebilirim	716	22394
kolaçan	716	22395
bing	716	22396
callahan	716	22397
sicilya	716	22398
dere	716	22399
adler	716	22400
zevktir	716	22401
koleje	716	22402
kollarımda	716	22403
kraliçeyi	716	22404
ülkeme	716	22405
stokes	716	22406
mahalledeki	716	22407
şenlik	716	22408
anlattığını	716	22409
iron	716	22410
etnik	716	22411
sağladığı	716	22412
taslak	716	22413
kyoto	716	22414
etmeyecektir	716	22415
yapıcı	715	22416
çıkageldi	715	22417
capone	715	22418
soruşturmada	715	22419
benzini	715	22420
başaracak	715	22421
terzi	715	22422
takılmayı	715	22423
takacağım	715	22424
toplarım	715	22425
kanıtlamaz	715	22426
dünyalı	715	22427
mili	715	22428
ellerimde	715	22429
kızlarının	715	22430
özlem	715	22431
yazmışsın	715	22432
baraj	715	22433
willa	715	22434
tanrıçası	715	22435
özellikler	715	22436
salazar	715	22437
hattie	715	22438
ayrılmaz	715	22439
açıklaman	715	22440
sinekler	715	22441
sağlığın	715	22442
yaşanacak	715	22443
satıyoruz	715	22444
çıktığına	715	22445
pitt	715	22446
paulo	714	22447
chu	714	22448
denemesi	714	22449
umuyorsun	714	22450
kanadalı	714	22451
dönersek	714	22452
gelenlerin	714	22453
birisiyim	714	22454
kazalar	714	22455
marcia	714	22456
suudi	714	22457
sayılırsın	714	22458
müşterilere	714	22459
söyleyecekler	714	22460
çoğunda	714	22461
satarak	714	22462
insanlardı	714	22463
yazdığına	714	22464
eren	714	22465
boyası	714	22466
suyumuz	714	22467
beklemesini	714	22468
etkisinde	713	22469
hayatınızda	713	22470
deniyordu	713	22471
frekansı	713	22472
sıçanlar	713	22473
lokantası	713	22474
uygulaması	713	22475
perdenin	713	22476
şekilleri	713	22477
micah	713	22478
göstermedi	713	22479
çıkmışsın	713	22480
resepsiyon	713	22481
midilli	713	22482
rach	713	22483
düşüren	712	22484
öldürene	712	22485
ithal	712	22486
hatunlar	712	22487
ibaretti	712	22488
jacqueline	712	22489
korkutma	712	22490
yeterlidir	712	22491
yemedi	712	22492
aldattın	712	22493
adamsınız	712	22494
şükret	712	22495
vermeyecekler	712	22496
yaşayalım	712	22497
rapora	712	22498
vatana	712	22499
rivers	712	22500
aang	712	22501
dönüştürmek	712	22502
iyileşmek	712	22503
duyuyordum	711	22504
nerelerdesin	711	22505
selma	711	22506
anlatırdı	711	22507
demeliydim	711	22508
petra	711	22509
haldesin	711	22510
yürütmek	711	22511
müzede	711	22512
aralıksız	711	22513
arkalarında	711	22514
dibi	711	22515
suçlamayı	711	22516
kaybın	711	22517
bilesin	711	22518
askerim	711	22519
öldürebilirdi	711	22520
soruydu	711	22521
morales	711	22522
kastediyorsunuz	711	22523
mc	711	22524
baldwin	711	22525
farklıyız	711	22526
moralim	711	22527
avlanmak	711	22528
özgürlüğüne	711	22529
güçte	711	22530
anlatırken	711	22531
niyetini	711	22532
yenisi	711	22533
düşünüyordur	710	22534
parçalamak	710	22535
kafandaki	710	22536
axel	710	22537
şiş	710	22538
dolusun	710	22539
teftiş	710	22540
şırınga	710	22541
söylentisi	710	22542
ejderhalar	710	22543
planlıyorsunuz	710	22544
anladılar	710	22545
duruşması	710	22546
kılavuz	710	22547
listeden	710	22548
dönmüyor	710	22549
tırnağa	710	22550
stockholm	710	22551
öğreten	710	22552
kaydediyor	710	22553
hataya	710	22554
ipucunu	710	22555
düşünüyorsa	710	22556
uğrayacak	710	22557
biriyimdir	710	22558
aynasız	710	22559
söylemezdim	710	22560
bölüğü	709	22561
öğrenemedim	709	22562
ayarlarız	709	22563
gözleriniz	709	22564
birşeyim	709	22565
çekmen	709	22566
moo	709	22567
başbakanı	709	22568
evlenirim	709	22569
göremezsiniz	709	22570
anılarım	709	22571
şerefsizi	709	22572
ettiyse	709	22573
bozulma	709	22574
sweet	709	22575
organizasyonu	709	22576
reisi	709	22577
yapmamalıyız	709	22578
anlatması	709	22579
topraktan	708	22580
underwood	708	22581
oturmaz	708	22582
ego	708	22583
hıı	708	22584
düpedüz	708	22585
chaplin	708	22586
derslere	708	22587
riggs	708	22588
dolgun	708	22589
duracağız	708	22590
qing	708	22591
london	708	22592
avlanma	708	22593
heyecanla	708	22594
karizmatik	708	22595
uymaz	708	22596
basını	708	22597
nasihat	708	22598
geçmişimiz	708	22599
kaçmam	708	22600
çevirecek	707	22601
kurtarıp	707	22602
lea	707	22603
düşüneceğimi	707	22604
roberta	707	22605
düşmanlarını	707	22606
raf	707	22607
balki	707	22608
çocuğuma	707	22609
dragon	707	22610
kolunun	707	22611
tanımı	707	22612
kulağım	707	22613
çöplükte	707	22614
bisikletle	707	22615
evlerinden	706	22616
açmadı	706	22617
nathaniel	706	22618
buradaysa	706	22619
piramit	706	22620
ağrın	706	22621
rab	706	22622
öğrencilere	706	22623
hakikat	706	22624
kırılma	706	22625
şansımıza	706	22626
isimde	706	22627
kir	706	22628
planladığım	706	22629
ünlüler	706	22630
babanıza	706	22631
nörolojik	706	22632
merdivenlerde	706	22633
bittiyse	706	22634
vulkan	706	22635
dolaşır	706	22636
teknikleri	706	22637
konuğum	706	22638
söylüyormuş	706	22639
dönmüyorsun	706	22640
karısından	706	22641
where	706	22642
katillerin	706	22643
düşmanlık	706	22644
tutkusu	706	22645
yumurtadan	705	22646
yiğit	705	22647
bakamıyorum	705	22648
kıçında	705	22649
aradığımda	705	22650
hayatıyla	705	22651
cheng	705	22652
kavuştu	705	22653
düştüler	705	22654
etmezsem	705	22655
bölgelerde	705	22656
edileceğini	705	22657
götürmelisin	705	22658
gençlere	705	22659
rasgele	705	22660
zorlaşıyor	705	22661
anjali	705	22662
başarısızlığa	705	22663
çekmişti	705	22664
yapabilirdin	705	22665
skaar	705	22666
sildim	705	22667
oyuncuların	705	22668
şerit	705	22669
endişelendiğim	705	22670
dinliyordum	705	22671
unutamam	705	22672
oracıkta	705	22673
ödemesini	705	22674
binecek	705	22675
bildi	705	22676
düşündürüyor	705	22677
taraftarı	705	22678
azimli	704	22679
pire	704	22680
tahsis	704	22681
talim	704	22682
değiştireceğiz	704	22683
aramanın	704	22684
heriflerin	704	22685
sanmazdım	704	22686
elbiselerimi	704	22687
açman	704	22688
havan	704	22689
atıyordum	704	22690
heyecanlanma	704	22691
benimse	704	22692
leigh	704	22693
dahili	704	22694
parasal	704	22695
yöneldi	704	22696
degildi	704	22697
yutmuş	704	22698
gösterisini	704	22699
ajanın	703	22700
edemeyeceğin	703	22701
perdeyi	703	22702
düşüncelere	703	22703
ahmaklar	703	22704
konmuş	703	22705
çağırsın	703	22706
yapmamalıydın	703	22707
dostumsun	703	22708
kalmanız	703	22709
shu	703	22710
turuna	703	22711
kulakların	703	22712
doğurdu	703	22713
uğurlu	703	22714
ran	703	22715
uzaklaştır	703	22716
yıllarını	703	22717
saniyelik	703	22718
çıkmıyoruz	703	22719
deyken	703	22720
meraklısı	703	22721
family	702	22722
durumdaki	702	22723
görünse	702	22724
alışkanlığı	702	22725
gündelik	702	22726
talk	702	22727
jekyll	702	22728
daralıyor	702	22729
case	702	22730
caddeye	702	22731
doldurmaya	702	22732
bulunmasını	702	22733
casusu	702	22734
prensesim	702	22735
güçlerim	702	22736
vin	702	22737
ineceğim	702	22738
yaşiı	702	22739
kamyonda	702	22740
doktorlara	702	22741
tabanında	702	22742
anlayın	702	22743
nedenler	702	22744
özlediğini	702	22745
açarak	702	22746
endişelenmen	702	22747
döndüğünden	702	22748
programımız	702	22749
konuştuklarını	702	22750
susadın	701	22751
belirleyecek	701	22752
winters	701	22753
nefesim	701	22754
ori	701	22755
yüzündendir	701	22756
elimizi	701	22757
uzaylıların	701	22758
krishna	701	22759
planlıyordum	701	22760
dileğini	701	22761
trenine	701	22762
fırlamış	701	22763
telefonlarını	701	22764
kesinti	701	22765
izne	701	22766
endişelenmek	701	22767
koparmak	701	22768
kimliğinizi	701	22769
gösterecektir	700	22770
konserine	700	22771
yapmamalıydım	700	22772
güvenlikten	700	22773
rahatlatmak	700	22774
çokta	700	22775
lastiği	700	22776
yüzünüzden	700	22777
vak	700	22778
bozulur	700	22779
günahı	700	22780
tükürük	700	22781
embesil	700	22782
izniyle	700	22783
mattie	700	22784
news	700	22785
abayı	700	22786
daireme	700	22787
simms	700	22788
korudum	700	22789
mutluluklar	699	22790
melvin	699	22791
kovdum	699	22792
eldivenleri	699	22793
yaşamım	699	22794
üreten	699	22795
özgürsünüz	699	22796
geçmen	699	22797
onaylıyor	699	22798
geçirdikten	699	22799
damian	699	22800
üniversitedeyken	699	22801
adımları	699	22802
atılacak	699	22803
geçirebiliriz	699	22804
birincil	699	22805
mecazi	699	22806
dönmenin	699	22807
vakıf	699	22808
hekim	699	22809
colby	698	22810
salonun	698	22811
gebe	698	22812
anlamama	698	22813
aldatıcı	698	22814
patlamayı	698	22815
güçlüler	698	22816
hemencecik	698	22817
louisa	698	22818
koordinatlar	698	22819
okuması	698	22820
geçiriyordum	698	22821
gerekmezdi	698	22822
kalmışlar	698	22823
maddeleri	698	22824
yersen	698	22825
asabi	698	22826
heyecanlıydı	698	22827
kalanına	698	22828
anlayacağım	698	22829
boşversene	698	22830
gına	698	22831
au	698	22832
yerdedir	698	22833
keyfim	698	22834
verebileceğini	698	22835
dağıtmaya	698	22836
elverişli	698	22837
turbo	698	22838
yıkan	698	22839
döngüsü	698	22840
canları	697	22841
elçisi	697	22842
dükkandan	697	22843
tanımadığı	697	22844
edemeyeceği	697	22845
tutamadım	697	22846
dane	697	22847
bakmadın	697	22848
morg	697	22849
ayarlayabiliriz	697	22850
boğularak	697	22851
uçururum	697	22852
kurbanlarının	697	22853
dağıtma	697	22854
steroid	697	22855
kuzeyden	697	22856
adamısın	697	22857
kalpleri	697	22858
avını	697	22859
ameliyathanede	697	22860
vurursan	697	22861
yazıklar	697	22862
çeşidi	697	22863
sertçe	697	22864
kris	697	22865
hiccup	697	22866
yerlerinden	697	22867
devi	696	22868
beklediğimi	696	22869
sözcükler	696	22870
eskiye	696	22871
eldiveni	696	22872
televizyondan	696	22873
yoktum	696	22874
tweet	696	22875
dokunamaz	696	22876
futbolcu	696	22877
yarışmasını	696	22878
hoşmuş	696	22879
teorisini	696	22880
danışma	696	22881
ruhlarını	696	22882
üyelerini	696	22883
dağılıyor	696	22884
poe	696	22885
yapıcam	696	22886
dudakların	696	22887
nefreti	696	22888
umudun	696	22889
odak	695	22890
siviller	695	22891
sifonu	695	22892
tanıyorlar	695	22893
ölçü	695	22894
açgözlülük	695	22895
yarışmasında	695	22896
uçurtma	695	22897
başkomiserim	695	22898
ulaşıyor	695	22899
kayın	695	22900
katilsin	695	22901
torun	695	22902
elton	695	22903
pozisyona	695	22904
kesiliyor	695	22905
büyüttü	695	22906
vlad	695	22907
lü	695	22908
ameliyathane	695	22909
birbirinizin	695	22910
yosun	695	22911
çıldırtıyor	695	22912
yarardı	695	22913
henrik	695	22914
durumundayım	695	22915
tartışmanın	695	22916
şömine	695	22917
elimin	695	22918
yaşamının	695	22919
cesetle	694	22920
girişini	694	22921
kurduğunu	694	22922
tutkuyla	694	22923
biriyse	694	22924
olasılıkları	694	22925
hayaletin	694	22926
minibüse	694	22927
umursuyorum	694	22928
goodman	694	22929
face	694	22930
klan	694	22931
çıkışa	694	22932
tablosu	694	22933
zoru	694	22934
şişeleri	694	22935
büyümesini	694	22936
yanımdaki	694	22937
taviz	694	22938
cafe	694	22939
yitirdi	693	22940
jilet	693	22941
arkadaşımdır	693	22942
ayırdı	693	22943
yatmayı	693	22944
yatıya	693	22945
subaylar	693	22946
bağıran	693	22947
tabakları	693	22948
asgari	693	22949
mecbursun	693	22950
aj	693	22951
zannediyorum	693	22952
cutler	693	22953
tarzına	693	22954
anlatmamı	693	22955
kaymak	693	22956
varşova	693	22957
endişelisin	693	22958
araziye	693	22959
anlamanız	693	22960
elektrikler	693	22961
nem	693	22962
uğratmak	693	22963
toplamış	693	22964
osman	693	22965
rhodes	693	22966
hesaplar	693	22967
aşmış	692	22968
gunther	692	22969
planladım	692	22970
faturalar	692	22971
paradise	692	22972
bıraktığımız	692	22973
söyleyeceğiniz	692	22974
sabine	692	22975
güvenemem	692	22976
koyarsan	692	22977
alabileceğimi	692	22978
medeniyet	692	22979
garibaldi	692	22980
uyarayım	692	22981
cılız	692	22982
yumuşacık	692	22983
çıkmadın	692	22984
wars	692	22985
sabırsız	692	22986
şehvetli	692	22987
soygundan	692	22988
alçalt	692	22989
bildiriyorum	692	22990
hangisine	692	22991
kafiyeli	692	22992
yanlis	692	22993
cleo	691	22994
hyuk	691	22995
dosyasında	691	22996
patlattın	691	22997
fişekler	691	22998
misafirin	691	22999
ızdırap	691	23000
eşime	691	23001
harding	691	23002
bağırsaklarını	691	23003
chiana	691	23004
dondu	691	23005
resimlerin	691	23006
satılıyor	691	23007
seçip	691	23008
tozlu	691	23009
beklemeyi	691	23010
duffy	691	23011
geçirirsin	691	23012
rakibin	691	23013
çalışıyorsa	691	23014
salağım	691	23015
cüceler	691	23016
durdurur	691	23017
ikizleri	691	23018
bırakıyorlar	691	23019
ailelerini	691	23020
pompa	691	23021
avlamaya	691	23022
britta	691	23023
uğraşmaya	691	23024
altındasın	691	23025
sürüyü	690	23026
tong	690	23027
bırakabiliriz	690	23028
çağırmaya	690	23029
demenin	690	23030
dosyanın	690	23031
yaklaşıyorum	690	23032
hançeri	690	23033
kimlikleri	690	23034
eşitlik	690	23035
toplanan	690	23036
fiyasko	690	23037
sayıyor	690	23038
karışıklığı	690	23039
iplik	690	23040
sefalet	690	23041
motelde	690	23042
affeder	690	23043
girersen	690	23044
suçlamada	690	23045
emile	690	23046
fondip	690	23047
disari	690	23048
bıyıklı	690	23049
salonunu	690	23050
kaynaktan	690	23051
silahına	690	23052
törenini	690	23053
davranışların	690	23054
görevinin	690	23055
endüstrisi	689	23056
kalsan	689	23057
zencefilli	689	23058
çekimler	689	23059
kariyerinin	689	23060
dönersen	689	23061
call	689	23062
patlamak	689	23063
ölsem	689	23064
dairemde	689	23065
eğilimi	689	23066
türün	689	23067
yöntemler	689	23068
kontrolleri	689	23069
uyuşturucuyla	689	23070
alerji	689	23071
anlamanın	689	23072
kartel	689	23073
bağlıyor	689	23074
goo	689	23075
yerleştirin	689	23076
birlikteler	689	23077
parmaklarım	689	23078
öğün	689	23079
kaybolun	689	23080
iyisiydi	689	23081
şeridi	689	23082
eğitmen	689	23083
vazo	689	23084
adamlarıma	688	23085
çoraplar	688	23086
marguerite	688	23087
menajerim	688	23088
farkettin	688	23089
kalinda	688	23090
tacize	688	23091
zamanımda	688	23092
düdüğü	688	23093
yoruldu	688	23094
yolsuzluk	688	23095
miz	688	23096
gönülden	688	23097
yürüyoruz	688	23098
uyumadan	688	23099
eldivenler	688	23100
caddedeki	688	23101
konuşabilirsiniz	688	23102
donup	688	23103
destiny	688	23104
güveç	688	23105
nil	688	23106
formalite	688	23107
gücünden	688	23108
kibarsın	688	23109
karşılaştı	688	23110
şişenin	688	23111
uyumayı	688	23112
okuduk	688	23113
ice	688	23114
söndü	688	23115
müttefikler	687	23116
beklemez	687	23117
eko	687	23118
kabı	687	23119
metan	687	23120
cevaplamak	687	23121
boğazıma	687	23122
bekleyebilirsin	687	23123
saldıracağız	687	23124
bakıyordun	687	23125
arazinin	687	23126
terörizm	687	23127
topraklarına	687	23128
yeteneklerin	687	23129
bine	687	23130
uzmanları	687	23131
çekime	687	23132
temizleyelim	687	23133
seçtiğini	687	23134
buchanan	687	23135
koruyup	686	23136
iniyoruz	686	23137
paylaşmaya	686	23138
yaşayın	686	23139
conway	686	23140
etmemelisin	686	23141
seveceğini	686	23142
yapabilirsen	686	23143
ismiyle	686	23144
sorunlarla	686	23145
takılırız	686	23146
mahvoldum	686	23147
seksle	686	23148
almalarına	686	23149
kazananı	686	23150
ayarlamış	686	23151
başlıca	686	23152
garsonluk	686	23153
dükkanını	686	23154
toplantımız	686	23155
bakamam	686	23156
verseydin	686	23157
michele	686	23158
pasaportu	686	23159
yaşamına	686	23160
katılmam	686	23161
music	686	23162
partim	686	23163
kafatasının	686	23164
arlene	685	23165
birikmiş	685	23166
serumu	685	23167
birliktesiniz	685	23168
öfkesini	685	23169
bess	685	23170
ayırın	685	23171
kısımda	685	23172
çıkarıyoruz	685	23173
ebeveynlik	685	23174
tamına	685	23175
onunda	685	23176
nebraska	685	23177
cem	685	23178
değiştiremem	685	23179
cbi	685	23180
zekiyim	685	23181
kaşınıyor	685	23182
vahim	685	23183
bloke	685	23184
miyav	685	23185
yazısını	684	23186
sormamız	684	23187
kampüste	684	23188
bırakmamış	684	23189
donör	684	23190
sürdün	684	23191
tonluk	684	23192
mülkü	684	23193
kalibre	684	23194
korkun	684	23195
üyesinin	684	23196
muamma	684	23197
çıkarmanı	684	23198
sarmış	684	23199
kurbanla	684	23200
şakacı	684	23201
şebeke	684	23202
oran	684	23203
konuştuğunuzu	684	23204
anneanne	684	23205
hazırlayalım	684	23206
kullanmama	684	23207
fırt	684	23208
öğreneceksiniz	684	23209
durdurmamız	684	23210
rayna	684	23211
hazırlıklar	683	23212
çıkarırken	683	23213
vermeyiz	683	23214
kapılmış	683	23215
kabasın	683	23216
macaristan	683	23217
güvenemeyiz	683	23218
kırılır	683	23219
yaşıyorduk	683	23220
yatırın	683	23221
hapishanenin	683	23222
durduran	683	23223
tanrıdan	683	23224
araştırmasını	683	23225
bulmuyorum	683	23226
larsen	683	23227
pistte	683	23228
çalışmayın	683	23229
yüreğim	683	23230
antarktika	683	23231
toy	683	23232
uyanıyorum	683	23233
hatırlatmama	683	23234
bürosunda	683	23235
isı	683	23236
çanları	683	23237
ıstırap	683	23238
etmelerine	683	23239
buzdan	683	23240
skywalker	683	23241
yüzyüze	683	23242
dışımda	683	23243
sınavdan	683	23244
dracula	683	23245
memurun	682	23246
davamız	682	23247
kapıların	682	23248
umutsuzluk	682	23249
italyanlar	682	23250
saygısı	682	23251
gereklidir	682	23252
prime	682	23253
delaney	682	23254
rüyaların	682	23255
söyleyebilecek	682	23256
stil	682	23257
kadir	682	23258
uzaklardan	682	23259
nedime	682	23260
şoku	682	23261
okuyamıyorum	682	23262
ödeteceğim	682	23263
çizginin	682	23264
sook	682	23265
şirketlerin	682	23266
arabalarını	682	23267
dakikanı	682	23268
temizleyecek	681	23269
larson	681	23270
batırdın	681	23271
balonu	681	23272
tekini	681	23273
suyuna	681	23274
aslen	681	23275
üfle	681	23276
almalarını	681	23277
farrell	681	23278
çekmeni	681	23279
konulara	681	23280
biçilmiş	681	23281
kaydetmek	681	23282
hatırladı	681	23283
yaşamadım	681	23284
boğuluyor	681	23285
tarihsel	681	23286
getirirdi	681	23287
hissini	681	23288
konuşmanızı	681	23289
durumlara	681	23290
medikal	681	23291
ravi	681	23292
sevgiye	681	23293
alfie	681	23294
koli	681	23295
bilmene	681	23296
kurduğun	681	23297
parçala	680	23298
tutamazsın	680	23299
turistler	680	23300
malzemelerini	680	23301
hansen	680	23302
lazanya	680	23303
çözülmemiş	680	23304
çekmez	680	23305
kitaplardan	680	23306
kartpostal	680	23307
tutsun	680	23308
ilgilenmesi	680	23309
adasına	680	23310
inanman	680	23311
nefesin	680	23312
durumdayken	680	23313
dağıttı	680	23314
mevki	680	23315
bağlantın	680	23316
halatı	680	23317
dağıtacağım	679	23318
giydiğim	679	23319
başladığımızda	679	23320
izlerin	679	23321
ararlar	679	23322
sırayı	679	23323
fotoğrafların	679	23324
milly	679	23325
franny	679	23326
korkağın	679	23327
bağlantılar	679	23328
dövülmüş	679	23329
istemeyeceğim	679	23330
neville	679	23331
getirmelisin	679	23332
kurabiyeler	679	23333
cubur	679	23334
kaçması	679	23335
dönsek	679	23336
mcnamara	679	23337
binelim	679	23338
kuracak	679	23339
açıklayın	679	23340
edilip	679	23341
bardağın	679	23342
kapıma	679	23343
konuştuğunda	678	23344
yöntemini	678	23345
dönümü	678	23346
sözünden	678	23347
çarpar	678	23348
poponu	678	23349
çaldığım	678	23350
poppy	678	23351
hakkımdaki	678	23352
çar	678	23353
arabasından	678	23354
beklesene	678	23355
geçerlidir	678	23356
korkaksın	678	23357
şerefi	678	23358
whitey	678	23359
ayıracağım	678	23360
çük	678	23361
verilmesini	678	23362
lucius	678	23363
garfield	678	23364
haberlerini	678	23365
şüpheye	678	23366
revir	678	23367
bohannon	678	23368
fırsatları	678	23369
kaderine	678	23370
soyadın	678	23371
kopuyor	678	23372
çekingen	677	23373
tarlada	677	23374
bulaşan	677	23375
yapmaman	677	23376
açacaksın	677	23377
yaşayabiliriz	677	23378
ez	677	23379
kaltağın	677	23380
kandırıyorsun	677	23381
hakan	677	23382
vampirlerin	677	23383
çizme	677	23384
aklımıza	677	23385
benzemiyordu	677	23386
inanmıyorsan	677	23387
aracının	677	23388
gitarı	677	23389
yavaştan	677	23390
dişlerin	677	23391
ıslah	677	23392
buza	677	23393
pelerin	677	23394
yarışın	677	23395
sutyen	677	23396
komando	677	23397
felaketi	677	23398
akrabaları	677	23399
etmezsek	677	23400
maxine	677	23401
hademe	677	23402
uçurdu	677	23403
tropik	677	23404
önsezi	676	23405
kustu	676	23406
üyelerinden	676	23407
yaraması	676	23408
solu	676	23409
çağıran	676	23410
güvendiği	676	23411
anlamamıştım	676	23412
davranman	676	23413
direksiyona	676	23414
demeni	676	23415
muhteşemsin	676	23416
gemim	676	23417
duruyordun	676	23418
çıkamayız	676	23419
tünelin	676	23420
dizide	676	23421
shot	676	23422
sapkın	676	23423
sands	676	23424
başkanımız	676	23425
indirimi	676	23426
duramaz	676	23427
altyazılar	676	23428
flanders	676	23429
değiştirmiyor	676	23430
uyduruk	676	23431
tasma	676	23432
diyorsanız	675	23433
göğe	675	23434
cain	675	23435
silahıyla	675	23436
bambi	675	23437
evlerin	675	23438
yuttun	675	23439
alacakaranlık	675	23440
kuaför	675	23441
harcıyorum	675	23442
kullanmalıyız	675	23443
kilometrelik	675	23444
cenazesinde	675	23445
yemeyeceğim	675	23446
açılma	675	23447
kapıp	675	23448
susar	675	23449
yuvaya	675	23450
sürüyordu	675	23451
oturum	675	23452
balinalar	675	23453
boşum	675	23454
kaybolduğunda	675	23455
kılı	675	23456
kursu	674	23457
seçecek	674	23458
çanı	674	23459
heyecandan	674	23460
güçlere	674	23461
odaklanın	674	23462
çaya	674	23463
ödemeleri	674	23464
bineceğim	674	23465
etkilemiş	674	23466
bakıldığında	674	23467
karda	674	23468
perdeler	674	23469
asiler	674	23470
page	674	23471
forrest	674	23472
bilmenin	674	23473
uyacak	674	23474
alınmayın	674	23475
whitman	673	23476
duruş	673	23477
dükkanından	673	23478
kemerlerinizi	673	23479
ulaşana	673	23480
şoke	673	23481
monique	673	23482
sızıntısı	673	23483
doktorluk	673	23484
temple	673	23485
planımı	673	23486
oteldeki	673	23487
karşılaştın	673	23488
işlendi	673	23489
olduğuydu	673	23490
titriyorsun	673	23491
kerede	673	23492
radyosu	673	23493
operasyonlar	673	23494
değişmişsin	673	23495
kurudu	673	23496
hwa	673	23497
yolcuların	673	23498
quantico	673	23499
götürmüştü	673	23500
lt	672	23501
fansub	672	23502
izlenimi	672	23503
bulabileceğimizi	672	23504
kampın	672	23505
arasını	672	23506
endişelenmiştim	672	23507
mezunlar	672	23508
doktoruna	672	23509
yerlerinizi	672	23510
boynuma	672	23511
daktilo	672	23512
pol	672	23513
dize	672	23514
hissettirecek	672	23515
canlarım	672	23516
anıların	672	23517
gelenlere	671	23518
toplayacağım	671	23519
geçemezsin	671	23520
üretiyor	671	23521
ölüyorsun	671	23522
kahvaltıyı	671	23523
kaldırıyor	671	23524
tavsiyemi	671	23525
kaçarak	671	23526
ofisinin	671	23527
hisseden	671	23528
etmediğim	671	23529
beklemeni	671	23530
cesedimi	671	23531
takımından	671	23532
uyduruyorsun	671	23533
kediye	671	23534
duyulur	671	23535
milk	671	23536
varsayarsak	671	23537
evdesin	671	23538
sinirimi	671	23539
odaklanmak	671	23540
çantasına	671	23541
sağlığını	671	23542
tünele	671	23543
gerçekliği	671	23544
istediğinin	671	23545
tanışıp	671	23546
otobüsten	671	23547
ikizi	671	23548
sessizsin	671	23549
geçirmeliyiz	671	23550
storm	671	23551
bulamazlar	671	23552
kalpler	671	23553
kereste	671	23554
ailenizi	671	23555
ulaşmadan	670	23556
karınızı	670	23557
umarız	670	23558
kavuşturmak	670	23559
girmekten	670	23560
ımı	670	23561
kaçakçılık	670	23562
edilemeyecek	670	23563
kışı	670	23564
tutukla	670	23565
sına	670	23566
buluşuyoruz	670	23567
halının	670	23568
yazman	670	23569
kafasındaki	670	23570
demekten	670	23571
filmine	670	23572
maço	670	23573
gayrimenkul	670	23574
çizgisine	670	23575
cebime	670	23576
korunmaya	669	23577
atmıştı	669	23578
arızalı	669	23579
karıştır	669	23580
makbule	669	23581
yöntemle	669	23582
işlemini	669	23583
zorlayan	669	23584
meseleler	669	23585
kişiliğini	669	23586
komutanlığı	669	23587
partime	669	23588
uyuduğunu	669	23589
gelmediniz	669	23590
yaşayacağını	669	23591
püf	669	23592
paneli	669	23593
hatamız	669	23594
günahları	669	23595
caldwell	669	23596
mutluluktan	669	23597
dedikoduları	669	23598
swanson	669	23599
hayranınızım	668	23600
elbisesini	668	23601
şaman	668	23602
sitesine	668	23603
milano	668	23604
veriş	668	23605
connell	668	23606
bozar	668	23607
kılmak	668	23608
arabanda	668	23609
ağabeyimin	668	23610
magic	668	23611
gidemedim	668	23612
seçimim	668	23613
şato	668	23614
girls	668	23615
donner	668	23616
soon	668	23617
yakalayan	668	23618
inanmıştım	668	23619
damadın	668	23620
kurtarmam	668	23621
başlaman	668	23622
soracağız	668	23623
macunu	668	23624
bağlanmak	668	23625
koymalıyız	668	23626
götürüldü	668	23627
sağlıyorum	668	23628
alüminyum	667	23629
ilgiyi	667	23630
sebebiyet	667	23631
aramana	667	23632
uzaklaşmış	667	23633
paylaşmayı	667	23634
duane	667	23635
belgesini	667	23636
kollarıma	667	23637
zorlukla	667	23638
göçmenlik	667	23639
bulduklarında	667	23640
edeceğime	667	23641
gölgesinde	667	23642
çakma	667	23643
düşüneceksin	667	23644
tad	667	23645
götürmesini	667	23646
manzaralı	667	23647
bırakabilirsiniz	667	23648
şüpheleri	667	23649
tayvan	667	23650
ring	667	23651
evlenelim	667	23652
paketleri	667	23653
yaklaşmış	667	23654
yatmam	667	23655
çöker	667	23656
aşkta	667	23657
dikey	666	23658
sebebimiz	666	23659
zhaan	666	23660
personelin	666	23661
fikirlere	666	23662
hissetmiş	666	23663
captain	666	23664
harcıyorsunuz	666	23665
yazacaksın	666	23666
yolculukta	666	23667
macar	666	23668
kuzenimin	666	23669
öldüresiye	666	23670
yapmayayım	666	23671
uçlu	666	23672
katılmıyor	666	23673
desteğine	666	23674
bilemeyeceğim	666	23675
öğrenmez	666	23676
dönüştürdü	666	23677
gördüklerinde	666	23678
yılından	665	23679
kaşığı	665	23680
duyun	665	23681
kappa	665	23682
başvurusu	665	23683
galler	665	23684
vereceğine	665	23685
yahudileri	665	23686
zırhı	665	23687
gelmekten	665	23688
doğrulamak	665	23689
gecem	665	23690
duyarsın	665	23691
hayırsever	665	23692
hatırlatır	665	23693
koyuyoruz	665	23694
antlaşma	665	23695
serveti	665	23696
nesini	665	23697
solak	665	23698
çözüme	665	23699
fields	665	23700
heriften	665	23701
araştırmamı	664	23702
yapılmamış	664	23703
boys	664	23704
gustav	664	23705
hai	664	23706
havalar	664	23707
express	664	23708
şapkam	664	23709
gelmemiz	664	23710
oluruna	664	23711
kaçırmayın	664	23712
partin	664	23713
shaun	664	23714
meade	664	23715
nesneler	664	23716
pasaklı	664	23717
hwan	664	23718
mossad	664	23719
ofisimden	664	23720
oradayız	664	23721
uydur	664	23722
eşleri	664	23723
parmakların	664	23724
olmamdan	664	23725
getirmeyecek	663	23726
unutuyor	663	23727
meydanında	663	23728
hitchcock	663	23729
prototip	663	23730
sonlarında	663	23731
benmişim	663	23732
şampiyonluğu	663	23733
öldürebilecek	663	23734
kağıtlarını	663	23735
askerlerini	663	23736
yoldaki	663	23737
yanıldığımı	663	23738
teke	663	23739
ağrıları	663	23740
yapabildiğin	663	23741
şampuan	663	23742
beaumont	663	23743
mumu	663	23744
angelica	663	23745
derslerini	663	23746
güvenliğinden	663	23747
evrene	663	23748
atlattım	663	23749
davranmıyor	663	23750
iti	663	23751
çıkarmama	662	23752
törene	662	23753
kardeşimden	662	23754
ödülün	662	23755
yakalım	662	23756
aktive	662	23757
kodese	662	23758
kurumsal	662	23759
scofield	662	23760
kafein	662	23761
söylemiştik	662	23762
gönderecekler	662	23763
weiss	662	23764
planlıyorlar	662	23765
doğmuştu	662	23766
sıkıyorsun	662	23767
kelsey	662	23768
russo	662	23769
uğraşacak	662	23770
almamızı	662	23771
havyar	662	23772
inç	662	23773
yolunuz	662	23774
derrick	662	23775
sevmeyen	662	23776
tarifini	661	23777
fırtınadan	661	23778
kulüpten	661	23779
borçları	661	23780
sanatçısı	661	23781
bendeydi	661	23782
paramın	661	23783
roscoe	661	23784
çözmemiz	661	23785
canımızı	661	23786
davasıyla	661	23787
öfkeden	661	23788
bilgimiz	661	23789
hastalığına	661	23790
tartışıyoruz	661	23791
hatlar	661	23792
asıi	661	23793
tamamladım	661	23794
durmadı	661	23795
vakum	661	23796
seviştik	661	23797
kalıntılar	661	23798
ediyorsanız	661	23799
müdürüyüm	661	23800
edemediğim	661	23801
açıldığında	661	23802
dina	661	23803
çalarak	661	23804
çaldık	661	23805
tecrübem	661	23806
girişinde	661	23807
hubert	661	23808
çukurda	661	23809
gelmediği	660	23810
enerjinin	660	23811
veli	660	23812
cahill	660	23813
oğlumsun	660	23814
bacağından	660	23815
sektöründe	660	23816
karşılaşmadım	660	23817
malını	660	23818
toplayan	660	23819
dairem	660	23820
havasını	660	23821
şehire	660	23822
çoğunuz	660	23823
katille	660	23824
church	660	23825
götürsün	660	23826
dalgaların	660	23827
tanışacağım	660	23828
vikram	660	23829
olmazlar	660	23830
bağlıyız	660	23831
fikrinden	660	23832
ladin	660	23833
uğraştı	660	23834
randevuyu	660	23835
kalanların	660	23836
yorgunluktan	660	23837
çavuşu	659	23838
aralarından	659	23839
odalarına	659	23840
think	659	23841
çığlıkları	659	23842
düşünsen	659	23843
kitaplara	659	23844
oralara	659	23845
çalalım	659	23846
söylemeyeceğine	659	23847
piyon	659	23848
telsizle	659	23849
uğraşıyordum	659	23850
yerimize	659	23851
korumalı	659	23852
yürüyeceğiz	659	23853
uyusun	659	23854
dövüşmeye	659	23855
kaşar	659	23856
varlığının	658	23857
boynum	658	23858
nbc	658	23859
kıpır	658	23860
united	658	23861
samanyolu	658	23862
girebilirsiniz	658	23863
konuşursak	658	23864
vermemeliydim	658	23865
trol	658	23866
çıkmaktan	658	23867
cazibe	658	23868
flüt	658	23869
yürüyordum	658	23870
davrandığımı	658	23871
harfiyen	658	23872
yapmayacağımı	658	23873
aw	658	23874
arkadaşlığı	658	23875
yaşamanı	658	23876
esiri	658	23877
yatırımcı	658	23878
acile	658	23879
delicesine	658	23880
tutarsan	658	23881
mahkumları	658	23882
babamdı	658	23883
spot	658	23884
yiyeceğimiz	658	23885
hormon	658	23886
channing	657	23887
kaplumbağalar	657	23888
cornell	657	23889
rohan	657	23890
utan	657	23891
hatıraları	657	23892
biriydin	657	23893
hayatla	657	23894
alabilirler	657	23895
gönlünü	657	23896
bulaştın	657	23897
annenize	657	23898
atabilirim	657	23899
durduğun	657	23900
düne	657	23901
ımız	657	23902
makaleyi	657	23903
doğduktan	657	23904
yaşamıyorum	657	23905
galaksiler	657	23906
doldurur	657	23907
kurbanımızın	657	23908
kontu	657	23909
fei	657	23910
kanatlar	657	23911
ayarlar	657	23912
acıtıyorsun	657	23913
verilmiyor	657	23914
dalar	657	23915
kaldığınız	656	23916
besleyen	656	23917
suyum	656	23918
tavuklu	656	23919
mariana	656	23920
sırp	656	23921
aptala	656	23922
bekleyerek	656	23923
şarjı	656	23924
ortaklığı	656	23925
anlaşılması	656	23926
demişlerdi	656	23927
ışıklarını	656	23928
çevirmiş	656	23929
yaslanıp	656	23930
ciğer	656	23931
küvete	656	23932
açığım	656	23933
yeteneğimi	656	23934
rüzgara	656	23935
rahatınıza	656	23936
çaldınız	656	23937
dolaplar	656	23938
yemiyorum	656	23939
beklemezdim	656	23940
ilerisinde	656	23941
çıkmaza	656	23942
geçecektir	656	23943
ananas	655	23944
atmadım	655	23945
bekleyebiliriz	655	23946
donuk	655	23947
beklemiş	655	23948
alamet	655	23949
fabrikayı	655	23950
getirmedi	655	23951
dökme	655	23952
doğduğun	655	23953
çıksak	655	23954
ediciydi	655	23955
belden	655	23956
kazansın	655	23957
durdurdum	655	23958
kameraların	655	23959
karavanda	655	23960
katmak	655	23961
bölgeler	655	23962
deneyip	655	23963
gitmeyeceğiz	655	23964
enerjiye	655	23965
mert	655	23966
telleri	655	23967
görürlerse	655	23968
bulamayacak	655	23969
ilgisiz	655	23970
vee	654	23971
yüreği	654	23972
kalmışım	654	23973
müşteriye	654	23974
crockett	654	23975
birbirinizden	654	23976
yönlendirdi	654	23977
kurtulmam	654	23978
dirsek	654	23979
parçalandı	654	23980
şeklindeki	654	23981
duyman	654	23982
öldürmüştü	654	23983
görmediğin	654	23984
sine	654	23985
direktör	654	23986
mıknatıs	654	23987
sevdiğinizi	654	23988
tartışmalı	654	23989
masasından	654	23990
kalkışma	654	23991
okuyarak	654	23992
kibir	654	23993
götürürdü	654	23994
yesin	653	23995
raoul	653	23996
okuman	653	23997
suzy	653	23998
yarışmada	653	23999
geçmişinde	653	24000
servete	653	24001
adaylar	653	24002
soracaksın	653	24003
gelemedim	653	24004
dudaklar	653	24005
kapama	653	24006
siyanür	653	24007
hür	653	24008
hatırlaman	653	24009
sözcüsü	653	24010
başkasından	653	24011
bowl	653	24012
sümüklü	653	24013
nano	653	24014
alti	653	24015
gözümüz	653	24016
büyükannesi	653	24017
vardınız	653	24018
kaldırıma	653	24019
waters	653	24020
çözdük	653	24021
makası	653	24022
drakula	653	24023
tatlim	653	24024
kucağında	653	24025
oynardık	653	24026
yörünge	653	24027
conner	653	24028
biçilemez	653	24029
köydeki	653	24030
gülün	652	24031
lupin	652	24032
pascal	652	24033
yaklaştıkça	652	24034
yenisin	652	24035
kursuna	652	24036
görünüşünü	652	24037
hanıma	652	24038
iv	652	24039
takıyordu	652	24040
bini	652	24041
yamuk	652	24042
mumya	652	24043
dışardan	652	24044
etmediğin	652	24045
çizgisinde	652	24046
yönlendirme	652	24047
duruşu	652	24048
mideye	652	24049
izleyebilir	652	24050
öldürmediğini	652	24051
içindedir	652	24052
beklemelisin	652	24053
blog	652	24054
sünnet	652	24055
lekeleri	652	24056
varmaz	652	24057
sesiyle	651	24058
yükseltmek	651	24059
utanmıyor	651	24060
gizliliği	651	24061
inme	651	24062
yurtdışında	651	24063
allak	651	24064
brock	651	24065
kalsiyum	651	24066
sisteminden	651	24067
etten	651	24068
sondaj	651	24069
öğrendikten	651	24070
cezaevinde	651	24071
beklememi	651	24072
kuyuya	651	24073
protestan	651	24074
rüyaları	651	24075
uyuyalım	651	24076
bıraktığında	651	24077
tamamladı	651	24078
şurda	651	24079
yaşananları	651	24080
darbesi	651	24081
boyama	650	24082
belirler	650	24083
şampiyonası	650	24084
arkamızdan	650	24085
sorabilirim	650	24086
füzyon	650	24087
aslanı	650	24088
cullen	650	24089
jameson	650	24090
sorunlara	650	24091
yaşadınız	650	24092
saymaya	650	24093
delia	650	24094
yoldur	650	24095
wilder	650	24096
frene	650	24097
elleriniz	650	24098
uğrayayım	650	24099
okunuyor	650	24100
batılı	650	24101
çatlaklar	650	24102
hazırlayıp	650	24103
yoksulluk	650	24104
ölmediğini	650	24105
elbiseyle	650	24106
bakarlar	650	24107
samir	650	24108
hücresinde	650	24109
zahmetli	650	24110
olabilseydim	650	24111
direği	650	24112
büroya	650	24113
çıkarırsan	649	24114
dikkatim	649	24115
durduramıyorum	649	24116
çözemedim	649	24117
çita	649	24118
tarafındasın	649	24119
zebra	649	24120
başkente	649	24121
görevimizi	649	24122
saçmalığını	649	24123
çağın	649	24124
hastalığını	649	24125
genci	649	24126
çalıştığında	649	24127
staj	649	24128
ödeyeceksiniz	649	24129
edilme	649	24130
apartmanda	649	24131
vasiyeti	649	24132
hükmü	649	24133
uyandıran	649	24134
anlayacağınız	649	24135
hayranın	649	24136
thelma	649	24137
etmesinin	649	24138
bıçakladı	649	24139
yıkarım	649	24140
incitme	649	24141
dinamik	649	24142
kahramanları	649	24143
geçmişimi	648	24144
bilmiyorlardı	648	24145
öldürmüşler	648	24146
ingilizlerin	648	24147
iyisisin	648	24148
sabrım	648	24149
bağlamış	648	24150
deniyoruz	648	24151
katılması	648	24152
ödemeden	648	24153
döktü	648	24154
şurubu	648	24155
üzülmeyin	648	24156
maliye	648	24157
alejandro	648	24158
pişirme	648	24159
arazisi	648	24160
kemiklerin	648	24161
ruhsatı	648	24162
yığınla	648	24163
istirahat	648	24164
heller	648	24165
anlamıyorlar	648	24166
uykucu	648	24167
çalı	648	24168
içinmiş	648	24169
çıktığımız	648	24170
şansıma	648	24171
beyinleri	648	24172
oğlumdan	648	24173
shan	647	24174
leeds	647	24175
dolarına	647	24176
hakediyor	647	24177
titreşim	647	24178
ailelerinin	647	24179
dostlarını	647	24180
enrique	647	24181
çalacağız	647	24182
yaptıklarınız	647	24183
binmeye	647	24184
kalmayıp	647	24185
anım	647	24186
üzülüyor	647	24187
warwick	647	24188
paslı	647	24189
darlene	647	24190
güçlerimi	647	24191
buyuk	647	24192
koşma	647	24193
çürümeye	647	24194
azrail	647	24195
hiçbirimizin	647	24196
harfler	647	24197
sorularınızı	647	24198
içmiyor	647	24199
gemimiz	647	24200
kastın	647	24201
aşıp	647	24202
otlar	647	24203
içkini	647	24204
çektiğimi	646	24205
gazlı	646	24206
yardımcımız	646	24207
cihazın	646	24208
garantiye	646	24209
annemler	646	24210
kabilesi	646	24211
poposu	646	24212
hainler	646	24213
boşandım	646	24214
ameliyatın	646	24215
aradığına	646	24216
sallama	646	24217
teyzenin	646	24218
vücuduma	646	24219
basil	646	24220
uyuyun	646	24221
sayfaya	646	24222
savaştayız	646	24223
içmez	646	24224
uyuyorlar	646	24225
safra	646	24226
edemiyoruz	646	24227
inanırlar	646	24228
ilerlemek	646	24229
hamileyken	646	24230
haklarımı	646	24231
hallediyor	646	24232
buzul	646	24233
açmadın	646	24234
sormamın	646	24235
taraftayız	646	24236
açarız	646	24237
gülümsedi	646	24238
güçlerine	646	24239
kaygı	645	24240
oakland	645	24241
silahının	645	24242
davan	645	24243
kuruyorsun	645	24244
söylemekle	645	24245
baskıya	645	24246
meşguldün	645	24247
gözümden	645	24248
departman	645	24249
piste	645	24250
korkmaz	645	24251
arkanıza	645	24252
keseyim	645	24253
torunun	645	24254
yoldalar	645	24255
numaraydı	645	24256
hızında	645	24257
girmişler	645	24258
büyüdükçe	645	24259
navid	645	24260
penceresi	645	24261
michaels	645	24262
boşlukta	645	24263
tanışıyoruz	645	24264
kazma	645	24265
karantinaya	644	24266
dileği	644	24267
myka	644	24268
bilime	644	24269
saklamayı	644	24270
sven	644	24271
remy	644	24272
çalışırsak	644	24273
gogh	644	24274
verse	644	24275
köpeğinin	644	24276
azını	644	24277
kalmazsın	644	24278
balıkların	644	24279
katılmasını	644	24280
clary	644	24281
postayla	644	24282
nikolai	644	24283
ormanları	644	24284
seçerim	644	24285
potasyum	644	24286
ulaşmanın	644	24287
filler	644	24288
endişelenmenize	644	24289
canlandırmak	644	24290
tum	644	24291
ediyordunuz	644	24292
halkımız	644	24293
sokabilir	644	24294
ramak	644	24295
nerdeydin	644	24296
stars	644	24297
hardison	644	24298
isteyemem	644	24299
görüşüyoruz	644	24300
yetişmek	644	24301
emindi	644	24302
empati	643	24303
bulunmakta	643	24304
rani	643	24305
aşısı	643	24306
güçtür	643	24307
yetişmem	643	24308
pislikten	643	24309
ikiyüzlü	643	24310
versiyonunu	643	24311
godfrey	643	24312
mackey	643	24313
matkap	643	24314
kariyerine	643	24315
hükümdar	643	24316
bilmeleri	643	24317
mezardan	643	24318
bitkileri	643	24319
end	643	24320
azat	643	24321
sedye	643	24322
parçasının	643	24323
sıyırmış	643	24324
tekneden	643	24325
lezzetliydi	643	24326
geçiririm	643	24327
kurar	643	24328
çıkarları	642	24329
sırtımdan	642	24330
kamuflaj	642	24331
saldırganın	642	24332
uzatmak	642	24333
lafım	642	24334
yağmurdan	642	24335
düşünüyorlardı	642	24336
zekidir	642	24337
romano	642	24338
muaf	642	24339
ölmüşler	642	24340
içtiği	642	24341
abbey	642	24342
eğitmek	642	24343
sözüme	642	24344
kurabiyeleri	642	24345
mobil	642	24346
izliyorsunuz	642	24347
getirmişler	642	24348
ku	642	24349
tercihim	642	24350
isteyelim	642	24351
söylemişler	642	24352
ünitesi	642	24353
bakmadı	642	24354
iyiden	642	24355
alınmıştır	641	24356
düğmesine	641	24357
kakao	641	24358
mahvedeceğim	641	24359
duymadığım	641	24360
oğullarım	641	24361
uygula	641	24362
ayrılmalıyız	641	24363
vurduğum	641	24364
anahtarım	641	24365
vergiler	641	24366
çıkartalım	641	24367
onunkini	641	24368
belirledik	641	24369
nitelikli	641	24370
demokrat	641	24371
oluyordur	641	24372
birbirleri	641	24373
konut	641	24374
moira	641	24375
aramızı	641	24376
ayarlamaları	641	24377
dinozorlar	641	24378
dostumu	641	24379
duygusunu	641	24380
düşünmemi	641	24381
tepedeki	641	24382
uyuyakalmışım	641	24383
jillian	641	24384
benin	641	24385
killua	641	24386
uyuyabilirsin	640	24387
taşaklı	640	24388
kopar	640	24389
seninkinin	640	24390
tarihine	640	24391
siktirip	640	24392
duymanı	640	24393
aklındaki	640	24394
görmüştün	640	24395
ultrason	640	24396
kolundan	640	24397
tasarlandı	640	24398
kesikler	640	24399
tanaka	640	24400
selfridge	640	24401
sızmış	640	24402
arjun	640	24403
görünme	640	24404
geçimini	640	24405
ninem	640	24406
nalları	640	24407
oskar	640	24408
yaraya	640	24409
alabileceği	640	24410
ab	640	24411
prensesin	640	24412
konuşuyordunuz	640	24413
chevy	640	24414
penceresinden	639	24415
sınız	639	24416
çığlığı	639	24417
tahlili	639	24418
üzeredir	639	24419
kullandığınız	639	24420
mesajlarını	639	24421
emme	639	24422
cruise	639	24423
noktalarını	639	24424
çarpı	639	24425
benimkileri	639	24426
sap	639	24427
almayacaksın	639	24428
going	639	24429
bitirdiniz	639	24430
jeneratörü	639	24431
naylon	639	24432
kahveni	639	24433
sınavın	639	24434
lamar	639	24435
dibini	639	24436
görmüyoruz	639	24437
unutursun	639	24438
elemanın	639	24439
şapkasını	639	24440
değiştirmesi	639	24441
salsa	639	24442
bagajında	639	24443
öğretebilirim	639	24444
çetesinin	639	24445
ahn	639	24446
korkuya	639	24447
oluştuğunu	638	24448
yatağım	638	24449
hatırlarsınız	638	24450
ayırana	638	24451
vista	638	24452
yenilgiyi	638	24453
ırkının	638	24454
sözcüğü	638	24455
wen	638	24456
dinleyerek	638	24457
evleneceğini	638	24458
hücresine	638	24459
petey	638	24460
genelinde	638	24461
yeğenin	638	24462
serseriyi	638	24463
koşuya	638	24464
uy	638	24465
rengin	638	24466
ödenecek	638	24467
dağıtırım	637	24468
videoları	637	24469
sikimi	637	24470
tipleri	637	24471
fntimes	637	24472
head	637	24473
nazaran	637	24474
koma	637	24475
kıyısına	637	24476
yaymak	637	24477
saki	637	24478
hastalığının	637	24479
düşeceğim	637	24480
kuzgun	637	24481
gücünle	637	24482
tutum	637	24483
over	637	24484
açacağını	637	24485
afet	637	24486
vatandaşları	637	24487
püresi	637	24488
alınmasını	637	24489
atlet	637	24490
bildiğimden	637	24491
notunu	637	24492
wyoming	637	24493
kalacağına	637	24494
geronimo	637	24495
kabir	637	24496
yetiştirme	637	24497
danım	637	24498
ambrose	637	24499
village	637	24500
grubundan	637	24501
teorin	637	24502
sınavda	636	24503
kralların	636	24504
koridordan	636	24505
komadan	636	24506
novak	636	24507
sanatın	636	24508
woman	636	24509
hurley	636	24510
karışıktı	636	24511
çizgileri	636	24512
yakınımda	636	24513
sonraydı	636	24514
inanmazsın	636	24515
ayşe	636	24516
bubi	636	24517
hafızamı	636	24518
kavgadan	636	24519
supergirl	636	24520
cevapsız	636	24521
kermit	636	24522
yönüne	636	24523
okuduğun	636	24524
kutlaması	636	24525
kırıyor	636	24526
çimento	636	24527
anlamalıydım	636	24528
uğramıştım	636	24529
canımın	636	24530
başlıyordu	636	24531
eminmisin	636	24532
mckinley	635	24533
borular	635	24534
geçebilirsin	635	24535
çakıl	635	24536
kalana	635	24537
ateşim	635	24538
yaklaşırken	635	24539
scottie	635	24540
sineği	635	24541
yattığım	635	24542
davenport	635	24543
marla	635	24544
şövalyeler	635	24545
bukadar	635	24546
tavrı	635	24547
dolabını	635	24548
unuttuğu	635	24549
inançları	635	24550
aktı	635	24551
olmamasından	635	24552
plakayı	635	24553
bakacağını	635	24554
rama	635	24555
pinky	635	24556
çıkmalı	635	24557
burayla	634	24558
barlow	634	24559
kısmından	634	24560
fiyatlar	634	24561
etmişsindir	634	24562
doktordan	634	24563
çalsın	634	24564
emirlerime	634	24565
riskine	634	24566
bisikletini	634	24567
dairesinden	634	24568
sake	634	24569
açıkcası	634	24570
davasının	634	24571
our	634	24572
başlarken	634	24573
kilitleri	634	24574
cömertçe	634	24575
dille	634	24576
tedavisini	634	24577
seçmeye	634	24578
mavisi	634	24579
binden	634	24580
ölebilirsin	634	24581
ablamın	634	24582
biliyorsanız	634	24583
maddox	634	24584
demeyecek	634	24585
zoom	634	24586
yurtdışına	634	24587
ödüyoruz	633	24588
yürütüyor	633	24589
kızmadım	633	24590
paspas	633	24591
tropikal	633	24592
bahsederdi	633	24593
wilcox	633	24594
tandy	633	24595
bahaneler	633	24596
şeyiyle	633	24597
insanlığa	633	24598
felakete	633	24599
kuzusu	633	24600
fırtınada	633	24601
polisinin	633	24602
beraberdim	633	24603
tabutu	633	24604
metroya	633	24605
hilary	633	24606
wan	633	24607
ceplerini	633	24608
kaybolacak	633	24609
günümüzün	633	24610
yüzeyinde	633	24611
çıktığından	633	24612
binlercesi	633	24613
reeves	633	24614
iskender	633	24615
aşkının	633	24616
telsizden	633	24617
havayolu	632	24618
alamıyoruz	632	24619
profesörün	632	24620
hastalığım	632	24621
ifadeleri	632	24622
eğlenmeyi	632	24623
arabalardan	632	24624
yerdesin	632	24625
bitirdiğinde	632	24626
çektiniz	632	24627
yaramayacağını	632	24628
edemediği	632	24629
çözdü	632	24630
duyuyorlar	632	24631
toto	632	24632
koşa	632	24633
öç	632	24634
giyerim	632	24635
gücünüz	632	24636
şokta	632	24637
söylendiği	632	24638
dışarıdayım	632	24639
finale	632	24640
singer	631	24641
giremeyiz	631	24642
onurlandırmak	631	24643
çağırabilir	631	24644
şarabın	631	24645
kafalar	631	24646
kuzeybatı	631	24647
dinlemem	631	24648
kazanmıştı	631	24649
kathleen	631	24650
yaramazsın	631	24651
deneyimin	631	24652
duydukları	631	24653
dalmak	631	24654
milhouse	631	24655
günlerdi	631	24656
öldüğümde	631	24657
rüyasında	631	24658
flack	631	24659
yeleği	631	24660
tombala	631	24661
büyükbabanın	631	24662
dururum	631	24663
kafalarına	630	24664
kahvaltıdan	630	24665
yiyordu	630	24666
şiirsel	630	24667
sıkıştık	630	24668
planlarımız	630	24669
edemedik	630	24670
bombacı	630	24671
şan	630	24672
içeriği	630	24673
beğeniyor	630	24674
emriniz	630	24675
öpebilirsin	630	24676
sattık	630	24677
müşteriyi	630	24678
dolaylı	630	24679
geçirmişti	630	24680
ayrılmamız	630	24681
üniversitedeki	630	24682
atmasını	630	24683
göğsü	630	24684
özünü	630	24685
geçiriyordu	630	24686
çekiyordum	630	24687
uçağına	630	24688
azize	630	24689
eczane	630	24690
mühürlü	630	24691
gelirlerse	630	24692
ilişkini	630	24693
reklamını	630	24694
kullanamaz	630	24695
edemezdi	630	24696
cookie	630	24697
çadırda	630	24698
mutluluğunu	630	24699
doğumlu	630	24700
görünüyoruz	630	24701
bileli	630	24702
yuvasına	630	24703
çalması	630	24704
saklanıp	630	24705
susturmak	630	24706
emniyette	629	24707
saol	629	24708
bentley	629	24709
trek	629	24710
yaylan	629	24711
çıkararak	629	24712
varsınız	629	24713
karşılaşmıştık	629	24714
yeminle	629	24715
farkli	629	24716
kanuni	629	24717
uyuşuk	629	24718
mesaja	629	24719
yitirmiş	629	24720
kafamdaki	629	24721
nail	629	24722
durdurup	629	24723
depresyonda	629	24724
watts	629	24725
kerecik	629	24726
bedeninin	629	24727
yanındayız	629	24728
dinleyeceksin	629	24729
yapasın	629	24730
sızlanmayı	628	24731
dengede	628	24732
kolaymış	628	24733
bizimkilerden	628	24734
manastıra	628	24735
mühimmat	628	24736
herkez	628	24737
köşeden	628	24738
serge	628	24739
kastettiğini	628	24740
abdul	628	24741
fahişeyi	628	24742
houdini	628	24743
yıkıp	628	24744
yukarısı	628	24745
buluyorsunuz	628	24746
yollarımız	628	24747
belgelerin	628	24748
orion	628	24749
çerez	628	24750
jeanie	628	24751
buradadır	628	24752
katılma	628	24753
misli	628	24754
dusty	628	24755
çocuklarımıza	628	24756
giymeye	628	24757
fırtınalar	628	24758
devlin	628	24759
dudley	628	24760
gitmişsin	627	24761
adımlarını	627	24762
sayılmazdı	627	24763
kraang	627	24764
düşünüyormuş	627	24765
uyumana	627	24766
aşaması	627	24767
horn	627	24768
hiçbirinde	627	24769
anlatırsan	627	24770
ısırığı	627	24771
görevliler	627	24772
harcadığım	627	24773
isin	627	24774
tecrübelerime	627	24775
parfümü	627	24776
garth	627	24777
korunan	627	24778
rekorunu	627	24779
sinirlerim	627	24780
sağlıksız	627	24781
karışmıştı	627	24782
öğrenen	627	24783
getirdiğinde	627	24784
saatlerini	627	24785
grimes	627	24786
gıcır	627	24787
öpüştük	627	24788
yansıması	627	24789
sağlayacaktır	627	24790
basacak	627	24791
papatya	626	24792
bakışını	626	24793
maşallah	626	24794
işiydi	626	24795
sektörü	626	24796
patlamada	626	24797
dergide	626	24798
thatcher	626	24799
balosuna	626	24800
parçanın	626	24801
anlayınca	626	24802
sınavını	626	24803
sayid	626	24804
cecilia	626	24805
zaferin	626	24806
oğlumuzun	626	24807
uçuşa	626	24808
onbeş	626	24809
sunacak	626	24810
harici	626	24811
düşünmenizi	626	24812
kip	626	24813
çizilmiş	626	24814
selamı	626	24815
bürosundan	626	24816
thad	625	24817
koyabiliriz	625	24818
parrish	625	24819
mahalleyi	625	24820
haberlerin	625	24821
taşların	625	24822
yapmazsanız	625	24823
mallarını	625	24824
saçan	625	24825
oturduğum	625	24826
açması	625	24827
bedene	625	24828
delinda	625	24829
kardeşlerini	625	24830
tankları	625	24831
maktulün	625	24832
olurlardı	625	24833
oluşturmaya	625	24834
yaptırmaya	625	24835
hatunu	625	24836
kendra	625	24837
çözelim	625	24838
ödü	625	24839
panikledim	625	24840
açığı	625	24841
yenecek	625	24842
ryo	625	24843
gemilerini	625	24844
işaretini	625	24845
küf	625	24846
gördüğünden	624	24847
seyrediyor	624	24848
uğur	624	24849
durumunuzu	624	24850
tavırları	624	24851
kandırma	624	24852
komutanın	624	24853
bilmeme	624	24854
yarışmacı	624	24855
sevimsiz	624	24856
bahçeyi	624	24857
netflix	624	24858
uzaklaştı	624	24859
edemeyeceğini	624	24860
taşra	624	24861
cinsi	624	24862
sacramento	624	24863
gillian	624	24864
değiştirebiliriz	624	24865
durdurulamaz	624	24866
çiftliğin	624	24867
olmadığınız	624	24868
dövüşecek	624	24869
öylesiniz	624	24870
yapısal	624	24871
elbiseye	623	24872
annesin	623	24873
teyzesi	623	24874
hamamböceği	623	24875
dövüşe	623	24876
insanlarını	623	24877
sahneleri	623	24878
walters	623	24879
beklemiyorsun	623	24880
girebilmek	623	24881
öğrenecekler	623	24882
lama	623	24883
berger	623	24884
götüremem	623	24885
ban	623	24886
endişelendik	623	24887
şubesi	623	24888
bilmemesi	623	24889
geldiğimizden	623	24890
andrei	623	24891
sharp	623	24892
ödüllü	623	24893
kitabından	623	24894
çatışması	623	24895
anket	623	24896
olmuşsunuz	623	24897
dönüyordu	623	24898
incittin	623	24899
toplayalım	623	24900
dümeni	623	24901
binmeyi	622	24902
haklılar	622	24903
zehirlenmiş	622	24904
üyeler	622	24905
toplarını	622	24906
çözmüş	622	24907
davrandığın	622	24908
gerçekleştiği	622	24909
yenileme	622	24910
edildik	622	24911
barışın	622	24912
binaların	622	24913
güvenip	622	24914
yakalanma	622	24915
giyinmek	622	24916
gördüğünüzde	622	24917
istememişti	622	24918
uranyum	622	24919
komikmiş	622	24920
broşür	622	24921
şehrinin	622	24922
mountain	622	24923
diskalifiye	622	24924
koşuyorum	622	24925
kurtulması	622	24926
monsieur	622	24927
arkadaşınızı	622	24928
gelebilirler	622	24929
şanssızlık	622	24930
gelmişim	622	24931
liberty	621	24932
veriyormuş	621	24933
yakını	621	24934
kabuklu	621	24935
arıyorlardı	621	24936
verildiğini	621	24937
gergindim	621	24938
kurtulun	621	24939
sözünün	621	24940
havacılık	621	24941
formül	621	24942
önemsemiyor	621	24943
koruduğunu	621	24944
büyücüsü	621	24945
haşlanmış	621	24946
auschwitz	621	24947
ezbere	621	24948
brewster	621	24949
unuturum	621	24950
gelmiyordu	621	24951
heil	621	24952
kazanabilirim	621	24953
vurulduğu	621	24954
giymişti	621	24955
duymadık	621	24956
sınıfından	621	24957
itirafta	621	24958
sunucusu	621	24959
kapan	621	24960
temizlendi	621	24961
kullanmanın	620	24962
hatırlamadın	620	24963
yılım	620	24964
sosyete	620	24965
planımızı	620	24966
domino	620	24967
desteğin	620	24968
anlayıp	620	24969
mucizesi	620	24970
dağıtan	620	24971
güvendesiniz	620	24972
tayfa	620	24973
kahvemi	620	24974
açamıyorum	620	24975
denemeden	620	24976
şoförün	620	24977
muş	620	24978
kurtulur	620	24979
kitaptaki	620	24980
bildiğimizi	620	24981
yalakalık	620	24982
engelledi	620	24983
dilemene	620	24984
yandığını	620	24985
kapatırım	620	24986
kaybetmişsin	620	24987
hiçbirşeyi	620	24988
tanımlama	620	24989
roth	619	24990
dinlemekten	619	24991
yavrularını	619	24992
kanıtların	619	24993
özlediğimi	619	24994
ajay	619	24995
büyüttüm	619	24996
karıştığı	619	24997
dansın	619	24998
bitiriyorum	619	24999
getirene	619	25000
asın	619	25001
öğrenmeli	619	25002
kalbimden	619	25003
keşfettik	619	25004
karıştırmaya	619	25005
sağlandı	619	25006
sevgilimle	619	25007
neyini	619	25008
sürsün	619	25009
kaybettikten	618	25010
sahneler	618	25011
kozmetik	618	25012
hürrem	618	25013
romero	618	25014
kov	618	25015
android	618	25016
çizburger	618	25017
inanıyorsan	618	25018
burasını	618	25019
tuş	618	25020
tencere	618	25021
üniversitesinde	618	25022
kalmanızı	618	25023
görmüşsündür	618	25024
karıştıran	618	25025
çiçeklerle	618	25026
uçuracak	618	25027
kalmayın	618	25028
iyileşmiş	618	25029
tutuyordum	618	25030
göstersin	618	25031
annenizi	618	25032
artırmak	618	25033
tamamlanmış	618	25034
salvador	618	25035
karışacak	617	25036
kırar	617	25037
oradaydık	617	25038
ipin	617	25039
duyayım	617	25040
yüksel	617	25041
ulaşmamız	617	25042
takmam	617	25043
memurunun	617	25044
bilmesem	617	25045
tutabiliriz	617	25046
mon	617	25047
pizzayı	617	25048
havadaki	617	25049
periler	617	25050
namına	617	25051
marlowe	617	25052
programımı	617	25053
soğutma	617	25054
degilsin	617	25055
ulaştın	617	25056
atacaklar	617	25057
brendi	617	25058
zavallıcık	617	25059
hamptons	617	25060
weir	617	25061
tuvaletine	617	25062
birbiri	617	25063
uyuman	617	25064
yollarına	617	25065
hukuku	617	25066
ajanım	617	25067
dişçiye	616	25068
zannedersem	616	25069
kanala	616	25070
milkshake	616	25071
yayan	616	25072
küvet	616	25073
projeye	616	25074
seçilen	616	25075
başlayabilirim	616	25076
yükselecek	616	25077
kalitesi	616	25078
göründüğümü	616	25079
düğününü	616	25080
cecil	616	25081
iyisinden	616	25082
suçların	616	25083
alışkınım	616	25084
adasında	616	25085
yüzlerine	616	25086
kesmeyi	616	25087
dergisinde	616	25088
yenilikçi	616	25089
gelenlerden	616	25090
çevresi	616	25091
nöbetçiler	616	25092
tatlısı	616	25093
tarçın	616	25094
görebileceğin	616	25095
edebileceği	616	25096
tercihi	616	25097
kablolar	616	25098
bos	616	25099
parks	616	25100
dışarıdayken	615	25101
endonezya	615	25102
davranalım	615	25103
çağdaş	615	25104
biçme	615	25105
yılbaşında	615	25106
homie	615	25107
donuyorum	615	25108
cutter	615	25109
pritchard	615	25110
hangisiydi	615	25111
rodeo	615	25112
istikrarlı	615	25113
poster	615	25114
aramdaki	615	25115
insanlarsınız	615	25116
vurduk	615	25117
yaklaşıp	615	25118
halletmeliyiz	615	25119
yatağımın	615	25120
boğazından	615	25121
kurşuna	615	25122
arayabilirsiniz	614	25123
dağıtacak	614	25124
karşıdan	614	25125
topal	614	25126
incelemesi	614	25127
bilmemek	614	25128
bekliyordur	614	25129
yemeğinin	614	25130
şarkım	614	25131
pazarda	614	25132
rolünde	614	25133
taşıyın	614	25134
işemek	614	25135
tutarsın	614	25136
bach	614	25137
çekilmesini	614	25138
ipod	614	25139
kumandayı	614	25140
botları	614	25141
dener	614	25142
insanız	614	25143
altındadır	614	25144
korkuyoruz	614	25145
bowie	614	25146
günlüğünü	614	25147
pin	614	25148
düşünsün	614	25149
sorularım	614	25150
sylvie	614	25151
güvenirim	614	25152
yapmazsa	614	25153
çaktırmadan	614	25154
ayırdığın	614	25155
kaldırımda	614	25156
içindekileri	614	25157
haiti	614	25158
parçasıyım	614	25159
güreşi	613	25160
talan	613	25161
çantanda	613	25162
ulaşılamıyor	613	25163
frodo	613	25164
farkındasındır	613	25165
etmişlerdi	613	25166
dokunan	613	25167
kuşatma	613	25168
ofisimi	613	25169
kaldıracağım	613	25170
aires	613	25171
scorpius	613	25172
çiftliğine	613	25173
öneriyor	613	25174
öldüyse	613	25175
paylaşıyor	613	25176
dinledik	613	25177
badem	613	25178
dersinden	613	25179
yapılamaz	613	25180
satıcıları	613	25181
çapındaki	613	25182
kese	613	25183
elimiz	613	25184
sorarsın	613	25185
örtü	613	25186
kaçabilir	613	25187
düşünebilirim	613	25188
binlik	613	25189
düşürecek	613	25190
çiftliğinde	613	25191
kullanabileceğimiz	613	25192
kenzi	613	25193
kökeni	613	25194
temkinli	613	25195
dönerek	612	25196
olsen	612	25197
hiçbirisi	612	25198
komünistler	612	25199
gaga	612	25200
halkası	612	25201
olta	612	25202
eşyalarımızı	612	25203
dolanan	612	25204
bonus	612	25205
içiyordu	612	25206
uğraşmayı	612	25207
katılabilirsin	612	25208
hatırası	612	25209
evdeyken	612	25210
prentiss	612	25211
ailelere	612	25212
boyunu	612	25213
yetişkinlerin	612	25214
yakalarsam	612	25215
aklımdaki	612	25216
belirledi	612	25217
pos	612	25218
babasın	612	25219
gitmeleri	612	25220
düşürür	612	25221
egemen	612	25222
gülüşü	612	25223
moriarty	612	25224
görmediğimi	612	25225
kurtulmamız	612	25226
gitmedik	612	25227
gemilerin	612	25228
nedenlerle	612	25229
pekçok	612	25230
dublin	612	25231
sivrisinek	612	25232
gönderebilirim	612	25233
vinny	612	25234
nişancılar	612	25235
dublör	612	25236
içmiyorsun	612	25237
dileklerimi	612	25238
değerlerini	612	25239
inanıyorsunuz	612	25240
kökünü	612	25241
boğazım	611	25242
bizlerin	611	25243
domuzları	611	25244
pilar	611	25245
bambu	611	25246
telepatik	611	25247
sevgilimin	611	25248
nispeten	611	25249
ortasındaki	611	25250
fareleri	611	25251
vermezsin	611	25252
cumaya	611	25253
ikisiyle	611	25254
zevkin	611	25255
gezegenleri	611	25256
saygısız	611	25257
gülüyorum	611	25258
rebekah	611	25259
beceriyor	611	25260
brenner	611	25261
imal	611	25262
sinirini	611	25263
güneyden	611	25264
budapeşte	611	25265
borcunuz	611	25266
dostane	611	25267
yaptığımızda	611	25268
alsınlar	611	25269
iyisindir	611	25270
ulaşacağız	611	25271
alınıp	611	25272
tarihten	611	25273
kutudan	611	25274
yanıldın	611	25275
çağda	611	25276
beyazı	611	25277
lenore	611	25278
aramıştı	611	25279
abinin	610	25280
sharma	610	25281
akılda	610	25282
saldırdın	610	25283
camlar	610	25284
ilginçti	610	25285
guru	610	25286
joanie	610	25287
şaraba	610	25288
sahibiyle	610	25289
yakalamışlar	610	25290
toplanma	610	25291
vern	610	25292
gözyaşlarını	610	25293
ölümsüzlük	610	25294
yaptıklarımız	610	25295
ukalalık	610	25296
telesekreter	610	25297
yazılımı	610	25298
gergedan	610	25299
olanını	610	25300
müfreze	610	25301
uğrayacağım	610	25302
bekliyormuş	610	25303
güzelliğe	610	25304
hazırladığım	610	25305
açtığım	609	25306
bradford	609	25307
anlaşmaları	609	25308
temizliyorum	609	25309
anlatmalıyım	609	25310
hare	609	25311
coşkulu	609	25312
birliğinin	609	25313
davina	609	25314
parktaki	609	25315
şeylerim	609	25316
sosyopat	609	25317
dışkı	609	25318
atsın	609	25319
şehirli	609	25320
olmuştun	609	25321
avluda	609	25322
atlas	609	25323
açılmasını	609	25324
tehlikeden	609	25325
beyefendiler	609	25326
kotu	609	25327
serbestçe	609	25328
abdullah	609	25329
gözünüz	609	25330
ulaşma	609	25331
çözmem	609	25332
görmüştük	609	25333
masraf	609	25334
yapıştı	609	25335
keşfi	609	25336
cromwell	609	25337
uçur	609	25338
dinledi	609	25339
tarayıcı	609	25340
salam	608	25341
gerçekleşmeyecek	608	25342
vasat	608	25343
tutacağını	608	25344
hemingway	608	25345
oğlundan	608	25346
programdan	608	25347
arayışı	608	25348
ortaçağ	608	25349
tükenmez	608	25350
beklemeyeceğim	608	25351
karısıyım	608	25352
alemi	608	25353
icabı	608	25354
çıkmayın	608	25355
ihtiyatlı	608	25356
ringo	608	25357
özlüyorsun	608	25358
terrance	608	25359
aryan	608	25360
etmemeye	608	25361
kalemle	608	25362
çizmiş	608	25363
bakabilirsiniz	608	25364
kongo	608	25365
evlerde	608	25366
çözme	607	25367
meyvesi	607	25368
temizlenmiş	607	25369
tılsım	607	25370
senelerdir	607	25371
damak	607	25372
hoşlanmaya	607	25373
fabrikanın	607	25374
hisselerini	607	25375
tehditleri	607	25376
kullanmasına	607	25377
meteliksiz	607	25378
faturalarını	607	25379
bıçaklar	607	25380
mayonez	607	25381
görseydi	607	25382
medyanın	607	25383
dövmeyi	607	25384
kullanmaz	607	25385
çiçekçi	607	25386
kredisi	607	25387
karnından	607	25388
patlattı	607	25389
bertha	607	25390
gariptir	607	25391
eczaneye	606	25392
köyüne	606	25393
tutabilirsin	606	25394
bırakamaz	606	25395
oynaması	606	25396
edebilen	606	25397
odamın	606	25398
çaktım	606	25399
bojack	606	25400
menzil	606	25401
griff	606	25402
parçaladı	606	25403
sheriff	606	25404
kolaylaştırır	606	25405
kayaya	606	25406
yokluğunda	606	25407
bulabilirsem	606	25408
yakalayabiliriz	606	25409
kırığı	606	25410
kızgındı	606	25411
onarım	606	25412
bando	606	25413
oyala	606	25414
olmus	606	25415
çatışmada	606	25416
bug	606	25417
ömrümün	606	25418
yardımcısının	606	25419
müdürle	606	25420
kambur	606	25421
imiş	606	25422
franky	606	25423
köprücük	606	25424
kulübesinde	606	25425
bıyığı	606	25426
toplantılara	606	25427
ittir	606	25428
koyul	605	25429
taşınmayı	605	25430
kocamdan	605	25431
mezarda	605	25432
biraya	605	25433
bulunmadım	605	25434
rover	605	25435
kaldırabilirim	605	25436
seçmeleri	605	25437
öksüz	605	25438
toplantılar	605	25439
saklıyordum	605	25440
yeterdi	605	25441
rabbim	605	25442
gelecekmiş	605	25443
kasası	605	25444
ölmedin	605	25445
binsin	605	25446
güçlerimizi	605	25447
tuşa	605	25448
ilişkimi	605	25449
kameralarını	605	25450
vereceklerini	604	25451
kapılma	604	25452
lens	604	25453
brothers	604	25454
hizmetinizdeyim	604	25455
anubis	604	25456
affetmem	604	25457
kurutma	604	25458
dimdik	604	25459
hearst	604	25460
diyordunuz	604	25461
sensör	604	25462
ucundaki	604	25463
delgado	604	25464
ının	604	25465
almışsınız	604	25466
eğri	604	25467
cami	604	25468
şiirler	604	25469
kullanamam	604	25470
ölmekte	604	25471
dönüşebilir	604	25472
ettirecek	604	25473
okumamı	604	25474
işlemeye	604	25475
kahvaltını	604	25476
kristali	604	25477
komşuların	604	25478
gebert	604	25479
ilkbahar	604	25480
edecektin	603	25481
duyarlar	603	25482
çılgınlığı	603	25483
gelebildin	603	25484
beslenen	603	25485
yaşlandım	603	25486
goku	603	25487
yuttum	603	25488
uğrattı	603	25489
buradaydın	603	25490
takıldığı	603	25491
çamaşırını	603	25492
yaşım	603	25493
kamptan	603	25494
incitecek	603	25495
ölecekti	603	25496
yapmaması	603	25497
bullak	603	25498
ilerledi	603	25499
hatırlatacak	603	25500
öldürülmüştü	603	25501
küçüğü	603	25502
kaplanmış	603	25503
brandt	603	25504
bilinçsiz	603	25505
önemliyse	603	25506
menzilli	603	25507
cadıyı	603	25508
hissettiren	603	25509
patronumun	603	25510
görünmeden	603	25511
kıracaksın	603	25512
geçirdiğimi	603	25513
kaderinde	603	25514
yerleşti	603	25515
çıkmanız	603	25516
bad	603	25517
patlamalar	603	25518
generali	603	25519
doğmak	603	25520
jüriyi	603	25521
halkımın	603	25522
penisin	603	25523
hediyeydi	603	25524
küçüklüğümden	603	25525
uyuşturucuları	603	25526
limiti	602	25527
kafeinsiz	602	25528
bırakmamız	602	25529
chanel	602	25530
kumsala	602	25531
paylaşıyorum	602	25532
moses	602	25533
vida	602	25534
bes	602	25535
arkadaşımızı	602	25536
kıyafetle	602	25537
bucky	602	25538
kırın	602	25539
gürültüyü	602	25540
karıştırıp	602	25541
bilal	602	25542
sızıp	602	25543
sofistike	602	25544
koymadım	602	25545
oluncaya	602	25546
gönderilecek	602	25547
bitiririz	602	25548
kahvesi	602	25549
abartı	602	25550
yalancının	602	25551
gecikmiş	601	25552
parçaların	601	25553
keating	601	25554
çalışmakla	601	25555
yazarın	601	25556
çağırmalıyız	601	25557
kaybederse	601	25558
yerindeydi	601	25559
farklıyım	601	25560
vermeliydim	601	25561
anlayacaksınız	601	25562
kolundaki	601	25563
lyon	601	25564
çıkarırız	601	25565
suistimal	601	25566
demeyeceğim	601	25567
ayıcık	601	25568
sınavım	601	25569
düzenlenmiş	601	25570
kurdele	601	25571
şifa	601	25572
malzemeyi	601	25573
oltaya	601	25574
aracına	601	25575
düşünürse	601	25576
gözaltı	601	25577
parıldayan	601	25578
tükür	601	25579
koruyabilirim	601	25580
carlson	601	25581
ramona	601	25582
dk	601	25583
generalin	601	25584
payın	601	25585
gözlemci	601	25586
aradıkları	601	25587
dizlerimin	600	25588
sevdiğine	600	25589
sırtın	600	25590
dinlemiyorum	600	25591
sargı	600	25592
yırtılmış	600	25593
isteğiniz	600	25594
fin	600	25595
hediyelik	600	25596
tasarımcı	600	25597
mill	600	25598
georges	600	25599
göstermemi	600	25600
beklemesi	600	25601
nelly	600	25602
yapıştırıcı	600	25603
iltihabı	600	25604
nezle	600	25605
çekeceğini	600	25606
hattan	600	25607
olanından	600	25608
akira	600	25609
scooter	600	25610
yankı	600	25611
yaşıyorsa	600	25612
bastırmak	600	25613
ineceğiz	600	25614
geliştirdi	600	25615
taşıyacağım	600	25616
bakımda	600	25617
sabırla	600	25618
edebileceğimiz	600	25619
yükseltme	600	25620
üyesiyim	600	25621
açıkladım	600	25622
varlığım	600	25623
suçlusun	600	25624
yemeklerin	599	25625
terri	599	25626
gitmenize	599	25627
nasıisın	599	25628
musluk	599	25629
konuşabileceğimiz	599	25630
astı	599	25631
gezegenimizin	599	25632
death	599	25633
hilda	599	25634
tahtı	599	25635
pantolonum	599	25636
godzilla	599	25637
derdini	599	25638
ölmeme	599	25639
önemlisin	599	25640
canlıların	599	25641
kazmak	599	25642
ipe	599	25643
sapıkça	599	25644
çekilmesi	599	25645
göğüslerim	599	25646
manikür	599	25647
başlayacaklar	599	25648
linden	599	25649
imkansızdır	599	25650
bulunuyordu	599	25651
boynuz	599	25652
kollarımı	598	25653
konvoy	598	25654
morgana	598	25655
kaldıramaz	598	25656
alınmak	598	25657
merdivenlere	598	25658
haşin	598	25659
reuben	598	25660
dövüyor	598	25661
listesinden	598	25662
enerjini	598	25663
arısı	598	25664
sevmekten	598	25665
gelemeyeceğini	598	25666
bakardım	598	25667
yaramadığını	598	25668
büyütecek	598	25669
gittiğiniz	598	25670
vi	598	25671
doğudan	598	25672
shaggy	598	25673
eğitimine	598	25674
vadide	598	25675
takıldığını	598	25676
niyeymiş	598	25677
satmam	598	25678
edilmesine	598	25679
almadınız	598	25680
güçten	597	25681
yaşlandıkça	597	25682
ankara	597	25683
suna	597	25684
sunuz	597	25685
hissedebilirsin	597	25686
duyuyordu	597	25687
nellie	597	25688
evlenen	597	25689
yapamıyoruz	597	25690
zehiri	597	25691
bahsediyordun	597	25692
sundum	597	25693
omuza	597	25694
görmeli	597	25695
inanmakta	597	25696
vaay	597	25697
vampire	597	25698
kelebekler	597	25699
rutledge	597	25700
teyzemin	597	25701
sinatra	597	25702
bilmezler	597	25703
araçla	597	25704
cnn	597	25705
toparlanın	597	25706
game	597	25707
şakaları	597	25708
toparlan	597	25709
muriel	597	25710
uğradığın	597	25711
gücümle	597	25712
vanilyalı	597	25713
uçurum	596	25714
kuralını	596	25715
uyuşturucunun	596	25716
kalori	596	25717
kitaplarda	596	25718
athena	596	25719
sesiniz	596	25720
içindeydim	596	25721
çıkacağımı	596	25722
sevmezsin	596	25723
kanda	596	25724
dağınıklık	596	25725
sanmıştık	596	25726
hayatımla	596	25727
geçeni	596	25728
kanyon	596	25729
lowell	596	25730
göstermeliyim	596	25731
korumalıyız	596	25732
zamanına	596	25733
dileyecek	596	25734
bayanların	596	25735
atmamı	596	25736
yayınlandı	596	25737
vardir	596	25738
tutmasını	596	25739
şansölye	596	25740
tutuklayacak	596	25741
hostes	596	25742
depolama	596	25743
öğretim	596	25744
saçmalıklara	595	25745
gözümüzün	595	25746
olanla	595	25747
büyüsünü	595	25748
cezamı	595	25749
çıkacaksınız	595	25750
belirsizlik	595	25751
hersey	595	25752
gelinim	595	25753
motivasyon	595	25754
saniyeniz	595	25755
yaptim	595	25756
bahsetmiyorsun	595	25757
vicdanın	595	25758
motora	595	25759
idman	595	25760
kuşum	595	25761
emmet	595	25762
baktığınızda	595	25763
çağırmış	595	25764
borcumuz	595	25765
yıkıyor	595	25766
ayrılamam	595	25767
vermelerini	595	25768
nba	595	25769
karartıcı	595	25770
otelinde	595	25771
değişmiyor	595	25772
giriyorsunuz	595	25773
uyumadın	595	25774
besleniyor	595	25775
kastediyor	595	25776
alabildin	595	25777
yaklaşırsan	595	25778
kullanırsan	595	25779
umarak	595	25780
oynardım	594	25781
yükleyin	594	25782
şurdaki	594	25783
break	594	25784
babacığın	594	25785
asılsız	594	25786
aşıktı	594	25787
düşünmüyorsunuz	594	25788
göreceğini	594	25789
trilyon	594	25790
anlaşmadan	594	25791
medusa	594	25792
kağıdını	594	25793
antreman	594	25794
paltonu	594	25795
işığa	594	25796
wonder	594	25797
görüştü	594	25798
birgitte	594	25799
tapınakta	594	25800
tesise	594	25801
şınav	594	25802
yakalanmadan	594	25803
ısınıyor	594	25804
fraser	594	25805
edemedin	594	25806
rulo	594	25807
hoşgörülü	594	25808
akşamüstü	594	25809
yatay	594	25810
beynime	594	25811
biçilmez	594	25812
öğrendiğimiz	594	25813
vurabilir	594	25814
denemedim	594	25815
kullanırdım	593	25816
luisa	593	25817
lima	593	25818
değişikliğe	593	25819
atlamaya	593	25820
hiroshi	593	25821
üstteki	593	25822
besleme	593	25823
saldırıyorlar	593	25824
derecesi	593	25825
söylentiye	593	25826
donanımlı	593	25827
uyuşmuyor	593	25828
uyuyamam	593	25829
emekliye	593	25830
hoşlanmadı	593	25831
seninkileri	593	25832
camilla	593	25833
etmektedir	593	25834
davrandılar	593	25835
orange	593	25836
atletik	593	25837
çaresizlik	593	25838
lip	593	25839
söylediklerimin	593	25840
danışmanım	593	25841
kafamızı	593	25842
salyangoz	593	25843
hastanelik	593	25844
tüylerimi	593	25845
dinleyebilir	593	25846
çeteler	593	25847
alsa	592	25848
square	592	25849
rüyanın	592	25850
boncuk	592	25851
anlamakta	592	25852
şişlik	592	25853
hemşireye	592	25854
oturacaksın	592	25855
utandırıcı	592	25856
hailey	592	25857
süperdi	592	25858
açabilirim	592	25859
manson	592	25860
modeller	592	25861
jimbo	592	25862
şeffaf	592	25863
kökleri	592	25864
seviyordun	592	25865
bluebell	592	25866
hattın	592	25867
yapamazdı	592	25868
çocuktun	592	25869
ağlamıyorum	592	25870
yapmamıştı	592	25871
haçı	592	25872
ayrılıyorsun	592	25873
kaçmıyor	592	25874
iyileşmesi	592	25875
arkayı	592	25876
payne	592	25877
kasette	592	25878
dasın	592	25879
catalina	592	25880
objektif	592	25881
hemşirelik	592	25882
bileklerini	592	25883
yediler	591	25884
çıkaramadım	591	25885
elindekini	591	25886
tanışacaksın	591	25887
takmıyorum	591	25888
umuyorduk	591	25889
richardson	591	25890
attan	591	25891
hewes	591	25892
ırkçılık	591	25893
eureka	591	25894
yakalıyor	591	25895
sevişmeye	591	25896
cemal	591	25897
geldiğinin	591	25898
müşterilerle	591	25899
öldürmeyecek	591	25900
halinle	591	25901
bourne	591	25902
demelisin	591	25903
konuşacağını	591	25904
öldürürse	591	25905
bulduğuna	591	25906
konuşsan	591	25907
tema	591	25908
planladı	591	25909
kanaman	591	25910
kingsley	591	25911
yasaklıyorum	591	25912
kusmak	591	25913
vals	591	25914
yapabilecekleri	591	25915
vuramazsın	591	25916
tabiri	591	25917
polisiz	591	25918
tas	591	25919
sevgim	590	25920
anlatıyordum	590	25921
gelişigüzel	590	25922
yörüngeye	590	25923
ufaklığı	590	25924
cosmo	590	25925
filmlerin	590	25926
havalara	590	25927
heck	590	25928
saldırır	590	25929
çarpması	590	25930
uçuyoruz	590	25931
yürümedi	590	25932
kovanı	590	25933
hepinizle	590	25934
zihnimi	590	25935
edebi	590	25936
basarım	590	25937
casper	590	25938
söylemedik	590	25939
look	590	25940
yaparlarsa	590	25941
kurtaracağını	590	25942
geçiriyorlar	590	25943
kaçırdığı	590	25944
burnunda	590	25945
bulduğunuzu	590	25946
davranırsan	590	25947
odalarında	590	25948
dönüştüğünü	590	25949
girmemiş	590	25950
dickens	590	25951
gösterdiğiniz	590	25952
görünüşte	590	25953
köpüklü	590	25954
kızımdan	590	25955
demode	590	25956
evliydim	590	25957
istemiyormuş	590	25958
konuşurdu	589	25959
büyüklüğüne	589	25960
acıktın	589	25961
sevgilinle	589	25962
oğlusun	589	25963
olabileceğimizi	589	25964
grubum	589	25965
ehliyetini	589	25966
biyopsi	589	25967
başarının	589	25968
ezmek	589	25969
babayım	589	25970
trixie	589	25971
ineği	589	25972
evlenmesi	589	25973
gösterilen	589	25974
dünyamızı	589	25975
barclay	589	25976
işittim	589	25977
mak	589	25978
kalibrelik	589	25979
ihtiyacını	589	25980
çevik	589	25981
tabakası	589	25982
kıt	589	25983
neyiz	589	25984
tarlası	589	25985
eşleşiyor	589	25986
columbus	589	25987
hoşlanırsın	589	25988
unuttuğun	589	25989
indirmeye	589	25990
taşınıyoruz	589	25991
ilgilendiği	588	25992
kızısın	588	25993
jericho	588	25994
aptallaşma	588	25995
avukatının	588	25996
gidermek	588	25997
hazırladığı	588	25998
bankacı	588	25999
laptop	588	26000
çalışmadan	588	26001
yazdıklarını	588	26002
söylersek	588	26003
bağlantılarını	588	26004
ayrımcılık	588	26005
sindirim	588	26006
inmeye	588	26007
yediğimiz	588	26008
süpermiş	588	26009
yırtıp	588	26010
sağdıç	588	26011
düzeltiyorum	588	26012
soul	588	26013
yapılacaklar	588	26014
zorlayıcı	588	26015
karavanı	588	26016
takvim	588	26017
karşıt	588	26018
cezaya	588	26019
lobos	588	26020
four	588	26021
eğlendirmek	588	26022
geçmişinden	588	26023
geçide	588	26024
istediklerimi	588	26025
üzülmüş	588	26026
korkmadım	587	26027
tuvaletten	587	26028
toplantısını	587	26029
paramla	587	26030
patlayıcıları	587	26031
günlerimi	587	26032
hissedersen	587	26033
hana	587	26034
bölümden	587	26035
davidson	587	26036
görmene	587	26037
taşını	587	26038
dağıtıcı	587	26039
loomis	587	26040
gücümün	587	26041
gördüklerim	587	26042
dendi	587	26043
sallayıp	587	26044
almamın	587	26045
always	587	26046
dixie	587	26047
konuşurlar	587	26048
afgan	587	26049
testin	587	26050
kavun	587	26051
deneyimim	587	26052
damarlarında	587	26053
doğduğunu	587	26054
gitmeyeceğini	587	26055
finlandiya	586	26056
girmeyin	586	26057
usulca	586	26058
rönesans	586	26059
çekmesine	586	26060
avlanmaya	586	26061
vurmayın	586	26062
ilgilendiğin	586	26063
şarkımı	586	26064
evsizler	586	26065
yıldızfilosu	586	26066
caddeden	586	26067
bereket	586	26068
şefe	586	26069
beceri	586	26070
önerisi	586	26071
atmayacağım	586	26072
beyefendiye	586	26073
yaralandım	586	26074
üstsüz	586	26075
evlendiğim	586	26076
inat	586	26077
anlardın	586	26078
bitkilerin	586	26079
ertelendi	586	26080
ağırlığında	586	26081
maaşımı	586	26082
anlamadığın	586	26083
burrows	586	26084
layla	586	26085
durdurabilecek	586	26086
uyuyacaksın	586	26087
bulmuyor	586	26088
rastlanan	586	26089
kartınız	586	26090
dökülmüş	586	26091
bulamazsan	586	26092
ihtiyacim	585	26093
öldürülecek	585	26094
ekipmanları	585	26095
çekersen	585	26096
veer	585	26097
suçlaması	585	26098
delenn	585	26099
vahşet	585	26100
aldatmak	585	26101
derinlik	585	26102
lexie	585	26103
özelsin	585	26104
marlon	585	26105
ebeveynlerin	585	26106
penn	585	26107
uyandırıyor	585	26108
koparıp	585	26109
gelmemizi	585	26110
beklendiği	585	26111
berta	585	26112
ball	585	26113
açılıp	585	26114
ulaşabiliriz	585	26115
zemine	585	26116
gibbons	585	26117
manastır	585	26118
çıkarmamı	585	26119
bitiren	585	26120
kayalık	585	26121
huang	585	26122
kıyafetim	584	26123
büroda	584	26124
çocuklarınızı	584	26125
yenilgi	584	26126
öldüremez	584	26127
sabırsızlanıyor	584	26128
tetik	584	26129
öneride	584	26130
doğruya	584	26131
hasara	584	26132
numaranız	584	26133
yazmamı	584	26134
taşındığını	584	26135
yiyordum	584	26136
yağıyordu	584	26137
muhterem	584	26138
çalışıyordunuz	584	26139
uğraşıp	584	26140
yüzleşmeye	584	26141
toprakta	584	26142
elisabeth	584	26143
kayıtta	584	26144
kirlenmiş	584	26145
sorsam	584	26146
korunmasız	584	26147
harcamaya	584	26148
hikayede	584	26149
sanmıştın	584	26150
çiziyor	584	26151
başımızdan	584	26152
anlamıştı	584	26153
hassasiyet	584	26154
arşiv	584	26155
karla	584	26156
partneri	584	26157
busun	583	26158
uzunluğu	583	26159
aygıtı	583	26160
mermer	583	26161
matilda	583	26162
ileteceğim	583	26163
kesiyorsun	583	26164
santana	583	26165
suratının	583	26166
fırtınalı	583	26167
tuşuna	583	26168
avukatıyım	583	26169
bulaştırdın	583	26170
tedavinin	583	26171
teknolojiye	583	26172
bebeğime	583	26173
yanıyordu	583	26174
seksüel	583	26175
mateo	583	26176
hazırlanmam	583	26177
johan	583	26178
suratında	583	26179
bulduktan	583	26180
yörüngede	583	26181
sorumluluğunda	583	26182
durdurabiliriz	583	26183
emirlerimi	583	26184
haskell	583	26185
bev	583	26186
taşırken	583	26187
okulunun	583	26188
ruhumun	583	26189
dergileri	583	26190
gömleğimi	583	26191
ilgileneyim	583	26192
olmayacaksınız	582	26193
kanıtlayabilir	582	26194
sıcaklığını	582	26195
istenen	582	26196
basan	582	26197
sihri	582	26198
bilgilendirme	582	26199
hedefim	582	26200
ganimet	582	26201
chili	582	26202
kaçırır	582	26203
dediğinin	582	26204
ark	582	26205
temizlemem	582	26206
darby	582	26207
donarak	582	26208
kuruşu	582	26209
manzaraya	582	26210
minyatür	582	26211
profilini	582	26212
vermiştiniz	582	26213
suikastçi	582	26214
tüylerim	582	26215
gibilere	582	26216
halihazırda	582	26217
jace	582	26218
sokacaksın	582	26219
ettikçe	582	26220
mcbride	582	26221
kano	582	26222
içlerine	582	26223
iştahım	582	26224
savaşına	581	26225
planlıyoruz	581	26226
kalbindeki	581	26227
hesabından	581	26228
kalacaktı	581	26229
sürdürüyor	581	26230
hatırlamam	581	26231
söndürün	581	26232
kelimelere	581	26233
gigi	581	26234
yeridir	581	26235
göğüslü	581	26236
endişelendiğini	581	26237
etseydim	581	26238
kızılötesi	581	26239
şaşırttın	581	26240
çevireceğim	581	26241
umursuyor	581	26242
atmıyor	581	26243
gösterdik	581	26244
ertelemek	581	26245
yaprağı	581	26246
japonların	581	26247
sıkıldın	581	26248
vanilya	581	26249
gözetliyor	581	26250
clifford	581	26251
yazabilirsin	581	26252
savunmayı	581	26253
bilirsen	581	26254
görmeliyiz	581	26255
kültürlü	580	26256
görünsün	580	26257
bilgisayarları	580	26258
durursan	580	26259
gelecekleri	580	26260
alçaklar	580	26261
simit	580	26262
yaşanmamış	580	26263
hedefini	580	26264
ediyorsundur	580	26265
çığır	580	26266
prescott	580	26267
yeteneğe	580	26268
deşik	580	26269
lotus	580	26270
cildi	580	26271
umursamıyorsun	580	26272
etmeyeyim	580	26273
gitmezsem	580	26274
etmemişim	580	26275
uzanır	580	26276
grafik	580	26277
ping	580	26278
dikti	580	26279
istememin	580	26280
başlattım	580	26281
basitti	580	26282
şekliyle	580	26283
saplantılı	580	26284
ülkelerde	580	26285
çağında	579	26286
kaldırım	579	26287
sebzeler	579	26288
olacağımız	579	26289
starbucks	579	26290
hissettiğinde	579	26291
bilindik	579	26292
acıktı	579	26293
kazancı	579	26294
atmaz	579	26295
izzie	579	26296
imzasını	579	26297
trans	579	26298
anladığıma	579	26299
benimkisi	579	26300
hazırlanan	579	26301
biterse	579	26302
endişeye	579	26303
miktarını	579	26304
zamanlara	579	26305
wolverine	579	26306
düşünülüyor	579	26307
holding	579	26308
tartışmayacağım	579	26309
tanıtayım	579	26310
göstermenin	579	26311
iksiri	579	26312
belirten	579	26313
hayaletlere	579	26314
tabaka	579	26315
kuzeninin	579	26316
addy	579	26317
parmağına	579	26318
planladığı	579	26319
istemişsin	579	26320
gertrude	579	26321
güvenimi	579	26322
dilimizi	579	26323
ederlerdi	579	26324
anlattıklarını	579	26325
ziyaretime	579	26326
sürmüştü	579	26327
kısacık	579	26328
suçlardan	579	26329
erteleme	579	26330
göndeririz	579	26331
bodrumunda	579	26332
duvarında	579	26333
yıpranmış	579	26334
önleyici	579	26335
girdiğimizde	579	26336
gezerken	578	26337
macy	578	26338
çıkarmalıyım	578	26339
avukatımla	578	26340
sınıfının	578	26341
sanada	578	26342
filmdi	578	26343
onbir	578	26344
bartowski	578	26345
şuracıkta	578	26346
mahvedeceksin	578	26347
court	578	26348
everest	578	26349
saçmalıktan	578	26350
vermediği	578	26351
nesneleri	578	26352
bileğimi	578	26353
büyümesi	578	26354
kenti	578	26355
yüzücü	578	26356
tespiti	578	26357
uyanığım	578	26358
bakanlık	578	26359
lightman	578	26360
ekiple	578	26361
gareth	578	26362
tabir	578	26363
yarıştan	578	26364
kırılacak	578	26365
yurdu	578	26366
açarsan	578	26367
deliğini	578	26368
sunmaya	578	26369
ülkeleri	578	26370
açik	578	26371
petersburg	578	26372
çıkaracağını	578	26373
hikayemiz	578	26374
kiralamış	577	26375
yiyorsunuz	577	26376
çıkıverdi	577	26377
hogan	577	26378
pietro	577	26379
salonunun	577	26380
dalgıç	577	26381
bozacak	577	26382
topraklarını	577	26383
hatırlamıyorsam	577	26384
önceliği	577	26385
bağımlılığı	577	26386
sektörde	577	26387
yetmezmiş	577	26388
düşebilir	577	26389
memuruyum	577	26390
kızıyorsun	577	26391
goodwin	577	26392
panzehiri	577	26393
moduna	577	26394
doğasında	577	26395
ağda	577	26396
bakılacak	577	26397
modifiye	577	26398
paylaşırız	577	26399
fahişeyle	577	26400
açmadım	577	26401
mutluyduk	577	26402
yazarak	577	26403
ernesto	577	26404
bulmadım	577	26405
dileyin	577	26406
yorumlar	577	26407
ripley	576	26408
neptün	576	26409
topluluğun	576	26410
gıpta	576	26411
aramanız	576	26412
izlemedim	576	26413
kaybedebilirim	576	26414
kessler	576	26415
sıfıra	576	26416
asıldı	576	26417
incele	576	26418
dosyaların	576	26419
görüşlerini	576	26420
dolarını	576	26421
mahkemeyi	576	26422
bellamy	576	26423
bean	576	26424
beyi	576	26425
koşuyorsun	576	26426
bariyer	576	26427
saçmalıklarını	576	26428
birazda	576	26429
bulduğuma	576	26430
baloda	576	26431
greendale	576	26432
müşterilerimiz	576	26433
basacağım	576	26434
kovulmuş	576	26435
başlamalıyım	576	26436
millik	576	26437
ilaçlarımı	576	26438
buraların	575	26439
oradaysa	575	26440
açmıyorsun	575	26441
oyunum	575	26442
duramayız	575	26443
ödevim	575	26444
mildred	575	26445
bebeğine	575	26446
vicdanım	575	26447
iletmek	575	26448
geçinmek	575	26449
çekmekten	575	26450
doğana	575	26451
lokantaya	575	26452
şartım	575	26453
bedeninde	575	26454
tanıştıracağım	575	26455
reddeden	575	26456
hastayla	575	26457
çalıştığından	575	26458
açmaz	575	26459
kazanıyoruz	575	26460
etmemesi	575	26461
zemini	575	26462
enişte	575	26463
attığında	575	26464
memorial	575	26465
duyurmak	575	26466
kötülerini	575	26467
çanak	575	26468
car	575	26469
askerlerinin	575	26470
merhem	575	26471
dönmezsem	575	26472
sapasağlam	575	26473
önyargılı	575	26474
yattığın	575	26475
ruhsuz	575	26476
sevmişti	575	26477
alınmıştı	575	26478
steele	575	26479
sorduk	575	26480
sarın	575	26481
dokusu	575	26482
velma	575	26483
seansı	574	26484
boyanmış	574	26485
kandırıyor	574	26486
müvekkil	574	26487
uyuyabilir	574	26488
yazmışlar	574	26489
aranıza	574	26490
stratejisi	574	26491
takacak	574	26492
inanmadığını	574	26493
sıkıntılar	574	26494
dönersem	574	26495
yeryüzünün	574	26496
söylediyse	574	26497
uyarıcı	574	26498
ekselans	574	26499
müvekkilimi	574	26500
tekmele	574	26501
savunmanın	574	26502
söylüyorlardı	574	26503
çalışmana	574	26504
rüyalarında	574	26505
vakayı	574	26506
tanığım	574	26507
dot	574	26508
sağladık	574	26509
dikip	574	26510
evliliğimi	574	26511
yerleştirmiş	574	26512
çeksin	574	26513
dakka	574	26514
tezgahın	574	26515
dostunu	574	26516
akıcı	574	26517
üzen	574	26518
tatilinde	574	26519
zırva	574	26520
uyanacak	574	26521
emrin	574	26522
tepeler	574	26523
ridge	574	26524
verdiğinizi	574	26525
deponun	574	26526
cik	573	26527
crowe	573	26528
engelleri	573	26529
zekası	573	26530
why	573	26531
satışları	573	26532
müşterek	573	26533
ellerime	573	26534
alanındaki	573	26535
kaybına	573	26536
şekerler	573	26537
turkish	573	26538
hiçim	573	26539
rivera	573	26540
yunanca	573	26541
gabi	573	26542
sokağında	573	26543
turda	573	26544
hareketlerin	573	26545
dank	573	26546
riskler	573	26547
zamanıydı	573	26548
vazgeçtin	573	26549
inanmazdım	573	26550
yasemin	573	26551
toksik	573	26552
teşrif	573	26553
istemiyordun	573	26554
unuttuğumu	573	26555
kupayı	573	26556
bağlıyım	572	26557
güveneyim	572	26558
zamanlaman	572	26559
gelmesinin	572	26560
ekibiyle	572	26561
saniyeden	572	26562
bekliyorlardı	572	26563
joxer	572	26564
kapsülü	572	26565
tanımış	572	26566
saygılarımı	572	26567
boynun	572	26568
yeşim	572	26569
tasarladım	572	26570
duyabilirsin	572	26571
atmanı	572	26572
kurtadam	572	26573
gülücük	572	26574
tembellik	572	26575
takılalım	572	26576
ağabeyini	572	26577
gao	572	26578
mutasyon	572	26579
ankesörlü	572	26580
edebileceğinden	572	26581
tulumu	572	26582
mouth	572	26583
rafe	572	26584
liverpool	572	26585
luigi	572	26586
şiddetin	572	26587
oturuyorlar	571	26588
göremeyeceğimi	571	26589
kamerayla	571	26590
kemiğini	571	26591
bulabildim	571	26592
teşekkürlerimi	571	26593
yerleştirildi	571	26594
engeli	571	26595
yukari	571	26596
tanıyamıyorum	571	26597
ihtimalleri	571	26598
nasılım	571	26599
çıkışında	571	26600
adim	571	26601
boynumu	571	26602
kullanayım	571	26603
kazandırıyor	571	26604
kutusundan	571	26605
bajor	571	26606
denetleme	571	26607
alamayacağım	571	26608
karakterleri	571	26609
fili	571	26610
bandaj	571	26611
geçirmemiz	571	26612
yağsız	571	26613
drive	571	26614
birinizi	571	26615
trafikte	571	26616
yürürüm	571	26617
anaokulu	571	26618
pencerede	571	26619
masraflar	571	26620
yıkar	571	26621
rızası	571	26622
mecburuz	571	26623
hayrete	570	26624
suçlarını	570	26625
derinlemesine	570	26626
göstermişti	570	26627
arkadaşlığımız	570	26628
istedigim	570	26629
değindin	570	26630
ülkemi	570	26631
omurga	570	26632
yaraladı	570	26633
ayırır	570	26634
belirlenmiş	570	26635
izlemem	570	26636
bulundular	570	26637
patent	570	26638
jeffries	570	26639
gelmeyeceksin	570	26640
lancelot	570	26641
michelangelo	570	26642
anladığı	570	26643
toplamam	570	26644
iznine	570	26645
bahsetmemiştin	570	26646
kaçmıştı	570	26647
filmlerinde	570	26648
yeneceğim	570	26649
takıntısı	570	26650
bağışlar	570	26651
çıkmışlar	570	26652
erkeklik	570	26653
vulcan	570	26654
içkisi	570	26655
çevresini	570	26656
fırtınaya	570	26657
anlayacaklar	570	26658
yapmamaya	570	26659
söylemediği	570	26660
şununla	570	26661
haklıysam	570	26662
gittiyse	570	26663
çalışmıyordu	570	26664
bertaraf	570	26665
okulları	570	26666
rosalie	570	26667
kaydedilmiş	570	26668
konuldu	569	26669
uyumuyor	569	26670
göğüslerine	569	26671
milimetre	569	26672
arzum	569	26673
sormamı	569	26674
yargılamıyorum	569	26675
korkardım	569	26676
ettiklerinde	569	26677
pudra	569	26678
oynamıyoruz	569	26679
sürecini	569	26680
altınları	569	26681
dozdan	569	26682
rüzgarda	569	26683
düşüneceğini	569	26684
karavana	569	26685
almazlar	569	26686
saklarım	569	26687
tenezzül	569	26688
cayır	569	26689
konoha	569	26690
şaşırmam	569	26691
şüphelisi	569	26692
warrick	569	26693
bilmediğiniz	568	26694
hıza	568	26695
vijay	568	26696
pazarları	568	26697
mantarı	568	26698
merminin	568	26699
nichols	568	26700
gülümsemesi	568	26701
devirmek	568	26702
acılarını	568	26703
best	568	26704
bitik	568	26705
yönlendiriyor	568	26706
akıntıya	568	26707
abuk	568	26708
helikopterle	568	26709
tanımayan	568	26710
kartıyla	568	26711
beklenmeyen	568	26712
affettim	568	26713
esen	568	26714
parçacıkları	568	26715
pahalıdır	568	26716
krista	568	26717
çıkartacağız	568	26718
sağlarız	568	26719
başlamaz	568	26720
yalnızdı	568	26721
uzaktasın	568	26722
sormayacak	568	26723
pınar	568	26724
mis	568	26725
içmiştim	568	26726
düşündüğünde	568	26727
öldürebilirdim	568	26728
hizmetçiler	568	26729
gerçekleştiğini	568	26730
uluslar	568	26731
üstünüze	568	26732
satılmış	568	26733
verdiğinden	568	26734
taslama	568	26735
yapılı	568	26736
evinizin	568	26737
tapınağın	568	26738
şaşırtıyor	568	26739
olamıyorsun	568	26740
imdi	568	26741
gözlükler	567	26742
küpü	567	26743
soyut	567	26744
yasaya	567	26745
özeldir	567	26746
kwon	567	26747
atmaktan	567	26748
koşucu	567	26749
ağırmış	567	26750
sahiplerinin	567	26751
doğma	567	26752
chavez	567	26753
kapmak	567	26754
mezarın	567	26755
pazartesiye	567	26756
sabıkalı	567	26757
kayan	567	26758
bae	567	26759
yabancıyla	567	26760
sayfalar	567	26761
did	567	26762
dayandı	567	26763
çalışmayacağım	567	26764
jfk	567	26765
ermiştir	567	26766
memurunu	567	26767
oranları	567	26768
değiştireceğini	567	26769
çalışmanız	567	26770
fizikçi	567	26771
ülkemize	567	26772
hizmetkar	567	26773
soydu	566	26774
kanıtlayan	566	26775
zihnim	566	26776
görmelerini	566	26777
karamsar	566	26778
kalktığında	566	26779
geçmenin	566	26780
buzda	566	26781
asher	566	26782
eşekherif	566	26783
kutlayacağız	566	26784
bolton	566	26785
meseleye	566	26786
söylemiyorlar	566	26787
takibi	566	26788
hizmetli	566	26789
kardeşliği	566	26790
gideni	566	26791
moody	566	26792
met	566	26793
farkındaydı	566	26794
damgası	566	26795
listemde	566	26796
vurduğun	566	26797
istemenin	566	26798
yıktı	566	26799
rengine	566	26800
sönük	566	26801
ete	566	26802
kesintisi	566	26803
sonundan	566	26804
yapmamın	566	26805
affedilemez	566	26806
başkanını	566	26807
gelmemeliydin	566	26808
dinleyici	566	26809
çarpışmaya	566	26810
mcqueen	566	26811
acımıyor	566	26812
kil	565	26813
çocuğuyla	565	26814
özetle	565	26815
aynısınız	565	26816
sete	565	26817
yapabilirdik	565	26818
dikmiş	565	26819
stüdyosu	565	26820
kavramı	565	26821
kesilecek	565	26822
günlerinden	565	26823
wild	565	26824
partisinden	565	26825
zorluğu	565	26826
oynayabiliriz	565	26827
gelebilirdi	565	26828
kaçırmışım	565	26829
üniformayı	565	26830
kötüleri	565	26831
imparatoriçe	565	26832
leanne	565	26833
araştırmam	565	26834
evdeydim	565	26835
koluma	565	26836
farmer	565	26837
girmeliyim	565	26838
ayrılmayacağım	565	26839
okşandı	565	26840
true	565	26841
türünü	565	26842
bulundukları	565	26843
başlarsan	565	26844
takmıştı	565	26845
cezalandırma	564	26846
oynadığımız	564	26847
gitmezdi	564	26848
bizleriz	564	26849
yardımcısıyım	564	26850
tabanı	564	26851
niki	564	26852
davranmalısın	564	26853
önerebilir	564	26854
katilinin	564	26855
olacaksan	564	26856
natalia	564	26857
gösterirsin	564	26858
toza	564	26859
bulsam	564	26860
takılma	564	26861
çekmeliyiz	564	26862
binerken	564	26863
gazi	564	26864
günümüzü	564	26865
beynimin	564	26866
patsy	564	26867
mülakat	564	26868
kestirmek	564	26869
grover	564	26870
onlarin	564	26871
gelmemeliydim	564	26872
canlarını	564	26873
olmadığıma	564	26874
kanaat	564	26875
atıyorsunuz	564	26876
hernandez	564	26877
unutacağım	564	26878
gönderiyorsun	564	26879
della	564	26880
söylememelisin	564	26881
yerlileri	564	26882
bölgelere	564	26883
arayacaklar	564	26884
sparky	564	26885
istakoz	564	26886
gerektiğinin	564	26887
karaciğeri	564	26888
ayıları	563	26889
anıt	563	26890
rütbe	563	26891
kısılmış	563	26892
çekimde	563	26893
kaçmadı	563	26894
geçerdi	563	26895
taşınıp	563	26896
ermeni	563	26897
salladı	563	26898
düşeceksin	563	26899
tanıştığımızı	563	26900
ayrıldığı	563	26901
ülkemde	563	26902
doğduğundan	563	26903
çalışmıyordum	563	26904
alakan	563	26905
bulunuyorsun	563	26906
teçhizat	563	26907
sivilce	563	26908
niyetimiz	563	26909
yaşanır	563	26910
kansere	563	26911
titriyorum	563	26912
almıyorlar	563	26913
tecavüzden	563	26914
değiştiriyoruz	563	26915
cezaevine	563	26916
hazırlanıyorlar	563	26917
haneli	563	26918
shim	563	26919
çayını	563	26920
katılırım	563	26921
benlik	563	26922
nassau	563	26923
giyeyim	563	26924
cihazına	563	26925
denizaşırı	563	26926
öldürdüğünde	563	26927
çıkartırım	563	26928
midye	563	26929
kışkırtıcı	563	26930
keza	562	26931
bilemezdim	562	26932
ernst	562	26933
güneybatı	562	26934
geçirmesine	562	26935
sonuçların	562	26936
yarabbi	562	26937
ithaf	562	26938
döküntü	562	26939
kutsaldır	562	26940
düzeltecek	562	26941
kalsaydı	562	26942
eylemleri	562	26943
richter	562	26944
agatha	562	26945
ölümleri	562	26946
fıstığı	562	26947
toplantıları	562	26948
dayanamadı	562	26949
alacağına	562	26950
sabrımı	562	26951
zincirinin	562	26952
eşleşti	562	26953
torbaya	562	26954
kızınıza	562	26955
savaşıyorum	562	26956
alkışlayalım	562	26957
basınca	562	26958
yoğunluğu	561	26959
yıldıza	561	26960
geriyor	561	26961
inanıp	561	26962
partilerde	561	26963
sikerler	561	26964
bermuda	561	26965
yazardı	561	26966
ışınları	561	26967
çevirisi	561	26968
geçersin	561	26969
pavel	561	26970
benimkinde	561	26971
teşhir	561	26972
cortez	561	26973
kayık	561	26974
mayer	561	26975
kısmet	561	26976
oylamaya	561	26977
iyileştirme	561	26978
vurmam	561	26979
yarışmak	561	26980
zenginim	561	26981
çaresini	561	26982
eşinizi	561	26983
ifadeler	561	26984
sevmesi	561	26985
kızak	561	26986
adriana	561	26987
şahidi	561	26988
hang	561	26989
yüksekti	561	26990
marisa	561	26991
vakada	561	26992
heyecanlandırıyor	561	26993
korkutur	561	26994
gördüklerimi	561	26995
dougal	561	26996
kararınız	561	26997
saçlarına	561	26998
hazırlamam	561	26999
raquel	561	27000
verseniz	561	27001
adamlarıyla	561	27002
hampton	560	27003
wellington	560	27004
bozdum	560	27005
yükselmiş	560	27006
babamda	560	27007
müzisyenler	560	27008
zümrüt	560	27009
rahatlattı	560	27010
raund	560	27011
yarasalar	560	27012
gitmediği	560	27013
çekiyorsunuz	560	27014
düşünürsünüz	560	27015
girebiliriz	560	27016
dolacak	560	27017
tampa	560	27018
yeşili	560	27019
kötülükten	560	27020
rizzoli	560	27021
georgina	560	27022
acıtır	560	27023
trenler	560	27024
konuşursam	560	27025
roxanne	560	27026
görmenizi	560	27027
minnie	560	27028
hanımefendinin	560	27029
zamanımın	560	27030
çizimler	560	27031
kuzeyli	560	27032
etseydi	560	27033
krizine	560	27034
korkusuyla	560	27035
savaştık	560	27036
garret	560	27037
bozulmamış	560	27038
buy	560	27039
dinliyorsunuz	559	27040
izlediği	559	27041
organı	559	27042
konforlu	559	27043
yanıtı	559	27044
şen	559	27045
axe	559	27046
tavsiyene	559	27047
derinin	559	27048
duracağını	559	27049
döneme	559	27050
çanlar	559	27051
koyarlar	559	27052
inden	559	27053
yıkılıyor	559	27054
umarim	559	27055
ciğeri	559	27056
bloğu	559	27057
yalın	559	27058
konuşsam	559	27059
iblisi	559	27060
brighton	559	27061
sürgüne	559	27062
lost	559	27063
bulunmaya	559	27064
puf	559	27065
başlamasına	559	27066
tüccarı	559	27067
tell	559	27068
oyuncunun	559	27069
boruları	559	27070
away	558	27071
penguenler	558	27072
katılman	558	27073
edinmiş	558	27074
janey	558	27075
özürlerimi	558	27076
kaykay	558	27077
qi	558	27078
vaktimizi	558	27079
çamurlu	558	27080
bırakmıştır	558	27081
yenilmezler	558	27082
inandırmak	558	27083
tanrımız	558	27084
some	558	27085
zamanlarını	558	27086
kıyıda	558	27087
yurttaş	558	27088
yapımında	558	27089
akut	558	27090
kilitlenmiş	558	27091
gördüğümüzde	558	27092
görebileceği	558	27093
adımla	558	27094
mirasını	558	27095
sümük	558	27096
andırıyor	558	27097
kaydın	558	27098
nüfuz	558	27099
dam	558	27100
koymalısın	558	27101
çevreleyen	558	27102
asırlar	557	27103
kızardı	557	27104
duyana	557	27105
ölenler	557	27106
kastetmemiştim	557	27107
yüzüğümü	557	27108
duyulacak	557	27109
ermiş	557	27110
çıkartıyorum	557	27111
nedeninin	557	27112
juice	557	27113
kontrolümü	557	27114
uçtum	557	27115
starling	557	27116
selim	557	27117
etmesinden	557	27118
kuvvetle	557	27119
istediğime	557	27120
titanik	557	27121
sıklıkta	557	27122
serbestsin	557	27123
yardımların	557	27124
psikiyatr	557	27125
osaka	557	27126
şarapnel	557	27127
zeminde	557	27128
ustaca	557	27129
yanma	557	27130
üzme	557	27131
dileyeceğim	557	27132
bubba	557	27133
göremedik	557	27134
çeteye	557	27135
santimlik	557	27136
göndermişti	557	27137
tüneller	557	27138
verilmez	557	27139
bekliyordunuz	557	27140
yapmamanı	557	27141
mızmız	556	27142
sevimlisin	556	27143
uçarken	556	27144
lezzet	556	27145
yağdı	556	27146
yetimhaneye	556	27147
anlatsın	556	27148
balığını	556	27149
bozmayın	556	27150
cepheye	556	27151
gelemiyor	556	27152
ae	556	27153
kurallarımız	556	27154
eklem	556	27155
kalmamızı	556	27156
ışıkla	556	27157
barker	556	27158
alışığım	556	27159
doydum	556	27160
yaktılar	556	27161
sürecin	556	27162
mahalleden	556	27163
uyumuş	556	27164
laurent	556	27165
gözüküyorum	556	27166
hareketlerine	556	27167
yıldönümümüz	556	27168
arkadaşlarımızı	555	27169
hayatlarında	555	27170
delilah	555	27171
düşünmüştür	555	27172
koltukları	555	27173
hoşumuza	555	27174
daya	555	27175
lazımsa	555	27176
gelmekte	555	27177
kandırıp	555	27178
kauçuk	555	27179
gösterimi	555	27180
çalışmama	555	27181
modelini	555	27182
formunda	555	27183
zamansız	555	27184
yatalım	555	27185
hattında	555	27186
martine	555	27187
mahallini	555	27188
gitmese	555	27189
sulara	555	27190
boss	555	27191
onlardı	555	27192
sıkıcıydı	555	27193
kapıldın	555	27194
sox	555	27195
dünyasından	555	27196
duası	555	27197
veriyi	555	27198
evraklarını	555	27199
oval	555	27200
bakıyorduk	555	27201
programlar	555	27202
larkin	555	27203
ipuçlarını	555	27204
sustur	555	27205
gerçekse	555	27206
dinlemedim	555	27207
devler	555	27208
genelev	555	27209
yakut	555	27210
nashville	555	27211
karşılaştığımızda	554	27212
evliydi	554	27213
saber	554	27214
tekniğini	554	27215
samanlıkta	554	27216
yardımlarınız	554	27217
düğmeyi	554	27218
amacınız	554	27219
çavuşum	554	27220
eşiğine	554	27221
yaşadığınızı	554	27222
bulamayacağız	554	27223
ailenize	554	27224
yıidır	554	27225
sözcükleri	554	27226
çatıyı	554	27227
içtiğim	554	27228
dokunamazsın	554	27229
içebiliriz	554	27230
baca	554	27231
kıyafetlerim	554	27232
boğmaya	554	27233
voleybol	554	27234
görebildin	554	27235
gülüyorsunuz	554	27236
bizce	554	27237
kaslarını	554	27238
dernek	554	27239
bilelim	554	27240
talebinde	554	27241
nah	554	27242
crawley	554	27243
üyelik	554	27244
cannon	554	27245
çizgisini	554	27246
mücadeleyi	554	27247
bereketli	554	27248
kefaret	554	27249
kurtulmalıyız	554	27250
iyisinin	554	27251
bahsedeyim	554	27252
kilitledim	554	27253
bırakmaktan	554	27254
çığlıklarını	554	27255
takımla	553	27256
kayıtlarından	553	27257
ısrarla	553	27258
swift	553	27259
abbie	553	27260
gelmekle	553	27261
hazırsan	553	27262
pompalı	553	27263
kadınmış	553	27264
titreyen	553	27265
westen	553	27266
yakayı	553	27267
dayanacak	553	27268
enkazı	553	27269
ilgilendim	553	27270
önünüze	553	27271
annabelle	553	27272
mağazanın	553	27273
driscoll	553	27274
kılacak	553	27275
düşündüğüne	553	27276
demiyorsun	553	27277
va	553	27278
matematiği	553	27279
medyaya	553	27280
bulanmış	553	27281
dekorasyon	553	27282
cevabımı	553	27283
çantama	553	27284
tutmamı	553	27285
eğilimli	553	27286
zannetmiştim	553	27287
sanatlar	553	27288
ajanların	553	27289
konuşmamıza	553	27290
yetkiye	553	27291
denilebilir	553	27292
dedektifin	553	27293
pervane	553	27294
raporun	553	27295
sayfasını	553	27296
kurtarması	553	27297
abimi	553	27298
isyancılar	553	27299
mermisi	552	27300
çocuklarımla	552	27301
ulaş	552	27302
estelle	552	27303
gururunu	552	27304
killian	552	27305
suçumuz	552	27306
atmıştım	552	27307
umutlarını	552	27308
yukarısında	552	27309
yasakladı	552	27310
sorduğunu	552	27311
şaşırdı	552	27312
konuştuğumuzda	552	27313
andi	552	27314
kavram	552	27315
yönünden	552	27316
cebimden	552	27317
birliğe	552	27318
hüsrana	552	27319
işlemez	552	27320
anlamadınız	552	27321
olmuyordu	552	27322
çalıştırıyor	552	27323
silahlarımızı	552	27324
deposunda	552	27325
çizgide	552	27326
kıpırdamadan	552	27327
canlandı	552	27328
açtığın	552	27329
denemiş	551	27330
chaz	551	27331
kırbaç	551	27332
sarılma	551	27333
jp	551	27334
rika	551	27335
sigaraya	551	27336
kazığa	551	27337
değiştirerek	551	27338
bunlari	551	27339
yates	551	27340
bazısı	551	27341
nekadar	551	27342
katılmanı	551	27343
videosunu	551	27344
etmezseniz	551	27345
bilmeliyiz	551	27346
yakalamamız	551	27347
lekeler	551	27348
boynunun	551	27349
kafeye	551	27350
soğukkanlılıkla	551	27351
reich	551	27352
endişelerim	551	27353
seçeneğiniz	551	27354
yıldızlardan	551	27355
momo	551	27356
kapatıyorsun	551	27357
geçmemiş	551	27358
dışarıyı	551	27359
yüzyıldan	551	27360
tornavida	551	27361
ilerledikçe	551	27362
erika	551	27363
taktığını	551	27364
yanılıyorsam	551	27365
manşet	551	27366
çerçevesinde	551	27367
arıyorsanız	551	27368
yükleniyor	551	27369
gökte	551	27370
üssün	551	27371
vadinin	551	27372
beteri	551	27373
ayağımın	551	27374
kocanıza	551	27375
karanlığında	551	27376
dame	551	27377
besle	551	27378
konuşulacak	551	27379
tamiri	551	27380
yatacaksın	551	27381
dönmedim	550	27382
isterdik	550	27383
merdivenlerin	550	27384
kapasitesi	550	27385
liderler	550	27386
hendrix	550	27387
pilotlar	550	27388
annelerinin	550	27389
yakalamalıyız	550	27390
yabancıya	550	27391
keşfe	550	27392
england	550	27393
miki	550	27394
dostumdu	550	27395
nehirler	550	27396
videoda	550	27397
kalırsanız	550	27398
utanmıyorum	550	27399
galaktik	550	27400
dişinin	550	27401
tepeleri	550	27402
liderliği	550	27403
takılacağım	550	27404
valiz	550	27405
takılacak	550	27406
nonoş	550	27407
yüzünüze	550	27408
ağzımda	550	27409
olacağının	550	27410
kaynar	550	27411
field	550	27412
dönmüyorum	550	27413
ezici	550	27414
durmalıyız	550	27415
açmayın	550	27416
oturduk	550	27417
enron	550	27418
aydın	550	27419
açıldığını	550	27420
fisk	550	27421
aması	550	27422
unutacak	550	27423
ronny	550	27424
dedesi	550	27425
yayınlanacak	550	27426
durumumuzu	550	27427
öldürmeliyim	550	27428
şanslıysak	550	27429
bağışı	550	27430
karbondioksit	549	27431
mikhail	549	27432
yapacakmış	549	27433
anlatmayacağım	549	27434
kıpkırmızı	549	27435
söyleyeceksen	549	27436
rotası	549	27437
katkısı	549	27438
cellat	549	27439
kökünden	549	27440
başkalarından	549	27441
yardimci	549	27442
editörü	549	27443
com	549	27444
hazırlamıştım	549	27445
yakıcı	549	27446
dibinden	549	27447
demekse	549	27448
orospular	549	27449
köpeklerden	549	27450
normaldi	549	27451
pine	549	27452
izlerinin	549	27453
damardan	549	27454
servetini	549	27455
kokaini	549	27456
hıh	549	27457
kanıtladın	549	27458
silindir	549	27459
aşağısına	549	27460
stok	549	27461
wesen	549	27462
ağızlı	549	27463
gülü	549	27464
dinsel	549	27465
eşyalarının	549	27466
robby	549	27467
emredin	549	27468
scarlet	549	27469
buckingham	549	27470
zarı	549	27471
öldüremem	549	27472
doğruluğunu	549	27473
bessie	549	27474
görüştüğün	549	27475
waldorf	549	27476
yönleri	549	27477
kaldığına	549	27478
taksiyi	548	27479
uçma	548	27480
neresinden	548	27481
vermişlerdi	548	27482
bağlarını	548	27483
haplarını	548	27484
dudaklarım	548	27485
bahanesi	548	27486
fairfax	548	27487
körüne	548	27488
connors	548	27489
kırıyorsun	548	27490
bono	548	27491
kuruluş	548	27492
ikamet	548	27493
oturmam	548	27494
sıçtın	548	27495
uydurmak	548	27496
bırakırdım	548	27497
duygularına	548	27498
yarattığını	548	27499
kurabiliriz	548	27500
burjuva	548	27501
zulüm	548	27502
başmüfettiş	548	27503
ölümüm	548	27504
söyleyebileceğin	548	27505
ötesini	548	27506
kalıntı	548	27507
parola	548	27508
hükümetten	548	27509
düzenledim	548	27510
işlemlerini	548	27511
şansının	548	27512
pacific	548	27513
diliyoruz	547	27514
başlarını	547	27515
kıtlık	547	27516
ölmen	547	27517
çoraplarını	547	27518
umurumuzda	547	27519
ödeyemem	547	27520
yataklık	547	27521
üyesini	547	27522
sağlığım	547	27523
köri	547	27524
mutasyona	547	27525
hadii	547	27526
kaybedince	547	27527
pu	547	27528
oynayabilirsin	547	27529
viagra	547	27530
bifteği	547	27531
resimli	547	27532
lsd	547	27533
rüzgarlı	547	27534
forbes	547	27535
farkındasınız	547	27536
kusuru	547	27537
lung	547	27538
çıkarırsın	547	27539
koşulda	547	27540
uyuyup	547	27541
sandığınız	547	27542
bağırır	547	27543
hırsızlıktan	547	27544
noble	547	27545
asteğmen	547	27546
sayımız	547	27547
arkadaşsınız	546	27548
şekiller	546	27549
yolladığı	546	27550
adresimi	546	27551
çökecek	546	27552
öylesi	546	27553
prometheus	546	27554
dükkanının	546	27555
eyes	546	27556
durumdur	546	27557
olmuşumdur	546	27558
teknisyen	546	27559
önemsediğim	546	27560
kurak	546	27561
glass	546	27562
torbaları	546	27563
vinç	546	27564
aygır	546	27565
oluşturacak	546	27566
başımayım	546	27567
baltayı	546	27568
üçkağıtçı	546	27569
bitirmeliyiz	546	27570
oturmayı	546	27571
oldugumu	546	27572
tepkiler	546	27573
revirde	546	27574
ölülerle	546	27575
dahiyane	546	27576
gömleğin	546	27577
hubble	546	27578
cadaloz	546	27579
kostümünü	546	27580
kendimizden	546	27581
okumanı	546	27582
içeceksin	546	27583
takmaya	546	27584
indirme	546	27585
asmış	546	27586
napoleon	546	27587
çıkarı	546	27588
saklayan	546	27589
içiyordum	546	27590
getirsene	546	27591
uğrunda	546	27592
duygularının	546	27593
boşaldı	545	27594
demet	545	27595
ayarlayalım	545	27596
elanna	545	27597
center	545	27598
beğendiğini	545	27599
inatçısın	545	27600
bulurdum	545	27601
seksiydi	545	27602
üretilmiş	545	27603
metni	545	27604
kimisi	545	27605
anıtı	545	27606
başlıklı	545	27607
denemem	545	27608
öpüyorum	545	27609
hell	545	27610
bulantısı	545	27611
zevkine	545	27612
deposuna	545	27613
alınmadım	545	27614
bittik	545	27615
göndermişler	545	27616
ediliyordu	545	27617
alerjik	545	27618
yokuş	545	27619
hindu	545	27620
figürü	545	27621
mafyası	545	27622
sözlerle	545	27623
çıkartıyorsun	545	27624
ilgilendiğim	545	27625
kızından	545	27626
bölgelerinde	545	27627
kron	545	27628
kılıcım	545	27629
ödenmiş	545	27630
merkür	544	27631
kazanman	544	27632
rahatlatır	544	27633
helene	544	27634
sağı	544	27635
mahvetmesine	544	27636
lisansı	544	27637
gözüktü	544	27638
yenebilir	544	27639
seyretmeye	544	27640
üncü	544	27641
kağıdın	544	27642
haçlı	544	27643
bahsetmiyor	544	27644
tarihleri	544	27645
fakültesinde	544	27646
öğretmene	544	27647
ebe	544	27648
engelleme	544	27649
port	544	27650
başaracağım	544	27651
kızdırdı	544	27652
davranamazsın	544	27653
ceketim	544	27654
omaha	544	27655
elçilik	544	27656
chae	544	27657
buluştum	544	27658
johann	543	27659
korra	543	27660
buluştu	543	27661
uyanma	543	27662
burcu	543	27663
okuyabiliyorum	543	27664
them	543	27665
korumasız	543	27666
kuruşuna	543	27667
kekleri	543	27668
fişeği	543	27669
spring	543	27670
kanları	543	27671
düşmesine	543	27672
kekler	543	27673
element	543	27674
oyununun	543	27675
gösterirsen	543	27676
bakımını	543	27677
karşılaştırma	543	27678
teyla	543	27679
giysisi	543	27680
ailemde	543	27681
alabalık	543	27682
unutabilirsin	543	27683
fareyi	543	27684
ihraç	543	27685
korkularını	543	27686
sayılıyor	543	27687
yayıyor	543	27688
yalana	543	27689
bırakmayacağız	543	27690
edilirse	542	27691
onarmak	542	27692
çalışmayacak	542	27693
düşmüştür	542	27694
tech	542	27695
tımarhaneye	542	27696
kararlıyım	542	27697
filmim	542	27698
oynarsan	542	27699
kocanızla	542	27700
benimkilerden	542	27701
yıllarımı	542	27702
waldo	542	27703
yıllarında	542	27704
koleji	542	27705
özlemiş	542	27706
çizdin	542	27707
düşünebiliriz	542	27708
ilaca	542	27709
iddialı	542	27710
gerçekleşmesini	542	27711
bülteni	542	27712
seçebilirsin	542	27713
araplar	542	27714
deliriyorum	542	27715
derecelik	542	27716
arlo	542	27717
öğretiyorum	542	27718
kullanmamız	542	27719
geçirmesini	542	27720
rastladık	542	27721
insancıl	542	27722
gandhi	542	27723
ettiğimizde	542	27724
içecekler	542	27725
köpeklerle	542	27726
kaynağının	542	27727
belfast	542	27728
beceremedim	542	27729
insanda	542	27730
paylaş	542	27731
göçmenler	542	27732
bahsetmiştin	542	27733
merkezdeki	542	27734
karşıda	542	27735
yarışında	542	27736
kuruyoruz	541	27737
havuzunda	541	27738
umumi	541	27739
açabiliriz	541	27740
koymuştu	541	27741
dönsen	541	27742
bırakılan	541	27743
batırdı	541	27744
çalışsam	541	27745
görüştünüz	541	27746
avm	541	27747
uğradığı	541	27748
köpekten	541	27749
yendin	541	27750
gregor	541	27751
konuşamayız	541	27752
paketin	541	27753
olmasi	541	27754
duyarsız	541	27755
öğrenmeni	541	27756
sattığı	541	27757
aşağısındaki	541	27758
rohit	541	27759
planlamış	541	27760
fuhuş	541	27761
salonundan	541	27762
maraton	541	27763
önceye	541	27764
sevmesini	541	27765
dostumun	541	27766
benimkiyle	541	27767
temasta	541	27768
mahvolduk	541	27769
geçişi	541	27770
kaybetmem	541	27771
gittiğinizde	541	27772
dizlerini	541	27773
pretty	541	27774
tj	541	27775
ikın	541	27776
pepe	541	27777
mango	541	27778
inn	541	27779
alabileceğin	541	27780
kaydetti	541	27781
mesleğin	541	27782
glory	541	27783
bindin	541	27784
söylediğinin	540	27785
çayın	540	27786
evlisiniz	540	27787
görürdü	540	27788
malların	540	27789
uyarım	540	27790
öğrenirsem	540	27791
göndermem	540	27792
niyetle	540	27793
ilerlemiş	540	27794
getirmemiz	540	27795
piçleri	540	27796
ekg	540	27797
yakalandık	540	27798
maçları	540	27799
branch	540	27800
kurtaramazsın	540	27801
kazandılar	540	27802
aydınlanma	540	27803
sahra	540	27804
inanıyordum	540	27805
ekranı	540	27806
dişlerim	540	27807
judd	540	27808
biliyormusunuz	540	27809
getirmiyorsun	540	27810
kabiliyeti	540	27811
lassiter	540	27812
sürmesi	540	27813
çıkacaklar	540	27814
etmede	540	27815
eşyalarına	540	27816
wilma	540	27817
anlarsa	540	27818
mussolini	540	27819
gelmezler	540	27820
vurayım	540	27821
pearce	540	27822
ayki	540	27823
kanunen	540	27824
duyamıyor	539	27825
babadan	539	27826
tatilin	539	27827
zurna	539	27828
hastalıkta	539	27829
güldürme	539	27830
samaritan	539	27831
kazasından	539	27832
dileyeceksin	539	27833
javi	539	27834
ramen	539	27835
camden	539	27836
armand	539	27837
hıyarın	539	27838
ofisindeki	539	27839
kararıyor	539	27840
yenildi	539	27841
paraşütle	539	27842
istemeyecek	539	27843
kalmaları	539	27844
yetiştirdi	539	27845
deste	539	27846
halindeki	539	27847
birleşmesi	539	27848
duvarını	539	27849
bere	539	27850
gul	539	27851
parkına	539	27852
kurula	539	27853
yabancıları	539	27854
imkansızdı	539	27855
insanlarına	539	27856
kaybedenler	539	27857
pikniğe	539	27858
marangoz	539	27859
dalgalı	539	27860
uğraşıyorlar	539	27861
sahipsiz	539	27862
hatırlatan	539	27863
köklü	539	27864
kapım	538	27865
uyanmadan	538	27866
kaybettiğinde	538	27867
dodd	538	27868
girişe	538	27869
ödeyip	538	27870
düşünmüyoruz	538	27871
ısınmaya	538	27872
kravatı	538	27873
çalıların	538	27874
girişiminde	538	27875
dönmüştüm	538	27876
döven	538	27877
batarya	538	27878
çalmasını	538	27879
özeti	538	27880
hayatınıza	538	27881
vaktinin	538	27882
hun	538	27883
uzaklaştırın	538	27884
doggett	538	27885
değiştiriyorsun	538	27886
reklamlar	538	27887
faal	538	27888
vadiye	538	27889
imzalamış	538	27890
sorduğu	538	27891
olaf	538	27892
kırılmıştı	538	27893
edenin	538	27894
batıdan	538	27895
başkanına	538	27896
başkentte	538	27897
atına	538	27898
yönlendirmek	538	27899
yenilerini	538	27900
lecter	538	27901
tuzağına	538	27902
yaşamları	538	27903
vardiyası	538	27904
değerinin	538	27905
yorgunluk	538	27906
randevuda	538	27907
fahişeye	538	27908
fişekleri	538	27909
merrick	538	27910
lotte	538	27911
mari	537	27912
sülfür	537	27913
yolculuktan	537	27914
asılıyor	537	27915
edeceklerdir	537	27916
mezarında	537	27917
sıçıp	537	27918
uykusuzluk	537	27919
konuştular	537	27920
aşığı	537	27921
ısısı	537	27922
üyelerine	537	27923
sandalyeden	537	27924
birinize	537	27925
güpegündüz	537	27926
pistine	537	27927
lockwood	537	27928
falcı	537	27929
skoru	537	27930
poole	537	27931
artışı	537	27932
gülümsemeyi	537	27933
anakin	537	27934
yediğimi	537	27935
gelgit	537	27936
porsiyon	537	27937
lennon	537	27938
değiştirmen	537	27939
uşağı	537	27940
gösterebilirsin	537	27941
zihnimde	537	27942
yıkayıp	537	27943
kılavuzu	537	27944
uğraşmam	537	27945
avustralyalı	537	27946
koyman	537	27947
efendileri	537	27948
emrim	537	27949
gizlemeye	537	27950
olucam	537	27951
kapakları	537	27952
hamburg	537	27953
kumsal	537	27954
fal	537	27955
traktör	537	27956
avantajlı	536	27957
dilemeliyim	536	27958
yiyeceğini	536	27959
uyduruyor	536	27960
inki	536	27961
haklıydınız	536	27962
bulunup	536	27963
farkındaydım	536	27964
kefaletini	536	27965
cy	536	27966
olmayalım	536	27967
şehirlerde	536	27968
destekleyici	536	27969
felipe	536	27970
hermes	536	27971
borgia	536	27972
çattı	536	27973
mektubumu	536	27974
deneyleri	536	27975
ayrılmıştı	536	27976
terimi	536	27977
sevdik	536	27978
şansla	536	27979
okullara	536	27980
dövmeye	536	27981
dram	536	27982
şempanze	536	27983
döşeme	536	27984
operatör	536	27985
severek	536	27986
başlamasını	536	27987
verildiği	536	27988
taşındın	536	27989
gelmiyorlar	536	27990
büyükbabası	536	27991
koruyordu	536	27992
olamayacağımı	536	27993
vuracağız	536	27994
işlendiği	536	27995
yetiştirdim	536	27996
çalmadı	536	27997
göreceğin	536	27998
bahsedeceğim	536	27999
pa	536	28000
içebilirsin	535	28001
düzenleyen	535	28002
çalışmadın	535	28003
avlar	535	28004
motorunu	535	28005
osmanlı	535	28006
soprano	535	28007
itibarı	535	28008
kaybet	535	28009
ayırttım	535	28010
lew	535	28011
harikaydınız	535	28012
aynayı	535	28013
melody	535	28014
dünyan	535	28015
pizzacı	535	28016
öldürtmek	535	28017
langston	535	28018
yolundaydı	535	28019
pastırması	535	28020
yüzyıla	535	28021
kullanmıyoruz	535	28022
evlerinize	535	28023
oniki	535	28024
büyüdüğü	535	28025
bufalo	535	28026
balayına	535	28027
yatırmak	535	28028
düşüncesine	535	28029
kimyasallar	535	28030
yarattık	535	28031
tadilat	535	28032
tabutun	535	28033
yaklaşmaya	535	28034
shogun	535	28035
kuruluna	535	28036
maymunun	535	28037
proctor	535	28038
marple	535	28039
kullanmanı	535	28040
fong	534	28041
kıyısı	534	28042
sormuştu	534	28043
itsuka	534	28044
kaçacağız	534	28045
uçaktaki	534	28046
provenza	534	28047
çekmenin	534	28048
tercihen	534	28049
arttırma	534	28050
ücra	534	28051
cemaat	534	28052
uzanmış	534	28053
şirketteki	534	28054
geçirmiştim	534	28055
çıkarmasını	534	28056
bakışlar	534	28057
mortgage	534	28058
crews	534	28059
ınki	534	28060
rouge	534	28061
hazırlanırken	534	28062
kalkmam	534	28063
göstermeme	534	28064
yaptıklarımın	534	28065
davranması	534	28066
projesini	534	28067
balkondan	534	28068
yaparlardı	534	28069
finley	534	28070
yüzüğüm	534	28071
sunumu	534	28072
kaydettik	534	28073
tutarlar	533	28074
çitin	533	28075
gelmesinden	533	28076
kilitliydi	533	28077
gemisinden	533	28078
çarşafları	533	28079
türkler	533	28080
ailecek	533	28081
polisini	533	28082
kimsesiz	533	28083
metrede	533	28084
verdiyse	533	28085
berbattır	533	28086
ateşler	533	28087
küplere	533	28088
yönetimin	533	28089
yanları	533	28090
boydan	533	28091
bakardı	533	28092
sonla	533	28093
anlattıkları	533	28094
evlenmem	533	28095
sandığını	533	28096
kasetler	533	28097
been	533	28098
üstündeydi	533	28099
judah	533	28100
moretti	533	28101
görüşmeliyim	533	28102
rüyasını	533	28103
ar	533	28104
batısında	533	28105
uyumsuz	533	28106
çekicisin	533	28107
diyip	533	28108
verilmeli	533	28109
araştırmanın	533	28110
annette	532	28111
topluyoruz	532	28112
kaldıktan	532	28113
karşılarım	532	28114
değişimin	532	28115
kaynağımız	532	28116
aktarma	532	28117
yatakları	532	28118
yaptin	532	28119
işadamı	532	28120
mutfaktaki	532	28121
halletsin	532	28122
arturo	532	28123
annemde	532	28124
cemiyeti	532	28125
gunnar	532	28126
çıkışlar	532	28127
tıkırında	532	28128
izliyorduk	532	28129
ayrıldığımda	532	28130
ürkek	532	28131
yakalanması	532	28132
gibidirler	532	28133
paylaşacağız	532	28134
izlemesi	532	28135
ruthie	532	28136
devin	532	28137
kamui	532	28138
solunda	532	28139
federasyonu	532	28140
küller	532	28141
gizemini	532	28142
koyamazsın	532	28143
nerelisiniz	532	28144
servisine	532	28145
kaçırdığın	532	28146
doğasını	532	28147
arıları	532	28148
taşınacak	532	28149
otoparka	532	28150
değerlendirmesi	532	28151
köleleri	531	28152
silahınızı	531	28153
moray	531	28154
botlar	531	28155
takıldık	531	28156
peck	531	28157
geçmeme	531	28158
kanamaya	531	28159
istemiştik	531	28160
etkilemez	531	28161
babasız	531	28162
çırak	531	28163
gecedir	531	28164
isteklerine	531	28165
eserlerini	531	28166
peşlerine	531	28167
göstermeden	531	28168
saatli	531	28169
priscilla	531	28170
tezgah	531	28171
almadılar	531	28172
mimari	531	28173
kylie	531	28174
emery	531	28175
kestirmeden	531	28176
sıcaktan	531	28177
öğrettiler	531	28178
centauri	531	28179
atlayacak	531	28180
ismine	531	28181
three	531	28182
mace	531	28183
parçalayıp	531	28184
yenemezsin	531	28185
sutter	530	28186
bulmuştuk	530	28187
kaybetmeyin	530	28188
irkçı	530	28189
mad	530	28190
kulenin	530	28191
porselen	530	28192
okuduğu	530	28193
tesekkurler	530	28194
radha	530	28195
burbon	530	28196
hissettiğinizi	530	28197
durduğum	530	28198
seçerdim	530	28199
pişirdim	530	28200
gerekçesi	530	28201
sevindin	530	28202
yazdınız	530	28203
seviyeleri	530	28204
müdürünün	530	28205
katıldığı	530	28206
göklere	530	28207
jeolojik	530	28208
haklıymışım	530	28209
tin	530	28210
crais	530	28211
balıklı	530	28212
yayınladı	530	28213
hediyemi	530	28214
zorlukları	530	28215
tracey	530	28216
şeyimizi	530	28217
korkulacak	530	28218
kulübesine	530	28219
senaryosu	530	28220
sinbad	530	28221
kaldi	530	28222
mutfağın	530	28223
dokunuş	530	28224
müvekkiliniz	530	28225
acımı	530	28226
gönderirler	530	28227
görebileceğiniz	530	28228
çekiliyorum	530	28229
hassastır	530	28230
hünkar	530	28231
çantalar	529	28232
gemini	529	28233
kavgada	529	28234
frengi	529	28235
musevi	529	28236
görüşmenin	529	28237
temizledi	529	28238
demesini	529	28239
babamızı	529	28240
graves	529	28241
süresini	529	28242
banyodan	529	28243
robertson	529	28244
üçümüzün	529	28245
sıkılmaya	529	28246
oturayım	529	28247
davranmıyorsun	529	28248
silahşör	529	28249
huzursuzluk	529	28250
vermezse	529	28251
ortağımı	529	28252
annelerin	529	28253
taşıması	529	28254
planladın	529	28255
üne	529	28256
amansız	529	28257
kokuyorum	529	28258
heyecanlıyız	529	28259
göstermesini	529	28260
yaramazlar	529	28261
katılmıyorsun	529	28262
yenmiş	529	28263
fahişeleri	529	28264
bahçedeki	529	28265
söylemenizi	529	28266
kaçıyoruz	529	28267
zamani	529	28268
gözlerimiz	529	28269
etkileyebilir	529	28270
uymayan	529	28271
döverim	529	28272
cipsi	529	28273
hua	529	28274
yamyam	529	28275
görüşmesine	529	28276
anlamamı	529	28277
kurtarmamız	529	28278
bastırılmış	529	28279
çekiçle	529	28280
toprakların	529	28281
speed	528	28282
tart	528	28283
iman	528	28284
yatağından	528	28285
tedavisine	528	28286
övgüyü	528	28287
adamlarımızı	528	28288
kovalıyor	528	28289
jt	528	28290
ilişkilerin	528	28291
açarsın	528	28292
patronla	528	28293
dakikayı	528	28294
kılıcımı	528	28295
saymayı	528	28296
geçirmeden	528	28297
küçüksün	528	28298
shore	528	28299
bavulunu	528	28300
fail	528	28301
lapa	528	28302
kıtır	528	28303
savunmasını	528	28304
bulunmuştu	528	28305
mobilyaları	528	28306
veletler	528	28307
medici	528	28308
ödedik	528	28309
çıkışta	528	28310
ballı	528	28311
sergisi	528	28312
seoul	528	28313
hagen	528	28314
birşeylerin	528	28315
resmim	528	28316
fnakbar	528	28317
atardım	528	28318
ışığının	527	28319
tatlıya	527	28320
kuvvetlerinin	527	28321
affetsin	527	28322
evlenemem	527	28323
çimleri	527	28324
ülkesinde	527	28325
şoförüm	527	28326
açılmak	527	28327
hizli	527	28328
konuştuğumda	527	28329
kapılıyorum	527	28330
sorumluluğumda	527	28331
bataklığa	527	28332
yapsaydı	527	28333
cao	527	28334
asılmış	527	28335
nunla	527	28336
rut	527	28337
idaho	527	28338
gözardı	527	28339
okuyabilirim	527	28340
pervasız	527	28341
nci	527	28342
kurtardığı	527	28343
aşçılık	527	28344
türlerin	527	28345
fleischman	527	28346
çekini	527	28347
odalarda	527	28348
martı	527	28349
kemiğe	527	28350
hastalarım	527	28351
cinayetinin	527	28352
temizlerken	527	28353
düşünmeniz	527	28354
aldırmayın	527	28355
venezuela	527	28356
uykunda	527	28357
performansını	527	28358
earp	527	28359
adımlarla	527	28360
yitirdim	527	28361
yolladık	527	28362
parçacıklar	526	28363
butun	526	28364
vermezsem	526	28365
sildi	526	28366
yüzümüze	526	28367
jutsu	526	28368
beğenirsin	526	28369
sadakatini	526	28370
sürücünün	526	28371
adayları	526	28372
havluyu	526	28373
atmayın	526	28374
turneye	526	28375
başarılıydı	526	28376
değiştirmemiz	526	28377
yumrukla	526	28378
kızınızla	526	28379
ekipten	526	28380
aştık	526	28381
kızdığını	526	28382
boğmak	526	28383
ısmarlamak	526	28384
mısırlı	526	28385
üzüldün	526	28386
hırsızların	526	28387
kalabileceğini	526	28388
yönlendir	526	28389
çekmemiz	526	28390
umutları	526	28391
adresleri	526	28392
gelemiyorum	526	28393
mahkumun	526	28394
hastaymış	526	28395
komut	526	28396
bıraksak	526	28397
uzanmak	526	28398
kutlamalıyız	526	28399
dönmedin	526	28400
oluşum	526	28401
yanayım	526	28402
ısmarlarım	526	28403
galon	525	28404
atardı	525	28405
seçen	525	28406
otoyolda	525	28407
rowan	525	28408
değmemiş	525	28409
hung	525	28410
kaydet	525	28411
kokunu	525	28412
almazsan	525	28413
pilotun	525	28414
wilde	525	28415
yeteneklerimi	525	28416
mecburen	525	28417
geçirebilirsin	525	28418
jakuzi	525	28419
salya	525	28420
durumuyla	525	28421
vurdunuz	525	28422
sınavları	525	28423
seok	525	28424
çevrilmiş	525	28425
anlattılar	525	28426
yaramazın	525	28427
hazinesi	525	28428
elçiliği	525	28429
oglum	525	28430
üstündeyim	525	28431
farketti	525	28432
hiper	525	28433
büyüyle	524	28434
tesadüfi	524	28435
kilitleyip	524	28436
olmayacaksa	524	28437
kaçmadan	524	28438
dolaptan	524	28439
yanki	524	28440
nazikti	524	28441
eğlencenin	524	28442
orkide	524	28443
gezisinde	524	28444
kütüphaneci	524	28445
yaradan	524	28446
america	524	28447
söylemiyorsunuz	524	28448
baksak	524	28449
yansıtıyor	524	28450
kamyondan	524	28451
tijuana	524	28452
dustin	524	28453
vergileri	524	28454
kastettiğimi	524	28455
profesyoneller	524	28456
tuhafsın	524	28457
sebebiniz	524	28458
görüşleri	524	28459
rotasını	524	28460
buzdolabının	524	28461
aldıysa	524	28462
takmayı	524	28463
çıldırıyor	524	28464
vasquez	524	28465
uther	524	28466
hastaneler	524	28467
kurşunları	524	28468
sırların	524	28469
nen	524	28470
rakibini	524	28471
hatasıydı	524	28472
köpeğine	523	28473
soyulmuş	523	28474
yüzündendi	523	28475
yakalanıp	523	28476
gülüyordu	523	28477
deseydim	523	28478
pasaportunu	523	28479
güçleniyor	523	28480
suçluyorsunuz	523	28481
cincinnati	523	28482
sopasıyla	523	28483
yangına	523	28484
key	523	28485
kalplerini	523	28486
lobi	523	28487
damarları	523	28488
rafta	523	28489
bakamaz	523	28490
zorladılar	523	28491
dayanmak	523	28492
günümüze	523	28493
oğlunuza	523	28494
demiri	523	28495
sının	523	28496
açmamı	523	28497
güvenmeye	523	28498
dikilmiş	523	28499
şöminenin	523	28500
slogan	523	28501
bayanlara	523	28502
selamımı	523	28503
aslanın	523	28504
smithers	523	28505
kanallar	523	28506
yune	523	28507
misyoner	523	28508
albany	523	28509
evliler	523	28510
safsın	523	28511
bekletme	523	28512
bileziği	523	28513
yerimden	523	28514
terapistim	522	28515
est	522	28516
giydi	522	28517
çevresine	522	28518
sound	522	28519
bitirmeliyim	522	28520
macbeth	522	28521
inanmamızı	522	28522
altinda	522	28523
cesaretimi	522	28524
notların	522	28525
yesene	522	28526
dumanlı	522	28527
kaleme	522	28528
yavaşsın	522	28529
too	522	28530
sarsılmış	522	28531
hesapta	522	28532
dertten	522	28533
müşteriyle	522	28534
şirketimiz	522	28535
özrün	522	28536
diktatör	522	28537
ailedeki	522	28538
dizini	522	28539
emniyetli	522	28540
hatlarını	522	28541
sokmayı	522	28542
hamileydi	522	28543
geliştirdim	522	28544
karından	522	28545
çıkarıyordu	522	28546
azınlık	522	28547
başlatılıyor	522	28548
istasyonları	522	28549
koguryo	522	28550
çıkarmadım	521	28551
ayarlı	521	28552
kapın	521	28553
atlayan	521	28554
geliri	521	28555
otları	521	28556
eşler	521	28557
dişe	521	28558
adresin	521	28559
dergisinin	521	28560
sessizliğe	521	28561
linç	521	28562
palmiye	521	28563
başlamayı	521	28564
doldurmuş	521	28565
muhalefet	521	28566
calleigh	521	28567
okumalısın	521	28568
giyiniyor	521	28569
maskesini	521	28570
sağlığınıza	521	28571
bahsedecek	521	28572
adami	521	28573
göçebe	521	28574
cephesi	521	28575
öpeyim	521	28576
takılıyordum	521	28577
edebilirdin	521	28578
sevmezdi	521	28579
odanızda	521	28580
sivilleri	521	28581
bebeklere	521	28582
görünüşün	521	28583
yeteneklerine	521	28584
vurulmak	521	28585
gülecek	521	28586
azalır	521	28587
hayatınla	521	28588
küllerini	521	28589
açısına	521	28590
senatörü	521	28591
arasan	520	28592
snake	520	28593
getirebilecek	520	28594
halıyı	520	28595
umutsuzluğa	520	28596
zıvanadan	520	28597
şovunu	520	28598
yalvarıyor	520	28599
şehirleri	520	28600
garajı	520	28601
pak	520	28602
bedenleri	520	28603
tanıyacak	520	28604
öldürmeliyiz	520	28605
taşıyorlar	520	28606
araştıran	520	28607
sanatçının	520	28608
ching	520	28609
egzersizi	520	28610
generalim	520	28611
darla	520	28612
biletlerini	520	28613
devrimin	520	28614
gelmemesi	520	28615
eğilip	520	28616
denis	520	28617
dilinden	520	28618
beklersek	520	28619
getirecektir	520	28620
göndermiştim	520	28621
üşüyor	520	28622
izleyeceksin	520	28623
kasadan	520	28624
başındayım	520	28625
link	520	28626
dozu	520	28627
tarafları	520	28628
çalışanlara	520	28629
dediklerin	520	28630
planlıyordu	520	28631
denemekten	520	28632
kobe	520	28633
konuklarımız	520	28634
nesiniz	520	28635
çağırmadım	520	28636
dergiler	519	28637
doğup	519	28638
durduruldu	519	28639
beceriyorsun	519	28640
olmayacağından	519	28641
bağın	519	28642
kurtaracaksın	519	28643
içkiden	519	28644
que	519	28645
rejim	519	28646
rolling	519	28647
yanığı	519	28648
yaptığınıza	519	28649
burunlu	519	28650
pornosu	519	28651
geçirmekten	519	28652
mobilyalar	519	28653
baston	519	28654
piyanoyu	519	28655
boruyu	519	28656
bulmalısınız	519	28657
seçeneklerimiz	519	28658
lukas	519	28659
meksikalılar	519	28660
vurman	519	28661
çılgıncaydı	519	28662
dokunduğu	519	28663
dunbar	519	28664
papazı	519	28665
kıçımdan	519	28666
işaretimle	519	28667
hortlak	519	28668
masrafı	519	28669
sevdiler	519	28670
şöhreti	519	28671
avukatların	519	28672
kelimeye	519	28673
çöplüğe	519	28674
uss	519	28675
ölüyoruz	519	28676
rastlamadım	519	28677
okuyabilirsin	519	28678
okuyabiliyor	519	28679
partideki	519	28680
öldürülmesini	519	28681
yeraltına	518	28682
aramaz	518	28683
duramazsın	518	28684
çarçur	518	28685
imzaladın	518	28686
dolaşıyorsun	518	28687
konuşmasak	518	28688
yapamadın	518	28689
kontrolüne	518	28690
ismail	518	28691
çubukları	518	28692
haldun	518	28693
yönetime	518	28694
bahanen	518	28695
ettireceğim	518	28696
mahallesinde	518	28697
harrington	518	28698
güzelliğine	518	28699
güvendiğin	518	28700
suçumdu	518	28701
bartlett	518	28702
sıhhiye	518	28703
amacının	518	28704
inşaa	518	28705
ülkemizde	518	28706
konuğu	518	28707
iadesi	518	28708
honda	518	28709
partisinin	518	28710
hammer	518	28711
birliktelik	518	28712
ambar	518	28713
ağladın	518	28714
dönmeyeceğini	518	28715
hip	518	28716
mülkiyet	518	28717
lehimize	517	28718
mahoney	517	28719
sayısının	517	28720
dövmeli	517	28721
alexei	517	28722
atf	517	28723
vermeyelim	517	28724
utandırmak	517	28725
halkımızın	517	28726
seveceksiniz	517	28727
görünürdü	517	28728
verenler	517	28729
skandalı	517	28730
aktörler	517	28731
burgess	517	28732
tepeyi	517	28733
diploma	517	28734
doğusunda	517	28735
yemeğiniz	517	28736
bunaltıcı	517	28737
vermekte	517	28738
hatunun	517	28739
görüşüne	517	28740
uza	517	28741
soktuğum	517	28742
dayanak	517	28743
çevirmeni	517	28744
varacağız	517	28745
tanıştığını	517	28746
gizlenme	517	28747
geldiğinize	517	28748
şükrediyorum	517	28749
kabahat	517	28750
umudumu	517	28751
istifade	517	28752
edildiler	517	28753
uydurdu	517	28754
kristin	517	28755
kitabımda	517	28756
kaçıranlar	517	28757
spora	517	28758
cesaretli	517	28759
dişiler	516	28760
mevzusu	516	28761
durumdaydım	516	28762
sunset	516	28763
eskimiş	516	28764
yandım	516	28765
atılmak	516	28766
elka	516	28767
öderiz	516	28768
carlisle	516	28769
kütüphanesi	516	28770
didi	516	28771
bridge	516	28772
beecher	516	28773
çabalıyor	516	28774
ahlaklı	516	28775
rüyam	516	28776
tehlikeliydi	516	28777
yoda	516	28778
davranacak	516	28779
tanıdınız	516	28780
çekildiğini	516	28781
ördekler	516	28782
görecektir	516	28783
korucu	516	28784
anomali	516	28785
fakirler	516	28786
düğmeleri	516	28787
zarara	516	28788
gaston	516	28789
alkolü	516	28790
omurilik	516	28791
şaraptan	516	28792
kalesine	516	28793
rahatladı	516	28794
haylaz	515	28795
uzağında	515	28796
cayman	515	28797
ayrica	515	28798
tanıştırdı	515	28799
projede	515	28800
ask	515	28801
şikayeti	515	28802
mikroskobik	515	28803
ezekiel	515	28804
konuşmalısınız	515	28805
omzunda	515	28806
dalmış	515	28807
suların	515	28808
cesarete	515	28809
çimen	515	28810
sözlerim	515	28811
kaderimi	515	28812
full	515	28813
evlenmemiş	515	28814
taşınmaya	515	28815
örneklerini	515	28816
içeyim	515	28817
kulaklık	515	28818
olasılıklar	515	28819
verde	515	28820
patladığında	515	28821
düşünmüştün	515	28822
thunder	515	28823
kopyaları	515	28824
aşağılama	515	28825
hendricks	515	28826
kameraman	515	28827
teleskop	515	28828
geliştirmeye	515	28829
denemeliyim	515	28830
bilemiyoruz	515	28831
düşünmenin	515	28832
götürmüyorsun	515	28833
başbakanın	515	28834
koktuğunu	515	28835
rosto	515	28836
ayarlıyorum	515	28837
babanızla	514	28838
edilmeye	514	28839
lazımsın	514	28840
hissetmediğini	514	28841
ikişer	514	28842
ısmarlayacağım	514	28843
zincirleme	514	28844
kullanmayacağım	514	28845
rezillik	514	28846
sandılar	514	28847
anlaşmada	514	28848
rüyalarını	514	28849
georgetown	514	28850
gelebilmek	514	28851
faraday	514	28852
durumdasınız	514	28853
kaftan	514	28854
kızgınlık	514	28855
kahramanımız	514	28856
çekiliyoruz	514	28857
atlattın	514	28858
intikamcılar	514	28859
milwaukee	514	28860
soykırım	514	28861
görevinizi	514	28862
ayrılmasını	514	28863
beyrut	514	28864
eğitilmiş	514	28865
mann	514	28866
yapıcaz	514	28867
aydınlat	514	28868
dönüşümü	514	28869
alacağımızı	514	28870
savaşarak	514	28871
kovdular	514	28872
istiyordunuz	514	28873
hayallerimin	514	28874
şüphelileri	513	28875
konuşurduk	513	28876
polisine	513	28877
edilecektir	513	28878
sesleniyor	513	28879
çözene	513	28880
kandırıyorum	513	28881
derinde	513	28882
ceketli	513	28883
carmine	513	28884
facia	513	28885
bash	513	28886
selina	513	28887
örümcekler	513	28888
bağlanma	513	28889
ade	513	28890
çektiğimiz	513	28891
ayarlayayım	513	28892
kaltaklar	513	28893
kelimelerini	513	28894
magda	513	28895
sürücüyü	513	28896
ortaokul	513	28897
sorularıma	513	28898
konuşunca	513	28899
kiera	513	28900
evlenmesini	513	28901
hasret	513	28902
katılacaksın	513	28903
hampshire	513	28904
keserek	513	28905
yapıştır	513	28906
susam	513	28907
edebiyatı	513	28908
eğitmeni	513	28909
kestiğim	513	28910
umutla	513	28911
meghan	513	28912
acıyacak	513	28913
takarım	513	28914
içmekten	513	28915
bitirmemiz	513	28916
düşünmemeye	513	28917
muhafazakar	513	28918
saçmalıyor	513	28919
bilgiyle	513	28920
gemimi	513	28921
oranını	513	28922
yakınından	513	28923
çıngıraklı	513	28924
sandalyeler	513	28925
uhh	513	28926
renge	513	28927
rüyadan	513	28928
kalmamalı	513	28929
hidrolik	513	28930
gelmiyorsunuz	513	28931
içermektedir	513	28932
görüşmedik	512	28933
sitesinde	512	28934
düşmanını	512	28935
juanita	512	28936
bileğim	512	28937
nicola	512	28938
ayrım	512	28939
muyduk	512	28940
ayağında	512	28941
tıkanmış	512	28942
bozguna	512	28943
yöntemimle	512	28944
kullanmayın	512	28945
curt	512	28946
kapsül	512	28947
roxy	512	28948
memnunuz	512	28949
vücutları	512	28950
başarabilirim	512	28951
doğayı	512	28952
erdem	512	28953
topladın	512	28954
ekipte	512	28955
kazanırsak	512	28956
restoranında	512	28957
newark	512	28958
röntgeni	512	28959
oyunumu	512	28960
velayetini	512	28961
yakalamam	512	28962
kompleksi	512	28963
gerçeğine	512	28964
hattının	512	28965
edeceğinizi	512	28966
dövüşte	511	28967
beklemiyorduk	511	28968
kesilmesi	511	28969
parmaklıkların	511	28970
öldürmemiş	511	28971
edeceğimiz	511	28972
mağazadan	511	28973
fazlalar	511	28974
oturabilirsiniz	511	28975
göründüğün	511	28976
stalingrad	511	28977
taşıyabilir	511	28978
motele	511	28979
matrix	511	28980
gelmemiştim	511	28981
igor	511	28982
arıyordur	511	28983
organizma	511	28984
enfekte	511	28985
ayakla	511	28986
iha	511	28987
kaydetmiş	511	28988
oynamadım	511	28989
gülüyorlar	511	28990
pişiriyor	511	28991
hepten	511	28992
guido	511	28993
fikrinin	511	28994
yapamayacağı	511	28995
bristol	511	28996
uzmanım	511	28997
edilmeyi	511	28998
önerirsin	511	28999
programından	511	29000
ninni	511	29001
çiğnemek	511	29002
anormallik	510	29003
zürih	510	29004
ölmüştün	510	29005
tutukladılar	510	29006
çağırmamı	510	29007
boklu	510	29008
çekinmeden	510	29009
osborne	510	29010
parçalanıyor	510	29011
yar	510	29012
sanmayın	510	29013
ymiş	510	29014
payına	510	29015
bao	510	29016
şam	510	29017
habercisi	510	29018
düşersin	510	29019
yayınlanan	510	29020
tonya	510	29021
itiş	510	29022
cebe	510	29023
başlamışlar	510	29024
kesmelisin	510	29025
savaşla	510	29026
kurbanını	510	29027
şirketiyle	510	29028
yöntemlerini	510	29029
noktasından	510	29030
şarkını	510	29031
bırakmazlar	510	29032
god	510	29033
majestelerine	510	29034
sanatını	510	29035
kaçmanın	510	29036
bileği	510	29037
anladığında	510	29038
lenin	509	29039
mağazasında	509	29040
binen	509	29041
kafeteryada	509	29042
masamın	509	29043
heves	509	29044
inanırdı	509	29045
schultz	509	29046
braddock	509	29047
kanguru	509	29048
regan	509	29049
düşüyoruz	509	29050
olabilmesi	509	29051
yaşandığı	509	29052
kuruluşu	509	29053
şaşırmıştım	509	29054
sigortam	509	29055
con	509	29056
odağı	509	29057
gidişini	509	29058
bağırdığını	509	29059
kaptana	509	29060
harfli	509	29061
yağar	509	29062
kolların	509	29063
sevişmeyi	509	29064
hepatit	509	29065
sıkıp	509	29066
hızıyla	509	29067
nedensiz	509	29068
ramos	509	29069
inanmış	509	29070
dondurmayı	509	29071
çağırdık	509	29072
kaçırıldığını	509	29073
varil	509	29074
içgüdülerim	509	29075
suçlanan	508	29076
oyuncuyum	508	29077
tolerans	508	29078
kaşlarını	508	29079
bahsetmemişti	508	29080
üçgeni	508	29081
çocuklarda	508	29082
öldüğüm	508	29083
çekleri	508	29084
dosta	508	29085
hawking	508	29086
saygılar	508	29087
iyiyi	508	29088
fallon	508	29089
çıkarılan	508	29090
küreği	508	29091
konan	508	29092
düşene	508	29093
gösterdiniz	508	29094
bağlayacak	508	29095
kuzeydoğu	508	29096
görmemesi	508	29097
anneyle	508	29098
okey	508	29099
yapmayacağına	508	29100
kalkıştı	508	29101
vallaha	508	29102
bulamayacağı	508	29103
boomer	508	29104
bozuktu	508	29105
kirpi	508	29106
sevkiyat	508	29107
düşünmelerini	508	29108
pastanın	508	29109
başlatıldı	508	29110
saklandım	508	29111
barcelona	508	29112
sanjay	508	29113
irmak	508	29114
lim	508	29115
sorunlarımızı	508	29116
düzeltebilir	508	29117
çalardı	508	29118
temelini	508	29119
loto	508	29120
yapmasan	507	29121
yürüyordu	507	29122
hoşlanmadın	507	29123
çıkartabilir	507	29124
tanımadan	507	29125
akılsız	507	29126
icinde	507	29127
mağaranın	507	29128
yapti	507	29129
santrali	507	29130
saraydan	507	29131
kokusuna	507	29132
guthrie	507	29133
kapitalist	507	29134
bağımız	507	29135
inceledi	507	29136
kaymış	507	29137
yönetimini	507	29138
düzenin	507	29139
araştırıp	507	29140
sütünü	507	29141
getirecekler	507	29142
reddediyorsun	507	29143
itme	507	29144
döneceksiniz	507	29145
şaşkınlık	507	29146
eliniz	507	29147
yaşayanların	507	29148
kayayı	507	29149
mystic	507	29150
hologram	507	29151
atmalısın	507	29152
geçerler	507	29153
ağabeyimi	507	29154
şerefini	507	29155
götürebiliriz	507	29156
canavarsın	507	29157
efsaneler	507	29158
ibneler	507	29159
birsürü	506	29160
becerdim	506	29161
hemşireyi	506	29162
gemilere	506	29163
adalind	506	29164
çelikten	506	29165
gebelik	506	29166
roketi	506	29167
ağzınızı	506	29168
söyleyebilseydim	506	29169
yakalanırsak	506	29170
dum	506	29171
sikime	506	29172
götürürsün	506	29173
ayırıyor	506	29174
giymişsin	506	29175
dolardı	506	29176
sevin	506	29177
yasaklama	506	29178
bizimkinden	506	29179
ulaşabilirim	506	29180
hilesi	506	29181
durmuyorsun	506	29182
toplayacak	506	29183
lılar	506	29184
tavrını	506	29185
dizin	506	29186
uygarlık	506	29187
willoughby	506	29188
hatunla	506	29189
kalanının	506	29190
kariyerimin	506	29191
kodlarını	506	29192
denizkızı	506	29193
tesisin	506	29194
lucie	506	29195
kestane	506	29196
issız	506	29197
southfork	506	29198
dezenfekte	505	29199
uçuşun	505	29200
buluşabilir	505	29201
dizim	505	29202
yolumun	505	29203
özelliğini	505	29204
saldırısını	505	29205
yamalak	505	29206
bora	505	29207
görünüm	505	29208
savaşının	505	29209
yaşandığını	505	29210
şaşırıyorum	505	29211
ayırmayın	505	29212
lili	505	29213
dip	505	29214
rakibim	505	29215
tüfeğini	505	29216
oyunlarına	505	29217
kımıldamasın	505	29218
girdiğimi	505	29219
güneydeki	505	29220
yüzer	505	29221
salonundaki	505	29222
çekebilirsin	505	29223
berg	505	29224
sağolasın	505	29225
verebilmek	505	29226
viper	505	29227
içerdi	505	29228
kulağında	505	29229
soruyordum	505	29230
kazanmasını	505	29231
yalamak	505	29232
yalnızlığı	505	29233
kaçmalıyız	504	29234
kurtların	504	29235
başlayalı	504	29236
sergio	504	29237
bilmiyordur	504	29238
yapışık	504	29239
isteniyor	504	29240
kapıldı	504	29241
sevmediği	504	29242
hazırlanalım	504	29243
sevmezler	504	29244
galerisi	504	29245
başvurdum	504	29246
hissetmiyorsun	504	29247
menüde	504	29248
alçakça	504	29249
kullanmadın	504	29250
endişeleniyordum	504	29251
bebeğiniz	504	29252
bankadaki	504	29253
evlendiği	504	29254
yasaklandı	504	29255
izleyebilirsin	504	29256
tavuğun	504	29257
saklanmaya	504	29258
soyunun	504	29259
önder	504	29260
alelade	504	29261
taşıdığın	504	29262
düşmanlarımız	504	29263
ebay	504	29264
mont	504	29265
ulaşmasını	504	29266
bulutlu	504	29267
gözetlemek	504	29268
katıyor	504	29269
kurtardığım	504	29270
karnımı	504	29271
korunmuş	504	29272
sağında	504	29273
sampson	504	29274
cevaplara	504	29275
olmamalıyım	504	29276
kaynağa	504	29277
kostümlü	504	29278
çevirebilir	504	29279
edindi	504	29280
pansiyon	504	29281
beğenir	504	29282
kuralına	504	29283
kumaşı	504	29284
yayından	504	29285
kardeşlerine	504	29286
bilemeyeceğiz	504	29287
esprili	504	29288
lanetlenmiş	504	29289
gülümsüyorsun	504	29290
sinyalin	504	29291
çizimleri	504	29292
ömrünü	504	29293
mri	504	29294
ufukta	504	29295
tk	504	29296
koyabilirim	504	29297
krizin	503	29298
anısı	503	29299
lambaları	503	29300
dağıtın	503	29301
dürtü	503	29302
düşür	503	29303
ölüyü	503	29304
içebilirim	503	29305
akbabalar	503	29306
koordine	503	29307
yolundaki	503	29308
kadınını	503	29309
şövalyeleri	503	29310
takımımız	503	29311
seçime	503	29312
düşerim	503	29313
kızmıştım	503	29314
saklanamazsın	503	29315
hatırlamaz	503	29316
üsteğmen	503	29317
batmadan	503	29318
bekman	503	29319
dinlemeyin	503	29320
leary	503	29321
gizliyor	503	29322
zindan	503	29323
taslağı	503	29324
kalmayız	503	29325
yeminini	503	29326
meblağ	503	29327
hissetmene	503	29328
kahya	503	29329
dakiler	503	29330
boğazında	503	29331
crow	502	29332
üm	502	29333
marquez	502	29334
dünyamıza	502	29335
döndüğünüzde	502	29336
nero	502	29337
demi	502	29338
ülkelerin	502	29339
batar	502	29340
büyükannemi	502	29341
kullanılacağını	502	29342
kraliçeye	502	29343
deydim	502	29344
kaçırmadım	502	29345
gezegenimiz	502	29346
karşımdan	502	29347
tanımla	502	29348
kurtları	502	29349
kimlikler	502	29350
adamakıllı	502	29351
satacağız	502	29352
ekti	502	29353
görmediğimiz	502	29354
zavallılar	502	29355
ağacını	502	29356
seyircilerin	502	29357
öldürülmek	502	29358
bilgilerine	502	29359
cdc	502	29360
görünüyorlardı	502	29361
ness	502	29362
kuraldır	502	29363
payım	502	29364
affedecek	502	29365
gercek	502	29366
sarsıcı	502	29367
uygulanan	502	29368
davranacaksın	502	29369
odessa	502	29370
ürpertiyor	502	29371
sevgimi	502	29372
rezervasyonu	502	29373
sağlığa	502	29374
kaybetmesi	502	29375
senkronize	502	29376
itiyor	502	29377
hmmm	502	29378
düşünmedi	501	29379
muharebe	501	29380
buluşacaktık	501	29381
temizlenmesi	501	29382
yapmaktır	501	29383
crusoe	501	29384
halden	501	29385
om	501	29386
mendoza	501	29387
birimin	501	29388
bağlayacağım	501	29389
indireceğim	501	29390
ülken	501	29391
mutluluğa	501	29392
otoban	501	29393
önemsediğini	501	29394
tahminime	501	29395
alain	501	29396
istasyonundan	501	29397
gücünüzü	501	29398
şeytanları	501	29399
özleyecek	501	29400
sevgilerle	501	29401
açısını	501	29402
izliyordun	501	29403
üzerindeyim	501	29404
tempo	501	29405
orduyla	501	29406
örtmek	501	29407
döver	501	29408
görmüyordum	501	29409
ömrün	501	29410
windsor	501	29411
lavabonun	501	29412
derini	501	29413
alçakgönüllü	501	29414
edinmeye	501	29415
mutlulukla	501	29416
maskeni	501	29417
poseidon	501	29418
göstereceğini	501	29419
savunuyorsun	501	29420
tanışmadın	501	29421
cavanaugh	501	29422
dinlediğini	501	29423
maia	501	29424
radyodan	501	29425
çözülmüş	501	29426
hızlıdır	501	29427
saçıma	501	29428
uğraştık	501	29429
bırakacaklar	500	29430
aramalarıma	500	29431
sevme	500	29432
anlatacağız	500	29433
geliştirilmiş	500	29434
buharlı	500	29435
tablet	500	29436
kendrick	500	29437
kızkardeşi	500	29438
korece	500	29439
pooja	500	29440
kanepenin	500	29441
antrenör	500	29442
ölçüm	500	29443
sıcakta	500	29444
unutacaksın	500	29445
paylaşma	500	29446
kelepçeler	500	29447
stresi	500	29448
haftalarda	500	29449
izlerdim	500	29450
bizimdir	500	29451
yakalanırsan	500	29452
annenizle	500	29453
reddettin	500	29454
tetikleyici	500	29455
derinliklerinden	500	29456
tutabilmek	500	29457
dinlenmem	500	29458
merhameti	500	29459
gergindi	500	29460
law	500	29461
gücünde	500	29462
indik	500	29463
dairesinin	500	29464
yor	500	29465
kablosu	500	29466
ölse	500	29467
kullanmışlar	500	29468
vermemelisin	500	29469
bayılırlar	500	29470
yarışmanın	500	29471
etkilenen	500	29472
mensubu	500	29473
ödünü	500	29474
göndermedi	500	29475
imaj	499	29476
bırakacağımı	499	29477
golü	499	29478
kalkıyorum	499	29479
isteyeceğiz	499	29480
balıkçılık	499	29481
verdiğimizi	499	29482
kanalın	499	29483
tanıyıp	499	29484
andreas	499	29485
cevaplarını	499	29486
siyaha	499	29487
kübalı	499	29488
tarife	499	29489
çantanızı	499	29490
itirazım	499	29491
siteye	499	29492
bakkal	499	29493
öldürteceksin	499	29494
tanıkların	499	29495
itirafı	499	29496
kati	499	29497
büyüler	499	29498
kurbanlardan	499	29499
arttırmaya	499	29500
kardeşinim	499	29501
kapaklı	499	29502
konuşursa	499	29503
gerçeklerin	499	29504
geçirirken	499	29505
açınca	499	29506
kayıtların	499	29507
gezdim	499	29508
reddetme	499	29509
durdurmam	499	29510
çiçekli	499	29511
ölenlerin	499	29512
paund	499	29513
şifreleme	499	29514
yöntemin	499	29515
ölümünde	499	29516
oluşunu	499	29517
olmayasın	499	29518
yarışına	499	29519
dolaştığını	499	29520
keşfedilmemiş	499	29521
borsada	499	29522
tekiyle	499	29523
istemezse	499	29524
boylarında	499	29525
soktuğunu	499	29526
getirirler	499	29527
kentin	499	29528
himmler	499	29529
muzdarip	499	29530
istasyondan	499	29531
gözlerimizi	499	29532
içtiniz	498	29533
barına	498	29534
atlıyor	498	29535
soğudu	498	29536
ayrılmadı	498	29537
helyum	498	29538
asansörün	498	29539
creed	498	29540
gönlüm	498	29541
nesiydi	498	29542
bulmaktan	498	29543
dharma	498	29544
istemesen	498	29545
babaanne	498	29546
gururun	498	29547
hetero	498	29548
soyadım	498	29549
felaketin	498	29550
dion	498	29551
etmeliydin	498	29552
dururlar	498	29553
eisenhower	498	29554
sinirlerini	498	29555
rayburn	498	29556
danvers	498	29557
saflık	498	29558
karşınıza	498	29559
kostümler	498	29560
mcgarrett	498	29561
masasını	498	29562
rıhtımda	498	29563
sahanın	498	29564
beynimde	498	29565
akış	498	29566
kupon	498	29567
elisa	498	29568
takside	498	29569
oteline	498	29570
leviathan	498	29571
anlatarak	498	29572
sevinçten	498	29573
korkaklık	498	29574
şampanyayı	498	29575
çizmeyi	498	29576
davranıyoruz	498	29577
tanklar	498	29578
crusher	498	29579
sonar	498	29580
yaşamıştım	498	29581
ifadesine	497	29582
köpeğimiz	497	29583
tesisat	497	29584
run	497	29585
eloise	497	29586
kumarhanede	497	29587
tanıyorsam	497	29588
özeldi	497	29589
kalmalarını	497	29590
yaşamama	497	29591
johanna	497	29592
koyunlar	497	29593
yanarak	497	29594
halledeceksin	497	29595
sürüklüyor	497	29596
fire	497	29597
silahınız	497	29598
dikmek	497	29599
yönlerini	497	29600
neşeyle	497	29601
nemo	497	29602
saçında	497	29603
araf	497	29604
cabası	497	29605
pantolonunun	497	29606
yükselmeye	497	29607
öğretmenlerin	497	29608
yaninda	497	29609
antoinette	497	29610
vodka	497	29611
inanmıyorsunuz	497	29612
davranmam	497	29613
sandalyenin	497	29614
apaçi	497	29615
edindin	497	29616
sevgini	497	29617
öfkeyi	497	29618
motorsiklet	497	29619
beslenmek	497	29620
harcamayı	497	29621
konuşmayacağız	497	29622
patti	497	29623
balerin	497	29624
beraberlik	497	29625
değiştirdiniz	497	29626
susuzluktan	497	29627
tarık	497	29628
çaldığımı	496	29629
gelecektim	496	29630
göstermeni	496	29631
konferansa	496	29632
düzeltmem	496	29633
healy	496	29634
görevdeyim	496	29635
gişe	496	29636
korkutucuydu	496	29637
espriler	496	29638
götürdük	496	29639
muzlu	496	29640
boğuluyorum	496	29641
yüzeyine	496	29642
çözebilir	496	29643
önemseyen	496	29644
uzmanıyım	496	29645
gösteriydi	496	29646
erkekti	496	29647
girdiğimiz	496	29648
azdı	496	29649
eğlencesine	496	29650
fergus	496	29651
kullanabileceğim	496	29652
görüşmeden	496	29653
öcü	496	29654
oynardı	496	29655
misa	496	29656
dönek	496	29657
kaçakçısı	496	29658
ole	496	29659
marilla	496	29660
brifing	496	29661
kirası	496	29662
bıraksam	496	29663
give	496	29664
rain	496	29665
patlayabilir	496	29666
bendeniz	496	29667
okadar	496	29668
içgüdüsel	496	29669
sarıyor	496	29670
takalım	496	29671
tutamayız	496	29672
anlatmıyor	496	29673
anlardı	496	29674
gelseniz	496	29675
kadehi	496	29676
davrandığı	495	29677
esirgeme	495	29678
buddha	495	29679
ütü	495	29680
atlarla	495	29681
çocukluktan	495	29682
belirlenen	495	29683
bahçeleri	495	29684
söyleseydi	495	29685
yunuslar	495	29686
compton	495	29687
gruplara	495	29688
uğratma	495	29689
yaptırır	495	29690
dalgın	495	29691
izleyebiliriz	495	29692
bugun	495	29693
bernstein	495	29694
görüyordun	495	29695
tanışana	495	29696
filmlerinden	495	29697
reklamları	495	29698
minnacık	495	29699
gözetiminde	495	29700
ayrılacağını	495	29701
işletiyorum	495	29702
cbs	495	29703
buluşacaksın	495	29704
kuşa	495	29705
willard	495	29706
alacağımız	495	29707
umutlar	495	29708
soyguna	495	29709
galileo	495	29710
davranacağız	495	29711
buluşabiliriz	495	29712
telefonuyla	495	29713
rigsby	495	29714
heo	495	29715
orduları	495	29716
görmemek	495	29717
salaklık	495	29718
oranla	495	29719
dempsey	495	29720
anımsıyorum	495	29721
bırakmayacaksın	495	29722
hissettiklerimi	495	29723
büyücülük	495	29724
bıraktıkları	495	29725
mccall	495	29726
doğumdan	495	29727
çıkarlarını	495	29728
gerilla	495	29729
sinin	495	29730
roller	495	29731
bakmanızı	495	29732
yürüyebilirim	495	29733
oluşturun	495	29734
stig	495	29735
adamim	495	29736
yöneticileri	494	29737
uyandırdın	494	29738
imzalanmış	494	29739
etrafımdaki	494	29740
gurup	494	29741
carmichael	494	29742
gribi	494	29743
dinlesene	494	29744
getirirken	494	29745
bağlanıyor	494	29746
oturacağız	494	29747
düzelttim	494	29748
çalmadan	494	29749
kitapla	494	29750
olduğumuzun	494	29751
büyüklüğünü	494	29752
fahişesi	494	29753
orkestrası	494	29754
yönetilen	494	29755
dönmemiş	494	29756
sürmesini	494	29757
okuyucu	494	29758
isterdiniz	494	29759
seçmedim	494	29760
yüzerek	494	29761
zincire	494	29762
yaşanabilir	494	29763
aramakla	494	29764
istemişler	494	29765
bilgilendir	494	29766
atmanın	494	29767
markus	494	29768
makinem	494	29769
kobay	494	29770
düşünüyorsundur	494	29771
huyu	494	29772
sağlamaz	494	29773
teneffüs	494	29774
bilgisayarla	494	29775
zorluklarla	494	29776
artmış	494	29777
çekerse	494	29778
haklarım	494	29779
sertti	494	29780
anlayamadın	494	29781
sıkıştırdı	494	29782
değişmişti	494	29783
getirdiğine	494	29784
yaşanmadı	494	29785
giysilerimi	493	29786
kayalara	493	29787
gecelerde	493	29788
durmamız	493	29789
oynamıyorsun	493	29790
tutukladı	493	29791
romulan	493	29792
tonunu	493	29793
öğrenim	493	29794
çarpacak	493	29795
açmayacak	493	29796
bıçakları	493	29797
oynarsın	493	29798
çıksan	493	29799
kontrolümüz	493	29800
pozisyonuna	493	29801
numarasına	493	29802
arkansas	493	29803
günahlar	493	29804
cenazeden	493	29805
yapıyorsanız	493	29806
çekebilirim	493	29807
alttaki	493	29808
rakamı	493	29809
kerelik	493	29810
çevirdiler	493	29811
olasılığını	493	29812
rekabetçi	493	29813
delirdiğimi	493	29814
isteseydin	493	29815
dinlemeyeceğim	493	29816
gallo	493	29817
hatrına	493	29818
saklandı	493	29819
kaydım	493	29820
yapacağından	493	29821
dama	493	29822
bataklıkta	493	29823
maskeleri	493	29824
torunumu	493	29825
gidilecek	493	29826
baktılar	493	29827
midesini	493	29828
dostunum	493	29829
anlıyorsundur	493	29830
ödeyin	493	29831
anlamamız	492	29832
flores	492	29833
müsadenizle	492	29834
gözümüzü	492	29835
lolipop	492	29836
gözüken	492	29837
olamayacağı	492	29838
garajın	492	29839
gölüne	492	29840
raydan	492	29841
birimizi	492	29842
sahibin	492	29843
uğramam	492	29844
faili	492	29845
süpersin	492	29846
olabiliyorum	492	29847
temizlemeyi	492	29848
bardakları	492	29849
ucubeler	492	29850
much	492	29851
yetkiniz	492	29852
tutulduğu	492	29853
üzüldüğünü	492	29854
townsend	492	29855
scotland	492	29856
kurtuluşu	492	29857
norfolk	492	29858
çizgiye	492	29859
anten	492	29860
woodhouse	492	29861
veritabanında	492	29862
durduramam	492	29863
yaşamıyoruz	492	29864
yüreğini	492	29865
böceklerin	492	29866
paylaştık	492	29867
kilosu	492	29868
sırtındaki	492	29869
ölüydü	492	29870
öyleydik	492	29871
edebileceğiniz	492	29872
keseceğiz	492	29873
tuhaftır	492	29874
aloha	492	29875
utanacak	492	29876
yıkanmış	492	29877
sandığımız	492	29878
ağını	492	29879
hinata	492	29880
stresten	491	29881
augustus	491	29882
beraberdi	491	29883
boşaltma	491	29884
araştırmanı	491	29885
oyları	491	29886
zanlının	491	29887
teklifinde	491	29888
mount	491	29889
bağlantıda	491	29890
cinayetinde	491	29891
demirci	491	29892
listesinin	491	29893
dilediğini	491	29894
gidiyorsa	491	29895
zorlamaya	491	29896
gibisini	491	29897
özdemir	491	29898
birimine	491	29899
dinlensin	491	29900
senatörün	491	29901
iyisine	491	29902
benimleydi	491	29903
mesaiye	491	29904
oynadınız	491	29905
inanmayacak	491	29906
hastaneleri	491	29907
gunn	491	29908
sevmediğin	491	29909
uyuyordun	491	29910
deep	491	29911
teklifinizi	491	29912
vav	491	29913
doreen	491	29914
hizmetinde	491	29915
kazananlar	491	29916
uğrattığım	491	29917
kayıpları	491	29918
konuşuyorlardı	491	29919
sicil	491	29920
güvenlidir	491	29921
begüm	491	29922
isteyebileceğini	491	29923
bluz	490	29924
boşluğunda	490	29925
sanıp	490	29926
verandada	490	29927
cip	490	29928
bavulu	490	29929
yalanını	490	29930
maktul	490	29931
şarkımız	490	29932
isteğine	490	29933
hissederdin	490	29934
silahlarımız	490	29935
davadaki	490	29936
anahtarlarım	490	29937
konuşabileceğim	490	29938
bağlantılarım	490	29939
kılını	490	29940
toplansın	490	29941
kabusu	490	29942
toksikoloji	490	29943
kurtarman	490	29944
madende	490	29945
başlatalım	490	29946
dönüyordum	490	29947
yazıya	490	29948
daniskası	490	29949
çıksam	490	29950
seçildim	490	29951
partiydi	490	29952
siniri	490	29953
food	490	29954
çağırdığını	490	29955
zarfın	490	29956
sapığın	490	29957
doğurur	490	29958
tamda	490	29959
bedensel	490	29960
sanata	490	29961
cassius	490	29962
cadıların	490	29963
eğleniriz	490	29964
çöreği	490	29965
herşeyini	490	29966
hatırlamadığını	490	29967
gözlüğünü	490	29968
anlaştığımızı	490	29969
konuştuğunuz	490	29970
taşıyoruz	490	29971
fiyakalı	490	29972
tünelden	490	29973
yalanın	490	29974
tekin	490	29975
selamlarımı	490	29976
olmayacaklar	490	29977
maui	489	29978
kalleş	489	29979
rolex	489	29980
bronson	489	29981
ödediği	489	29982
dediysem	489	29983
anasının	489	29984
sıtma	489	29985
dehası	489	29986
dünyama	489	29987
fatma	489	29988
ailesinde	489	29989
kendisidir	489	29990
geçebilirsiniz	489	29991
gezici	489	29992
olabileceklerini	489	29993
taşımama	489	29994
duyduğuna	489	29995
uzatın	489	29996
başlamışsın	489	29997
tex	489	29998
cola	489	29999
benekli	489	30000
