# Kaynak: Leipzig Corpora Collection tur_news_2024_30K — CC BY 4.0. Sütunlar: kelime, sayı, sıra
ve	10472	1
bir	7128	2
bu	4575	3
için	2829	4
da	2407	5
ile	2384	6
de	2251	7
olarak	1650	8
'	1473	9
daha	1360	10
çok	1293	11
olan	1193	12
en	1118	13
ise	1048	14
yeni	912	15
göre	899	16
gibi	833	17
bin	825	18
her	821	19
kadar	817	20
yüzde	796	21
ilk	784	22
son	779	23
başkanı	776	24
büyük	775	25
devam	769	26
tarafından	734	27
ardından	686	28
yer	685	29
etti	676	30
olduğu	661	31
sonra	661	32
olduğunu	655	33
oldu	654	34
yapılan	631	35
önemli	620	36
ne	610	37
dedi	592	38
ilgili	584	39
hem	562	40
yıl	560	41
tüm	560	42
var	543	43
sosyal	537	44
genel	534	45
ancak	525	46
türkiye	517	47
şekilde	510	48
arasında	509	49
eden	491	50
iki	472	51
birlikte	460	52
aynı	460	53
o	454	54
gelen	452	55
iyi	450	56
geldi	445	57
belediye	441	58
ama	430	59
karşı	427	60
yaptığı	426	61
iş	424	62
sağlık	420	63
zaman	410	64
diye	408	65
ifade	405	66
önce	399	67
bulunan	396	68
milyon	394	69
ediyor	391	70
gün	386	71
başkan	385	72
alan	382	73
kişi	379	74
üzerine	377	75
edildi	373	76
türk	373	77
yönelik	372	78
özel	371	79
milli	368	80
değil	366	81
bugün	360	82
söyledi	359	83
istanbul	344	84
fazla	340	85
diğer	340	86
biz	340	87
özellikle	338	88
yüksek	331	89
kullandı	330	90
olay	329	91
ortaya	327	92
ilişkin	326	93
günü	324	94
nedeniyle	316	95
dikkat	316	96
ayrıca	315	97
bulundu	312	98
veya	311	99
saat	311	100
cumhurbaşkanı	310	101
sadece	309	102
eğitim	309	103
milyar	308	104
geçen	308	105
üzere	307	106
açıklamada	303	107
parti	303	108
israil	302	109
içinde	301	110
ki	299	111
olacak	298	112
yerine	297	113
ya	293	114
konuştu	292	115
çıktı	290	116
ifadelerini	287	117
hakkında	286	118
olmak	284	119
büyükşehir	284	120
bakanı	277	121
ekipleri	276	122
bazı	275	123
kez	273	124
verdi	273	125
güvenlik	272	126
erdoğan	266	127
yeniden	266	128
il	266	129
hayatını	265	130
edilen	264	131
tl	261	132
meydana	260	133
aldı	257	134
sahip	256	135
yaklaşık	255	136
kişinin	252	137
farklı	251	138
polis	249	139
devlet	249	140
belirtti	248	141
destek	248	142
nasıl	247	143
hava	247	144
belediyesi	246	145
başladı	245	146
üzerinde	242	147
yok	242	148
şu	242	149
çıkan	240	150
birçok	240	151
su	240	152
kendi	239	153
açıkladı	236	154
yaptı	235	155
tek	234	156
ben	234	157
medya	231	158
biri	230	159
neden	230	160
bizim	230	161
yapan	227	162
düzenlenen	227	163
ikinci	226	164
eski	224	165
uzun	223	166
seçim	223	167
kapsamında	222	168
ilçesinde	221	169
olması	220	170
para	220	171
bunun	220	172
yol	213	173
uluslararası	213	174
ak	211	175
hafta	210	176
konusunda	209	177
kabul	209	178
altında	209	179
zamanda	207	180
burada	205	181
işte	203	182
sonrası	202	183
bakanlığı	202	184
yılında	200	185
abd	197	186
kadın	197	187
mücadele	195	188
lira	194	189
tespit	194	190
yaşanan	194	191
ali	193	192
üzerinden	193	193
karar	193	194
dünya	193	195
doğru	192	196
mehmet	190	197
türkiye'nin	187	198
kısa	187	199
böyle	187	200
ayında	186	201
şey	186	202
az	185	203
araç	185	204
artık	185	205
avrupa	184	206
içerisinde	184	207
ettiği	183	208
yoğun	183	209
söz	183	210
sonucu	182	211
çocuk	181	212
gerektiğini	177	213
bunu	177	214
rağmen	176	215
altın	176	216
teknik	176	217
hale	174	218
hizmet	174	219
ele	173	220
cumhuriyet	173	221
ay	173	222
chp	172	223
yaşındaki	172	224
tarihi	172	225
bağlı	171	226
süre	171	227
güzel	171	228
açık	171	229
aile	171	230
merkez	170	231
dile	169	232
yerel	169	233
konusu	168	234
müdürlüğü	168	235
durum	168	236
sevk	167	237
ev	167	238
emekli	167	239
gözaltına	165	240
çünkü	165	241
ağır	165	242
geri	164	243
savunma	164	244
etmek	163	245
bütün	163	246
adayı	163	247
genç	163	248
başka	162	249
düşük	161	250
güçlü	161	251
dün	161	252
belirten	160	253
dair	160	254
süper	160	255
ekonomik	160	256
elde	159	257
sıra	158	258
alınan	158	259
deprem	158	260
ait	157	261
altına	157	262
duyurdu	157	263
ederek	157	264
kararı	157	265
bakan	157	266
dönemde	155	267
resmi	155	268
alındı	154	269
toplam	153	270
yangın	153	271
olabilir	152	272
yapılacak	152	273
belirterek	151	274
siyasi	151	275
yana	150	276
kontrol	150	277
yıllık	150	278
çalışma	150	279
kurulu	150	280
uygun	149	281
bilgi	149	282
hangi	149	283
açıklama	148	284
yakın	148	285
yine	148	286
bulunduğu	147	287
spor	147	288
belli	146	289
durumu	146	290
hiçbir	146	291
mı	145	292
mustafa	145	293
önceki	145	294
ciddi	144	295
dolar	144	296
yılın	144	297
mi	143	298
sırasında	143	299
ankara	143	300
bile	141	301
verdiği	141	302
olsun	141	303
ülke	141	304
geçtiğimiz	141	305
ilçe	141	306
ziyaret	140	307
gece	140	308
yanı	139	309
vatandaşlar	139	310
tam	139	311
yaralandı	138	312
takip	138	313
anda	137	314
boyunca	137	315
tercih	137	316
öne	137	317
yönetim	137	318
yapıldı	136	319
zam	136	320
şimdi	136	321
çeşitli	135	322
yani	135	323
verildi	134	324
dahil	134	325
otomobil	134	326
bölge	134	327
oy	133	328
benim	133	329
enflasyon	132	330
araya	131	331
israil'in	131	332
sezon	131	333
hiç	131	334
terör	131	335
soruşturma	131	336
enerji	131	337
buna	131	338
fenerbahçe	130	339
peki	130	340
edecek	130	341
sırada	130	342
ünlü	130	343
yandan	129	344
artış	128	345
izmir	128	346
gelecek	128	347
recep	127	348
nedenle	127	349
kaldı	127	350
üç	127	351
sahibi	126	352
talep	126	353
ceza	126	354
etkili	125	355
görev	125	356
iddia	124	357
kültür	124	358
bolu	123	359
veren	123	360
aday	123	361
basın	123	362
doğal	123	363
kredi	123	364
teşekkür	122	365
yılmaz	122	366
asgari	122	367
yardım	121	368
bize	121	369
trafik	121	370
futbol	121	371
belirtildi	120	372
ettiğini	120	373
özgür	120	374
ana	120	375
henüz	120	376
dünyanın	120	377
jandarma	120	378
tarım	120	379
arasındaki	119	380
kaybetti	119	381
çalışmaları	119	382
yılı	119	383
ekim	119	384
herhangi	119	385
üst	119	386
partisi	119	387
mayıs	119	388
acil	119	389
açısından	118	390
yapmak	118	391
aldığı	118	392
haber	118	393
küçük	118	394
sabah	118	395
insan	117	396
istanbul'da	116	397
başta	116	398
savaş	116	399
bekleniyor	115	400
sayısı	115	401
merak	115	402
itfaiye	115	403
alıyor	114	404
ediyorum	114	405
gereken	114	406
yaşayan	114	407
deniz	114	408
birliği	114	409
durumda	113	410
hesabından	113	411
önünde	113	412
çalışan	113	413
sonrasında	113	414
ahmet	112	415
tayyip	112	416
çeken	112	417
kalan	112	418
hızlı	112	419
hemen	112	420
temmuz	112	421
yanında	111	422
dakika	111	423
tedavi	111	424
el	111	425
yardımcısı	111	426
gazze	110	427
sayıda	110	428
sona	110	429
aylık	110	430
şüpheli	110	431
mart	110	432
emniyet	110	433
iç	110	434
orman	110	435
şehir	110	436
türkiye'de	109	437
alanda	109	438
olmadığını	109	439
faiz	109	440
geniş	109	441
kocaeli	108	442
işaret	108	443
tekrar	108	444
gelir	108	445
orta	108	446
getirdi	107	447
yerinde	107	448
zor	107	449
takım	107	450
yurt	107	451
adına	106	452
geliyor	106	453
verilen	106	454
ön	106	455
çevre	106	456
şeklinde	105	457
yaşam	105	458
oyuncu	105	459
kaza	105	460
dolayı	104	461
gerekiyor	104	462
saatlerinde	104	463
pek	104	464
yönetimi	104	465
amacıyla	103	466
başlayan	103	467
merkezi	103	468
murat	102	469
bulunuyor	102	470
eder	102	471
ediliyor	102	472
öğrenildi	102	473
haline	102	474
yılda	102	475
başına	102	476
bölgede	102	477
dört	102	478
mevcut	102	479
şehit	102	480
isteyen	101	481
itibaren	101	482
göz	101	483
sağlıklı	101	484
kara	101	485
katkı	100	486
öncesi	100	487
askeri	100	488
pazar	100	489
almak	99	490
hareket	99	491
gerçek	99	492
elektrik	99	493
filistin	98	494
katıldı	98	495
maçı	98	496
olur	98	497
dışı	98	498
adım	98	499
yardımcı	98	500
fiyat	98	501
yatırım	98	502
müdürü	98	503
ticaret	98	504
gündeme	97	505
erken	97	506
genellikle	97	507
dolayısıyla	97	508
hayata	96	509
söyleyen	96	510
tepki	96	511
çalışmalar	96	512
üretim	96	513
düzenlediği	95	514
halinde	95	515
zarar	95	516
teslim	95	517
eşi	95	518
başkanlığı	95	519
güney	95	520
ediyoruz	94	521
çekti	94	522
başarılı	94	523
hastaneye	94	524
günlük	94	525
bana	94	526
onu	94	527
mutlu	94	528
galatasaray	93	529
müdahale	93	530
tür	93	531
hızla	93	532
oldukça	93	533
üniversitesi	93	534
geçti	93	535
hedef	93	536
ayı	93	537
dönem	93	538
suç	93	539
kim	93	540
a	93	541
üyesi	93	542
konuda	92	543
sayesinde	92	544
sürede	92	545
ilçesi	92	546
kötü	92	547
kamu	92	548
halk	92	549
anadolu	91	550
an	91	551
gören	91	552
öte	91	553
kurum	91	554
bildirdi	90	555
imza	90	556
vurguladı	90	557
isim	90	558
ortak	90	559
doğu	90	560
yarın	90	561
birinci	90	562
onun	90	563
barış	90	564
fark	89	565
gösterdi	89	566
akşam	89	567
temel	89	568
yolu	89	569
kuzey	89	570
genelinde	88	571
süreçte	88	572
dışişleri	88	573
eylül	88	574
batı	88	575
milletvekili	88	576
başında	87	577
oluyor	87	578
ocak	87	579
yaz	87	580
karşısında	86	581
karşıya	86	582
konuşan	86	583
önem	86	584
bölgeye	86	585
ek	86	586
transfer	86	587
kar	86	588
rusya	85	589
işlem	85	590
gerekli	85	591
sürekli	85	592
aşırı	85	593
konut	85	594
küresel	85	595
ateş	85	596
teknoloji	85	597
can	85	598
grup	85	599
değer	84	600
diyerek	84	601
inşa	84	602
puan	84	603
ismi	84	604
sıcak	84	605
maç	84	606
hep	84	607
adalet	84	608
fatih	83	609
dışında	83	610
günlerde	83	611
alanında	83	612
sayın	83	613
ücret	83	614
şubat	83	615
derece	82	616
getiren	82	617
gol	82	618
kaydetti	82	619
sonunda	82	620
önüne	82	621
mahallesi	82	622
kaç	82	623
hak	82	624
haziran	82	625
dış	82	626
onların	82	627
örgütü	82	628
eğer	82	629
araştırma	82	630
yıldız	82	631
prof	81	632
kaldırıldı	81	633
bölgesinde	81	634
rüyada	81	635
dijital	81	636
bundan	81	637
edeceğiz	80	638
medyada	80	639
oranı	80	640
yaparak	80	641
ramazan	80	642
canlı	80	643
kritik	80	644
ticari	80	645
yabancı	80	646
sağanak	80	647
saldırı	80	648
net	80	649
kasım	80	650
arama	80	651
anne	80	652
önümüzdeki	80	653
sanayi	80	654
ayrı	79	655
açıklamalarda	79	656
olup	79	657
tarihinde	79	658
ödeme	79	659
nisan	79	660
gösteren	78	661
kazandı	78	662
başvuru	78	663
kazada	78	664
döneminde	77	665
sunuyor	77	666
iran	77	667
ara	77	668
sonuçları	77	669
vatandaşların	77	670
ulusal	77	671
inşallah	77	672
suriye	76	673
etmeye	76	674
sürüyor	76	675
tamamen	76	676
bankası	76	677
proje	76	678
aslında	76	679
bayram	76	680
alarak	75	681
haberine	75	682
kullanılan	75	683
maçında	75	684
olumlu	75	685
yanıt	75	686
yaşandı	75	687
yaşadığı	75	688
yaşamını	75	689
ağustos	75	690
işçi	75	691
olayın	75	692
herkes	75	693
hizmetler	75	694
olmayan	74	695
sonucunda	74	696
vardı	74	697
mümkün	74	698
üçüncü	74	699
oyun	74	700
biraz	74	701
hala	74	702
silahlı	74	703
euro	74	704
vardır	73	705
ibb	73	706
giden	73	707
yeri	73	708
kalp	73	709
kendisine	73	710
yemek	73	711
lideri	73	712
aralık	73	713
insanların	73	714
endeksi	73	715
insanlar	73	716
adli	73	717
beşiktaş	72	718
değildir	72	719
dolu	72	720
hazır	72	721
uyuşturucu	72	722
değerli	72	723
derin	72	724
kendisini	72	725
rüya	72	726
yapay	72	727
sistemi	72	728
ekipler	72	729
haftasında	71	730
çekiyor	71	731
adı	71	732
altını	71	733
olumsuz	71	734
sınav	71	735
gerçekten	71	736
hatta	71	737
turizm	71	738
dem	70	739
anlattı	70	740
beraber	70	741
bildirildi	70	742
ederken	70	743
lazım	70	744
olmadığı	70	745
imamoğlu	70	746
gerçekleştirilen	70	747
süreci	70	748
beni	70	749
takımı	70	750
mahallesi'nde	69	751
belirlendi	69	752
düştü	69	753
giren	69	754
isimli	69	755
kaydedildi	69	756
oluşan	69	757
tahmin	69	758
ilgi	69	759
satın	69	760
çözüm	69	761
dakikada	69	762
ihtiyaç	69	763
ülkenin	69	764
lig	69	765
toprak	69	766
zaten	69	767
vergi	69	768
tabii	69	769
alacak	68	770
bilgiye	68	771
cezası	68	772
edilmesi	68	773
fiyatı	68	774
izin	68	775
sonu	68	776
sıralarında	68	777
zorunda	68	778
ekibi	68	779
kendini	68	780
toplantısında	68	781
içişleri	68	782
ona	68	783
dünyada	68	784
cuma	68	785
dikkatli	67	786
istedi	67	787
sık	67	788
sürücü	67	789
hafif	67	790
silah	67	791
açıklandı	66	792
gerçekleşen	66	793
güvenli	66	794
yapıyor	66	795
yıldır	66	796
konu	66	797
internet	66	798
çocukların	66	799
mahkeme	66	800
gıda	66	801
adet	65	802
attı	65	803
etmesi	65	804
maçta	65	805
olsa	65	806
süren	65	807
ismail	65	808
satış	65	809
cumhurbaşkanlığı	65	810
memur	65	811
bizi	65	812
trump	64	813
davet	64	814
ekiplerinin	64	815
taşıyan	64	816
yaralanan	64	817
kırmızı	64	818
meclis	64	819
kemal	63	820
gerçekleşti	63	821
gösteriyor	63	822
liraya	63	823
paylaştı	63	824
suyu	63	825
sağ	63	826
onları	63	827
bölgedeki	63	828
çocuklar	63	829
orada	63	830
demir	63	831
koruma	63	832
yerlikaya	62	833
beri	62	834
görmek	62	835
görüldü	62	836
ifadesini	62	837
itibarıyla	62	838
sene	62	839
yapılması	62	840
toplamda	62	841
okul	62	842
evde	62	843
zeka	62	844
bunlar	62	845
kent	62	846
trendyol	61	847
adlı	61	848
diyen	61	849
tebrik	61	850
yerde	61	851
yere	61	852
önemlidir	61	853
başbakanı	61	854
benzer	61	855
düzenli	61	856
bakım	61	857
çelik	61	858
birkaç	61	859
maçın	61	860
hakan	60	861
uefa	60	862
başlattı	60	863
fiyatları	60	864
gördü	60	865
sağlamak	60	866
temsil	60	867
türlü	60	868
yükseldi	60	869
yüzden	60	870
kilometre	60	871
yaş	60	872
giriş	60	873
ürün	60	874
emeklilik	60	875
beyaz	60	876
projesi	60	877
bunların	60	878
iklim	60	879
desteği	59	880
etkisiyle	59	881
giderek	59	882
mu	59	883
olmasını	59	884
oranında	59	885
öncesinde	59	886
izmit	59	887
girdi	59	888
ileri	59	889
serbest	59	890
zorlu	59	891
onlar	59	892
ihbar	59	893
uzay	59	894
erdoğan'ın	58	895
hasan	58	896
bilinen	58	897
hapis	58	898
iptal	58	899
kapsamda	58	900
rol	58	901
yıllarda	58	902
aydın	58	903
istiyoruz	58	904
madde	58	905
hastanede	58	906
baba	58	907
bugüne	58	908
ukrayna	57	909
doğrultusunda	57	910
kullandığı	57	911
plakalı	57	912
süredir	57	913
yola	57	914
yolcu	57	915
aracı	57	916
kurumu	57	917
yaralı	57	918
aracın	57	919
personel	57	920
kan	57	921
durumun	57	922
doğan	57	923
allah	56	924
türkiye'ye	56	925
geldiği	56	926
ilan	56	927
neler	56	928
sayısının	56	929
yapmaya	56	930
şimşek	56	931
güç	56	932
maaş	56	933
insani	56	934
öğrenciler	56	935
kız	56	936
toplantısı	56	937
milyonlarca	56	938
öyle	56	939
ülkemizin	56	940
fakat	56	941
kıbrıs	55	942
başlayacak	55	943
gerekir	55	944
gerçekleştirdi	55	945
işlemleri	55	946
olacağını	55	947
olma	55	948
olmaya	55	949
sebebiyle	55	950
tarihleri	55	951
varsa	55	952
yapacak	55	953
yaptıkları	55	954
yazılı	55	955
ibrahim	55	956
konuk	55	957
kültürel	55	958
bayramı	55	959
açıklamaya	55	960
binlerce	55	961
doğrudan	55	962
ülkede	55	963
programı	55	964
mhp	54	965
açtı	54	966
durumunda	54	967
düzenlendi	54	968
etkisi	54	969
etme	54	970
geçirildi	54	971
olduğuna	54	972
faaliyet	54	973
hazırlanan	54	974
tehdit	54	975
asla	54	976
beklenen	54	977
cep	54	978
kolay	54	979
şirket	54	980
yeşil	54	981
ekonomi	54	982
kadınlar	54	983
refah	54	984
yavaş	54	985
ab	53	986
arttı	53	987
inceleme	53	988
katılan	53	989
mağlup	53	990
sağlar	53	991
sonraki	53	992
sürücüsü	53	993
veriyor	53	994
çıkıyor	53	995
vatandaş	53	996
içine	53	997
içi	53	998
tartışma	53	999
yanlış	53	1000
hayvan	53	1001
size	53	1002
ölüm	53	1003
yerli	53	1004
hakim	53	1005
olayda	53	1006
sanık	53	1007
bilim	53	1008
yapı	53	1009
uzman	53	1010
afad	52	1011
buldu	52	1012
futbolcu	52	1013
geldiğini	52	1014
gitti	52	1015
olduklarını	52	1016
ömer	52	1017
çalışması	52	1018
üzerindeki	52	1019
kişiye	52	1020
evinde	52	1021
maliye	52	1022
adeta	52	1023
aralarında	52	1024
alanı	52	1025
kimse	52	1026
kaya	52	1027
hazine	52	1028
dönüşüm	52	1029
kurban	52	1030
sınır	52	1031
gençlik	52	1032
kulübü	52	1033
herkesin	52	1034
uygulama	52	1035
güneş	52	1036
atatürk	51	1037
bm	51	1038
hayırlı	51	1039
istiyorum	51	1040
kaybeden	51	1041
belirlenen	51	1042
şahin	51	1043
değişiklik	51	1044
kayıt	51	1045
üyeleri	51	1046
öğrenci	51	1047
kira	51	1048
tıp	51	1049
modern	51	1050
siz	51	1051
antalya	50	1052
dr	50	1053
gazze'de	50	1054
hüseyin	50	1055
anlamda	50	1056
arada	50	1057
cevap	50	1058
nin	50	1059
sonuna	50	1060
sorunları	50	1061
çin	50	1062
şahıs	50	1063
başarı	50	1064
gaz	50	1065
işe	50	1066
mal	50	1067
kapalı	50	1068
öğrencilerin	50	1069
sağlığı	50	1070
düzenleme	50	1071
bunları	50	1072
ekrem	49	1073
artışla	49	1074
düzenledi	49	1075
oynanan	49	1076
tutuklandı	49	1077
ligi	49	1078
annesi	49	1079
kişiler	49	1080
duygusal	49	1081
beş	49	1082
ulaşım	49	1083
toplum	49	1084
kaçak	49	1085
sokak	49	1086
iletişim	49	1087
sanat	49	1088
adana	48	1089
ankara'da	48	1090
anlar	48	1091
bilgiler	48	1092
düşen	48	1093
fırsat	48	1094
harekete	48	1095
kapsamlı	48	1096
kaynağı	48	1097
vatandaşlara	48	1098
çalışıyor	48	1099
duruma	48	1100
insanı	48	1101
artan	48	1102
demek	48	1103
istifa	48	1104
işgal	48	1105
erkek	48	1106
sol	48	1107
yıldırım	48	1108
böylece	48	1109
sonuç	48	1110
birlik	48	1111
hakem	48	1112
bursa	47	1113
koç	47	1114
sgk	47	1115
tbmm	47	1116
alınması	47	1117
belirledi	47	1118
dolara	47	1119
kullanan	47	1120
tatil	47	1121
yakından	47	1122
yaşadı	47	1123
habere	47	1124
islam	47	1125
güler	47	1126
süreç	47	1127
maddi	47	1128
sert	47	1129
operasyon	47	1130
insanları	47	1131
tarih	47	1132
elektrikli	47	1133
sözcüsü	47	1134
soğuk	47	1135
direktörü	47	1136
bazen	47	1137
abd'nin	46	1138
derneği	46	1139
aktardı	46	1140
alanlarda	46	1141
açıldı	46	1142
büyüme	46	1143
sağlayan	46	1144
seyir	46	1145
yerinden	46	1146
istanbul'un	46	1147
ekip	46	1148
kilo	46	1149
arda	46	1150
dava	46	1151
edinilen	46	1152
başkanlık	46	1153
geçmiş	46	1154
direktör	46	1155
kendisi	46	1156
cumartesi	46	1157
pazartesi	46	1158
kış	46	1159
organize	46	1160
park	46	1161
sarı	46	1162
hükümet	46	1163
donald	45	1164
açıdan	45	1165
edildiği	45	1166
kaybettiği	45	1167
kuvvetli	45	1168
olacağız	45	1169
yalnızca	45	1170
yayınlanan	45	1171
yolunda	45	1172
çıktığı	45	1173
diyor	45	1174
kişisel	45	1175
rekor	45	1176
çocukları	45	1177
ürünleri	45	1178
risk	45	1179
terörist	45	1180
doğum	45	1181
et	45	1182
gram	45	1183
olası	45	1184
kadının	45	1185
işbirliği	45	1186
güvenliği	45	1187
balık	45	1188
yayın	45	1189
eş	45	1190
alması	44	1191
altındaki	44	1192
başlatıldı	44	1193
edilecek	44	1194
edip	44	1195
isimler	44	1196
kararını	44	1197
sahne	44	1198
yerini	44	1199
çalışmalarına	44	1200
çarptı	44	1201
dünyaya	44	1202
fırsatı	44	1203
rahat	44	1204
sebep	44	1205
örnek	44	1206
atan	44	1207
halde	44	1208
hasta	44	1209
vali	44	1210
kaynak	44	1211
vadeli	44	1212
çay	44	1213
şüphelinin	44	1214
gündem	44	1215
halkın	44	1216
ses	44	1217
toplumsal	44	1218
çoğu	44	1219
adaylar	44	1220
geleneksel	44	1221
mali	44	1222
üniversite	44	1223
belki	44	1224
kitap	44	1225
eylem	44	1226
bölümü	44	1227
istihbarat	44	1228
filistinli	43	1229
osman	43	1230
adını	43	1231
alım	43	1232
arası	43	1233
defa	43	1234
edildiğini	43	1235
galibiyet	43	1236
olacaktır	43	1237
sorun	43	1238
sürdürüyor	43	1239
verecek	43	1240
verme	43	1241
yasal	43	1242
çalışmalarını	43	1243
öldü	43	1244
fidan	43	1245
dizi	43	1246
çalışmaların	43	1247
gücü	43	1248
paylaşımda	43	1249
takımın	43	1250
inşaat	43	1251
altyapı	43	1252
kentsel	43	1253
işleri	43	1254
öğretim	43	1255
uzmanlar	43	1256
doğa	43	1257
uzmanı	43	1258
alman	42	1259
almanya	42	1260
karadeniz	42	1261
uraloğlu	42	1262
yusuf	42	1263
anlamına	42	1264
ayına	42	1265
başkenti	42	1266
düşüş	42	1267
gerekçesiyle	42	1268
gerçekleştirdiği	42	1269
görülüyor	42	1270
hayatında	42	1271
sektöründe	42	1272
yakalandı	42	1273
altı	42	1274
katıldığı	42	1275
nedeni	42	1276
saygı	42	1277
odası	42	1278
kesin	42	1279
yarı	42	1280
geride	42	1281
açıklanan	42	1282
binanın	42	1283
döviz	42	1284
soru	42	1285
cenaze	42	1286
finansal	42	1287
gerek	42	1288
sizin	42	1289
baş	42	1290
on	42	1291
umut	42	1292
film	42	1293
millet	42	1294
yetkililer	42	1295
bizler	42	1296
marmara	41	1297
başlıyor	41	1298
getiriyor	41	1299
haberi	41	1300
hasar	41	1301
hız	41	1302
liradan	41	1303
maaşı	41	1304
merkezli	41	1305
noktada	41	1306
olursa	41	1307
oyunu	41	1308
parçası	41	1309
yoktur	41	1310
çalışıyoruz	41	1311
günde	41	1312
gözler	41	1313
uzak	41	1314
çift	41	1315
hakları	41	1316
sivil	41	1317
imkanı	41	1318
toplu	41	1319
kanun	41	1320
sahil	41	1321
çağrı	41	1322
değişikliği	41	1323
emre	40	1324
osmanlı	40	1325
tunç	40	1326
açıklaması	40	1327
ekiplerince	40	1328
etmişti	40	1329
ettik	40	1330
görülen	40	1331
hazırlık	40	1332
ihtiyacı	40	1333
katlı	40	1334
kişiyi	40	1335
sağlayacak	40	1336
sağlıyor	40	1337
sorunu	40	1338
sürecinde	40	1339
tahliye	40	1340
ulaştı	40	1341
ingiltere	40	1342
alımı	40	1343
attığı	40	1344
eve	40	1345
kuru	40	1346
alt	40	1347
bölgenin	40	1348
zengin	40	1349
şube	40	1350
geç	40	1351
ücretsiz	40	1352
sahte	40	1353
edin	40	1354
stratejik	40	1355
yasa	40	1356
yoksa	40	1357
devletin	40	1358
piyasa	40	1359
sıfır	40	1360
elbette	40	1361
kurtarma	40	1362
etkinlik	40	1363
toplantıda	40	1364
aa	39	1365
diyarbakır	39	1366
lig'in	39	1367
adımlar	39	1368
alıp	39	1369
açıklamasında	39	1370
dikkate	39	1371
diliyorum	39	1372
dolarlık	39	1373
dönemine	39	1374
fotoğraf	39	1375
gerektiği	39	1376
ilde	39	1377
kazanan	39	1378
olduk	39	1379
ordusunun	39	1380
sahiptir	39	1381
sağlanması	39	1382
suçundan	39	1383
sürecinin	39	1384
telefonu	39	1385
vurgulayan	39	1386
yaptığını	39	1387
israil'e	39	1388
izmir'de	39	1389
cumhur	39	1390
yeterli	39	1391
ilave	39	1392
mutlaka	39	1393
sahada	39	1394
seçimi	39	1395
tutuklu	39	1396
fiziksel	39	1397
cinsel	39	1398
haftada	39	1399
sürdürülebilir	39	1400
kanser	39	1401
ailesi	39	1402
saç	39	1403
uçak	39	1404
hayat	39	1405
mahalle	39	1406
olayla	39	1407
emekliler	39	1408
buradan	39	1409
netanyahu	38	1410
trabzonspor	38	1411
almaya	38	1412
artarak	38	1413
değeri	38	1414
dönemi	38	1415
etmiş	38	1416
hedefliyor	38	1417
noktasında	38	1418
teşvik	38	1419
vermek	38	1420
yaparken	38	1421
yolda	38	1422
yönünde	38	1423
yıla	38	1424
özdemir	38	1425
üretimi	38	1426
şeyler	38	1427
boş	38	1428
görüyoruz	38	1429
oğlu	38	1430
adam	38	1431
etkin	38	1432
indirim	38	1433
ülkeler	38	1434
aktif	38	1435
görüntüler	38	1436
cilt	38	1437
kat	38	1438
milletin	38	1439
neredeyse	38	1440
bebek	38	1441
geçiş	38	1442
onlara	38	1443
diş	38	1444
sözleşme	38	1445
zafer	38	1446
taş	38	1447
bakanlık	38	1448
buraya	38	1449
sen	38	1450
gazeteci	38	1451
işletme	38	1452
esnaf	38	1453
bayraktar	37	1454
tl'ye	37	1455
bilgilere	37	1456
cansız	37	1457
gelişme	37	1458
halkı	37	1459
ilçesine	37	1460
in	37	1461
istiyor	37	1462
namazı	37	1463
olmadan	37	1464
sahasında	37	1465
sahibinin	37	1466
ölçüde	37	1467
ortalama	37	1468
sefer	37	1469
belirli	37	1470
görüşme	37	1471
hayati	37	1472
telefon	37	1473
babası	37	1474
merkezinde	37	1475
banka	37	1476
gençlerin	37	1477
ilerleyen	37	1478
şiddetli	37	1479
engelli	37	1480
idari	37	1481
çeyrek	37	1482
gazi	37	1483
eğitimi	37	1484
iktidar	37	1485
yağmur	37	1486
anayasa	37	1487
atık	37	1488
hizmetleri	37	1489
afet	37	1490
abd'de	36	1491
fenerbahçe'nin	36	1492
halil	36	1493
adayları	36	1494
aracılığıyla	36	1495
arz	36	1496
bazda	36	1497
bekliyor	36	1498
bilinmeyen	36	1499
detayları	36	1500
getirildi	36	1501
geçerli	36	1502
görevi	36	1503
konuşma	36	1504
krizi	36	1505
manevi	36	1506
oynanacak	36	1507
politika	36	1508
saldırıları	36	1509
uyruklu	36	1510
yapmış	36	1511
yapıldığı	36	1512
yağ	36	1513
yaşında	36	1514
yönde	36	1515
çaba	36	1516
detaylar	36	1517
kavga	36	1518
araçlar	36	1519
hesap	36	1520
şöyle	36	1521
kimlik	36	1522
ilaç	36	1523
marka	36	1524
toplumun	36	1525
ulaştırma	36	1526
teklif	36	1527
sevgi	36	1528
saha	36	1529
grubu	36	1530
ihale	36	1531
hukuk	36	1532
gaziantep	35	1533
gazze'deki	35	1534
güran	35	1535
kahramanmaraş	35	1536
lig'de	35	1537
meteoroloji	35	1538
new	35	1539
aldık	35	1540
aldığını	35	1541
anlatan	35	1542
bulutlu	35	1543
detaylı	35	1544
dikkati	35	1545
farkı	35	1546
ifadeleri	35	1547
kalıcı	35	1548
mesaj	35	1549
olmasına	35	1550
ortadan	35	1551
ton	35	1552
trilyon	35	1553
çalışmaya	35	1554
çalıştığı	35	1555
çocuğu	35	1556
önde	35	1557
önemini	35	1558
şartları	35	1559
akp	35	1560
günler	35	1561
kart	35	1562
takıma	35	1563
uygulaması	35	1564
sistem	35	1565
yıllar	35	1566
seyahat	35	1567
ödül	35	1568
acı	35	1569
halka	35	1570
payı	35	1571
istihdam	35	1572
saldırıda	35	1573
konuya	35	1574
toplantı	35	1575
iddiaya	35	1576
kıymetli	35	1577
örneğin	35	1578
öğretmen	35	1579
mobil	35	1580
muhalefet	35	1581
öncelikle	35	1582
ışık	35	1583
abdullah	34	1584
galatasaray'ın	34	1585
hastanesi'ne	34	1586
malatya	34	1587
sakarya	34	1588
valisi	34	1589
alma	34	1590
başarılar	34	1591
başladığı	34	1592
bölgelerde	34	1593
dahi	34	1594
döndü	34	1595
ekledi	34	1596
etkisiz	34	1597
evine	34	1598
gelerek	34	1599
gitmek	34	1600
içeren	34	1601
kaydeden	34	1602
kişilerin	34	1603
kişilik	34	1604
kullanarak	34	1605
maruz	34	1606
satışa	34	1607
tamamladı	34	1608
verdik	34	1609
yaptık	34	1610
yılının	34	1611
zammı	34	1612
zorunlu	34	1613
çıkacak	34	1614
çıkarak	34	1615
şeyi	34	1616
alınacak	34	1617
hakkı	34	1618
huzur	34	1619
kullanımı	34	1620
otomobilin	34	1621
vatandaşın	34	1622
yan	34	1623
önceden	34	1624
hayal	34	1625
ihracat	34	1626
kendine	34	1627
ordusu	34	1628
video	34	1629
ölü	34	1630
partili	34	1631
olayı	34	1632
merkezine	34	1633
tatlı	34	1634
yalnız	34	1635
evi	34	1636
bölgesel	34	1637
normal	34	1638
operasyonda	34	1639
enflasyonun	34	1640
köy	34	1641
icra	34	1642
olağanüstü	34	1643
konuyla	34	1644
yargı	34	1645
chp'li	33	1646
fransa	33	1647
real	33	1648
x	33	1649
artışı	33	1650
bilgileri	33	1651
devreye	33	1652
edilmiş	33	1653
erdi	33	1654
forma	33	1655
gelip	33	1656
gelişmeler	33	1657
geriledi	33	1658
gerçekleştirildi	33	1659
gönderildi	33	1660
gününde	33	1661
kaldığı	33	1662
korumak	33	1663
kurulan	33	1664
kızı	33	1665
mesajı	33	1666
motosiklet	33	1667
olmuş	33	1668
sağladı	33	1669
simgeler	33	1670
sunan	33	1671
taşıyor	33	1672
vatandaşları	33	1673
yapma	33	1674
çalışmalarının	33	1675
çerçevesinde	33	1676
hastanesi	33	1677
sayılı	33	1678
tedavisi	33	1679
verimli	33	1680
yüz	33	1681
bilgisi	33	1682
dönemin	33	1683
katılım	33	1684
kendilerini	33	1685
temiz	33	1686
şirketin	33	1687
geleceğe	33	1688
performans	33	1689
yaptığımız	33	1690
şirketi	33	1691
salı	33	1692
model	33	1693
geçici	33	1694
yürüyüş	33	1695
bütçe	33	1696
kadınların	33	1697
perşembe	33	1698
maalesef	33	1699
program	33	1700
şeker	33	1701
müzik	33	1702
ülkemizde	33	1703
demokrasi	33	1704
kalkınma	33	1705
kongre	33	1706
alanya	32	1707
biden	32	1708
chp'nin	32	1709
suudi	32	1710
yunus	32	1711
alana	32	1712
ateşkes	32	1713
aylarında	32	1714
ayının	32	1715
açılan	32	1716
belirtiliyor	32	1717
bireyin	32	1718
bireyler	32	1719
civarında	32	1720
edebilir	32	1721
edilir	32	1722
geçiren	32	1723
hukuki	32	1724
istediği	32	1725
itiraz	32	1726
karşılık	32	1727
kaybı	32	1728
nedir	32	1729
olacağı	32	1730
oldukları	32	1731
olmadı	32	1732
rahatsız	32	1733
tane	32	1734
terk	32	1735
verilerine	32	1736
yaygın	32	1737
yağış	32	1738
yetkilileri	32	1739
yitirdi	32	1740
çevresinde	32	1741
çıkardı	32	1742
borç	32	1743
dini	32	1744
mağdur	32	1745
projeler	32	1746
final	32	1747
hastalık	32	1748
bina	32	1749
uçuş	32	1750
bağımsız	32	1751
güven	32	1752
platformu	32	1753
cinayet	32	1754
alper	31	1755
başsavcılığı	31	1756
bolu'da	31	1757
mansur	31	1758
mısır	31	1759
rusya'nın	31	1760
aktaran	31	1761
alınarak	31	1762
alındığını	31	1763
ambulansla	31	1764
aykırı	31	1765
açan	31	1766
açıklanacak	31	1767
düzenlenecek	31	1768
düşünüyorum	31	1769
endişe	31	1770
hizmeti	31	1771
ifadelerine	31	1772
ifadesi	31	1773
ihraç	31	1774
insanın	31	1775
isteyenler	31	1776
kullanıldı	31	1777
metre	31	1778
nerede	31	1779
olanlar	31	1780
olmaz	31	1781
olmuştu	31	1782
performansı	31	1783
programına	31	1784
sahipliği	31	1785
sorusuna	31	1786
sözleri	31	1787
sözlerine	31	1788
süresi	31	1789
tabanca	31	1790
talebi	31	1791
ulaşan	31	1792
uyum	31	1793
vitamini	31	1794
yansıdı	31	1795
yapılıyor	31	1796
yaşandığı	31	1797
çağrısında	31	1798
ücreti	31	1799
göreve	31	1800
açılış	31	1801
modeli	31	1802
otobüs	31	1803
sigara	31	1804
topu	31	1805
yapımı	31	1806
yazar	31	1807
beslenme	31	1808
kayıp	31	1809
tasarruf	31	1810
suyun	31	1811
test	31	1812
halen	31	1813
yaşlı	31	1814
çocuğun	31	1815
alternatif	31	1816
arka	31	1817
asıl	31	1818
meclisi	31	1819
metro	31	1820
sigorta	31	1821
göç	31	1822
bununla	31	1823
sağlam	31	1824
tüketici	31	1825
mesela	31	1826
bahçeli	30	1827
hamas	30	1828
hollanda	30	1829
kadir	30	1830
komutanlığı	30	1831
milletler	30	1832
muhammed	30	1833
narin	30	1834
pkk	30	1835
rus	30	1836
valiliği	30	1837
arkadaşı	30	1838
ayakta	30	1839
biridir	30	1840
etki	30	1841
etkisini	30	1842
geçirdi	30	1843
gösterdiği	30	1844
işi	30	1845
kadrosuna	30	1846
kaybettiğini	30	1847
kazasında	30	1848
köyünde	30	1849
kısmı	30	1850
mutluluk	30	1851
olmuştur	30	1852
rahmet	30	1853
sahaya	30	1854
sayede	30	1855
taraftan	30	1856
vefat	30	1857
verdiğini	30	1858
verici	30	1859
yapacağı	30	1860
yapacağız	30	1861
yerlerde	30	1862
yönlü	30	1863
yürütülen	30	1864
çalıştı	30	1865
önemine	30	1866
özellikleri	30	1867
yaşar	30	1868
arkadaşları	30	1869
başlatılan	30	1870
dev	30	1871
planlanan	30	1872
servis	30	1873
öldürülen	30	1874
evin	30	1875
karara	30	1876
lüks	30	1877
istatistik	30	1878
the	30	1879
hepsi	30	1880
konser	30	1881
birden	30	1882
kamuoyunda	30	1883
ligde	30	1884
politikası	30	1885
değerlendirme	30	1886
haftanın	30	1887
aziz	30	1888
günümüzde	30	1889
yangının	30	1890
meslek	30	1891
akdeniz	29	1892
azerbaycan	29	1893
birleşmiş	29	1894
büro	29	1895
gazze'ye	29	1896
nato	29	1897
tff	29	1898
başından	29	1899
darbe	29	1900
engel	29	1901
gelmesi	29	1902
gösterir	29	1903
halindeki	29	1904
halkının	29	1905
hayatına	29	1906
hazırlanıyor	29	1907
hizmete	29	1908
kartı	29	1909
karşısına	29	1910
kaçta	29	1911
kıyasla	29	1912
miktarda	29	1913
nın	29	1914
olduğunun	29	1915
oranları	29	1916
pozitif	29	1917
prim	29	1918
riski	29	1919
satışı	29	1920
seçimde	29	1921
tehlikeli	29	1922
yanına	29	1923
ürünler	29	1924
anlaşma	29	1925
belgesi	29	1926
değişim	29	1927
dördüncü	29	1928
gerçekleştirilecek	29	1929
popüler	29	1930
rekabet	29	1931
saldırılarda	29	1932
yakınları	29	1933
yıldızı	29	1934
şehri	29	1935
ailesinin	29	1936
aşağı	29	1937
kendilerine	29	1938
seçime	29	1939
ümit	29	1940
işin	29	1941
kadına	29	1942
nefes	29	1943
sizi	29	1944
akıllı	29	1945
aşk	29	1946
çarşamba	29	1947
şok	29	1948
bankacılık	29	1949
burcu	29	1950
mesleki	29	1951
depremin	29	1952
afrika	28	1953
amerikan	28	1954
ekim'de	28	1955
gazete'de	28	1956
türkiye'deki	28	1957
alırken	28	1958
anlamlı	28	1959
anlamı	28	1960
baskı	28	1961
başarıyla	28	1962
bekliyoruz	28	1963
beraberlik	28	1964
biliyor	28	1965
birinin	28	1966
diyoruz	28	1967
dizisi	28	1968
durumlarda	28	1969
eksik	28	1970
geldik	28	1971
geleceği	28	1972
gündür	28	1973
güvenliğini	28	1974
isabet	28	1975
kampanyası	28	1976
olurken	28	1977
oranda	28	1978
promosyon	28	1979
psikolojik	28	1980
puanla	28	1981
riskini	28	1982
sakinleri	28	1983
sağlığını	28	1984
seviyesinde	28	1985
silahla	28	1986
sonuçlar	28	1987
sonuçlarını	28	1988
sürpriz	28	1989
tarihine	28	1990
verilmesi	28	1991
vermesi	28	1992
yazdı	28	1993
zamanlı	28	1994
çağrısı	28	1995
çöp	28	1996
çıkış	28	1997
ın	28	1998
gündemde	28	1999
harika	28	2000
lider	28	2001
seçimlerinde	28	2002
şahsın	28	2003
saati	28	2004
sorgulama	28	2005
sıcaklık	28	2006
yenilikçi	28	2007
yükselen	28	2008
hayatı	28	2009
temizlik	28	2010
meyve	28	2011
verilere	28	2012
şehrin	28	2013
bireysel	28	2014
gençler	28	2015
profesyonel	28	2016
sezonun	28	2017
korku	28	2018
sektör	28	2019
dil	28	2020
işler	28	2021
otomotiv	28	2022
kulüp	28	2023
kahraman	28	2024
törende	28	2025
ajansı	28	2026
dayanışma	28	2027
kazanın	28	2028
sınavı	28	2029
usta	28	2030
birleşik	27	2031
boluspor	27	2032
cumhuriyeti	27	2033
demirtaş	27	2034
ege	27	2035
elbistan	27	2036
federasyonu	27	2037
gebze	27	2038
gökhan	27	2039
kocaelispor	27	2040
meral	27	2041
parti'nin	27	2042
sekreteri	27	2043
selçuk	27	2044
tl'den	27	2045
artırmak	27	2046
açabilir	27	2047
bölümünde	27	2048
dedim	27	2049
denize	27	2050
durumunun	27	2051
ettiğimiz	27	2052
görüyor	27	2053
keyifli	27	2054
kuzeyindeki	27	2055
olmaktan	27	2056
olmayı	27	2057
oyuncusu	27	2058
rakam	27	2059
renk	27	2060
sabit	27	2061
sorularını	27	2062
sürecini	27	2063
sınırlı	27	2064
uyarı	27	2065
vurdu	27	2066
yangını	27	2067
yapıyoruz	27	2068
yönetiminde	27	2069
yönetimindeki	27	2070
yük	27	2071
zamanı	27	2072
çıkması	27	2073
ölümüne	27	2074
ülkeye	27	2075
korunması	27	2076
mahsur	27	2077
okula	27	2078
saldırıya	27	2079
töreni	27	2080
tıbbi	27	2081
bitki	27	2082
herkese	27	2083
ilginç	27	2084
ilçede	27	2085
kaynakları	27	2086
nitelikli	27	2087
teknolojik	27	2088
yapılır	27	2089
yıllardır	27	2090
beton	27	2091
görüş	27	2092
siyaset	27	2093
sorumlu	27	2094
tesis	27	2095
komisyonu	27	2096
analiz	27	2097
cenazesi	27	2098
raporu	27	2099
sanatçı	27	2100
savaşı	27	2101
savaşın	27	2102
borsa	27	2103
denetim	27	2104
tabi	27	2105
asayiş	27	2106
şunu	27	2107
bahar	27	2108
savcı	27	2109
günün	27	2110
adnan	26	2111
aslan	26	2112
fk	26	2113
ışıkhan	26	2114
lübnan	26	2115
mahkemesi	26	2116
mersin	26	2117
polat	26	2118
türkiye'yi	26	2119
ailesine	26	2120
avukatı	26	2121
başladığını	26	2122
bekleyen	26	2123
belirgin	26	2124
belirtilen	26	2125
benzeri	26	2126
deplasmanda	26	2127
ekiplerine	26	2128
ettikleri	26	2129
geçiyor	26	2130
giyen	26	2131
gördüğü	26	2132
hastalığı	26	2133
iken	26	2134
ilçesindeki	26	2135
isminin	26	2136
içindeki	26	2137
kala	26	2138
katkıda	26	2139
kaynaklı	26	2140
konusundaki	26	2141
konuşmada	26	2142
kullanmak	26	2143
liralık	26	2144
oynadığı	26	2145
paylaştığı	26	2146
sayı	26	2147
sebebi	26	2148
seviyesine	26	2149
sezonu	26	2150
seçilen	26	2151
sunduğu	26	2152
sunulan	26	2153
sürdü	26	2154
sıkıntı	26	2155
tamamlandı	26	2156
vererek	26	2157
vurgulayarak	26	2158
yapması	26	2159
yapıldığını	26	2160
yazık	26	2161
yağışlı	26	2162
zamanlarda	26	2163
çanakkale	26	2164
çıkar	26	2165
çıkarılan	26	2166
şehircilik	26	2167
amaçlı	26	2168
birisi	26	2169
ilişkileri	26	2170
kadını	26	2171
kesinlikle	26	2172
konuyu	26	2173
kripto	26	2174
kriz	26	2175
kura	26	2176
listesi	26	2177
mücadelede	26	2178
adliyeye	26	2179
evlilik	26	2180
gözden	26	2181
günleri	26	2182
hastane	26	2183
bazıları	26	2184
devleti	26	2185
kampanya	26	2186
korkunç	26	2187
petrol	26	2188
programda	26	2189
çocuklara	26	2190
müşteri	26	2191
nükleer	26	2192
heyet	26	2193
kırsal	26	2194
tüketim	26	2195
gündüz	26	2196
milletimizin	26	2197
televizyon	26	2198
havacılık	26	2199
koordinasyon	26	2200
bankalar	26	2201
kentin	26	2202
ağrı	26	2203
parçalı	26	2204
geçmişte	26	2205
vatan	26	2206
müdür	26	2207
allah'tan	25	2208
doç	25	2209
ertuğrul	25	2210
fakültesi	25	2211
putin	25	2212
sinan	25	2213
sultan	25	2214
yavuz	25	2215
yüksel	25	2216
ailenin	25	2217
alındığı	25	2218
alır	25	2219
amacı	25	2220
artması	25	2221
artıyor	25	2222
ayda	25	2223
ayrıldı	25	2224
açıklayan	25	2225
açıkça	25	2226
başı	25	2227
belirtiyor	25	2228
bulunmaktadır	25	2229
bulunması	25	2230
büyüklüğünde	25	2231
dediği	25	2232
değinen	25	2233
düzeyde	25	2234
edeceğini	25	2235
edilerek	25	2236
etkiler	25	2237
etmektedir	25	2238
ettiklerini	25	2239
gerçekleşecek	25	2240
hediye	25	2241
ila	25	2242
kaldırılan	25	2243
kurtarılamadı	25	2244
memuru	25	2245
mücadelesi	25	2246
nesil	25	2247
olabileceği	25	2248
olanak	25	2249
oynadı	25	2250
oynayan	25	2251
personeli	25	2252
projeleri	25	2253
saldırısı	25	2254
söyleyerek	25	2255
sürdüren	25	2256
sıkça	25	2257
vermeye	25	2258
vurgu	25	2259
yaptıklarını	25	2260
yağışı	25	2261
yolunu	25	2262
yılına	25	2263
zamanlar	25	2264
öztürk	25	2265
çekerek	25	2266
ödemesi	25	2267
üyelerinin	25	2268
ingiliz	25	2269
başbakan	25	2270
bol	25	2271
hattı	25	2272
konuşmasında	25	2273
kullanıcı	25	2274
sahipleri	25	2275
sel	25	2276
seni	25	2277
tel	25	2278
van	25	2279
alev	25	2280
eşsiz	25	2281
isimlerin	25	2282
köpek	25	2283
sorumluluk	25	2284
yetkili	25	2285
hayatta	25	2286
bölüm	25	2287
sermaye	25	2288
üstün	25	2289
doktor	25	2290
düğün	25	2291
gizli	25	2292
duruşmada	25	2293
gök	25	2294
evet	25	2295
başkanları	25	2296
emin	25	2297
ikili	25	2298
hastalıkları	25	2299
hepimiz	25	2300
demokratik	25	2301
bence	25	2302
antalya'da	24	2303
b	24	2304
belediyesi'nin	24	2305
dha	24	2306
erkan	24	2307
fırat	24	2308
göktaş	24	2309
joe	24	2310
jose	24	2311
kartal	24	2312
konya	24	2313
kuvvetleri	24	2314
kürt	24	2315
ligi'nde	24	2316
serdar	24	2317
suriye'nin	24	2318
uğur	24	2319
aldıkları	24	2320
artırarak	24	2321
başlandı	24	2322
bulunduğunu	24	2323
darp	24	2324
döneme	24	2325
düşmesi	24	2326
edilirken	24	2327
hariç	24	2328
ihbarı	24	2329
ikamet	24	2330
indirimi	24	2331
itibariyle	24	2332
koşulları	24	2333
miktar	24	2334
sayısını	24	2335
sistemini	24	2336
soykırım	24	2337
söylüyor	24	2338
süreli	24	2339
teklifi	24	2340
unutulmaz	24	2341
yağı	24	2342
yoktu	24	2343
yönetiminin	24	2344
yöntem	24	2345
yüzlerce	24	2346
çarpıştı	24	2347
önlemler	24	2348
hatay	24	2349
bilimsel	24	2350
bilinçli	24	2351
birbirine	24	2352
heyecan	24	2353
ihracatı	24	2354
ismin	24	2355
kullanıcıların	24	2356
sürece	24	2357
web	24	2358
yerleşim	24	2359
öğrencilere	24	2360
bodrum	24	2361
aldığımız	24	2362
göçmen	24	2363
oyuncular	24	2364
patlama	24	2365
veri	24	2366
gemi	24	2367
haksız	24	2368
üretici	24	2369
şarkıcı	24	2370
şiddet	24	2371
kararın	24	2372
kentte	24	2373
klasik	24	2374
politikaları	24	2375
süt	24	2376
tarımsal	24	2377
başkanımız	24	2378
gelişim	24	2379
partisinin	24	2380
çevredeki	24	2381
daire	24	2382
yüzyılı	24	2383
ziyarette	24	2384
şimdiden	24	2385
kardeş	24	2386
sinema	24	2387
galip	24	2388
ondan	24	2389
senin	24	2390
e	24	2391
ince	24	2392
bugünkü	24	2393
karşılaşmanın	24	2394
yolları	24	2395
bankası'nın	23	2396
diyanet	23	2397
lisesi	23	2398
manisa	23	2399
merkezi'nde	23	2400
mourinho	23	2401
netanyahu'nun	23	2402
okan	23	2403
tv	23	2404
trump'ın	23	2405
tüik	23	2406
almayı	23	2407
anı	23	2408
asker	23	2409
ayağa	23	2410
aylarda	23	2411
açıklamalar	23	2412
bedeni	23	2413
biliyoruz	23	2414
bulunarak	23	2415
bünyesinde	23	2416
cezasına	23	2417
dediler	23	2418
denildi	23	2419
denk	23	2420
filmi	23	2421
getirerek	23	2422
geçtiğini	23	2423
gurur	23	2424
görevden	23	2425
görüntüleri	23	2426
işlemlerinin	23	2427
kamuoyu	23	2428
kararının	23	2429
karşılıklı	23	2430
katılımıyla	23	2431
kuzeyinde	23	2432
maçının	23	2433
mide	23	2434
olmaması	23	2435
olmanın	23	2436
ormanlık	23	2437
programında	23	2438
resmen	23	2439
seçimlerde	23	2440
sorunların	23	2441
sözde	23	2442
sözü	23	2443
sınırı	23	2444
taraf	23	2445
tavsiye	23	2446
temsilcileri	23	2447
trafiğe	23	2448
tüketimi	23	2449
ulaşmak	23	2450
verilecek	23	2451
verileri	23	2452
vermiş	23	2453
yapısı	23	2454
yarattı	23	2455
yürürlüğe	23	2456
çekilen	23	2457
çerçevede	23	2458
üye	23	2459
şampiyonlar	23	2460
bilet	23	2461
davada	23	2462
defalarca	23	2463
insanlık	23	2464
kamuoyuna	23	2465
merakla	23	2466
suya	23	2467
sıkı	23	2468
tasarım	23	2469
örgüt	23	2470
ülkemize	23	2471
metin	23	2472
bağışıklık	23	2473
beyin	23	2474
bisiklet	23	2475
fırtına	23	2476
güncel	23	2477
kapı	23	2478
oyuncunun	23	2479
tehlike	23	2480
şampiyon	23	2481
basit	23	2482
ilham	23	2483
kuruluşu	23	2484
polise	23	2485
tecrübeli	23	2486
yakında	23	2487
anlaşması	23	2488
tanık	23	2489
vatandaşlarımızın	23	2490
herkesi	23	2491
yedi	23	2492
yarım	23	2493
ittifakı	23	2494
basketbol	23	2495
işsizlik	23	2496
siyah	23	2497
öğretmenler	23	2498
avukat	23	2499
buradaki	23	2500
sevgili	23	2501
ekiplerin	23	2502
haberde	23	2503
tip	23	2504
şüphelilerin	23	2505
amerika	22	2506
ayşe	22	2507
bıst	22	2508
balıkesir	22	2509
c	22	2510
gazze'nin	22	2511
kore	22	2512
memiş	22	2513
alanları	22	2514
almış	22	2515
aranan	22	2516
atılan	22	2517
başladık	22	2518
besin	22	2519
biçimde	22	2520
cezaevine	22	2521
dereceye	22	2522
derken	22	2523
ders	22	2524
edeceği	22	2525
edilemez	22	2526
esnasında	22	2527
etkilenen	22	2528
etkileri	22	2529
etmeyi	22	2530
evinin	22	2531
faaliyetleri	22	2532
gelmiş	22	2533
geçirilen	22	2534
gidiyor	22	2535
golle	22	2536
götürüldü	22	2537
gözü	22	2538
günden	22	2539
hükümeti	22	2540
idaresindeki	22	2541
ikna	22	2542
istediğini	22	2543
isterim	22	2544
kere	22	2545
kilogram	22	2546
kilometrelik	22	2547
maça	22	2548
olabileceğini	22	2549
olduğumuz	22	2550
oranının	22	2551
oyuncuları	22	2552
sarf	22	2553
seviyede	22	2554
sistemine	22	2555
sohbet	22	2556
sözlerini	22	2557
sürecine	22	2558
tanesi	22	2559
vurgulandı	22	2560
yakıt	22	2561
yaşanıyor	22	2562
yerden	22	2563
yerleri	22	2564
yoluyla	22	2565
yönündeki	22	2566
çorum	22	2567
özcan	22	2568
çekici	22	2569
çekildi	22	2570
çektiği	22	2571
çıkarıldı	22	2572
çıkmış	22	2573
özelliği	22	2574
ülkelerinin	22	2575
idaresi	22	2576
iran'ın	22	2577
israilli	22	2578
arkasında	22	2579
başa	22	2580
ekmek	22	2581
içsel	22	2582
kamera	22	2583
reel	22	2584
uyku	22	2585
lisans	22	2586
zamanında	22	2587
ödemeleri	22	2588
birbirinden	22	2589
cami	22	2590
otel	22	2591
yakalanan	22	2592
hayatın	22	2593
hükümetin	22	2594
insanlara	22	2595
ittifak	22	2596
vergisi	22	2597
ülkemiz	22	2598
şikayet	22	2599
dizinin	22	2600
dünyadaki	22	2601
tören	22	2602
keskin	22	2603
rüzgar	22	2604
tiyatro	22	2605
nüfus	22	2606
antik	22	2607
onur	22	2608
yağışların	22	2609
zabıta	22	2610
teknolojileri	22	2611
çiftçi	22	2612
acun	21	2613
bakanlığı'nın	21	2614
caddesi	21	2615
emine	21	2616
filistinlilerin	21	2617
hastanesine	21	2618
kerem	21	2619
mert	21	2620
ssk	21	2621
suriyeli	21	2622
yalçın	21	2623
ziraat	21	2624
adımları	21	2625
araca	21	2626
araçları	21	2627
artırılması	21	2628
atarak	21	2629
bakımından	21	2630
bağlamda	21	2631
biliniyor	21	2632
bıraktı	21	2633
destekleyen	21	2634
dolardan	21	2635
duyduğu	21	2636
düzey	21	2637
düştüğü	21	2638
dışına	21	2639
eyaletinde	21	2640
eşlik	21	2641
gerekmektedir	21	2642
getirmek	21	2643
geçirdiği	21	2644
gidip	21	2645
girdiği	21	2646
gördük	21	2647
görevine	21	2648
gücünü	21	2649
güçleri	21	2650
helikopter	21	2651
ilgisini	21	2652
isimleri	21	2653
kadro	21	2654
kaldırıldığı	21	2655
karmaşık	21	2656
karşılandı	21	2657
kaçtı	21	2658
kullanma	21	2659
nokta	21	2660
noktası	21	2661
paylaşan	21	2662
plana	21	2663
planda	21	2664
protesto	21	2665
sebeple	21	2666
sebze	21	2667
seviyeye	21	2668
sordu	21	2669
sürücüsünün	21	2670
takdim	21	2671
takdirde	21	2672
vakit	21	2673
yaşıyoruz	21	2674
yorum	21	2675
yürüten	21	2676
ösym	21	2677
çalıştığını	21	2678
çıkmak	21	2679
öğrencisi	21	2680
ülkeleri	21	2681
ülkelerin	21	2682
istanbul'a	21	2683
italya	21	2684
şeyin	21	2685
edirne	21	2686
beklenmedik	21	2687
gazetecilere	21	2688
hakaret	21	2689
ister	21	2690
limon	21	2691
onay	21	2692
piyasada	21	2693
seçimleri	21	2694
sorunun	21	2695
yüzünden	21	2696
zamanla	21	2697
öğle	21	2698
fiyatlar	21	2699
hoş	21	2700
liderlik	21	2701
operasyonu	21	2702
otobüsü	21	2703
saldırının	21	2704
verdiğimiz	21	2705
çalışanlar	21	2706
şampiyonu	21	2707
bey	21	2708
araçta	21	2709
durumlar	21	2710
kaliteli	21	2711
yetersiz	21	2712
şarj	21	2713
aileler	21	2714
bizden	21	2715
haberimizde	21	2716
ilişkiler	21	2717
imam	21	2718
içme	21	2719
kamp	21	2720
operasyonlarda	21	2721
projenin	21	2722
tesisi	21	2723
toplantıya	21	2724
kurul	21	2725
arı	21	2726
kasten	21	2727
sanki	21	2728
tanıtım	21	2729
bunlardan	21	2730
kök	21	2731
bozkurt	21	2732
savcılık	21	2733
teşkilatı	21	2734
voleybol	21	2735
anma	21	2736
dernek	21	2737
gümüş	21	2738
hal	21	2739
kaynaklar	21	2740
burası	21	2741
emir	21	2742
arap	20	2743
cem	20	2744
cumhurbaşkanımız	20	2745
erbakan	20	2746
fetö	20	2747
fatma	20	2748
kpss	20	2749
kılıç	20	2750
mahallesi'ndeki	20	2751
muğla	20	2752
mit	20	2753
oğuz	20	2754
paris	20	2755
suriye'de	20	2756
süleyman	20	2757
tcmb	20	2758
tekin	20	2759
turan	20	2760
türkçe	20	2761
zeynep	20	2762
ailelerin	20	2763
aktarıldı	20	2764
akşamı	20	2765
alanlar	20	2766
alanına	20	2767
aldım	20	2768
ayak	20	2769
ayın	20	2770
azalarak	20	2771
açtığı	20	2772
açıkladığı	20	2773
açıklamıştı	20	2774
aşan	20	2775
bakış	20	2776
başvuruları	20	2777
beklediği	20	2778
binden	20	2779
bizlere	20	2780
bölgesindeki	20	2781
bölgesine	20	2782
davası	20	2783
desteğiyle	20	2784
değerlendirdi	20	2785
dostu	20	2786
duyuruldu	20	2787
dönüş	20	2788
düzenlemeye	20	2789
düzensiz	20	2790
ederim	20	2791
emanet	20	2792
enflasyonu	20	2793
etkinliği	20	2794
ettiler	20	2795
finale	20	2796
geldiğinde	20	2797
geleceğini	20	2798
gelmişti	20	2799
gerektiğine	20	2800
getirdiği	20	2801
geçeceği	20	2802
gittiği	20	2803
görüntülendi	20	2804
görüşmeler	20	2805
görüşmeleri	20	2806
hata	20	2807
hedefi	20	2808
iddiaları	20	2809
ihtiyacını	20	2810
istediklerini	20	2811
işareti	20	2812
işlemi	20	2813
kafa	20	2814
kararlar	20	2815
kararlı	20	2816
kararıyla	20	2817
kardeşi	20	2818
kesimlerinde	20	2819
kesintisiz	20	2820
kimdir	20	2821
kiralık	20	2822
maliyetleri	20	2823
maçları	20	2824
mesai	20	2825
morguna	20	2826
noktaya	20	2827
olaylar	20	2828
oluştu	20	2829
ortamda	20	2830
reklam	20	2831
saatte	20	2832
savundu	20	2833
sessiz	20	2834
sezonda	20	2835
seçenek	20	2836
sitesinde	20	2837
sorunlar	20	2838
sunar	20	2839
sunuluyor	20	2840
söndürüldü	20	2841
söylemek	20	2842
sürdürdü	20	2843
temin	20	2844
transferi	20	2845
tutmak	20	2846
uygulanan	20	2847
yapılacağını	20	2848
yayımlanan	20	2849
yayımlandı	20	2850
yaşadığını	20	2851
yürüyen	20	2852
çalışmak	20	2853
çözümü	20	2854
önemi	20	2855
özen	20	2856
ürünlerin	20	2857
üstü	20	2858
şeridi'ne	20	2859
dursun	20	2860
gölü	20	2861
alkol	20	2862
bayrağı	20	2863
beşinci	20	2864
bölgelerinde	20	2865
depremler	20	2866
esas	20	2867
faydalı	20	2868
güne	20	2869
sürücünün	20	2870
turist	20	2871
yedek	20	2872
yenileme	20	2873
yolculuk	20	2874
çıkıp	20	2875
şampiyonluk	20	2876
avro	20	2877
hisse	20	2878
inanılmaz	20	2879
insansız	20	2880
oyuncuların	20	2881
plastik	20	2882
sizlerin	20	2883
yalan	20	2884
aşkın	20	2885
geriye	20	2886
hat	20	2887
mevduat	20	2888
nakit	20	2889
planı	20	2890
yangına	20	2891
yaralılar	20	2892
araştırmalar	20	2893
din	20	2894
eğitime	20	2895
kimi	20	2896
onunla	20	2897
taze	20	2898
ani	20	2899
kapısı	20	2900
elektronik	20	2901
plan	20	2902
siber	20	2903
zeytin	20	2904
hoca	20	2905
temsilcisi	20	2906
abd'li	19	2907
abdulkadir	19	2908
binyamin	19	2909
dairesi	19	2910
diyarbakır'da	19	2911
gölcük	19	2912
mahmut	19	2913
mart'ta	19	2914
musk	19	2915
nilüfer	19	2916
premier	19	2917
trt	19	2918
vakfı	19	2919
yunanistan	19	2920
adaylığı	19	2921
alanlarında	19	2922
almıştı	19	2923
atıldı	19	2924
açıklamaları	19	2925
bedeli	19	2926
belediyelerin	19	2927
buluyor	19	2928
destekler	19	2929
direkt	19	2930
edilmiştir	19	2931
eser	19	2932
ettim	19	2933
firmanın	19	2934
fiyatlarının	19	2935
futbolcular	19	2936
gerçekleştiren	19	2937
getirilen	19	2938
geçtiği	19	2939
görünce	19	2940
göstererek	19	2941
güneyindeki	19	2942
haberlere	19	2943
hatırlatan	19	2944
hedefleniyor	19	2945
hesabı	19	2946
ideal	19	2947
ihlal	19	2948
istismar	19	2949
iyice	19	2950
içerir	19	2951
işten	19	2952
kaldırılması	19	2953
katılacak	19	2954
kazandığı	19	2955
kimsenin	19	2956
kişiden	19	2957
kişilere	19	2958
km	19	2959
kolayca	19	2960
koydu	19	2961
kredisi	19	2962
kullanım	19	2963
kutladı	19	2964
madalya	19	2965
maddesi	19	2966
memnun	19	2967
miktarı	19	2968
müdahalelere	19	2969
müdahalenin	19	2970
müdahalesi	19	2971
nereden	19	2972
noktasına	19	2973
odaklı	19	2974
olmaları	19	2975
olmayacak	19	2976
oluşturan	19	2977
oluşturdu	19	2978
ortasında	19	2979
paylaşım	19	2980
puandan	19	2981
rakibi	19	2982
saatleri	19	2983
saldırılar	19	2984
sayısında	19	2985
soruları	19	2986
sorusu	19	2987
suikast	19	2988
talepleri	19	2989
tarihli	19	2990
tuttu	19	2991
uygulamaya	19	2992
vatandaşı	19	2993
veda	19	2994
verip	19	2995
vermeden	19	2996
yanıtladı	19	2997
yapar	19	2998
yapılmış	19	2999
yayında	19	3000
özer	19	3001
ülkü	19	3002
çarpması	19	3003
çeyreğinde	19	3004
çizen	19	3005
çözümler	19	3006
çıkarıldığı	19	3007
öneme	19	3008
önlenmesi	19	3009
ücrete	19	3010
gül	19	3011
salim	19	3012
uluslar	19	3013
adayların	19	3014
belediyecilik	19	3015
dedik	19	3016
firma	19	3017
görevli	19	3018
hakimiyetini	19	3019
kontrolden	19	3020
otopsi	19	3021
stres	19	3022
sınıf	19	3023
sınırları	19	3024
tarihinin	19	3025
tedarik	19	3026
toplumda	19	3027
yağışlar	19	3028
yoksulluk	19	3029
federal	19	3030
atama	19	3031
bağlantı	19	3032
dengeli	19	3033
gemisi	19	3034
kamyon	19	3035
sürüş	19	3036
taraftarlar	19	3037
top	19	3038
vücut	19	3039
yolun	19	3040
şiddetle	19	3041
dağ	19	3042
han	19	3043
havalimanı	19	3044
diplomatik	19	3045
kenti	19	3046
tamamlanan	19	3047
yangında	19	3048
yazı	19	3049
örgütünün	19	3050
şüpheliler	19	3051
vekili	19	3052
aksine	19	3053
altının	19	3054
başkent	19	3055
katılımcılar	19	3056
seçimler	19	3057
terörle	19	3058
yatırımcılar	19	3059
çiçek	19	3060
geçer	19	3061
hayır	19	3062
kazı	19	3063
lise	19	3064
şans	19	3065
akın	19	3066
eskiden	19	3067
mavi	19	3068
polisin	19	3069
denetimlerde	19	3070
kanal	19	3071
amatör	19	3072
başvurular	19	3073
görüntülerde	19	3074
raporda	19	3075
katil	19	3076
bölgesi	19	3077
akp'li	18	3078
amirliği	18	3079
aralık'ta	18	3080
ayhan	18	3081
bilal	18	3082
cnn	18	3083
eylül'de	18	3084
ırak	18	3085
körfez	18	3086
madrid	18	3087
müslüman	18	3088
ozan	18	3089
thy	18	3090
tahir	18	3091
adamı	18	3092
alanındaki	18	3093
alındığında	18	3094
anlama	18	3095
anları	18	3096
anında	18	3097
araçların	18	3098
artarken	18	3099
arttığını	18	3100
aya	18	3101
açıklamasını	18	3102
bahçesinde	18	3103
başvurusu	18	3104
bireylerin	18	3105
bitti	18	3106
bırakıldı	18	3107
davasında	18	3108
demişti	18	3109
deneyim	18	3110
derhal	18	3111
değişiklikler	18	3112
diledi	18	3113
direksiyon	18	3114
diyorlar	18	3115
durumdan	18	3116
dönük	18	3117
dünyasında	18	3118
dışarı	18	3119
edilmişti	18	3120
eksikliği	18	3121
elinde	18	3122
elinden	18	3123
eşit	18	3124
eşliğinde	18	3125
fikir	18	3126
fiyatlarla	18	3127
fiyatlarını	18	3128
fırsatlar	18	3129
gereği	18	3130
geçecek	18	3131
geçerek	18	3132
girecek	18	3133
girmesi	18	3134
grubunda	18	3135
görüştü	18	3136
haberleri	18	3137
hitap	18	3138
ilişki	18	3139
kaldığını	18	3140
kanalda	18	3141
karşılığı	18	3142
kaybolan	18	3143
kaydı	18	3144
kazası	18	3145
kentindeki	18	3146
kullanıyor	18	3147
layık	18	3148
litre	18	3149
mücadeleyi	18	3150
olduğundan	18	3151
olmayacağını	18	3152
pahalı	18	3153
saatlerde	18	3154
sağladığı	18	3155
seviyesi	18	3156
seviyesini	18	3157
skorla	18	3158
sonuçlandı	18	3159
sunulacak	18	3160
tahsis	18	3161
taleplerini	18	3162
tedbir	18	3163
tutan	18	3164
töreninde	18	3165
uyarısı	18	3166
vadede	18	3167
verdikleri	18	3168
vermişti	18	3169
yakaladı	18	3170
yaptılar	18	3171
yapıp	18	3172
yaralandığı	18	3173
yarısında	18	3174
yoluna	18	3175
yılından	18	3176
zamana	18	3177
zararlı	18	3178
zihinsel	18	3179
çetin	18	3180
çinli	18	3181
özel'in	18	3182
özkan	18	3183
çalışacağız	18	3184
çaplı	18	3185
çarpıcı	18	3186
çekmek	18	3187
çıktığını	18	3188
öngörülüyor	18	3189
önlemek	18	3190
ücretin	18	3191
ülkeden	18	3192
şubat'ta	18	3193
şartlar	18	3194
holding	18	3195
umarım	18	3196
açılışı	18	3197
başarıya	18	3198
bilgilendirme	18	3199
dolandırıcılık	18	3200
düşünce	18	3201
füze	18	3202
havadan	18	3203
kimliği	18	3204
kılınan	18	3205
oğlunun	18	3206
sadık	18	3207
sahneye	18	3208
saniye	18	3209
sürecin	18	3210
çalışmalara	18	3211
üreten	18	3212
zira	18	3213
alkollü	18	3214
boyu	18	3215
kanlı	18	3216
kanseri	18	3217
kimin	18	3218
kurumsal	18	3219
köprü	18	3220
okullarda	18	3221
tipi	18	3222
yönetimin	18	3223
zirve	18	3224
entegre	18	3225
işveren	18	3226
katı	18	3227
sana	18	3228
tren	18	3229
ölen	18	3230
demokrat	18	3231
duran	18	3232
evli	18	3233
işçiler	18	3234
kuruluş	18	3235
meydan	18	3236
rezerv	18	3237
sürücüler	18	3238
hacı	18	3239
trafikte	18	3240
duygu	18	3241
imar	18	3242
kağıt	18	3243
kurucu	18	3244
görür	18	3245
akşener	17	3246
almanya'nın	17	3247
apple	17	3248
burak	17	3249
cemil	17	3250
cengiz	17	3251
dağı	17	3252
faruk	17	3253
fransız	17	3254
kaplan	17	3255
kurtulmuş	17	3256
trabzon	17	3257
yumaklı	17	3258
alın	17	3259
alışveriş	17	3260
anlık	17	3261
arayışında	17	3262
artırıyor	17	3263
atandı	17	3264
atmak	17	3265
azaltmak	17	3266
azından	17	3267
babasının	17	3268
başardı	17	3269
büyümesi	17	3270
cazip	17	3271
desteğini	17	3272
değerinde	17	3273
değerlendiren	17	3274
değerlendiriliyor	17	3275
değilim	17	3276
dönen	17	3277
edici	17	3278
esnada	17	3279
eti	17	3280
etkiliyor	17	3281
eylemi	17	3282
fiyatlarına	17	3283
gayret	17	3284
gelirken	17	3285
geçirmek	17	3286
girerek	17	3287
gündeminde	17	3288
haberler	17	3289
haklı	17	3290
hastanelere	17	3291
iade	17	3292
iddialı	17	3293
ifadesinde	17	3294
iftar	17	3295
ihtimali	17	3296
inanıyorum	17	3297
isimlerinden	17	3298
iyileşme	17	3299
içerisine	17	3300
kalitesini	17	3301
kalıyor	17	3302
kamerasına	17	3303
kaybederken	17	3304
kayıtlara	17	3305
kayıtlı	17	3306
kazanç	17	3307
kentinde	17	3308
konular	17	3309
konularda	17	3310
konularında	17	3311
kullanılır	17	3312
kurma	17	3313
kurtarmak	17	3314
kurtarıldı	17	3315
köpeği	17	3316
kültürü	17	3317
maliyeti	17	3318
meselesi	17	3319
milletimize	17	3320
muhteşem	17	3321
mutluyum	17	3322
müdahalesinin	17	3323
mükemmel	17	3324
namaz	17	3325
nasip	17	3326
olmalı	17	3327
oyuna	17	3328
pay	17	3329
sezonunda	17	3330
seçimlerin	17	3331
sorunlara	17	3332
sundu	17	3333
sıraya	17	3334
tabancayla	17	3335
tarihini	17	3336
tarihlerinde	17	3337
taşıma	17	3338
toprağa	17	3339
tutarak	17	3340
tutarı	17	3341
tutuklanarak	17	3342
un	17	3343
uyumlu	17	3344
varan	17	3345
verirken	17	3346
yaptım	17	3347
yapılmasını	17	3348
yardımların	17	3349
yatırımları	17	3350
yayınladı	17	3351
yaşamın	17	3352
yeterince	17	3353
yolculuğuna	17	3354
yoğunluğu	17	3355
yüzü	17	3356
ziyareti	17	3357
çin'in	17	3358
özbek	17	3359
üstelik	17	3360
çalışmasını	17	3361
çevrildi	17	3362
çıkma	17	3363
önlemi	17	3364
ürünü	17	3365
üstünde	17	3366
şunları	17	3367
güneydoğu	17	3368
aylığı	17	3369
başkanlığında	17	3370
davanın	17	3371
doları	17	3372
gözaltı	17	3373
kemik	17	3374
malzeme	17	3375
niye	17	3376
olayların	17	3377
protein	17	3378
salonunda	17	3379
sevilen	17	3380
sporcu	17	3381
yapım	17	3382
yerin	17	3383
zeytinyağı	17	3384
ziyarete	17	3385
çevresel	17	3386
fed	17	3387
açlık	17	3388
ithal	17	3389
kariyer	17	3390
kazanmak	17	3391
kimyasal	17	3392
kurucusu	17	3393
rejim	17	3394
seçmen	17	3395
sürücülerin	17	3396
yukarı	17	3397
ülkesinin	17	3398
şubesi	17	3399
kupa	17	3400
bilirkişi	17	3401
bizleri	17	3402
dar	17	3403
emeklilerin	17	3404
garanti	17	3405
imkan	17	3406
kutlu	17	3407
köyü	17	3408
lif	17	3409
maden	17	3410
milletvekilleri	17	3411
partilerin	17	3412
polisi	17	3413
seçimlere	17	3414
standart	17	3415
vize	17	3416
yatırımcıların	17	3417
konferans	17	3418
olağan	17	3419
gönül	17	3420
görüşmede	17	3421
komisyon	17	3422
lütfen	17	3423
ters	17	3424
yöneticisi	17	3425
ülkedeki	17	3426
muhtarı	17	3427
cari	17	3428
lojistik	17	3429
sokakta	17	3430
turistik	17	3431
tır	17	3432
iddianamede	17	3433
dünyaca	17	3434
müzesi	17	3435
valilik	17	3436
tesisleri	17	3437
verimliliği	17	3438
yeter	17	3439
ödülü	17	3440
bakanlığın	17	3441
kale	17	3442
tartışmanın	17	3443
arabistan	16	3444
arslan	16	3445
avrupa'da	16	3446
avusturya	16	3447
bitcoin	16	3448
cumhuriyetçi	16	3449
denizli	16	3450
enes	16	3451
erdem	16	3452
erdoğan'a	16	3453
erol	16	3454
filistinlinin	16	3455
ıcardi	16	3456
ınstagram	16	3457
kdv	16	3458
kktc	16	3459
mayıs'ta	16	3460
orhan	16	3461
selim	16	3462
sivasspor	16	3463
suriye'deki	16	3464
tatar	16	3465
temmuz'da	16	3466
turgut	16	3467
vedat	16	3468
yunan	16	3469
adil	16	3470
alacağını	16	3471
alanların	16	3472
amaçlıyor	16	3473
anlam	16	3474
anlaşmaya	16	3475
aralıksız	16	3476
arayarak	16	3477
arkadan	16	3478
artırma	16	3479
ayrılan	16	3480
bakıldığında	16	3481
bazında	16	3482
beklentisi	16	3483
berabere	16	3484
biliyorum	16	3485
bilmiyorum	16	3486
birini	16	3487
biyolojik	16	3488
bizzat	16	3489
bomba	16	3490
bulunmak	16	3491
bulunmuştu	16	3492
buluştu	16	3493
bölgeyi	16	3494
değerlendirmelerde	16	3495
dizisinin	16	3496
durumuna	16	3497
duyurusunda	16	3498
dönemlerde	16	3499
dönüm	16	3500
düzenlemeler	16	3501
edeceklerini	16	3502
edenler	16	3503
edilmektedir	16	3504
edilmesini	16	3505
ediyorlar	16	3506
ekranı	16	3507
elini	16	3508
erecek	16	3509
fiyatların	16	3510
fotoğrafı	16	3511
galibiyetle	16	3512
gelecekte	16	3513
getirilmesi	16	3514
gününe	16	3515
güçlendirmek	16	3516
haftalık	16	3517
hakkındaki	16	3518
hakkını	16	3519
hali	16	3520
halkına	16	3521
idi	16	3522
ifadeler	16	3523
ilçelerinde	16	3524
kalma	16	3525
karşılaşmada	16	3526
kaybetmiş	16	3527
kaçan	16	3528
kullanılması	16	3529
kullanımının	16	3530
liderliğinde	16	3531
mahkemece	16	3532
mesajlar	16	3533
milyona	16	3534
muhabirine	16	3535
mutluluğunu	16	3536
mücadelenin	16	3537
müzakere	16	3538
niteliğinde	16	3539
olanların	16	3540
olayları	16	3541
olduğum	16	3542
operasyonlarında	16	3543
ortamı	16	3544
otomatik	16	3545
oturan	16	3546
panik	16	3547
peşe	16	3548
planları	16	3549
projeye	16	3550
ruhsatsız	16	3551
sahası	16	3552
sağlandı	16	3553
sağlığına	16	3554
sektörde	16	3555
sektörü	16	3556
sektörünün	16	3557
sindirim	16	3558
sonuçla	16	3559
sorular	16	3560
sorunlarına	16	3561
sorununu	16	3562
söylemişti	16	3563
sürdüğü	16	3564
sürecek	16	3565
sürerken	16	3566
takvimi	16	3567
tarafında	16	3568
tarihe	16	3569
taşıdı	16	3570
teşkil	16	3571
toplanan	16	3572
türü	16	3573
ucuz	16	3574
uyarıda	16	3575
uçağı	16	3576
vereceğiz	16	3577
vermeyi	16	3578
vesile	16	3579
vuran	16	3580
yardımıyla	16	3581
yasak	16	3582
yayınlandı	16	3583
yaşadıklarını	16	3584
yaşıyor	16	3585
yetkililere	16	3586
yoldan	16	3587
yöneticileri	16	3588
yöntemleri	16	3589
yıldan	16	3590
çalışanları	16	3591
çalışmalarımızı	16	3592
çalışmalarıyla	16	3593
çalışmanın	16	3594
çevrelerinde	16	3595
çiftin	16	3596
çıkmıştı	16	3597
ötesinde	16	3598
öğrenilen	16	3599
ürünlerini	16	3600
üste	16	3601
üstüne	16	3602
ingilizce	16	3603
ispanya	16	3604
izzet	16	3605
şenol	16	3606
batılı	16	3607
buruk	16	3608
ordu	16	3609
ameliyat	16	3610
başsağlığı	16	3611
deneyimli	16	3612
doğalgaz	16	3613
emeklilere	16	3614
estetik	16	3615
etkinlikleri	16	3616
gençlere	16	3617
ismini	16	3618
kartları	16	3619
nüfusu	16	3620
online	16	3621
oraya	16	3622
paylaşımında	16	3623
peş	16	3624
sorumluluğu	16	3625
yatırımcı	16	3626
yaya	16	3627
yöntemi	16	3628
şehirde	16	3629
bulut	16	3630
ilişkilerde	16	3631
izleme	16	3632
kahve	16	3633
kronik	16	3634
kur	16	3635
rüyalar	16	3636
sorumlusu	16	3637
sözleşmesi	16	3638
taşıdığı	16	3639
şirketler	16	3640
sanayii	16	3641
adaletin	16	3642
araştırmaya	16	3643
bankanın	16	3644
hırsızlık	16	3645
olaydan	16	3646
rakip	16	3647
sandık	16	3648
zemin	16	3649
kabine	16	3650
kalın	16	3651
lirası	16	3652
pandemi	16	3653
partinin	16	3654
çocuklarımız	16	3655
babam	16	3656
gazetesi	16	3657
hayvanları	16	3658
rüzgarın	16	3659
sınava	16	3660
kulüpten	16	3661
duman	16	3662
idare	16	3663
kardeşim	16	3664
olaya	16	3665
çağdaş	16	3666
emekliye	16	3667
şimdiye	16	3668
altınok	15	3669
ankara'nın	15	3670
atalay	15	3671
avcı	15	3672
bakanlığının	15	3673
blinken	15	3674
bolu'nun	15	3675
ercan	15	3676
ersoy	15	3677
eskişehir	15	3678
fed'in	15	3679
filistinlilere	15	3680
haziran'da	15	3681
kartepe	15	3682
kayseri	15	3683
kupası	15	3684
necmettin	15	3685
nisan'da	15	3686
olimpiyat	15	3687
partisi'nin	15	3688
toki	15	3689
tekirdağ	15	3690
tugay	15	3691
türkiye'den	15	3692
york	15	3693
adlandırılan	15	3694
akıl	15	3695
alakalı	15	3696
alamayan	15	3697
alınıyor	15	3698
anlamlar	15	3699
aracına	15	3700
araçlara	15	3701
ateşe	15	3702
avukatları	15	3703
açıklarında	15	3704
ağrısı	15	3705
başlangıç	15	3706
başlar	15	3707
başvurdu	15	3708
beklentileri	15	3709
bilgilerini	15	3710
bine	15	3711
borcu	15	3712
bulunur	15	3713
buçuk	15	3714
bıçakla	15	3715
denge	15	3716
destekli	15	3717
detay	15	3718
devamı	15	3719
devre	15	3720
değerini	15	3721
dikkatleri	15	3722
duygularını	15	3723
duyurmuştu	15	3724
döneminin	15	3725
düzeyinde	15	3726
edecektir	15	3727
ekibinin	15	3728
ekranlarında	15	3729
eleme	15	3730
etik	15	3731
etkiledi	15	3732
etmeleri	15	3733
etmesini	15	3734
etmiyor	15	3735
evden	15	3736
eşini	15	3737
faaliyetlerini	15	3738
geleni	15	3739
gelmesini	15	3740
geçmek	15	3741
giderken	15	3742
göstermek	15	3743
gürültülü	15	3744
güçlerinin	15	3745
haklarını	15	3746
hassas	15	3747
hastanın	15	3748
heyeti	15	3749
intihar	15	3750
ithalat	15	3751
izledi	15	3752
kapasitesi	15	3753
kapsayan	15	3754
kararları	15	3755
kararlılıkla	15	3756
karın	15	3757
karşılaştığı	15	3758
kaybederek	15	3759
keşif	15	3760
konuları	15	3761
koruyan	15	3762
kullanıldığı	15	3763
kurulması	15	3764
köklü	15	3765
lezzetli	15	3766
lirayı	15	3767
mevkisinde	15	3768
milyondan	15	3769
muhalif	15	3770
neticesinde	15	3771
olabiliyor	15	3772
olun	15	3773
oluşturmak	15	3774
parlak	15	3775
partiler	15	3776
paylaşımı	15	3777
planlanıyor	15	3778
puanı	15	3779
raporunda	15	3780
razı	15	3781
renkli	15	3782
saldırgan	15	3783
saldırılarına	15	3784
saldırılarında	15	3785
sanığın	15	3786
sağlarken	15	3787
seyreden	15	3788
siyaseti	15	3789
somut	15	3790
söylediği	15	3791
taburcu	15	3792
tarafı	15	3793
taşır	15	3794
topladı	15	3795
trafiği	15	3796
tutum	15	3797
uyardı	15	3798
uygulanacak	15	3799
uygulandı	15	3800
uğradı	15	3801
uğradığı	15	3802
veriler	15	3803
verin	15	3804
verir	15	3805
vesileyle	15	3806
yapılabilir	15	3807
yapılarak	15	3808
yaratıyor	15	3809
yayımladı	15	3810
yaşama	15	3811
yaşamı	15	3812
yaşanabilir	15	3813
ye	15	3814
yiyecek	15	3815
yolculuğu	15	3816
yolunun	15	3817
yön	15	3818
yürekten	15	3819
yüzüne	15	3820
çalışanı	15	3821
çalışmalarda	15	3822
çalışmalarımız	15	3823
çalışıyorlar	15	3824
çatısı	15	3825
çağrıda	15	3826
çocuklarına	15	3827
özür	15	3828
ülkelere	15	3829
italyan	15	3830
şifa	15	3831
samsun	15	3832
bizimle	15	3833
bırakın	15	3834
dost	15	3835
ekran	15	3836
enkaz	15	3837
gelişmeleri	15	3838
görünüm	15	3839
hain	15	3840
hastalar	15	3841
hepimizin	15	3842
karşılaşma	15	3843
kelime	15	3844
nakli	15	3845
projede	15	3846
ruh	15	3847
sergi	15	3848
sinir	15	3849
sistemin	15	3850
tamamı	15	3851
turu	15	3852
vitamin	15	3853
çocuklarının	15	3854
ölümü	15	3855
şirketlerin	15	3856
belediyesinin	15	3857
festivali	15	3858
kanunu	15	3859
kurtuluş	15	3860
sendikası	15	3861
arkadaşlar	15	3862
arıtma	15	3863
binada	15	3864
destekleme	15	3865
dünyayı	15	3866
emeği	15	3867
gazetecilerin	15	3868
gönüllü	15	3869
görüşmenin	15	3870
görüşmeye	15	3871
nice	15	3872
of	15	3873
oradan	15	3874
pilot	15	3875
sıvı	15	3876
tarihin	15	3877
taşı	15	3878
testi	15	3879
yağlı	15	3880
çeşme	15	3881
çevrede	15	3882
öğrenme	15	3883
şafak	15	3884
anket	15	3885
aydınlatma	15	3886
bayrak	15	3887
dere	15	3888
hastaların	15	3889
hedefimiz	15	3890
kulübün	15	3891
perakende	15	3892
solunum	15	3893
sözleşmeli	15	3894
taban	15	3895
örgütüne	15	3896
bunlara	15	3897
disiplin	15	3898
fuar	15	3899
mahkum	15	3900
uçağın	15	3901
yardımcıları	15	3902
deva	15	3903
emek	15	3904
dokuz	15	3905
emniyetteki	15	3906
patates	15	3907
sizler	15	3908
hareketi	15	3909
karayolu	15	3910
akademik	15	3911
finans	15	3912
yenilenebilir	15	3913
afyonkarahisar	14	3914
almanya'da	14	3915
altay	14	3916
asya	14	3917
bahçeli'nin	14	3918
biden'ın	14	3919
bursa'nın	14	3920
bülent	14	3921
büyükakın	14	3922
caddesi'nde	14	3923
d	14	3924
demirspor	14	3925
dilan	14	3926
ermeni	14	3927
esenyurt	14	3928
google	14	3929
guterres	14	3930
güran'ın	14	3931
ılıcalı	14	3932
japon	14	3933
japonya	14	3934
kaymakamı	14	3935
konseyi	14	3936
koray	14	3937
mahinur	14	3938
merkezi'ne	14	3939
merve	14	3940
muharrem	14	3941
polonya	14	3942
rum	14	3943
salonu'nda	14	3944
tanju	14	3945
trump'a	14	3946
yahudi	14	3947
yücel	14	3948
adamın	14	3949
alacağı	14	3950
alanın	14	3951
alıcı	14	3952
arasına	14	3953
artırabilir	14	3954
attık	14	3955
aç	14	3956
aşamasında	14	3957
basınında	14	3958
baz	14	3959
başlattığı	14	3960
belgeleri	14	3961
belirtmişti	14	3962
besinler	14	3963
bilgisini	14	3964
bilinir	14	3965
bulunacak	14	3966
buluşan	14	3967
bırakan	14	3968
dayalı	14	3969
deneyimi	14	3970
dizisinde	14	3971
durumunu	14	3972
duyarlı	14	3973
dünyasının	14	3974
ekibin	14	3975
ekonomisine	14	3976
ekstra	14	3977
esir	14	3978
esnek	14	3979
etkilerini	14	3980
eğlenceli	14	3981
fayda	14	3982
fazlası	14	3983
fiyatının	14	3984
flaş	14	3985
geleceğine	14	3986
geliri	14	3987
gelişmelerin	14	3988
gelmektedir	14	3989
gelmiştir	14	3990
getirme	14	3991
geçmesi	14	3992
gidecek	14	3993
girişimi	14	3994
girmek	14	3995
girmeye	14	3996
gruplar	14	3997
görevlisi	14	3998
göstergesi	14	3999
havada	14	4000
hazırlıklarını	14	4001
hedefleri	14	4002
iddiasıyla	14	4003
iletti	14	4004
ilişkilerin	14	4005
itibar	14	4006
itiraf	14	4007
işçinin	14	4008
kadroya	14	4009
kalmak	14	4010
kalır	14	4011
kanat	14	4012
karadan	14	4013
katında	14	4014
kazanarak	14	4015
kelimesi	14	4016
koltuğunda	14	4017
kontrolü	14	4018
konumunda	14	4019
kullanımına	14	4020
kurduğu	14	4021
kıdem	14	4022
mahkemeye	14	4023
maçına	14	4024
minibüs	14	4025
mülakat	14	4026
müsaade	14	4027
namazının	14	4028
not	14	4029
oluşturduğu	14	4030
onlarca	14	4031
oran	14	4032
oynamak	14	4033
parayı	14	4034
piyasaya	14	4035
planlı	14	4036
pratik	14	4037
rakamları	14	4038
riskleri	14	4039
riskli	14	4040
sahadan	14	4041
sahnede	14	4042
samimi	14	4043
savaşa	14	4044
savunan	14	4045
sağcı	14	4046
sitesinden	14	4047
sorunlarını	14	4048
soruya	14	4049
strateji	14	4050
sunuldu	14	4051
söylüyorum	14	4052
süreyle	14	4053
süreçleri	14	4054
takipçisi	14	4055
tarihte	14	4056
tatili	14	4057
temas	14	4058
uyandırdı	14	4059
uzaktan	14	4060
uçaklarının	14	4061
vakti	14	4062
verildiği	14	4063
veriyoruz	14	4064
vurguluyor	14	4065
yakalanarak	14	4066
yansıyan	14	4067
yanıtını	14	4068
yapacağını	14	4069
yapmayı	14	4070
yapılacağı	14	4071
yarısı	14	4072
yazarı	14	4073
yönetimine	14	4074
yükseliş	14	4075
yürüttüğü	14	4076
yılki	14	4077
yılları	14	4078
zorla	14	4079
zorluk	14	4080
çaykur	14	4081
çınar	14	4082
çatışma	14	4083
çözmek	14	4084
çıkararak	14	4085
özgü	14	4086
öğrencileri	14	4087
öğrenmek	14	4088
üzüntü	14	4089
iha	14	4090
irfan	14	4091
istanbul'u	14	4092
izmir'in	14	4093
şeridi'nde	14	4094
şart	14	4095
şekli	14	4096
şikayetçi	14	4097
hatay'da	14	4098
komitesi	14	4099
sonuçta	14	4100
aileleri	14	4101
aramalarda	14	4102
babasını	14	4103
fahiş	14	4104
galibiyeti	14	4105
kesim	14	4106
konuşmasının	14	4107
mahallede	14	4108
mücadeleye	14	4109
okullar	14	4110
oradaki	14	4111
ortağı	14	4112
rakamlar	14	4113
soğutma	14	4114
suçu	14	4115
takvim	14	4116
vatandaşlarımız	14	4117
yazın	14	4118
yoğunluk	14	4119
acilen	14	4120
biliyorsunuz	14	4121
diyet	14	4122
duruşma	14	4123
enflasyonla	14	4124
eşinin	14	4125
gelişmiş	14	4126
ilçenin	14	4127
kaleci	14	4128
kavgada	14	4129
kedi	14	4130
paketi	14	4131
pazarı	14	4132
seçimin	14	4133
sistemleri	14	4134
uygulamanın	14	4135
öncü	14	4136
istiklal	14	4137
al	14	4138
saray	14	4139
askerlik	14	4140
dünyası	14	4141
etkinlikler	14	4142
gayrimenkul	14	4143
iktidara	14	4144
kargo	14	4145
köyde	14	4146
ons	14	4147
plaka	14	4148
sıcaklıklar	14	4149
zanlı	14	4150
çavuş	14	4151
önder	14	4152
öğretmenlerin	14	4153
emlak	14	4154
ceviz	14	4155
danışmanı	14	4156
gazete	14	4157
global	14	4158
merhum	14	4159
sulama	14	4160
yarışma	14	4161
ofisi	14	4162
youtube	14	4163
kimseye	14	4164
nöbetçi	14	4165
rapora	14	4166
bakın	14	4167
programa	14	4168
zeki	14	4169
çocuklarımızın	14	4170
öz	14	4171
alanyaspor	13	4172
anadolu'nun	13	4173
ağustos'ta	13	4174
bakanlığı'ndan	13	4175
baysal	13	4176
başkanvekili	13	4177
böylelikle	13	4178
camii	13	4179
derince	13	4180
ebru	13	4181
elon	13	4182
engin	13	4183
ermenistan	13	4184
esad	13	4185
filistin'de	13	4186
hamas'ın	13	4187
ırak'ın	13	4188
kocaeli'nin	13	4189
komutanı	13	4190
kılıçdaroğlu	13	4191
msb	13	4192
mauro	13	4193
müdürlüğü'nün	13	4194
sivas	13	4195
sokak'ta	13	4196
tolga	13	4197
tüfe	13	4198
ysk	13	4199
yasin	13	4200
adımı	13	4201
adından	13	4202
alacağız	13	4203
alınır	13	4204
ambulans	13	4205
arayan	13	4206
arazi	13	4207
araştırılıyor	13	4208
ardı	13	4209
artıracak	13	4210
artırmayı	13	4211
ayağı	13	4212
aydır	13	4213
ağaç	13	4214
baktığımızda	13	4215
bakımı	13	4216
bardak	13	4217
beraat	13	4218
beraberinde	13	4219
beğeni	13	4220
birer	13	4221
bulan	13	4222
bulunuldu	13	4223
bölgelere	13	4224
bırakarak	13	4225
cadde	13	4226
cesedi	13	4227
damga	13	4228
demektir	13	4229
depreme	13	4230
devrildi	13	4231
değerleri	13	4232
değildi	13	4233
dua	13	4234
durdurulması	13	4235
duyduğunu	13	4236
dönümü	13	4237
düzenleyen	13	4238
düşerek	13	4239
dışındaki	13	4240
edilebilir	13	4241
ekleyin	13	4242
ekonomisi	13	4243
eline	13	4244
erişim	13	4245
evvel	13	4246
faizli	13	4247
farkında	13	4248
fırında	13	4249
gayet	13	4250
gelmek	13	4251
geçmeye	13	4252
girip	13	4253
gittim	13	4254
gönderdi	13	4255
görevinden	13	4256
görevini	13	4257
görsel	13	4258
görünüyor	13	4259
görüyorum	13	4260
gösterecek	13	4261
gösterilen	13	4262
gündemi	13	4263
günlerinde	13	4264
güvenilir	13	4265
hayatının	13	4266
ihtiyacımız	13	4267
ihtiyaçlarını	13	4268
ikiye	13	4269
inanıyoruz	13	4270
incelemede	13	4271
istedik	13	4272
istedim	13	4273
isteğini	13	4274
kapandı	13	4275
kapılarını	13	4276
kararına	13	4277
karşımıza	13	4278
kavgaya	13	4279
kenarında	13	4280
kendisinin	13	4281
kesmeden	13	4282
konuldu	13	4283
koyduğu	13	4284
kullanması	13	4285
kullanmıştı	13	4286
kurarak	13	4287
kurmak	13	4288
kuruş	13	4289
lezzet	13	4290
maaşları	13	4291
makinesi	13	4292
maliyet	13	4293
masaya	13	4294
medyadan	13	4295
mensuplarına	13	4296
metreküp	13	4297
mevsim	13	4298
mezun	13	4299
motor	13	4300
muayene	13	4301
musunuz	13	4302
müdahalesiyle	13	4303
olaylara	13	4304
olduğunda	13	4305
olunca	13	4306
oranlarının	13	4307
oynayacağı	13	4308
oynuyor	13	4309
paylaşmak	13	4310
paylaşıldı	13	4311
pazarına	13	4312
performansını	13	4313
peşinde	13	4314
planını	13	4315
potansiyel	13	4316
pozisyon	13	4317
puana	13	4318
saatlerinden	13	4319
sahiplerine	13	4320
sahipliğinde	13	4321
saldırısının	13	4322
sandıkta	13	4323
sağlama	13	4324
sağlayarak	13	4325
sektörün	13	4326
sis	13	4327
skandal	13	4328
sunarak	13	4329
suçlarından	13	4330
suçtan	13	4331
sözler	13	4332
sürdüreceğiz	13	4333
sürülen	13	4334
sınırlarını	13	4335
takla	13	4336
tamamlayan	13	4337
tamamında	13	4338
tanınan	13	4339
taraflı	13	4340
taşımaktadır	13	4341
tehlikesi	13	4342
tehlikeye	13	4343
toplama	13	4344
toplantısına	13	4345
tutmaya	13	4346
tutuklanan	13	4347
ulaşarak	13	4348
uyarısında	13	4349
uzanan	13	4350
uzmanları	13	4351
uğrayan	13	4352
verdiler	13	4353
yakalandığını	13	4354
yakalanması	13	4355
yaklaşım	13	4356
yankı	13	4357
yapının	13	4358
yapıya	13	4359
yarıda	13	4360
yarışı	13	4361
yatan	13	4362
yatırımların	13	4363
yayımladığı	13	4364
yayınladığı	13	4365
yazılım	13	4366
yaşadığımız	13	4367
yaşta	13	4368
yolcunun	13	4369
yollarla	13	4370
yollarını	13	4371
yürütüyor	13	4372
yıllarında	13	4373
yılını	13	4374
öcalan	13	4375
çalışmalarında	13	4376
çalıştık	13	4377
çapında	13	4378
çarpan	13	4379
çirkin	13	4380
çocuğa	13	4381
öncelikli	13	4382
öncülüğünde	13	4383
önlemleri	13	4384
önünü	13	4385
ücretli	13	4386
ülkeyi	13	4387
üretime	13	4388
ilhan	13	4389
inegöl	13	4390
ingiltere'de	13	4391
şeridi'nin	13	4392
şehrinde	13	4393
şoförü	13	4394
divan	13	4395
akaryakıt	13	4396
arkadaş	13	4397
beklentilerin	13	4398
belediyenin	13	4399
boşanma	13	4400
böbrek	13	4401
dinamik	13	4402
düşman	13	4403
egzersiz	13	4404
imkanları	13	4405
kabin	13	4406
kazaya	13	4407
kurumlar	13	4408
kurşun	13	4409
mübarek	13	4410
operasyonları	13	4411
piyasalarda	13	4412
saldırıyı	13	4413
sanıklar	13	4414
tasarımı	13	4415
yapısal	13	4416
yaratıcı	13	4417
yardımı	13	4418
zorluklar	13	4419
çayı	13	4420
üyeliği	13	4421
şehirler	13	4422
ağız	13	4423
bal	13	4424
doktora	13	4425
efsane	13	4426
farkındalık	13	4427
fındık	13	4428
girişim	13	4429
görüntü	13	4430
katma	13	4431
kuran	13	4432
kutsal	13	4433
kuş	13	4434
kıyı	13	4435
market	13	4436
merkeze	13	4437
mutfak	13	4438
nereye	13	4439
otomobilde	13	4440
soğan	13	4441
tarafların	13	4442
şeref	13	4443
eren	13	4444
piyasası	13	4445
sulh	13	4446
tok	13	4447
bankaların	13	4448
ertesi	13	4449
gecesi	13	4450
işçilerin	13	4451
müjde	13	4452
onlarla	13	4453
reyting	13	4454
seri	13	4455
sportif	13	4456
törene	13	4457
zaferi	13	4458
bilişim	13	4459
bizde	13	4460
gazeteciler	13	4461
ceset	13	4462
danışma	13	4463
gümrük	13	4464
haftası	13	4465
mülteci	13	4466
müze	13	4467
platform	13	4468
çevredekilerin	13	4469
halihazırda	13	4470
kolları	13	4471
gelin	13	4472
harekat	13	4473
abant	12	4474
akademisi	12	4475
aslı	12	4476
avrupa'nın	12	4477
bank	12	4478
beylikdüzü	12	4479
bingöl	12	4480
boluspor'un	12	4481
bora	12	4482
cevdet	12	4483
düzce	12	4484
efe	12	4485
elif	12	4486
ersin	12	4487
erzincan	12	4488
gezeravcı	12	4489
gülen'in	12	4490
hakkari	12	4491
hamza	12	4492
kahveci	12	4493
karagümrük	12	4494
kenan	12	4495
konyaspor	12	4496
levent	12	4497
meb	12	4498
macron	12	4499
mardin	12	4500
meydanı'nda	12	4501
muğla'nın	12	4502
naci	12	4503
narin'in	12	4504
nitekim	12	4505
ocak'ta	12	4506
ocakları	12	4507
paşa	12	4508
saadet	12	4509
serkan	12	4510
sezer	12	4511
tcg	12	4512
tsi	12	4513
tuzla	12	4514
ukrayna'ya	12	4515
vladimir	12	4516
zonguldak	12	4517
alanlarının	12	4518
alınırken	12	4519
anlamında	12	4520
anlatıyor	12	4521
anlayış	12	4522
aradı	12	4523
arkadaşlarımız	12	4524
arttığı	12	4525
atmaya	12	4526
azaldı	12	4527
açıklamalarına	12	4528
açılması	12	4529
başlayıp	12	4530
başlığı	12	4531
bebeğin	12	4532
beklediğini	12	4533
beraberlikle	12	4534
beyan	12	4535
binaların	12	4536
birbirlerine	12	4537
bulmak	12	4538
buğday	12	4539
büyüyen	12	4540
bırakılması	12	4541
coşkuyla	12	4542
davranış	12	4543
defnedildi	12	4544
der	12	4545
derinden	12	4546
deyip	12	4547
değerlendirildi	12	4548
değerlendirmesinde	12	4549
değişen	12	4550
değiştirme	12	4551
dileriz	12	4552
doktorların	12	4553
durumları	12	4554
dönüşü	12	4555
düzen	12	4556
düştüğünü	12	4557
düşünen	12	4558
edebilirsiniz	12	4559
ekiplerinden	12	4560
ekonomiye	12	4561
eleştirdi	12	4562
emeklileri	12	4563
etkileyen	12	4564
etkinliklerle	12	4565
etmeden	12	4566
farkına	12	4567
fazlasını	12	4568
forması	12	4569
futbolcunun	12	4570
gelişimi	12	4571
girmiş	12	4572
giyim	12	4573
golü	12	4574
görmeye	12	4575
görünen	12	4576
görüntüsü	12	4577
göstermektedir	12	4578
göstermesi	12	4579
göze	12	4580
güvence	12	4581
güzellik	12	4582
hastalıkların	12	4583
havaya	12	4584
haziranda	12	4585
hazırladığı	12	4586
hazırlıkları	12	4587
hedeflerine	12	4588
heyecanla	12	4589
iddianame	12	4590
iddiası	12	4591
ihmal	12	4592
ihtiyaçları	12	4593
ilgilendiren	12	4594
ilişkisi	12	4595
imha	12	4596
incelemelerde	12	4597
insanlığa	12	4598
isimlerden	12	4599
istenen	12	4600
iyisini	12	4601
izni	12	4602
işini	12	4603
işletmelerin	12	4604
kadrosu	12	4605
kadınlarda	12	4606
kalmadı	12	4607
kalması	12	4608
kalmayacak	12	4609
kalırken	12	4610
kariyerine	12	4611
karşılaşmasında	12	4612
kas	12	4613
kaçmaya	12	4614
kaşığı	12	4615
kesimlerde	12	4616
keyif	12	4617
komşu	12	4618
kontrollü	12	4619
kontrolünden	12	4620
kontrolünü	12	4621
konuların	12	4622
konuşuluyor	12	4623
koyan	12	4624
kullanıcıları	12	4625
kullanıcılarına	12	4626
kullanılamaz	12	4627
kısmını	12	4628
laf	12	4629
maaşlarına	12	4630
maddeler	12	4631
maçlar	12	4632
mesajları	12	4633
metrekare	12	4634
metrekarelik	12	4635
milyonu	12	4636
misafir	12	4637
muhafaza	12	4638
muhtemel	12	4639
müdahaleye	12	4640
müsabakada	12	4641
müteakip	12	4642
numaralı	12	4643
numarası	12	4644
okulların	12	4645
olacaklar	12	4646
oldum	12	4647
olmadığına	12	4648
oluşturuyor	12	4649
otelin	12	4650
oynayacak	12	4651
parasını	12	4652
personelin	12	4653
planlarını	12	4654
problem	12	4655
randevu	12	4656
romantik	12	4657
saldırılara	12	4658
saldırısında	12	4659
satışları	12	4660
sayısına	12	4661
sağladığını	12	4662
sağlanacak	12	4663
sağlayabilir	12	4664
seferleri	12	4665
sembolü	12	4666
seyirci	12	4667
simgesi	12	4668
sizlerle	12	4669
sorulara	12	4670
sorusunu	12	4671
soruyu	12	4672
sunmayı	12	4673
sürdürdüğü	12	4674
sürdüğünü	12	4675
süreleri	12	4676
sıklıkla	12	4677
tahminleri	12	4678
talebinde	12	4679
talebiyle	12	4680
tansiyon	12	4681
tanıklık	12	4682
taraftarların	12	4683
tartışmaya	12	4684
tarz	12	4685
tarzı	12	4686
tatile	12	4687
tazminat	12	4688
tazminatı	12	4689
taşıdığını	12	4690
tedbirleri	12	4691
temenni	12	4692
titizlikle	12	4693
tur	12	4694
törenine	12	4695
ulaşma	12	4696
uygulamalar	12	4697
uygulamaları	12	4698
uzaklıkta	12	4699
uçağının	12	4700
uğurlandı	12	4701
varlığı	12	4702
varlığını	12	4703
vereceğini	12	4704
verilerini	12	4705
yanlısı	12	4706
yansıtabilir	12	4707
yanındaki	12	4708
yanıtlayan	12	4709
yanıtı	12	4710
yapmıştır	12	4711
yatırımlar	12	4712
yayıldı	12	4713
yetki	12	4714
yolcular	12	4715
yorumlar	12	4716
yumurta	12	4717
yönetecek	12	4718
yönlendirildi	12	4719
yükselişle	12	4720
yürütülüyor	12	4721
zamandır	12	4722
zayıf	12	4723
ziyade	12	4724
çarpmanın	12	4725
ötv	12	4726
özhaseki	12	4727
çalışanların	12	4728
çekimi	12	4729
çevreleri	12	4730
çevreye	12	4731
çizdi	12	4732
çocuklarda	12	4733
çözülmesi	12	4734
çıkarken	12	4735
çıkarmak	12	4736
çıkmaya	12	4737
önlem	12	4738
önündeki	12	4739
örgütün	12	4740
örneği	12	4741
özellikler	12	4742
özgürlüğü	12	4743
ülkelerde	12	4744
ülkelerden	12	4745
üretiminin	12	4746
üzeri	12	4747
ingiltere'nin	12	4748
istanbul'daki	12	4749
şampiyonası	12	4750
şahısların	12	4751
şansı	12	4752
şeffaf	12	4753
şirketleri	12	4754
koca	12	4755
ahlaki	12	4756
barınma	12	4757
benden	12	4758
bilen	12	4759
bölümünü	12	4760
coğrafi	12	4761
dayanıklı	12	4762
depremde	12	4763
diyabet	12	4764
gerekirse	12	4765
iktidarın	12	4766
indirimli	12	4767
içeride	12	4768
içerik	12	4769
jeopolitik	12	4770
kanlar	12	4771
köylerde	12	4772
kısmi	12	4773
protokol	12	4774
sözlü	12	4775
taklit	12	4776
tarifi	12	4777
tutuksuz	12	4778
çoğunluğu	12	4779
çığ	12	4780
parkı	12	4781
tv'de	12	4782
togg	12	4783
bel	12	4784
evlerde	12	4785
istişare	12	4786
kademeli	12	4787
masa	12	4788
metal	12	4789
ortada	12	4790
planlama	12	4791
sahadaki	12	4792
siyasetin	12	4793
tüketicilerin	12	4794
yaşı	12	4795
yukarıda	12	4796
ödemeler	12	4797
öğretmeni	12	4798
ülkemizi	12	4799
şehitler	12	4800
şirketten	12	4801
şık	12	4802
bağlar	12	4803
mimar	12	4804
başkanlığına	12	4805
belediyeler	12	4806
etkinlikte	12	4807
eşim	12	4808
filmin	12	4809
inanç	12	4810
kardeşler	12	4811
konuşmaların	12	4812
amacımız	12	4813
devrim	12	4814
la	12	4815
yükseköğretim	12	4816
geliştirme	12	4817
genelde	12	4818
ikincisi	12	4819
kanalizasyon	12	4820
rehabilitasyon	12	4821
yaban	12	4822
aksi	12	4823
arzu	12	4824
birileri	12	4825
adıyaman	11	4826
akif	11	4827
antony	11	4828
atilla	11	4829
avrupa'ya	11	4830
aydın'ın	11	4831
aş	11	4832
byd	11	4833
bahadır	11	4834
bakanlığı'na	11	4835
beyoğlu	11	4836
beşiktaş'ın	11	4837
bolat	11	4838
darıca	11	4839
dilek	11	4840
doğu'da	11	4841
ekim'den	11	4842
erdal	11	4843
esra	11	4844
ezgi	11	4845
galatasaray'a	11	4846
göztepe	11	4847
gülen	11	4848
james	11	4849
kyk	11	4850
kadıköy	11	4851
kahramanmaraş'ta	11	4852
kasım'da	11	4853
kayserispor	11	4854
kerim	11	4855
konak	11	4856
kudüs	11	4857
lig'e	11	4858
lübnan'a	11	4859
mahkemesi'nde	11	4860
marmaris	11	4861
menderes	11	4862
nato'nun	11	4863
nevzat	11	4864
nuri	11	4865
osmangazi	11	4866
portekizli	11	4867
roma	11	4868
semih	11	4869
stadyumu'nda	11	4870
star	11	4871
tbmm'de	11	4872
yks	11	4873
yahya	11	4874
almaları	11	4875
alınmıştı	11	4876
analizi	11	4877
andan	11	4878
anlatmak	11	4879
apartmanın	11	4880
araçlarda	11	4881
arenada	11	4882
artırdı	11	4883
askerleri	11	4884
askıya	11	4885
atması	11	4886
atıyor	11	4887
azalma	11	4888
açtık	11	4889
açıyor	11	4890
aşamada	11	4891
basına	11	4892
basında	11	4893
bağlantılı	11	4894
başlaması	11	4895
başlamış	11	4896
başlıklı	11	4897
başvurusunda	11	4898
bek	11	4899
beklenti	11	4900
belirlemek	11	4901
belirsiz	11	4902
benzersiz	11	4903
bilinmiyor	11	4904
boya	11	4905
bulundukları	11	4906
bulunmayan	11	4907
bırakmak	11	4908
cezaevinde	11	4909
cezalar	11	4910
cihazı	11	4911
dahilinde	11	4912
dediğimiz	11	4913
depremi	11	4914
derecede	11	4915
derinliğinde	11	4916
devamında	11	4917
değerlendirmede	11	4918
değerlendirmeler	11	4919
değerlendirmesini	11	4920
değişikliğe	11	4921
değişimi	11	4922
diyelim	11	4923
doluluk	11	4924
domuz	11	4925
doğaya	11	4926
duyulan	11	4927
dönüştü	11	4928
düzgün	11	4929
düşüyor	11	4930
dışından	11	4931
eklendi	11	4932
eleştiren	11	4933
ellerinden	11	4934
emeklisi	11	4935
eseri	11	4936
esnafı	11	4937
etmenin	11	4938
etmesine	11	4939
ettiren	11	4940
evlerine	11	4941
eğlence	11	4942
finalinde	11	4943
fiyatlarında	11	4944
gelecekteki	11	4945
gelince	11	4946
gelirli	11	4947
gelişen	11	4948
geliştirilmesi	11	4949
gelmedi	11	4950
gelmeye	11	4951
genelindeki	11	4952
gereğini	11	4953
gerginlik	11	4954
gerçekleştirdiğini	11	4955
getirecek	11	4956
geçirdiğini	11	4957
giriyor	11	4958
girişimleri	11	4959
gitmesi	11	4960
gittiğini	11	4961
gördüm	11	4962
gördüğünü	11	4963
görülmektedir	11	4964
görülmemiş	11	4965
gücünün	11	4966
gününden	11	4967
gününü	11	4968
hacmi	11	4969
ham	11	4970
hareketsiz	11	4971
hastası	11	4972
hatırlatarak	11	4973
havanın	11	4974
hazırlıklarına	11	4975
heyecanı	11	4976
hukuka	11	4977
hukukun	11	4978
ibadet	11	4979
iddiaların	11	4980
ilanı	11	4981
ilgisi	11	4982
incelemeler	11	4983
indi	11	4984
istedikleri	11	4985
istiyorlar	11	4986
iz	11	4987
izleyen	11	4988
içerdiği	11	4989
içeriği	11	4990
işlemler	11	4991
işlere	11	4992
kalacak	11	4993
kaleme	11	4994
kalmasını	11	4995
kamerası	11	4996
kanalı	11	4997
karakteri	11	4998
karla	11	4999
karıştığı	11	5000
karşın	11	5001
kavşakta	11	5002
kaybetmesi	11	5003
kayboldu	11	5004
kaydedilen	11	5005
kayyum	11	5006
kaçınılmaz	11	5007
kendileri	11	5008
keyfini	11	5009
kimliğini	11	5010
kitabı	11	5011
konteyner	11	5012
konutların	11	5013
koruyarak	11	5014
koruyor	11	5015
kullanılacak	11	5016
kullanılarak	11	5017
kuruluşları	11	5018
köşe	11	5019
kısmen	11	5020
kısmında	11	5021
kızın	11	5022
lastiği	11	5023
liste	11	5024
listesinde	11	5025
malzemeler	11	5026
maçlarda	11	5027
maçını	11	5028
mensupları	11	5029
mesajında	11	5030
milletinin	11	5031
moral	11	5032
motorlu	11	5033
mü	11	5034
mücadelesinde	11	5035
nakdi	11	5036
nakliye	11	5037
odasında	11	5038
olacağına	11	5039
oldular	11	5040
olduğumuzu	11	5041
olmazsa	11	5042
olmuyor	11	5043
oluşuyor	11	5044
oranla	11	5045
oranını	11	5046
otelde	11	5047
otomobille	11	5048
pazarında	11	5049
projelere	11	5050
projelerini	11	5051
projesinin	11	5052
puanını	11	5053
raporuna	11	5054
rehber	11	5055
rejiminin	11	5056
ruhunu	11	5057
saatlerine	11	5058
satan	11	5059
sayıları	11	5060
sağlanıyor	11	5061
sekiz	11	5062
seslendi	11	5063
sesleri	11	5064
sisteminin	11	5065
sizlere	11	5066
sunacak	11	5067
sunmak	11	5068
suçlamasıyla	11	5069
söylediler	11	5070
söyledim	11	5071
sürdürüyoruz	11	5072
süreçlerini	11	5073
sürüldü	11	5074
sıcaklığı	11	5075
sıkıntılar	11	5076
ta	11	5077
tablo	11	5078
takdir	11	5079
talimatı	11	5080
tamamlanmasının	11	5081
tarafta	11	5082
tarihinden	11	5083
tarihlerini	11	5084
tartıştığı	11	5085
taşındı	11	5086
tedbirli	11	5087
telefonda	11	5088
temalı	11	5089
teşhis	11	5090
toz	11	5091
turunda	11	5092
türleri	11	5093
ulaşması	11	5094
ulaştığını	11	5095
uyguladığı	11	5096
uçakta	11	5097
varken	11	5098
vatandaşlarla	11	5099
versiyonu	11	5100
yaklaşan	11	5101
yakınlarına	11	5102
yansıtır	11	5103
yapmamız	11	5104
yaptıktan	11	5105
yapılmadı	11	5106
yaratan	11	5107
yasağı	11	5108
yayınlanacak	11	5109
yaşadık	11	5110
yaşlarda	11	5111
yerindeki	11	5112
yerinin	11	5113
yerler	11	5114
yetiştirmek	11	5115
yumuşak	11	5116
yükselecek	11	5117
yüzünü	11	5118
zorluklarla	11	5119
çabaları	11	5120
çağırdı	11	5121
çekmeye	11	5122
çevresindeki	11	5123
çoğunlukla	11	5124
çıkaran	11	5125
çıkarılması	11	5126
ödemeye	11	5127
önerileri	11	5128
ülkelerine	11	5129
ülkesinde	11	5130
üretilen	11	5131
ürünlerine	11	5132
üyelerine	11	5133
şeria'da	11	5134
şartlarda	11	5135
şehre	11	5136
şeyden	11	5137
şeyleri	11	5138
candan	11	5139
gezi	11	5140
hürriyet	11	5141
kızılcık	11	5142
whatsapp	11	5143
belediyeye	11	5144
boru	11	5145
boy	11	5146
cam	11	5147
eğitimde	11	5148
eşya	11	5149
genetik	11	5150
hibe	11	5151
hikayesini	11	5152
ileride	11	5153
içten	11	5154
kadınlara	11	5155
karanlık	11	5156
konuşması	11	5157
kulak	11	5158
listede	11	5159
metrobüs	11	5160
millete	11	5161
partiye	11	5162
paylaşılan	11	5163
restorasyon	11	5164
ruhu	11	5165
sergisi	11	5166
sezona	11	5167
soruşturmanın	11	5168
suçları	11	5169
tedaviye	11	5170
teknolojinin	11	5171
yöneticiler	11	5172
şiddetin	11	5173
şikayeti	11	5174
keşke	11	5175
yüce	11	5176
ada	11	5177
anketi	11	5178
aramızda	11	5179
ekonomide	11	5180
etkinliğe	11	5181
eğitimin	11	5182
futbolu	11	5183
göl	11	5184
kendimi	11	5185
kendisinden	11	5186
konunun	11	5187
kulis	11	5188
kullanıcılar	11	5189
programın	11	5190
salonu	11	5191
serisi	11	5192
takımda	11	5193
varlık	11	5194
vatandaşlarımıza	11	5195
vücudun	11	5196
yaşananlar	11	5197
çiftçiler	11	5198
dağıtım	11	5199
seçme	11	5200
suresi	11	5201
yenidoğan	11	5202
bahçesi	11	5203
danışmanlık	11	5204
ekonomist	11	5205
elimizde	11	5206
gecede	11	5207
gencin	11	5208
hikayesi	11	5209
markanın	11	5210
patlamanın	11	5211
sigortası	11	5212
soruşturmada	11	5213
sırrı	11	5214
tıpkı	11	5215
bakanlar	11	5216
servisi	11	5217
sporları	11	5218
minik	11	5219
oda	11	5220
okulu	11	5221
tapu	11	5222
ülkemizdeki	11	5223
ihracatçı	11	5224
abd'ye	10	5225
aı	10	5226
abdurrahman	10	5227
aksu	10	5228
alemdar	10	5229
altun	10	5230
amerikalı	10	5231
ankara'ya	10	5232
arapça	10	5233
bakanlığından	10	5234
bakırköy	10	5235
batman	10	5236
berlin	10	5237
beşiktaş'ta	10	5238
brezilyalı	10	5239
büyükelçisi	10	5240
david	10	5241
dervişoğlu	10	5242
ebu	10	5243
erzurum	10	5244
fahrettin	10	5245
filistinliler	10	5246
filiz	10	5247
fransa'nın	10	5248
furkan	10	5249
galatasaray'da	10	5250
gerede	10	5251
gürbüz	10	5252
harun	10	5253
hint	10	5254
hizbullah	10	5255
kacır	10	5256
karabük	10	5257
karşıyaka	10	5258
katar	10	5259
kayseri'de	10	5260
kocaeli'de	10	5261
kuşadası	10	5262
kızılay	10	5263
lübnan'da	10	5264
lübnan'ın	10	5265
myk	10	5266
manchester	10	5267
meta	10	5268
meteoroloji'den	10	5269
mudurnu	10	5270
münih	10	5271
necip	10	5272
osmaniye	10	5273
paul	10	5274
pro	10	5275
rusya'ya	10	5276
suv	10	5277
salih	10	5278
samet	10	5279
sarıyer	10	5280
soner	10	5281
survivor	10	5282
sıla	10	5283
turkcell	10	5284
tuğba	10	5285
ulu	10	5286
veysel	10	5287
yargıtay	10	5288
ahşap	10	5289
ailelere	10	5290
ailesini	10	5291
anlamını	10	5292
aracının	10	5293
araçla	10	5294
arsa	10	5295
artışa	10	5296
artışın	10	5297
arındırılmış	10	5298
arıyor	10	5299
avantaj	10	5300
ayrıntılı	10	5301
ayından	10	5302
azaltılması	10	5303
azaltır	10	5304
açıklanması	10	5305
açılışında	10	5306
açılışını	10	5307
bakalım	10	5308
bambaşka	10	5309
barışçıl	10	5310
barışı	10	5311
baskın	10	5312
bağlayan	10	5313
başkalarına	10	5314
başlamadan	10	5315
başlanacak	10	5316
başlayacağı	10	5317
başvuran	10	5318
başvurularını	10	5319
beklentilerinin	10	5320
beklerken	10	5321
belirlediği	10	5322
belirlenemeyen	10	5323
belirlenmesi	10	5324
beraberindeki	10	5325
bez	10	5326
binayı	10	5327
birbirlerini	10	5328
bitkisel	10	5329
bulma	10	5330
bulundurarak	10	5331
bulunurken	10	5332
buluşma	10	5333
büyümesini	10	5334
bıraktığı	10	5335
bırakıyor	10	5336
cinayeti	10	5337
cinsi	10	5338
dakikalık	10	5339
dan	10	5340
dehşet	10	5341
demeden	10	5342
denetimler	10	5343
dengesini	10	5344
denilen	10	5345
derecesi	10	5346
destekleri	10	5347
devir	10	5348
devletinin	10	5349
değerlendiriyor	10	5350
değiliz	10	5351
değişiyor	10	5352
değişti	10	5353
dikkatini	10	5354
dikkatle	10	5355
dilerim	10	5356
diyorum	10	5357
don	10	5358
doğrultuda	10	5359
dönmesi	10	5360
dönüp	10	5361
dönüşümü	10	5362
düzeni	10	5363
düzenini	10	5364
düzenlemeleri	10	5365
düşme	10	5366
düşünüyor	10	5367
düşünüyoruz	10	5368
dışarıda	10	5369
edilmemesi	10	5370
ediyordu	10	5371
ekrana	10	5372
eleman	10	5373
eliyle	10	5374
endüstriyel	10	5375
erişilebilir	10	5376
eserler	10	5377
esnafın	10	5378
etkileyecek	10	5379
evler	10	5380
eylemleri	10	5381
fabrikasında	10	5382
faizini	10	5383
faydaları	10	5384
firması	10	5385
formasıyla	10	5386
fotoğrafları	10	5387
gelebilir	10	5388
gelişimine	10	5389
geliştirilen	10	5390
geminin	10	5391
gençleri	10	5392
gerekecek	10	5393
gerekiyorsa	10	5394
gerektiğinin	10	5395
gerçekleştirmek	10	5396
gerçeği	10	5397
geçildi	10	5398
geçim	10	5399
geçirdik	10	5400
geçirerek	10	5401
geçişi	10	5402
girişiminin	10	5403
girmeden	10	5404
gittik	10	5405
golleri	10	5406
golünü	10	5407
grip	10	5408
grubun	10	5409
görevlileri	10	5410
görme	10	5411
görülür	10	5412
görüntülerini	10	5413
görüşmelerin	10	5414
göğüs	10	5415
güncelleme	10	5416
gündemine	10	5417
haberdar	10	5418
haberinde	10	5419
haftalarda	10	5420
haftaya	10	5421
hakemi	10	5422
hakkına	10	5423
harcama	10	5424
hayalini	10	5425
hazırladı	10	5426
hazırız	10	5427
helikopterin	10	5428
hesaplara	10	5429
hesapları	10	5430
hesaplarına	10	5431
hibrit	10	5432
hizmetlerinde	10	5433
huzurlu	10	5434
hızlıca	10	5435
i	10	5436
ihalesi	10	5437
ihtimal	10	5438
ilacı	10	5439
ilerleme	10	5440
ilgiyle	10	5441
illerde	10	5442
ilçelerde	10	5443
ilçeye	10	5444
imzalanan	10	5445
incelendiğinde	10	5446
insanlığın	10	5447
istediğimiz	10	5448
istemiyor	10	5449
isteği	10	5450
istikametine	10	5451
istikrar	10	5452
istikrarlı	10	5453
istikrarı	10	5454
içeri	10	5455
içerisindeki	10	5456
işlediği	10	5457
işlenen	10	5458
kadınları	10	5459
kaldırmak	10	5460
kaldırılırken	10	5461
kalmıyor	10	5462
kalmış	10	5463
kamyonet	10	5464
karışık	10	5465
karşılamak	10	5466
karşılaşacak	10	5467
karşılaştı	10	5468
katkılar	10	5469
katliam	10	5470
katılarak	10	5471
katılmak	10	5472
katılımcı	10	5473
katına	10	5474
kayda	10	5475
kayması	10	5476
kendime	10	5477
keşfetme	10	5478
kime	10	5479
kiralama	10	5480
kişilerde	10	5481
kişiyle	10	5482
koordinesinde	10	5483
koymak	10	5484
koşullarda	10	5485
kullanılıyor	10	5486
kurdu	10	5487
kökenli	10	5488
kılınacak	10	5489
kırdı	10	5490
kıyısında	10	5491
kızının	10	5492
mağlubiyet	10	5493
memnuniyet	10	5494
memnuniyeti	10	5495
memnuniyetle	10	5496
mensubu	10	5497
mesafe	10	5498
meşhur	10	5499
misiniz	10	5500
muazzam	10	5501
mümkündür	10	5502
müşterilere	10	5503
nedeninin	10	5504
neye	10	5505
nun	10	5506
odasına	10	5507
olabilirler	10	5508
olduktan	10	5509
olmakla	10	5510
olmalıdır	10	5511
olmamız	10	5512
olunması	10	5513
organik	10	5514
ortam	10	5515
ortamında	10	5516
otu	10	5517
oturup	10	5518
oyların	10	5519
oyu	10	5520
parça	10	5521
paylaşımla	10	5522
penaltı	10	5523
performansla	10	5524
personelinin	10	5525
piyasalarında	10	5526
primi	10	5527
programları	10	5528
projelerin	10	5529
projelerle	10	5530
rahatlıkla	10	5531
rahatsızlık	10	5532
rakamlara	10	5533
rakibini	10	5534
rehin	10	5535
rolü	10	5536
saatlik	10	5537
sabır	10	5538
sahiplerinin	10	5539
salgın	10	5540
satılan	10	5541
satılıyor	10	5542
sağlaması	10	5543
sağlayacağız	10	5544
sergiledi	10	5545
serinlemek	10	5546
sesi	10	5547
sevenlerine	10	5548
seçenekleri	10	5549
seçildi	10	5550
sipariş	10	5551
site	10	5552
siteleri	10	5553
siyasete	10	5554
skoru	10	5555
sonuca	10	5556
soyunma	10	5557
stratejisi	10	5558
sunmaya	10	5559
söndürme	10	5560
söyleyebilirim	10	5561
sözünü	10	5562
süresince	10	5563
süresinin	10	5564
sütü	10	5565
sıkışan	10	5566
sınırının	10	5567
talimat	10	5568
taraftarları	10	5569
tayin	10	5570
taziye	10	5571
taşıyacak	10	5572
te	10	5573
tehdidi	10	5574
tehlikesinin	10	5575
tekne	10	5576
teknolojisi	10	5577
telafi	10	5578
televizyonu	10	5579
tespiti	10	5580
topluma	10	5581
toplumu	10	5582
tutulması	10	5583
tuvalet	10	5584
tüketiciler	10	5585
ulaştığı	10	5586
ulaşımda	10	5587
uygulamasının	10	5588
uymayan	10	5589
verdim	10	5590
verilmiş	10	5591
vermedi	10	5592
yakınlarında	10	5593
yanda	10	5594
yapmadan	10	5595
yapmanın	10	5596
yapıların	10	5597
yapılmıştı	10	5598
yapıyorlar	10	5599
yardıma	10	5600
yargılanan	10	5601
yaşanacak	10	5602
yaşandığını	10	5603
yerlerden	10	5604
yerlere	10	5605
yerlerinde	10	5606
yetenekleri	10	5607
yeteneklerini	10	5608
yolla	10	5609
yorumu	10	5610
yönetici	10	5611
yönetmek	10	5612
yönlerden	10	5613
yöntemler	10	5614
yüklü	10	5615
zamanın	10	5616
zammın	10	5617
zekanın	10	5618
zirvede	10	5619
zirveye	10	5620
çayırova	10	5621
ünal	10	5622
üsküdar	10	5623
çalışanlarına	10	5624
çalışanlarının	10	5625
çalışarak	10	5626
çalışmalarla	10	5627
çalışmasıyla	10	5628
çalışmayı	10	5629
çip	10	5630
çiğ	10	5631
çocuklarını	10	5632
çıkmasını	10	5633
ödülünü	10	5634
öldürme	10	5635
öldüğü	10	5636
öldüğünü	10	5637
ölümcül	10	5638
önemlisi	10	5639
öğrencilerinin	10	5640
üreticilerin	10	5641
ürünün	10	5642
üssü	10	5643
üstlendiği	10	5644
üyelerini	10	5645
iett	10	5646
ittifakı'nın	10	5647
işkur	10	5648
ışığında	10	5649
şen	10	5650
şartı	10	5651
şiddete	10	5652
şüphe	10	5653
anneler	10	5654
müdürlüğüne	10	5655
nehri	10	5656
odaları	10	5657
sayısal	10	5658
tiktok	10	5659
adaylık	10	5660
adayının	10	5661
amca	10	5662
annesinin	10	5663
azaltma	10	5664
aşağıdaki	10	5665
bertaraf	10	5666
büyümenin	10	5667
cezai	10	5668
cihazın	10	5669
doğanın	10	5670
düzenlemenin	10	5671
elden	10	5672
erkekler	10	5673
fikri	10	5674
fırsatları	10	5675
hane	10	5676
hayatlarında	10	5677
iddialar	10	5678
iman	10	5679
iniş	10	5680
işletmeler	10	5681
karbon	10	5682
koalisyon	10	5683
korur	10	5684
madencilik	10	5685
mesele	10	5686
mezuniyet	10	5687
restoran	10	5688
sabaha	10	5689
sakin	10	5690
sevinç	10	5691
sonuçların	10	5692
uygulamasını	10	5693
yirmi	10	5694
çatı	10	5695
çayın	10	5696
çocuklarımıza	10	5697
üreticiler	10	5698
üreticileri	10	5699
ata	10	5700
harp	10	5701
kaan	10	5702
sanatkarlar	10	5703
siyonist	10	5704
adliye	10	5705
aktarılan	10	5706
burs	10	5707
enflasyonda	10	5708
eşitlik	10	5709
ilkokul	10	5710
kardeşlerim	10	5711
milletimiz	10	5712
oruç	10	5713
oyunun	10	5714
sever	10	5715
seçimlerine	10	5716
sitesi	10	5717
siyasal	10	5718
tuz	10	5719
usul	10	5720
vatandaşlardan	10	5721
yasası	10	5722
yoğurt	10	5723
çocukluk	10	5724
şefi	10	5725
şehrimizin	10	5726
aksa	10	5727
balıkçı	10	5728
bayraklı	10	5729
ekşi	10	5730
er	10	5731
kurulunun	10	5732
rahim	10	5733
sudan	10	5734
taşkın	10	5735
yardımlaşma	10	5736
baraj	10	5737
bayramın	10	5738
başvuruların	10	5739
evdeki	10	5740
federasyon	10	5741
hamile	10	5742
koltuk	10	5743
kurulunda	10	5744
kurumları	10	5745
oyuncak	10	5746
pamuk	10	5747
savcısı	10	5748
von	10	5749
yabani	10	5750
yıllarca	10	5751
şarkı	10	5752
acaba	10	5753
asrın	10	5754
bak	10	5755
benimle	10	5756
engelliler	10	5757
kayak	10	5758
kazayı	10	5759
moda	10	5760
muhtar	10	5761
pazarlama	10	5762
yaralıların	10	5763
çevrimiçi	10	5764
aym	9	5765
adem	9	5766
adıyaman'da	9	5767
akbank	9	5768
aktaş	9	5769
alparslan	9	5770
altaylı	9	5771
android	9	5772
ankaragücü	9	5773
aviv	9	5774
ayşenur	9	5775
bakanlığına	9	5776
baran	9	5777
başsavcılığınca	9	5778
belediyespor	9	5779
bitlis	9	5780
bosna	9	5781
bursa'da	9	5782
chp'ye	9	5783
cemal	9	5784
cihan	9	5785
coşkun	9	5786
dha'nın	9	5787
ergün	9	5788
eygi'nin	9	5789
eğilmez	9	5790
filistin'e	9	5791
fuat	9	5792
genelkurmay	9	5793
giresun	9	5794
gürcistan	9	5795
htş	9	5796
hande	9	5797
hz	9	5798
kalkanı	9	5799
kanada	9	5800
karakaş	9	5801
karayolları	9	5802
kastamonu'nun	9	5803
kasımpaşa	9	5804
kurumu'na	9	5805
leyen	9	5806
mesut	9	5807
muzaffer	9	5808
müdürlüğü'ne	9	5809
nihal	9	5810
nihat	9	5811
oktay	9	5812
pkk'lı	9	5813
parti'den	9	5814
parti'ye	9	5815
portekiz	9	5816
rabbim	9	5817
reisi	9	5818
romanya	9	5819
sabancı	9	5820
samsunspor	9	5821
selahattin	9	5822
selçuklu	9	5823
tcmb'nin	9	5824
tl'lik	9	5825
tahran'da	9	5826
tesla	9	5827
türkmen	9	5828
uysal	9	5829
uçar	9	5830
yandaş	9	5831
yazıcı	9	5832
yenişehir	9	5833
yiğit	9	5834
yozgat	9	5835
yüreğir	9	5836
zirvesi	9	5837
adaya	9	5838
adayın	9	5839
adrese	9	5840
adımların	9	5841
adıyla	9	5842
ailesiyle	9	5843
aktardığına	9	5844
akıllara	9	5845
alabilir	9	5846
alamadı	9	5847
alandaki	9	5848
alanlara	9	5849
alanlarına	9	5850
aleyhine	9	5851
almayan	9	5852
almıştır	9	5853
alınmasını	9	5854
alıyoruz	9	5855
anahtarı	9	5856
anlayışı	9	5857
anlaşmalı	9	5858
antrenman	9	5859
aracını	9	5860
aralıklı	9	5861
arasından	9	5862
arayanlar	9	5863
arkadaşlarım	9	5864
arkasına	9	5865
artmasıyla	9	5866
artıran	9	5867
artışlar	9	5868
asist	9	5869
asılı	9	5870
atılı	9	5871
atıp	9	5872
avantajlı	9	5873
aylarının	9	5874
ayındaki	9	5875
azalması	9	5876
açmak	9	5877
açıklamasına	9	5878
açığı	9	5879
ağ	9	5880
ağırlayacak	9	5881
aşağıya	9	5882
bayramda	9	5883
bağış	9	5884
başlayarak	9	5885
baştan	9	5886
başvuruda	9	5887
beklenirken	9	5888
beklentilerini	9	5889
belirlemelere	9	5890
belirtileri	9	5891
belirtilirken	9	5892
bereketli	9	5893
bilinci	9	5894
bilinmektedir	9	5895
bilmek	9	5896
binası	9	5897
birimi	9	5898
birine	9	5899
birliğine	9	5900
bulduğu	9	5901
bulunmuyor	9	5902
bütünlüğünü	9	5903
büyüklüğündeki	9	5904
büyüyerek	9	5905
bıçakladı	9	5906
cesaret	9	5907
cesur	9	5908
cevabını	9	5909
cezayı	9	5910
daim	9	5911
daki	9	5912
dalga	9	5913
davranışları	9	5914
dek	9	5915
deki	9	5916
derbi	9	5917
desteklediğini	9	5918
destekleriyle	9	5919
devamına	9	5920
devrilmesi	9	5921
değerine	9	5922
değerlerin	9	5923
değerlerini	9	5924
değindi	9	5925
değişecek	9	5926
doların	9	5927
doğusunda	9	5928
durumla	9	5929
duruşu	9	5930
duvar	9	5931
duyan	9	5932
duyduklarını	9	5933
duyuyoruz	9	5934
döneminden	9	5935
dönümünde	9	5936
dükkanı	9	5937
dünyasına	9	5938
dürüst	9	5939
düzenlemeyle	9	5940
düşündüğünü	9	5941
düşünerek	9	5942
düşünme	9	5943
düşüşe	9	5944
dışarıdan	9	5945
ebeveynler	9	5946
edebiliyor	9	5947
edelim	9	5948
edilmesine	9	5949
edilmesinin	9	5950
ekibine	9	5951
ekonomisinin	9	5952
elimizden	9	5953
engelleri	9	5954
etkilediğini	9	5955
etkileyici	9	5956
etmedi	9	5957
evlerinde	9	5958
eyaletindeki	9	5959
eğitimler	9	5960
faaliyetlerine	9	5961
faaliyetlerinin	9	5962
farkla	9	5963
farklılık	9	5964
felaketinin	9	5965
filminin	9	5966
finansman	9	5967
formasını	9	5968
futbolcusu	9	5969
gazı	9	5970
gelenler	9	5971
gelirse	9	5972
gelsin	9	5973
gerilim	9	5974
gerisinde	9	5975
gerçekleştireceğiz	9	5976
gerçekleştiriyoruz	9	5977
gerçekleştiği	9	5978
getirirken	9	5979
geçerken	9	5980
geçirilmesi	9	5981
girdiğini	9	5982
gitme	9	5983
gitmeye	9	5984
grupların	9	5985
görmüş	9	5986
gösterebilir	9	5987
gösterirken	9	5988
gücüne	9	5989
güneşin	9	5990
günkü	9	5991
haftaki	9	5992
halkını	9	5993
hap	9	5994
hastaları	9	5995
hastalığın	9	5996
hatalar	9	5997
hattında	9	5998
hatıra	9	5999
hayali	9	6000
hayatlarını	9	6001
hayvancılık	9	6002
hayvanların	9	6003
hazırlayan	9	6004
hedeflediklerini	9	6005
hedefler	9	6006
hedefliyoruz	9	6007
herhalde	9	6008
hesabına	9	6009
hizmetlerine	9	6010
huzurunda	9	6011
hüküm	9	6012
hükümetinin	9	6013
hızıyla	9	6014
iphone	9	6015
iddialara	9	6016
iddialarına	9	6017
ifadesine	9	6018
ihtimalini	9	6019
ihtiyaçlarına	9	6020
ikindi	9	6021
ikramiye	9	6022
ikramiyesi	9	6023
ileriye	9	6024
iletişime	9	6025
ilginin	9	6026
ilişkilerini	9	6027
ilişkisini	9	6028
ilçeleri	9	6029
imzaladı	9	6030
imzası	9	6031
insanlardan	9	6032
istemiyorum	9	6033
istendi	9	6034
istikametinde	9	6035
istiyorsanız	9	6036
ivme	9	6037
izleyici	9	6038
izliyor	9	6039
içe	9	6040
içeriyor	9	6041
içinden	9	6042
işgali	9	6043
işlemlerin	9	6044
işlemlerinde	9	6045
işlemlerini	9	6046
işçilerinin	9	6047
kalabalık	9	6048
kalarak	9	6049
kaldırdı	9	6050
kaldırılarak	9	6051
kalitesi	9	6052
kalmaya	9	6053
kameralara	9	6054
kapanış	9	6055
kapatma	9	6056
kapatıldı	9	6057
karakter	9	6058
kararlarına	9	6059
karışımı	9	6060
karşılayacak	9	6061
karşılığında	9	6062
karşılığını	9	6063
karşıtı	9	6064
katkıları	9	6065
katliamı	9	6066
kaybedenlerin	9	6067
kaynaklanan	9	6068
kesimi	9	6069
kesintileri	9	6070
kirli	9	6071
kol	9	6072
kolaylaştırmak	9	6073
konaklama	9	6074
konusunu	9	6075
konuştuk	9	6076
krizin	9	6077
kullanmaya	9	6078
kuralları	9	6079
kurallarına	9	6080
kurtardı	9	6081
kurulacak	9	6082
kuruluşlarının	9	6083
kuruluşunun	9	6084
kurumların	9	6085
küfür	9	6086
kısmının	9	6087
lastik	9	6088
liderliğini	9	6089
maaşının	9	6090
mahkemenin	9	6091
makam	9	6092
makine	9	6093
makineleri	9	6094
malzemeleri	9	6095
malzemelerin	9	6096
markası	9	6097
masada	9	6098
medyaya	9	6099
mensuplarının	9	6100
menzilli	9	6101
merkezinden	9	6102
metrelik	9	6103
meyveler	9	6104
miras	9	6105
mirasını	9	6106
miting	9	6107
modeller	9	6108
motosikletin	9	6109
mücadelesini	9	6110
namazına	9	6111
nelerdir	9	6112
nem	9	6113
niyet	9	6114
noktaları	9	6115
normalleşme	9	6116
okuma	9	6117
olacaklarını	9	6118
olanlara	9	6119
oluyoruz	9	6120
oluşturulan	9	6121
oluşur	9	6122
onarım	9	6123
operasyonla	9	6124
oranlarında	9	6125
oranlarını	9	6126
organ	9	6127
ortalaması	9	6128
oturdu	9	6129
oynamaya	9	6130
paylaşıyor	9	6131
peynir	9	6132
pişman	9	6133
planlayan	9	6134
platformları	9	6135
politikasının	9	6136
potansiyeli	9	6137
potansiyeline	9	6138
potansiyelini	9	6139
problemi	9	6140
problemleri	9	6141
programının	9	6142
puanları	9	6143
puanlık	9	6144
rahatlama	9	6145
rica	9	6146
ruhsal	9	6147
sahasına	9	6148
sahibine	9	6149
sakinlerinin	9	6150
saldırıların	9	6151
saldırılarını	9	6152
saldırısına	9	6153
sayım	9	6154
sağlamayı	9	6155
sağlanan	9	6156
sektördeki	9	6157
sektöründeki	9	6158
serdi	9	6159
sergilediği	9	6160
sesini	9	6161
seti	9	6162
sevdiği	9	6163
seviyelere	9	6164
sezonunun	9	6165
seçiminde	9	6166
sistemde	9	6167
siyasetçi	9	6168
sizinle	9	6169
sonucunu	9	6170
sonuçlarına	9	6171
sonuçlarının	9	6172
sorunlarının	9	6173
sularında	9	6174
sunuyoruz	9	6175
suretiyle	9	6176
suyla	9	6177
sürdürülebilirlik	9	6178
sıkıntıları	9	6179
sığındığı	9	6180
taciz	9	6181
tadını	9	6182
tahmini	9	6183
takımının	9	6184
tamamlanması	9	6185
tamamlayarak	9	6186
tamamını	9	6187
tamamının	9	6188
tanıyan	9	6189
tanıyor	9	6190
tarafsız	9	6191
tarif	9	6192
tartışmaları	9	6193
tartışması	9	6194
tavır	9	6195
tedavisinde	9	6196
teklifini	9	6197
temizliği	9	6198
temkinli	9	6199
temsilcileriyle	9	6200
tepkiler	9	6201
tohum	9	6202
topladığı	9	6203
toprakları	9	6204
topraklarına	9	6205
trajik	9	6206
tutar	9	6207
törenle	9	6208
tüfek	9	6209
tüketiminin	9	6210
ufak	9	6211
ulaşıma	9	6212
unsur	9	6213
uyarıyor	9	6214
uzaya	9	6215
uğruna	9	6216
vahşice	9	6217
vatandaşlarına	9	6218
vazgeçilmez	9	6219
ver	9	6220
verebilir	9	6221
verildiğini	9	6222
verilmesini	9	6223
virüsü	9	6224
vizyonu	9	6225
vurgulanıyor	9	6226
vurulmuş	9	6227
yakışır	9	6228
yanlarında	9	6229
yanından	9	6230
yapabilirsiniz	9	6231
yapacağımız	9	6232
yaparız	9	6233
yapmaktan	9	6234
yapmaları	9	6235
yaptırım	9	6236
yaptığım	9	6237
yapılabilecek	9	6238
yapılar	9	6239
yapılmalıdır	9	6240
yapın	9	6241
yapısının	9	6242
yargıya	9	6243
yarısından	9	6244
yarışında	9	6245
yatırımcılara	9	6246
yazısında	9	6247
yaşamaya	9	6248
yaşayanlar	9	6249
yemeği	9	6250
yepyeni	9	6251
yerle	9	6252
yiyen	9	6253
yolculuğa	9	6254
yolculuğunda	9	6255
yuvarlak	9	6256
yöntemiyle	9	6257
yükselirken	9	6258
yıkım	9	6259
zamanların	9	6260
zamla	9	6261
zamlar	9	6262
ziyaretinde	9	6263
ziyaretçilerin	9	6264
çiğli	9	6265
özlem	9	6266
çalışacak	9	6267
çalışanlara	9	6268
çalışırken	9	6269
çarparak	9	6270
çarptığı	9	6271
çatışmalar	9	6272
çekilmesi	9	6273
çekip	9	6274
çiftinin	9	6275
çiziyor	9	6276
çözüme	9	6277
çıkabilir	9	6278
çıkardığı	9	6279
çıkmasının	9	6280
ödemelerini	9	6281
ödenen	9	6282
öldüren	9	6283
ölüme	9	6284
öncelik	9	6285
önerisi	9	6286
öngörülen	9	6287
önler	9	6288
örnekleri	9	6289
ötesine	9	6290
ötürü	9	6291
özellikleriyle	9	6292
öğrendim	9	6293
öğretmenlerimizin	9	6294
ücretle	9	6295
ücretleri	9	6296
ülkesine	9	6297
üreticisi	9	6298
üretimde	9	6299
ürünlerinin	9	6300
üstünlük	9	6301
üzücü	9	6302
üzüm	9	6303
ilker	9	6304
inan	9	6305
isa	9	6306
isveç	9	6307
isveç'in	9	6308
isviçre	9	6309
italya'nın	9	6310
ışığı	9	6311
şanlıurfa	9	6312
şeria	9	6313
şeyda	9	6314
şeyh	9	6315
şişli	9	6316
şahit	9	6317
şahıslar	9	6318
şampiyonluğu	9	6319
şartıyla	9	6320
şaşkınlık	9	6321
şekil	9	6322
şikayette	9	6323
şirkete	9	6324
şüpheliden	9	6325
şüpheliyi	9	6326
antalya'nın	9	6327
cumhuriyetimizin	9	6328
denetleme	9	6329
melek	9	6330
piyade	9	6331
sekreter	9	6332
uğurlu	9	6333
anlaşmanın	9	6334
araba	9	6335
askerlerin	9	6336
bıçaklı	9	6337
depolama	9	6338
değerler	9	6339
dizide	9	6340
dur	9	6341
egemen	9	6342
eyalet	9	6343
festivalin	9	6344
finansmanı	9	6345
firari	9	6346
fırlatma	9	6347
gençlerimizin	9	6348
görüldüğü	9	6349
haklarında	9	6350
halini	9	6351
heyelan	9	6352
hücre	9	6353
ilaçlar	9	6354
kaba	9	6355
kalem	9	6356
kamuda	9	6357
katılımcıların	9	6358
kaygı	9	6359
komedyen	9	6360
konfor	9	6361
merkezinin	9	6362
nihai	9	6363
obezite	9	6364
okulları	9	6365
onurlu	9	6366
raylı	9	6367
sakın	9	6368
sanal	9	6369
sonradan	9	6370
sığınmacı	9	6371
takımını	9	6372
talihsiz	9	6373
tarife	9	6374
titiz	9	6375
vatandaşımızın	9	6376
yararına	9	6377
yarışmada	9	6378
yurdun	9	6379
zanlının	9	6380
zehir	9	6381
ziyaretçi	9	6382
özgürlük	9	6383
üniversitenin	9	6384
mahalli	9	6385
suçlarla	9	6386
ankette	9	6387
bağımsızlık	9	6388
bereket	9	6389
dostluk	9	6390
filmde	9	6391
gerektiğinde	9	6392
gübre	9	6393
katılımcıları	9	6394
ligin	9	6395
muhtemelen	9	6396
muz	9	6397
müdürleri	9	6398
otomobili	9	6399
oyunları	9	6400
resim	9	6401
sanata	9	6402
tarihsel	9	6403
teravih	9	6404
tünel	9	6405
tüzük	9	6406
videoda	9	6407
çoban	9	6408
şükür	9	6409
aşı	9	6410
depremden	9	6411
hani	9	6412
konuşmanın	9	6413
ortaöğretim	9	6414
takımımızın	9	6415
teşkilat	9	6416
av	9	6417
evleri	9	6418
geleceğin	9	6419
görgü	9	6420
kene	9	6421
kitabın	9	6422
ofis	9	6423
seçkin	9	6424
üs	9	6425
işgalci	9	6426
ab'nin	8	6427
abbas	8	6428
adana'da	8	6429
all	8	6430
allah'ın	8	6431
alp	8	6432
amasya	8	6433
anadolu'da	8	6434
antakya	8	6435
antonio	8	6436
atatürk'ün	8	6437
atlas	8	6438
bbc	8	6439
bakanlığımız	8	6440
barcelona	8	6441
baykar	8	6442
bayramı'nda	8	6443
başak	8	6444
beşar	8	6445
bozbey	8	6446
boğaziçi	8	6447
brezilya	8	6448
bulvarı	8	6449
burdur	8	6450
bim	8	6451
bıyık	8	6452
ceo'su	8	6453
city	8	6454
cübbeli	8	6455
deaş	8	6456
davutoğlu	8	6457
denizi'nde	8	6458
eyt	8	6459
ece	8	6460
efendi	8	6461
emrah	8	6462
erhan	8	6463
erzan'ın	8	6464
esad'ın	8	6465
fenerbahçeli	8	6466
ferdi	8	6467
fernando	8	6468
fiat	8	6469
galler	8	6470
göynük	8	6471
günü'nü	8	6472
hdp	8	6473
haluk	8	6474
harris	8	6475
hastanesi'nde	8	6476
havalimanı'nda	8	6477
hindistan	8	6478
kanunu'nda	8	6479
kaymakamlığı	8	6480
keşan	8	6481
kiev	8	6482
konfederasyonu	8	6483
kurulu'na	8	6484
küçükçekmece	8	6485
kızıl	8	6486
lgs	8	6487
lübnan'dan	8	6488
lütfü	8	6489
maarif	8	6490
mahfi	8	6491
masterchef	8	6492
masterchef'te	8	6493
melih	8	6494
meryem	8	6495
mete	8	6496
mevlüt	8	6497
muhammet	8	6498
musa	8	6499
muş	8	6500
nazım	8	6501
nevşehir	8	6502
ptt	8	6503
pendikspor	8	6504
rtük	8	6505
rahmi	8	6506
rizespor	8	6507
robert	8	6508
sami	8	6509
samsun'da	8	6510
serhat	8	6511
seçil	8	6512
stadı'nda	8	6513
suat	8	6514
suriye'ye	8	6515
suriyelilerin	8	6516
sözcü	8	6517
taşdemir	8	6518
temsilciler	8	6519
thomas	8	6520
türkler	8	6521
umke	8	6522
uludağ	8	6523
vıp	8	6524
veli	8	6525
wanda	8	6526
yrp	8	6527
yasemin	8	6528
yazarlar	8	6529
yeşilyurt	8	6530
zehra	8	6531
adaylara	8	6532
adaylarını	8	6533
adaylarının	8	6534
adının	8	6535
aklı	8	6536
aktör	8	6537
aktüel	8	6538
alabiliyor	8	6539
alarm	8	6540
aldıklarını	8	6541
algı	8	6542
almadı	8	6543
alımına	8	6544
alınacağı	8	6545
alınmasına	8	6546
alışverişinde	8	6547
amaçlayan	8	6548
anahtar	8	6549
anlamları	8	6550
anlatmaya	8	6551
antioksidanlar	8	6552
anılan	8	6553
anımsatan	8	6554
aralığında	8	6555
araçtan	8	6556
arkadaşlarıma	8	6557
arkadaşlarıyla	8	6558
arkadaşım	8	6559
artacağını	8	6560
artmasına	8	6561
asfalt	8	6562
astım	8	6563
asılsız	8	6564
atma	8	6565
atmosfer	8	6566
atmış	8	6567
atılacak	8	6568
ayakkabı	8	6569
azaltabilir	8	6570
azalışla	8	6571
açıklamalarının	8	6572
açıklarken	8	6573
ağırlık	8	6574
aşamalı	8	6575
aştı	8	6576
bahçesine	8	6577
bakıma	8	6578
bakımda	8	6579
basını	8	6580
bayrağını	8	6581
bağ	8	6582
başkanlarının	8	6583
başladığında	8	6584
başlangıcı	8	6585
başlıca	8	6586
başrol	8	6587
başını	8	6588
beklediklerini	8	6589
belirttiği	8	6590
biber	8	6591
bildirim	8	6592
bilerek	8	6593
bilgisayar	8	6594
binasında	8	6595
binasının	8	6596
bini	8	6597
birliğiyle	8	6598
birtakım	8	6599
biten	8	6600
bitkinin	8	6601
budur	8	6602
bulunmadığı	8	6603
burayı	8	6604
burç	8	6605
bütçesi	8	6606
büyüdü	8	6607
büyüklüğü	8	6608
bırakma	8	6609
bırakılan	8	6610
cennet	8	6611
cezaevi	8	6612
cihazları	8	6613
cinsinden	8	6614
dairede	8	6615
dans	8	6616
davasının	8	6617
dayanan	8	6618
dağılımı	8	6619
dağıttı	8	6620
dağıtımı	8	6621
denetimlerini	8	6622
deneyimini	8	6623
derdi	8	6624
derecelendirme	8	6625
derinlemesine	8	6626
derinliği	8	6627
desteklemeye	8	6628
devamını	8	6629
devletli	8	6630
değerlendirmek	8	6631
değişikliklere	8	6632
değiştirmek	8	6633
dileklerini	8	6634
dili	8	6635
diliyoruz	8	6636
disipline	8	6637
diyalog	8	6638
dolarla	8	6639
dolaylı	8	6640
drone	8	6641
dualarla	8	6642
durdurdu	8	6643
durumdur	8	6644
duyarlılığı	8	6645
duydum	8	6646
dönemini	8	6647
dönüşünü	8	6648
düzenlemesi	8	6649
düzenliyor	8	6650
düşüncelerini	8	6651
düşüşü	8	6652
ebeveynlerin	8	6653
edileceği	8	6654
edileceğini	8	6655
edilmesiyle	8	6656
ekibiyle	8	6657
ekleyerek	8	6658
ekonominin	8	6659
ekranlara	8	6660
eksiklikleri	8	6661
eleştirilere	8	6662
ellerinde	8	6663
emeklinin	8	6664
engellemeye	8	6665
esmesi	8	6666
etkinliklere	8	6667
etkisinden	8	6668
etmediği	8	6669
etmekte	8	6670
etmekten	8	6671
etmiyorum	8	6672
etrafında	8	6673
etsin	8	6674
ettiğine	8	6675
evini	8	6676
evlere	8	6677
evlerin	8	6678
evlerinin	8	6679
eylemler	8	6680
eğitimden	8	6681
eğitimleri	8	6682
falan	8	6683
fedakarlık	8	6684
felaket	8	6685
ferah	8	6686
firmalara	8	6687
firmaya	8	6688
fiyatına	8	6689
fotoğrafını	8	6690
fırsatını	8	6691
gazetesinin	8	6692
gelirin	8	6693
geliştirdi	8	6694
geliştirdiği	8	6695
gelmesiyle	8	6696
gelmiyor	8	6697
gerekiyordu	8	6698
gereksiz	8	6699
gerekçe	8	6700
gerçekleştiriliyor	8	6701
gerçekçi	8	6702
getirmeye	8	6703
geçmişi	8	6704
geçmişti	8	6705
gider	8	6706
gidermek	8	6707
girişi	8	6708
girişinde	8	6709
girmesiyle	8	6710
gole	8	6711
grubuna	8	6712
grupta	8	6713
gölge	8	6714
görevlilerinin	8	6715
görmezden	8	6716
gösterge	8	6717
göstermeye	8	6718
güce	8	6719
gündemini	8	6720
güvenliğinin	8	6721
güçlendirir	8	6722
güçlük	8	6723
hakkının	8	6724
halı	8	6725
hamle	8	6726
harcamaları	8	6727
harcı	8	6728
hareketlilik	8	6729
hastalıklar	8	6730
hastalıklara	8	6731
havale	8	6732
hayran	8	6733
hayvanlara	8	6734
hazırlandığını	8	6735
hedefiyle	8	6736
hedeflere	8	6737
heyecanlı	8	6738
hijyen	8	6739
hizmetlerinin	8	6740
iddiasını	8	6741
iftira	8	6742
ihlali	8	6743
ikisi	8	6744
ikiz	8	6745
ilerliyor	8	6746
ilgisiyle	8	6747
ilin	8	6748
ilki	8	6749
iller	8	6750
inceledi	8	6751
incelemesinin	8	6752
inceleyen	8	6753
indirimler	8	6754
inen	8	6755
insana	8	6756
insanlarının	8	6757
intikal	8	6758
iptali	8	6759
isimdir	8	6760
istemiyle	8	6761
istenmeyen	8	6762
isyan	8	6763
işleme	8	6764
işlerin	8	6765
işlerini	8	6766
iştiraki	8	6767
kadrosunda	8	6768
kalite	8	6769
kameraya	8	6770
kanıt	8	6771
kapak	8	6772
kapasitesini	8	6773
kararla	8	6774
kardeşlerimize	8	6775
kariyeri	8	6776
kariyerinde	8	6777
kariyerinin	8	6778
karşıladı	8	6779
karşılayan	8	6780
karşılaşmayı	8	6781
karşılaştırıldığında	8	6782
karşısındaki	8	6783
katılacağı	8	6784
katılımı	8	6785
kaynaklardan	8	6786
kayyım	8	6787
kazandırıyor	8	6788
kazanmış	8	6789
kazanıyor	8	6790
kenara	8	6791
kendiliğinden	8	6792
kesimleri	8	6793
kesintisi	8	6794
kirliliği	8	6795
kitapları	8	6796
kişilerle	8	6797
kodlu	8	6798
komik	8	6799
konforlu	8	6800
kontrolde	8	6801
kontrollerde	8	6802
konulan	8	6803
konulara	8	6804
konulu	8	6805
konutun	8	6806
konuşmak	8	6807
konuştuğu	8	6808
konuşulan	8	6809
konuşurken	8	6810
korunmak	8	6811
koruyucu	8	6812
koyduk	8	6813
kullanacak	8	6814
kullanıma	8	6815
kurumlara	8	6816
kutluyor	8	6817
kültürüne	8	6818
kıyıya	8	6819
liman	8	6820
limiti	8	6821
lisansını	8	6822
listesine	8	6823
maaşına	8	6824
maaşını	8	6825
maksimum	8	6826
maliyetlerini	8	6827
mekan	8	6828
memleketi	8	6829
merkezlerinden	8	6830
mevkiinde	8	6831
meşru	8	6832
modelleri	8	6833
motivasyon	8	6834
mutluyuz	8	6835
mücadelemiz	8	6836
mücadelemizi	8	6837
mühimmat	8	6838
müracaat	8	6839
mıdır	8	6840
nde	8	6841
nedenleri	8	6842
nesillere	8	6843
nitelendirdi	8	6844
noktalar	8	6845
nüfusun	8	6846
odak	8	6847
oksijen	8	6848
okulun	8	6849
olabilmesi	8	6850
olacağının	8	6851
olalım	8	6852
olaylarla	8	6853
olduğunuz	8	6854
olmaksızın	8	6855
olmasıdır	8	6856
olmasından	8	6857
olmasının	8	6858
oluyordu	8	6859
oluşacak	8	6860
oluştuğunu	8	6861
organizasyonu	8	6862
otomobile	8	6863
oturma	8	6864
oynar	8	6865
oyuncularla	8	6866
parası	8	6867
parmak	8	6868
patladı	8	6869
performansıyla	8	6870
peşine	8	6871
piyasasında	8	6872
planladığı	8	6873
platformda	8	6874
politikalarına	8	6875
projelerine	8	6876
projeyi	8	6877
rahatsızlığı	8	6878
rapor	8	6879
reddetti	8	6880
rejimi	8	6881
rengi	8	6882
saatle	8	6883
saatler	8	6884
sahiptirler	8	6885
sanatçısı	8	6886
satmak	8	6887
satılık	8	6888
savrulan	8	6889
saygıyla	8	6890
sağlamaya	8	6891
sağlığa	8	6892
seferber	8	6893
sendika	8	6894
seslenen	8	6895
sesli	8	6896
severler	8	6897
sevgisi	8	6898
sevgisini	8	6899
seçeneği	8	6900
sisteme	8	6901
sivillere	8	6902
sivillerin	8	6903
sonuçlara	8	6904
soruların	8	6905
soykırıma	8	6906
standartlarını	8	6907
sular	8	6908
suyunu	8	6909
söyleyeyim	8	6910
sürdürmek	8	6911
süregelen	8	6912
sürerek	8	6913
sürücüye	8	6914
sıkıntısı	8	6915
sınavında	8	6916
sıralamasında	8	6917
sıçradı	8	6918
tahsil	8	6919
takviye	8	6920
takımdan	8	6921
takımları	8	6922
takımlarından	8	6923
talebini	8	6924
tamamlanacak	8	6925
tamir	8	6926
tanı	8	6927
tarafına	8	6928
tarihindeki	8	6929
tat	8	6930
tatilinin	8	6931
tavan	8	6932
tavuk	8	6933
taşımak	8	6934
taşın	8	6935
tedbirler	8	6936
tedirgin	8	6937
teklifin	8	6938
tepkilere	8	6939
tepkisini	8	6940
tereyağı	8	6941
teşebbüs	8	6942
ticareti	8	6943
topraklarda	8	6944
turistlerin	8	6945
tutarında	8	6946
tutuklama	8	6947
tutuyor	8	6948
ulaştırılması	8	6949
ulaşımı	8	6950
uygulanması	8	6951
uygulanmaya	8	6952
uygulanıyor	8	6953
vatandaşımız	8	6954
veliler	8	6955
verdiklerini	8	6956
vereceği	8	6957
verelim	8	6958
verilmedi	8	6959
verimliliğini	8	6960
verisi	8	6961
vermediği	8	6962
vurulan	8	6963
vurularak	8	6964
yakalama	8	6965
yakınında	8	6966
yanımızda	8	6967
yapabilir	8	6968
yapanlar	8	6969
yapmıştı	8	6970
yapılırken	8	6971
yapısına	8	6972
yapısını	8	6973
yaraladı	8	6974
yaralanırken	8	6975
yarattığı	8	6976
yargılandığı	8	6977
yarışmacı	8	6978
yayılması	8	6979
yazan	8	6980
yazdığı	8	6981
yağdırdı	8	6982
yaşamak	8	6983
yaşamında	8	6984
yaşananları	8	6985
yaşanırken	8	6986
yaşına	8	6987
yediği	8	6988
yemekler	8	6989
yemin	8	6990
yenerek	8	6991
yerlerine	8	6992
yerleşik	8	6993
yetkilisi	8	6994
yitiren	8	6995
yoksun	8	6996
yollar	8	6997
yumuşama	8	6998
yönden	8	6999
yönettiği	8	7000
yüksektir	8	7001
yükseldiği	8	7002
yükseltti	8	7003
yıkıcı	8	7004
yıkıma	8	7005
zinciri	8	7006
ziyaretleri	8	7007
ziyaretçilere	8	7008
zorlukların	8	7009
zorunluluğu	8	7010
çankırı	8	7011
çağlar	8	7012
çağlayan	8	7013
çin'de	8	7014
özçelik	8	7015
ülker	8	7016
çatışmada	8	7017
çatışmaya	8	7018
çekerken	8	7019
çekim	8	7020
çekmişti	8	7021
çevresi	8	7022
çikolata	8	7023
çorba	8	7024
çıkacağını	8	7025
çıkacağız	8	7026
çıkmıştır	8	7027
öldürdü	8	7028
öldürüldü	8	7029
öldürüldüğü	8	7030
öncesine	8	7031
öneriyor	8	7032
öngörüyor	8	7033
özelinde	8	7034
özelliğini	8	7035
ülkelerdeki	8	7036
ülkelerinden	8	7037
ülkelerle	8	7038
üretmeye	8	7039
ilhami	8	7040
ismet	8	7041
israil'i	8	7042
şahan	8	7043
şampiyonası'nda	8	7044
şener	8	7045
şeridi'ndeki	8	7046
şanlı	8	7047
şerit	8	7048
şiddeti	8	7049
şiddetini	8	7050
albay	8	7051
aşık	8	7052
diyetisyen	8	7053
kararda	8	7054
mahir	8	7055
memleket	8	7056
müslümanlar	8	7057
peygamber	8	7058
sanatları	8	7059
seda	8	7060
toplantının	8	7061
yerleştirme	8	7062
ablası	8	7063
alay	8	7064
aniden	8	7065
art	8	7066
asil	8	7067
ateşi	8	7068
aydan	8	7069
ağabey	8	7070
ağı	8	7071
basının	8	7072
başkanlığını	8	7073
blok	8	7074
bronz	8	7075
bunlarla	8	7076
bölgemizin	8	7077
cerrahi	8	7078
cesedin	8	7079
denizin	8	7080
duruşmaya	8	7081
elma	8	7082
evinden	8	7083
faizi	8	7084
feci	8	7085
gayri	8	7086
geçmişten	8	7087
gördüğümüz	8	7088
görüntülerin	8	7089
görüşü	8	7090
halkımızın	8	7091
hasat	8	7092
hedefe	8	7093
hocası	8	7094
ihaleye	8	7095
kalbi	8	7096
kalkan	8	7097
kapıyı	8	7098
karaciğer	8	7099
kazan	8	7100
kilit	8	7101
kızım	8	7102
li	8	7103
makarna	8	7104
markette	8	7105
meme	8	7106
merhamet	8	7107
müşteki	8	7108
ol	8	7109
partisinden	8	7110
polisler	8	7111
politikalar	8	7112
pozisyonu	8	7113
radikal	8	7114
rakibine	8	7115
robot	8	7116
savunmaya	8	7117
selam	8	7118
senden	8	7119
sitenin	8	7120
soruldu	8	7121
taksi	8	7122
taraflar	8	7123
taraftarı	8	7124
tekstil	8	7125
temsilcimiz	8	7126
uygulamalı	8	7127
vakıf	8	7128
vatandaşlarımızı	8	7129
vefatının	8	7130
viral	8	7131
yaşa	8	7132
yöresel	8	7133
yılbaşından	8	7134
ödemiş	8	7135
ölçme	8	7136
çiftçilere	8	7137
ölümle	8	7138
üretimden	8	7139
ihbarla	8	7140
ikilinin	8	7141
ısınma	8	7142
şerbeti	8	7143
şoke	8	7144
şüphelilerden	8	7145
alevler	8	7146
açıkçası	8	7147
barajı	8	7148
boyun	8	7149
devletleri	8	7150
erbaş	8	7151
haberleşme	8	7152
kaptan	8	7153
milliyetçi	8	7154
portakal	8	7155
sanırım	8	7156
simge	8	7157
tamam	8	7158
topluluğu	8	7159
ultra	8	7160
varlıklarını	8	7161
apartman	8	7162
araştırmacılar	8	7163
aşağıda	8	7164
borçlanma	8	7165
davaya	8	7166
dünkü	8	7167
enfeksiyon	8	7168
gösteri	8	7169
kurumuna	8	7170
köfte	8	7171
ligdeki	8	7172
matematik	8	7173
medyanın	8	7174
mirası	8	7175
muhalefetin	8	7176
mutfakta	8	7177
mühendislik	8	7178
nikah	8	7179
operasyonun	8	7180
oyunculuk	8	7181
sayan	8	7182
sporcular	8	7183
terim	8	7184
uygulamada	8	7185
uçan	8	7186
yapılmasına	8	7187
yarış	8	7188
yönetmenliğini	8	7189
öğretmenlik	8	7190
belgesel	8	7191
buz	8	7192
endeks	8	7193
gaziler	8	7194
gözde	8	7195
hakikaten	8	7196
hepimizi	8	7197
ışıklı	8	7198
kuşların	8	7199
liderler	8	7200
neyse	8	7201
tofaş	8	7202
yaralılardan	8	7203
yürütme	8	7204
ziyaretin	8	7205
infaz	8	7206
çakar	8	7207
önleme	8	7208
abb	7	7209
anka	7	7210
acar	7	7211
adana'nın	7	7212
ahmed	7	7213
akalın	7	7214
akbaş	7	7215
akıncı	7	7216
alkan	7	7217
aras	7	7218
arjantinli	7	7219
arnavutköy	7	7220
ateş'in	7	7221
avrupalı	7	7222
aydemir	7	7223
aysel	7	7224
aytekin	7	7225
azerbaycan'ın	7	7226
aöf	7	7227
bae	7	7228
brıcs	7	7229
babacan	7	7230
bakanlıktan	7	7231
bakanlığınca	7	7232
barbaros	7	7233
barosu	7	7234
batshuayi	7	7235
batuhan	7	7236
bayern	7	7237
başakşehir	7	7238
bekir	7	7239
beko	7	7240
brent	7	7241
buca	7	7242
bölgesi'nde	7	7243
caddesi'ndeki	7	7244
cumhurbaşkanımızın	7	7245
cüneyt	7	7246
dalı	7	7247
demirel	7	7248
edremit	7	7249
efes	7	7250
egemenlik	7	7251
erdoğan'dan	7	7252
erdoğan'ı	7	7253
esed	7	7254
eyüpspor	7	7255
fetö'nün	7	7256
fazıl	7	7257
fen	7	7258
fenerbahçe'de	7	7259
ferhat	7	7260
fethiye	7	7261
fethullah	7	7262
fetullah	7	7263
filenin	7	7264
galatasaraylı	7	7265
gaziantep'in	7	7266
goncalar	7	7267
grand	7	7268
gökçe	7	7269
güler'in	7	7270
güngör	7	7271
günü'nde	7	7272
haniye'nin	7	7273
hatayspor	7	7274
hülya	7	7275
ıng	7	7276
karaca	7	7277
karadeniz'in	7	7278
koç'un	7	7279
kurt	7	7280
kurulu'nun	7	7281
körfezi	7	7282
kübra	7	7283
kütahya	7	7284
kılıç'ın	7	7285
ligi'nin	7	7286
mke	7	7287
meclis'te	7	7288
meloni	7	7289
memişoğlu	7	7290
merih	7	7291
moskova	7	7292
musk'ın	7	7293
müge	7	7294
müslümanların	7	7295
nara	7	7296
netflix	7	7297
noel	7	7298
nur	7	7299
oba	7	7300
oscar	7	7301
oysa	7	7302
oğuzhan	7	7303
pm	7	7304
palandöken	7	7305
parklar	7	7306
peskov	7	7307
plus	7	7308
poyraz	7	7309
pınar	7	7310
rize	7	7311
rıza	7	7312
saint	7	7313
sarıkamış	7	7314
sedat	7	7315
seferihisar	7	7316
sevgililer	7	7317
sezai	7	7318
sezgin	7	7319
sinop	7	7320
st	7	7321
sur	7	7322
sönmez	7	7323
tusaş	7	7324
trump'ı	7	7325
türkoğlu	7	7326
unesco	7	7327
unrwa	7	7328
ukrayna'nın	7	7329
valilikten	7	7330
volkan	7	7331
yahudiler	7	7332
yengeç	7	7333
z	7	7334
adımlarla	7	7335
agresif	7	7336
ailelerine	7	7337
akciğer	7	7338
akraba	7	7339
aksamalar	7	7340
alabilecek	7	7341
alabilmek	7	7342
alanlarını	7	7343
alanının	7	7344
aldıktan	7	7345
alevlere	7	7346
almadığını	7	7347
almaktadır	7	7348
altta	7	7349
altyapısı	7	7350
altından	7	7351
alçak	7	7352
alınmasının	7	7353
amaçla	7	7354
ameliyatı	7	7355
anki	7	7356
anlatarak	7	7357
anlayışla	7	7358
anlayışıyla	7	7359
anısına	7	7360
anıyorum	7	7361
aracıyla	7	7362
aralıklarla	7	7363
arasındadır	7	7364
arazide	7	7365
araziye	7	7366
araçlarını	7	7367
arkadaşımız	7	7368
arkadaşının	7	7369
arkası	7	7370
artırdığını	7	7371
artışları	7	7372
arzusunu	7	7373
arzı	7	7374
asistlik	7	7375
attığını	7	7376
atıfta	7	7377
avantajı	7	7378
aydınlık	7	7379
ayrılması	7	7380
ayrımcılık	7	7381
azaldığını	7	7382
azaltmaya	7	7383
azalırken	7	7384
açma	7	7385
açması	7	7386
açtığını	7	7387
açıklamasının	7	7388
açıldığı	7	7389
açıldığını	7	7390
açılmış	7	7391
babanın	7	7392
bahseden	7	7393
bahsetti	7	7394
bahçe	7	7395
balistik	7	7396
bankalarının	7	7397
banyo	7	7398
barındıran	7	7399
baskını	7	7400
bastı	7	7401
batısındaki	7	7402
bazlı	7	7403
bağlantısı	7	7404
başarının	7	7405
başarısı	7	7406
başarısız	7	7407
başarıyı	7	7408
başkanlığa	7	7409
başladılar	7	7410
başladım	7	7411
başlamıştı	7	7412
başıboş	7	7413
bedelini	7	7414
beklendiğini	7	7415
belirledik	7	7416
belirlenecek	7	7417
belirleyecek	7	7418
belirleyici	7	7419
belirtirken	7	7420
binaları	7	7421
binaya	7	7422
binde	7	7423
binek	7	7424
birey	7	7425
birliğini	7	7426
birçoğu	7	7427
bitecek	7	7428
bonservis	7	7429
borçlarını	7	7430
boyutu	7	7431
boyutunu	7	7432
bularak	7	7433
buradayız	7	7434
bölgeden	7	7435
bölgeleri	7	7436
bölgesinden	7	7437
bölgesinin	7	7438
bölücü	7	7439
bölümde	7	7440
bırakıp	7	7441
bıçak	7	7442
caminin	7	7443
cenazeleri	7	7444
cevabı	7	7445
ciddiye	7	7446
cihazların	7	7447
cildin	7	7448
coşku	7	7449
dakikasında	7	7450
damar	7	7451
dana	7	7452
dayanarak	7	7453
dekar	7	7454
delalet	7	7455
denetimlerin	7	7456
dengesi	7	7457
denizde	7	7458
dese	7	7459
destekle	7	7460
desteklerini	7	7461
destekçisi	7	7462
deyince	7	7463
değerlendirildiğini	7	7464
değerlendirmesi	7	7465
değişik	7	7466
değişiklikleri	7	7467
değişikliğinin	7	7468
değiştirdi	7	7469
dik	7	7470
dikiş	7	7471
dirençli	7	7472
doku	7	7473
domates	7	7474
doğumlu	7	7475
dualar	7	7476
durdu	7	7477
durmadan	7	7478
duruyor	7	7479
duyguları	7	7480
duyuran	7	7481
dönecek	7	7482
dönemdeki	7	7483
döner	7	7484
dönme	7	7485
dönmek	7	7486
düşerken	7	7487
düşürmek	7	7488
düşüşle	7	7489
edebilirler	7	7490
edenlere	7	7491
edilebilecek	7	7492
edilip	7	7493
ehliyet	7	7494
ekolojik	7	7495
eksiksiz	7	7496
eleştirerek	7	7497
eli	7	7498
elindeki	7	7499
elverişli	7	7500
enerjik	7	7501
enflasyona	7	7502
engeli	7	7503
engellemek	7	7504
erkeğin	7	7505
etap	7	7506
etapta	7	7507
etkinliklerin	7	7508
etkinliğin	7	7509
etkinliğinde	7	7510
etmesiyle	7	7511
etmeyeceğiz	7	7512
etmiştir	7	7513
etnik	7	7514
evrensel	7	7515
eşyaları	7	7516
faizsiz	7	7517
faktörler	7	7518
farkındayız	7	7519
fatura	7	7520
fay	7	7521
faydası	7	7522
firmaların	7	7523
fiyatlı	7	7524
fiziki	7	7525
formül	7	7526
forvet	7	7527
fotoğraflarını	7	7528
gayreti	7	7529
gazetecinin	7	7530
geldikten	7	7531
geldiler	7	7532
gelişmelerle	7	7533
gelişmesi	7	7534
geliştirmek	7	7535
gerekse	7	7536
gerektiren	7	7537
gereğince	7	7538
gerçekleştirecek	7	7539
gerçekleştirerek	7	7540
gerçekleştirilmesi	7	7541
getirdik	7	7542
getiri	7	7543
getirildiğini	7	7544
getirir	7	7545
geçip	7	7546
geçirecek	7	7547
geçirmesi	7	7548
gibidir	7	7549
gideceğini	7	7550
giderilmesi	7	7551
girişimci	7	7552
golcüsü	7	7553
gri	7	7554
gönderildiği	7	7555
göreceğiz	7	7556
görevde	7	7557
görevlerine	7	7558
görevlerini	7	7559
görmedim	7	7560
görmüştü	7	7561
görülecek	7	7562
görünür	7	7563
görüşmek	7	7564
gösterdikleri	7	7565
gösterdiğini	7	7566
gösterisi	7	7567
götürülen	7	7568
gözle	7	7569
gözlerini	7	7570
göçmenlerin	7	7571
günah	7	7572
günlerden	7	7573
günümüze	7	7574
güvenle	7	7575
güçler	7	7576
güçlerin	7	7577
haberini	7	7578
hafriyat	7	7579
haftayı	7	7580
haliyle	7	7581
harcamalarını	7	7582
hareketle	7	7583
hasadı	7	7584
hasara	7	7585
hasarlı	7	7586
hastalığa	7	7587
hastalığının	7	7588
hastaneler	7	7589
hastanelerde	7	7590
hastaneleri	7	7591
hataları	7	7592
hattından	7	7593
hattını	7	7594
hatırlattı	7	7595
hayatınızdaki	7	7596
hazırlama	7	7597
hazırlıklı	7	7598
hazırlığı	7	7599
hedeflerini	7	7600
hekim	7	7601
hepsini	7	7602
hesaba	7	7603
hesabında	7	7604
hesabını	7	7605
hesaplarından	7	7606
heyecanını	7	7607
hisseden	7	7608
hissi	7	7609
hizmetlerin	7	7610
husus	7	7611
ios	7	7612
idam	7	7613
iddiasına	7	7614
idrak	7	7615
iflas	7	7616
ihbarıyla	7	7617
iktidarda	7	7618
ilaçların	7	7619
ilgilenen	7	7620
ilimizde	7	7621
ilke	7	7622
ilçelerine	7	7623
ilçesinin	7	7624
imkanlar	7	7625
imkanlarıyla	7	7626
imzalandı	7	7627
inandığını	7	7628
incelemenin	7	7629
indirimine	7	7630
indirimleri	7	7631
istatistikleri	7	7632
isteriz	7	7633
isteyenlerin	7	7634
istikrarın	7	7635
izlemek	7	7636
içecek	7	7637
işlevi	7	7638
işleyen	7	7639
kadarki	7	7640
kafasına	7	7641
kafaya	7	7642
kahvaltı	7	7643
kalitesinin	7	7644
kalmaz	7	7645
kamusal	7	7646
kanalına	7	7647
kanuna	7	7648
kapasite	7	7649
kapsamındaki	7	7650
karakterleri	7	7651
kararından	7	7652
kardeşlerimizin	7	7653
karpuz	7	7654
karşılaşan	7	7655
kategorisinde	7	7656
katkısı	7	7657
kattı	7	7658
katılması	7	7659
katındaki	7	7660
kaybetmişti	7	7661
kaybolduğu	7	7662
kaynaklarından	7	7663
kayısı	7	7664
kazandıran	7	7665
kazandırmak	7	7666
kazanması	7	7667
kendimizi	7	7668
kente	7	7669
kentine	7	7670
kentlerde	7	7671
kesildi	7	7672
kimlerin	7	7673
kimseyi	7	7674
kitlesi	7	7675
kitlesine	7	7676
kod	7	7677
koku	7	7678
kolaylık	7	7679
kolesterol	7	7680
komedi	7	7681
kontrolünün	7	7682
konudaki	7	7683
konumda	7	7684
konusuna	7	7685
konutlar	7	7686
konuğu	7	7687
konuşmalar	7	7688
konuşmasını	7	7689
koordinasyonunda	7	7690
koordineli	7	7691
koyuyor	7	7692
kozlarını	7	7693
kullandığını	7	7694
kullanılmış	7	7695
kullanırken	7	7696
kulübümüze	7	7697
kurtulmak	7	7698
kurulda	7	7699
kurumlarının	7	7700
kurup	7	7701
kusma	7	7702
kutlandı	7	7703
kutlayan	7	7704
kutluyorum	7	7705
kuzeyine	7	7706
kötüye	7	7707
kırık	7	7708
kıyma	7	7709
lige	7	7710
liranın	7	7711
listesini	7	7712
maddeden	7	7713
mahkemede	7	7714
makamları	7	7715
makamında	7	7716
mantar	7	7717
manzara	7	7718
masum	7	7719
maçlarını	7	7720
mecliste	7	7721
mekanda	7	7722
mekanizması	7	7723
memnuniyetini	7	7724
men	7	7725
merkezleri	7	7726
mesleğini	7	7727
mezunu	7	7728
milyarlarca	7	7729
muaf	7	7730
müdahalede	7	7731
müdahalesine	7	7732
müdahaleyi	7	7733
müthiş	7	7734
müziğin	7	7735
nda	7	7736
nedenlerle	7	7737
nezdinde	7	7738
niyetli	7	7739
noktadan	7	7740
numara	7	7741
okullarının	7	7742
okumak	7	7743
olabilecek	7	7744
olabilirsiniz	7	7745
olacağım	7	7746
olamaz	7	7747
olmaktadır	7	7748
olmasa	7	7749
olmasın	7	7750
olmayacağı	7	7751
olsaydı	7	7752
olumsuzluklara	7	7753
olurdu	7	7754
oluşturduğunu	7	7755
omuz	7	7756
onayı	7	7757
operasyonunda	7	7758
otobüsün	7	7759
oyuncularından	7	7760
paraları	7	7761
paralel	7	7762
partileri	7	7763
pas	7	7764
patlaması	7	7765
paylaşarak	7	7766
personeline	7	7767
pic	7	7768
planlar	7	7769
planlıyor	7	7770
planının	7	7771
platformlarda	7	7772
prestijli	7	7773
projeleriyle	7	7774
propagandası	7	7775
pus	7	7776
rahatlatıcı	7	7777
rakamı	7	7778
raporunu	7	7779
refahı	7	7780
rehinelerin	7	7781
rekoru	7	7782
rekorunu	7	7783
revize	7	7784
riskinin	7	7785
riskler	7	7786
sakatlığı	7	7787
saldırdı	7	7788
saldırılarının	7	7789
salonun	7	7790
sayfa	7	7791
sayının	7	7792
sayısız	7	7793
sağlayacaktır	7	7794
sağlayacağını	7	7795
sektöre	7	7796
sembol	7	7797
setinde	7	7798
sevgilisi	7	7799
seviyeleri	7	7800
seviyelerini	7	7801
seviyesinden	7	7802
seyrediyor	7	7803
seyyanen	7	7804
seyyar	7	7805
seçenekler	7	7806
seçenekleriyle	7	7807
silahlar	7	7808
sivilleri	7	7809
siyasette	7	7810
skor	7	7811
skorer	7	7812
sokaklarda	7	7813
soluk	7	7814
sonunu	7	7815
sorulan	7	7816
sorunsuz	7	7817
sorununa	7	7818
soykırımı	7	7819
sporcuların	7	7820
suda	7	7821
sunduğunu	7	7822
sunum	7	7823
suçlanan	7	7824
suçlardan	7	7825
söylemesi	7	7826
söyleniyor	7	7827
söylerken	7	7828
sözleriyle	7	7829
sürdürürken	7	7830
süreliğine	7	7831
süreçlerinin	7	7832
sınıfı	7	7833
sınırında	7	7834
sınırındaki	7	7835
sıradan	7	7836
sıralarda	7	7837
tahminlerini	7	7838
takası	7	7839
takibe	7	7840
takvimine	7	7841
takımların	7	7842
tanıttı	7	7843
taraftarlarının	7	7844
tarafındaki	7	7845
tartışmaların	7	7846
tasarrufu	7	7847
tedavisine	7	7848
tehditler	7	7849
teklifinin	7	7850
teklifler	7	7851
tekrardan	7	7852
telefonları	7	7853
temasları	7	7854
temelinde	7	7855
teminat	7	7856
teorik	7	7857
tercihleri	7	7858
tersine	7	7859
teröristi	7	7860
testleri	7	7861
toplamaya	7	7862
toplanarak	7	7863
toplandı	7	7864
toplantısının	7	7865
toplayan	7	7866
topraklarında	7	7867
turuna	7	7868
tutarları	7	7869
türler	7	7870
ulaşmış	7	7871
ulaştık	7	7872
umudu	7	7873
usulü	7	7874
utanç	7	7875
uyarılarda	7	7876
uygulamaların	7	7877
uygulamalarının	7	7878
uygulamasına	7	7879
uyumu	7	7880
uzunluğunda	7	7881
uçakları	7	7882
vade	7	7883
vahim	7	7884
varil	7	7885
verenler	7	7886
verilmişti	7	7887
verirse	7	7888
vesilesiyle	7	7889
yakalamak	7	7890
yakalayarak	7	7891
yaklaşımı	7	7892
yakını	7	7893
yakınındaki	7	7894
yansıması	7	7895
yapabileceğini	7	7896
yapacaklarını	7	7897
yapalım	7	7898
yapmaktadır	7	7899
yapıları	7	7900
yapılmalı	7	7901
yara	7	7902
yaralının	7	7903
yararlanmak	7	7904
yararlı	7	7905
yarısını	7	7906
yarıya	7	7907
yarışmasında	7	7908
yas	7	7909
yatırımı	7	7910
yayınında	7	7911
yazarak	7	7912
yazdırdı	7	7913
yazılan	7	7914
yaşadıkları	7	7915
yaşarken	7	7916
yaşatan	7	7917
yaşatmak	7	7918
yaşattı	7	7919
yaşayacak	7	7920
yeme	7	7921
yendi	7	7922
yetim	7	7923
yetişkin	7	7924
yetkililerden	7	7925
yetkililerin	7	7926
yineledi	7	7927
yiyecekler	7	7928
yorumunu	7	7929
yönetme	7	7930
yükseldiğini	7	7931
yükselerek	7	7932
yükünü	7	7933
yürütülecek	7	7934
yüzyılın	7	7935
yıkıldı	7	7936
zararlar	7	7937
zarfında	7	7938
zemine	7	7939
zorundayız	7	7940
çavuşoğlu	7	7941
özcan'ın	7	7942
çalıştıkları	7	7943
çalıştıklarını	7	7944
çalıştılar	7	7945
çapındaki	7	7946
çarptırıldı	7	7947
çarpışması	7	7948
çağrısına	7	7949
çekecek	7	7950
çevirdi	7	7951
çifti	7	7952
çocuğunu	7	7953
çocuğunun	7	7954
çöktü	7	7955
çözecek	7	7956
çıkacağı	7	7957
çıkarıyor	7	7958
çıkmasına	7	7959
çıktık	7	7960
çıkınca	7	7961
çıkıyoruz	7	7962
ödeyecek	7	7963
öldürmeye	7	7964
önemliydi	7	7965
öneriler	7	7966
özgün	7	7967
özgüven	7	7968
öğleden	7	7969
öğrencilerine	7	7970
öğrenilemeyen	7	7971
ülkesi	7	7972
üretimini	7	7973
üretiyor	7	7974
ürünlerinde	7	7975
üstesinden	7	7976
üvey	7	7977
üyelerin	7	7978
igfa	7	7979
inci	7	7980
inönü	7	7981
ipek	7	7982
ispanyol	7	7983
şam	7	7984
şanlıurfa'nın	7	7985
şahsen	7	7986
şaşırttı	7	7987
şehirleri	7	7988
şehrindeki	7	7989
şeye	7	7990
şifalar	7	7991
şikayetleri	7	7992
şirketinin	7	7993
şirketlerinin	7	7994
şüphesiz	7	7995
açılışta	7	7996
bakanımız	7	7997
benzin	7	7998
bilimleri	7	7999
canik	7	8000
cumhuriyetin	7	8001
dezenformasyonla	7	8002
fuarı	7	8003
hikmet	7	8004
manavgat	7	8005
max	7	8006
narkotik	7	8007
rektör	7	8008
vadisi	7	8009
yönetmeni	7	8010
adresi	7	8011
aktivite	7	8012
amaç	7	8013
annenin	7	8014
aradan	7	8015
arıza	7	8016
babasına	7	8017
bakır	7	8018
bugünden	7	8019
buradayım	7	8020
camiye	7	8021
cildi	7	8022
demokrasinin	7	8023
deri	7	8024
dinlenme	7	8025
dosya	7	8026
dumandan	7	8027
eleştiri	7	8028
fabrika	7	8029
garip	7	8030
gizlilik	7	8031
gözyaşları	7	8032
gıdalar	7	8033
haberin	7	8034
halkımıza	7	8035
imalat	7	8036
imkansız	7	8037
kaçakçılık	7	8038
kek	7	8039
kendinize	7	8040
kimisi	7	8041
kupaya	7	8042
kural	7	8043
kurs	7	8044
mekanı	7	8045
merkezde	7	8046
misyonu	7	8047
muhakkak	7	8048
mühendis	7	8049
müşteriler	7	8050
odağında	7	8051
onaylı	7	8052
paket	7	8053
pil	7	8054
piyasalar	7	8055
sakatlıkları	7	8056
salon	7	8057
semt	7	8058
seçilmiş	7	8059
sit	7	8060
sizden	7	8061
sondaj	7	8062
susuz	7	8063
sırt	7	8064
taraftar	7	8065
tartışmalar	7	8066
tatilin	7	8067
tağşiş	7	8068
taşınmaz	7	8069
tütün	7	8070
vakfın	7	8071
vücutta	7	8072
yangından	7	8073
yeterlilik	7	8074
yürüyüşü	7	8075
zincir	7	8076
zirai	7	8077
çevik	7	8078
çelenk	7	8079
çetesi	7	8080
üretimin	7	8081
üretken	7	8082
üçlü	7	8083
idareler	7	8084
ı	7	8085
şehitleri	7	8086
şeffaflık	7	8087
bizlerin	7	8088
boğazı	7	8089
ciro	7	8090
damla	7	8091
futbolda	7	8092
halkların	7	8093
hocamızın	7	8094
klinik	7	8095
korosu	7	8096
kral	7	8097
kulüpler	7	8098
mimarlık	7	8099
otonom	7	8100
oya	7	8101
plajı	7	8102
radyo	7	8103
roman	7	8104
teleferik	7	8105
tokat	7	8106
traktör	7	8107
villa	7	8108
ailem	7	8109
ayet	7	8110
brüt	7	8111
bugünlerde	7	8112
bölümünden	7	8113
dede	7	8114
dul	7	8115
evcil	7	8116
irade	7	8117
istinaf	7	8118
kimya	7	8119
kiraz	7	8120
koordinatörü	7	8121
kreş	7	8122
köpeklerin	7	8123
köylüler	7	8124
lisede	7	8125
marketler	7	8126
mayısta	7	8127
müziği	7	8128
okulda	7	8129
oto	7	8130
partililer	7	8131
pazarda	7	8132
red	7	8133
senedi	7	8134
sporun	7	8135
takımlar	7	8136
tan	7	8137
tanıma	7	8138
tarlada	7	8139
treni	7	8140
turnuvada	7	8141
veteriner	7	8142
virüs	7	8143
yat	7	8144
çalışkan	7	8145
çam	7	8146
şeridi	7	8147
şoför	7	8148
ap	6	8149
aselsan	6	8150
abdülkerim	6	8151
akkaya	6	8152
akman	6	8153
akrep	6	8154
aksoy	6	8155
aktürk	6	8156
albayrak	6	8157
alevi	6	8158
alex	6	8159
almanya'ya	6	8160
alperen	6	8161
ankara'yı	6	8162
anonim	6	8163
antalyaspor	6	8164
asiye	6	8165
atatürk'ü	6	8166
ataşehir	6	8167
atletizm	6	8168
ayvacık	6	8169
aöl	6	8170
bddk	6	8171
bmw	6	8172
bağdat	6	8173
başiskele	6	8174
belediyesi'ne	6	8175
belçika	6	8176
boeing	6	8177
burhan	6	8178
büyükekşi	6	8179
büyükelçiliği	6	8180
büyükkılıç	6	8181
büyükçekmece	6	8182
carlo	6	8183
cenk	6	8184
ceyhan	6	8185
corendon	6	8186
cumhuriyet'in	6	8187
dkmp	6	8188
dna	6	8189
defne	6	8190
demirci	6	8191
denizi	6	8192
donetsk	6	8193
doğu'daki	6	8194
dries	6	8195
durak	6	8196
durul	6	8197
dusan	6	8198
dündar	6	8199
ecevit	6	8200
eda	6	8201
eray	6	8202
ereğli	6	8203
esat	6	8204
f	6	8205
fatih'te	6	8206
fransa'da	6	8207
gsyh	6	8208
gta	6	8209
galaxy	6	8210
gazimağusa	6	8211
gazzeli	6	8212
gizem	6	8213
gökçek	6	8214
halep	6	8215
haliç	6	8216
hanım	6	8217
hatay'ın	6	8218
hatice	6	8219
ıcardi'nin	6	8220
ıntel	6	8221
ısparta	6	8222
japonya'nın	6	8223
koah	6	8224
kahramankazan	6	8225
kamala	6	8226
kandilli	6	8227
kanunu'na	6	8228
kastamonu	6	8229
kavşağı'nda	6	8230
king	6	8231
komisyonu'nda	6	8232
komutanlığına	6	8233
kotan	6	8234
kremlin	6	8235
kur'an	6	8236
kuran'da	6	8237
kurulu'nda	6	8238
kurumu'nun	6	8239
kuveyt	6	8240
köprüsü	6	8241
külliyesi'nde	6	8242
kürtçe	6	8243
kırgızistan	6	8244
led	6	8245
lgbt	6	8246
leyla	6	8247
ligi'ne	6	8248
loto	6	8249
lyon	6	8250
mhp'nin	6	8251
macaristan	6	8252
mahkemesi'nin	6	8253
manisa'da	6	8254
martin	6	8255
meksika	6	8256
melisa	6	8257
microsoft	6	8258
mike	6	8259
müdürlüğü'nde	6	8260
mühendisleri	6	8261
naim	6	8262
norveç	6	8263
numan	6	8264
nvidia	6	8265
papa	6	8266
pentagon	6	8267
refah'a	6	8268
rektörü	6	8269
rıdvan	6	8270
spk	6	8271
sabiha	6	8272
safranbolu	6	8273
samsung	6	8274
sanatlar	6	8275
scholz	6	8276
sednaya	6	8277
selin	6	8278
sergen	6	8279
sinem	6	8280
sivas'ta	6	8281
soyer	6	8282
sports	6	8283
sultanları	6	8284
sırbistan	6	8285
tem	6	8286
tsk	6	8287
tahran	6	8288
tahsin	6	8289
takımı'nın	6	8290
tavşantepe	6	8291
tayfun	6	8292
toplantısı'nın	6	8293
tottenham	6	8294
trakya	6	8295
tuba	6	8296
tuncer	6	8297
töre	6	8298
tüpraş	6	8299
veysi	6	8300
washington	6	8301
yarışmaya	6	8302
yay	6	8303
yeşilay	6	8304
yeşilçam'ın	6	8305
yunanistan'ın	6	8306
acılı	6	8307
adalete	6	8308
adapte	6	8309
adaylığını	6	8310
adında	6	8311
ailelerinin	6	8312
akabinde	6	8313
akan	6	8314
akla	6	8315
aklama	6	8316
aklıma	6	8317
aksiyon	6	8318
akıcı	6	8319
alanını	6	8320
aldılar	6	8321
aldığında	6	8322
aleminin	6	8323
almasını	6	8324
almaz	6	8325
altyapısını	6	8326
alınmaya	6	8327
alınmış	6	8328
alınıp	6	8329
alıyorlar	6	8330
alışkanlıkları	6	8331
alışkanlığı	6	8332
amacının	6	8333
amaçlanıyor	6	8334
ameliyata	6	8335
anlamıyla	6	8336
anlara	6	8337
anlattım	6	8338
anlatır	6	8339
anlayışını	6	8340
anlaşmazlık	6	8341
anlaşıldı	6	8342
annesini	6	8343
antrenmanla	6	8344
anıldı	6	8345
anız	6	8346
apartmanda	6	8347
arabanın	6	8348
aracılık	6	8349
aradığını	6	8350
aramada	6	8351
aramaya	6	8352
aranıyor	6	8353
arayıp	6	8354
arazöz	6	8355
araştırılması	6	8356
araştırıyor	6	8357
ardında	6	8358
arkadaşlarımızın	6	8359
artı	6	8360
artırmaya	6	8361
asistle	6	8362
askerinin	6	8363
askerlerinin	6	8364
astronotu	6	8365
atıkları	6	8366
atılması	6	8367
avuç	6	8368
ayağına	6	8369
ayağında	6	8370
aylar	6	8371
aylardır	6	8372
ayrıldığı	6	8373
ayrıldığını	6	8374
ayıran	6	8375
aza	6	8376
açacak	6	8377
açarak	6	8378
açıklanmasının	6	8379
açıklanmıştı	6	8380
açılacak	6	8381
açılışına	6	8382
açısı	6	8383
ağabeyi	6	8384
ağırladı	6	8385
aşamasındaki	6	8386
aşarak	6	8387
aşmak	6	8388
aşılama	6	8389
bahis	6	8390
bahsediyoruz	6	8391
bakarak	6	8392
bakmak	6	8393
bakımdan	6	8394
bakıyor	6	8395
balon	6	8396
bankalara	6	8397
basamak	6	8398
baskısı	6	8399
baskısıyla	6	8400
basıncı	6	8401
basınç	6	8402
batısında	6	8403
bağları	6	8404
bağı	6	8405
bağımlılık	6	8406
bağırsak	6	8407
başarılarla	6	8408
başarıları	6	8409
başkalarının	6	8410
başkanının	6	8411
başlama	6	8412
başlamak	6	8413
başlatıldığını	6	8414
başlayacağını	6	8415
başlığıyla	6	8416
bebekleri	6	8417
bebeğe	6	8418
bebeği	6	8419
bedava	6	8420
bedel	6	8421
bedelli	6	8422
bedenine	6	8423
bedenini	6	8424
beklentiler	6	8425
belediyede	6	8426
belediyelere	6	8427
belirleme	6	8428
belirsizlik	6	8429
belirsizlikler	6	8430
belirtiler	6	8431
belirtmek	6	8432
beğenisine	6	8433
bildiği	6	8434
bilgilerin	6	8435
bilgiyi	6	8436
bilmiyoruz	6	8437
birilerinin	6	8438
birimlerinin	6	8439
birisinin	6	8440
birliklerinin	6	8441
bitiren	6	8442
bitkiler	6	8443
bolluk	6	8444
bombalar	6	8445
borçları	6	8446
bozacak	6	8447
bozuk	6	8448
branşlarda	6	8449
bugünlere	6	8450
bugünün	6	8451
bulabilirsiniz	6	8452
bulmakta	6	8453
bulmasını	6	8454
bulunduk	6	8455
bulunmadığını	6	8456
bulunmuş	6	8457
bulunuyordu	6	8458
buluşacak	6	8459
buluşmaya	6	8460
buluşturdu	6	8461
burçlar	6	8462
bölgesini	6	8463
bünyesindeki	6	8464
bütçesinin	6	8465
bütüncül	6	8466
bırakmadı	6	8467
bıraktık	6	8468
camı	6	8469
caydırıcı	6	8470
ciddiyetini	6	8471
cinayetinde	6	8472
cinsiyet	6	8473
coşkusu	6	8474
coşkusunu	6	8475
dalgalanmalar	6	8476
dağıtıldı	6	8477
dediğini	6	8478
demans	6	8479
demiş	6	8480
denetimde	6	8481
denizden	6	8482
deplasman	6	8483
depremlerde	6	8484
dereceyi	6	8485
derinlik	6	8486
derledik	6	8487
dersi	6	8488
destekliyor	6	8489
destekliyoruz	6	8490
desteğin	6	8491
detaylarını	6	8492
devlete	6	8493
devletini	6	8494
devriye	6	8495
değerlendirilen	6	8496
değerlerine	6	8497
değerlerinin	6	8498
değildik	6	8499
değişikliğine	6	8500
değişimin	6	8501
değiştiren	6	8502
dille	6	8503
dinamikleri	6	8504
direktörlük	6	8505
direniş	6	8506
disiplinli	6	8507
diyebiliriz	6	8508
diyenler	6	8509
diğeri	6	8510
doktorlar	6	8511
doğası	6	8512
doğusu	6	8513
drift	6	8514
durabildi	6	8515
durdurmak	6	8516
durumlarında	6	8517
duruş	6	8518
duruşması	6	8519
duş	6	8520
döken	6	8521
dökülen	6	8522
dönüşen	6	8523
dönüşüme	6	8524
düdük	6	8525
dükkan	6	8526
düz	6	8527
düzeyi	6	8528
düşer	6	8529
düşüncelerin	6	8530
düşünmüyorum	6	8531
düşüp	6	8532
düşürdü	6	8533
düşürülmesi	6	8534
dışa	6	8535
edeceğim	6	8536
edenlerin	6	8537
ederiz	6	8538
ederse	6	8539
edersiniz	6	8540
edildikten	6	8541
edilenlerin	6	8542
edindiği	6	8543
ekiplere	6	8544
ekiplerimiz	6	8545
ekipman	6	8546
ekmeği	6	8547
ekonomiyi	6	8548
eleştirileri	6	8549
elleri	6	8550
emeklilerine	6	8551
emri	6	8552
endişelendirdi	6	8553
endişeleri	6	8554
enfeksiyonu	6	8555
enflasyonist	6	8556
engellediği	6	8557
erişime	6	8558
eserleri	6	8559
etiket	6	8560
etkilemeye	6	8561
etkilere	6	8562
etkileyebilir	6	8563
etkileşim	6	8564
etkinliklerde	6	8565
etler	6	8566
etmediğini	6	8567
etmeniz	6	8568
etmesinin	6	8569
etmeyin	6	8570
etmiyoruz	6	8571
etrafındaki	6	8572
ettikten	6	8573
ettiriyor	6	8574
evlenen	6	8575
eğitimine	6	8576
eğitimini	6	8577
faaliyetler	6	8578
faaliyetlere	6	8579
faizleri	6	8580
farklar	6	8581
farklıdır	6	8582
faydalanan	6	8583
fenomen	6	8584
finalde	6	8585
firmalar	6	8586
firmasının	6	8587
fiyatlarındaki	6	8588
fon	6	8589
formayı	6	8590
futbolunun	6	8591
galibiyete	6	8592
geldiklerini	6	8593
geldin	6	8594
geldiğimiz	6	8595
geldiğimizde	6	8596
gelebilecek	6	8597
gelirdi	6	8598
gelire	6	8599
geliyoruz	6	8600
gelişimini	6	8601
gelişmelere	6	8602
gelse	6	8603
gemilerini	6	8604
genci	6	8605
genişleterek	6	8606
gençlerimize	6	8607
gerilimin	6	8608
gerçekleşmesi	6	8609
gerçekleştiriyor	6	8610
gerçekleştiğini	6	8611
gerçeğini	6	8612
getirilerek	6	8613
getirilmiştir	6	8614
getirmesi	6	8615
gezerek	6	8616
geçirildiğini	6	8617
geçiriyor	6	8618
geçmesine	6	8619
girdik	6	8620
giriyoruz	6	8621
girişiminde	6	8622
girme	6	8623
gittikçe	6	8624
giydiği	6	8625
gizemli	6	8626
golsüz	6	8627
golüyle	6	8628
grev	6	8629
grupları	6	8630
gururunu	6	8631
gönderdiği	6	8632
gönülden	6	8633
gördüğüm	6	8634
görecek	6	8635
görevinde	6	8636
görkemli	6	8637
görüldüğünü	6	8638
görüntüyü	6	8639
görüşleri	6	8640
görüşmelerine	6	8641
görüşmesi	6	8642
görüşmesinin	6	8643
görüşünü	6	8644
göstergesidir	6	8645
gösterildi	6	8646
gösteriliyor	6	8647
gösterin	6	8648
göstermişti	6	8649
göstermiştir	6	8650
götürmek	6	8651
gözüküyor	6	8652
gözünü	6	8653
göçük	6	8654
gücümüzle	6	8655
gündemdeki	6	8656
gündemiyle	6	8657
günlerin	6	8658
gününün	6	8659
güveni	6	8660
güvenini	6	8661
güzelliklerini	6	8662
güçlendirmeye	6	8663
hafifçe	6	8664
hakimlikçe	6	8665
halindeyken	6	8666
halinin	6	8667
hamam	6	8668
haritası	6	8669
haritasını	6	8670
hassasiyet	6	8671
hassasiyeti	6	8672
hastaneden	6	8673
hayvanlarının	6	8674
hazırlandı	6	8675
hazırlanmak	6	8676
hazırlanması	6	8677
hedeflerimize	6	8678
hedeflerinin	6	8679
hediyeler	6	8680
hemşire	6	8681
hijyenik	6	8682
his	6	8683
hizmetin	6	8684
hizmetini	6	8685
hiçe	6	8686
hobi	6	8687
hukuku	6	8688
huzuru	6	8689
hücreler	6	8690
hırsız	6	8691
hızını	6	8692
iddialarını	6	8693
ifadesiyle	6	8694
ifşa	6	8695
ihalede	6	8696
ihracatın	6	8697
ihracatında	6	8698
ihtiyaçlar	6	8699
ikisinin	6	8700
iktidarı	6	8701
ilana	6	8702
ilanların	6	8703
ilaçları	6	8704
iletişimi	6	8705
ilkelerine	6	8706
illeri	6	8707
illerinden	6	8708
ilçemizde	6	8709
imzalı	6	8710
inancımız	6	8711
inandıklarını	6	8712
incelemeye	6	8713
indirdi	6	8714
insanca	6	8715
ipuçları	6	8716
ishal	6	8717
isimlerinin	6	8718
istihdamı	6	8719
istismarı	6	8720
istiyorsa	6	8721
iyilik	6	8722
iyimser	6	8723
izini	6	8724
izinsiz	6	8725
izlediği	6	8726
izlenen	6	8727
izleri	6	8728
izlerini	6	8729
izleyiciler	6	8730
izniyle	6	8731
içecekler	6	8732
içerikli	6	8733
içeriye	6	8734
içini	6	8735
iğne	6	8736
işbirliğinin	6	8737
işine	6	8738
işlerden	6	8739
işletmelere	6	8740
iştirak	6	8741
kadim	6	8742
kaldık	6	8743
kaldıracak	6	8744
kaldırma	6	8745
kalmayı	6	8746
kalorili	6	8747
kalıntıları	6	8748
kameraları	6	8749
kampa	6	8750
kampanyasında	6	8751
kamuya	6	8752
kanalında	6	8753
kanaması	6	8754
kapattı	6	8755
kapatılan	6	8756
kapısının	6	8757
kararların	6	8758
kararlılık	6	8759
karıştırarak	6	8760
karşımızda	6	8761
karşıyayız	6	8762
katan	6	8763
katkısını	6	8764
katıldığını	6	8765
katılma	6	8766
katılımcılara	6	8767
kavuştu	6	8768
kaydedilmişti	6	8769
kaynaklara	6	8770
kaynaklarını	6	8771
kaynaklarının	6	8772
kaynağının	6	8773
kayıplar	6	8774
kayıpların	6	8775
kayıtları	6	8776
kazadan	6	8777
kazanacak	6	8778
kazananı	6	8779
kazılarda	6	8780
kaçınmak	6	8781
kelimesinin	6	8782
kenarına	6	8783
kenarındaki	6	8784
kendimize	6	8785
kendisiyle	6	8786
kesen	6	8787
kesiminde	6	8788
kesme	6	8789
kesmek	6	8790
kestane	6	8791
kesti	6	8792
keyfi	6	8793
kg	6	8794
kilosu	6	8795
kiminle	6	8796
kimler	6	8797
kolaylıkla	6	8798
koltuğu	6	8799
konulardan	6	8800
konuşuyoruz	6	8801
korudu	6	8802
korumaya	6	8803
korunmasına	6	8804
korurken	6	8805
koyun	6	8806
koşu	6	8807
koşullar	6	8808
koşullarını	6	8809
krem	6	8810
kullanmayı	6	8811
kullanıcılara	6	8812
kullanıcıya	6	8813
kullanıldığını	6	8814
kullanılmaktadır	6	8815
kurduk	6	8816
kurtuldu	6	8817
kurulmasına	6	8818
kurulmuş	6	8819
kuruluna	6	8820
kurutma	6	8821
kusurlu	6	8822
köpekler	6	8823
köyüne	6	8824
kıl	6	8825
kınıyorum	6	8826
kınıyoruz	6	8827
kıran	6	8828
kırıklığına	6	8829
kısım	6	8830
kısıtlı	6	8831
kıyılarında	6	8832
liderliği	6	8833
listeleri	6	8834
maddelerin	6	8835
makro	6	8836
makul	6	8837
maliyetinin	6	8838
maliyetlerin	6	8839
maliyetli	6	8840
malzemesi	6	8841
manzarası	6	8842
markaların	6	8843
maskeli	6	8844
maçların	6	8845
maçlarında	6	8846
maçtan	6	8847
meclise	6	8848
medyası	6	8849
mensuplarını	6	8850
mesafede	6	8851
mesafesi	6	8852
meyvesi	6	8853
mezar	6	8854
miktarının	6	8855
milletimizi	6	8856
milyonluk	6	8857
mimari	6	8858
mineral	6	8859
minnetle	6	8860
mm	6	8861
modelini	6	8862
modellerini	6	8863
motorin	6	8864
mutabakat	6	8865
mutlak	6	8866
mutluluğu	6	8867
müebbet	6	8868
müjdeli	6	8869
müstakil	6	8870
naaşı	6	8871
nadir	6	8872
namazını	6	8873
nedenlerinden	6	8874
negatif	6	8875
netlik	6	8876
neyi	6	8877
nihayet	6	8878
nitelikte	6	8879
niteliği	6	8880
noktalarında	6	8881
okuyun	6	8882
olanağı	6	8883
olduğumu	6	8884
olmalarını	6	8885
olmam	6	8886
olmamış	6	8887
olmanız	6	8888
oluşturabilir	6	8889
oluşturuldu	6	8890
oluşturur	6	8891
oluşumunu	6	8892
organizasyon	6	8893
ormanda	6	8894
otomobildeki	6	8895
otoyol	6	8896
oturumda	6	8897
oturuyor	6	8898
oyla	6	8899
oylama	6	8900
oynadık	6	8901
oğulları	6	8902
paniğe	6	8903
paralar	6	8904
paranın	6	8905
parayla	6	8906
parlamento	6	8907
partisine	6	8908
partiyi	6	8909
parçalar	6	8910
patlamaya	6	8911
payları	6	8912
pazarın	6	8913
perde	6	8914
pes	6	8915
peyniri	6	8916
piknik	6	8917
pis	6	8918
piyasaların	6	8919
piyasalarındaki	6	8920
planlaması	6	8921
politikalarının	6	8922
poz	6	8923
pozisyonda	6	8924
programlar	6	8925
programını	6	8926
projesini	6	8927
propaganda	6	8928
raporlar	6	8929
reddeden	6	8930
referans	6	8931
rekabetin	6	8932
rekabetçi	6	8933
riskine	6	8934
rolünü	6	8935
rüşvet	6	8936
saatlerce	6	8937
sahibiz	6	8938
sakatlık	6	8939
saldıran	6	8940
saldırdığı	6	8941
saldırganın	6	8942
salonda	6	8943
sanatsal	6	8944
sandalye	6	8945
sanıkların	6	8946
satıldığı	6	8947
sayfasında	6	8948
sayımı	6	8949
sağlamış	6	8950
sağlamıştır	6	8951
sebebiyet	6	8952
sebzeler	6	8953
seferler	6	8954
senedir	6	8955
seramik	6	8956
sergileyen	6	8957
seriyor	6	8958
sertifikalarını	6	8959
seslerini	6	8960
sevenleriyle	6	8961
sevgiyle	6	8962
sevincini	6	8963
sevindirici	6	8964
seviye	6	8965
seviyor	6	8966
seçildikten	6	8967
sisteminde	6	8968
sistemiyle	6	8969
sistemler	6	8970
sistemlerinin	6	8971
sokaklara	6	8972
sokağa	6	8973
sonucun	6	8974
sorumluluklarını	6	8975
soruna	6	8976
soruşturması	6	8977
sporcuları	6	8978
sporu	6	8979
sunulması	6	8980
suyunun	6	8981
suçlamaları	6	8982
suçlu	6	8983
suçunu	6	8984
söylediğini	6	8985
söylemeye	6	8986
söylemiş	6	8987
söyler	6	8988
sözleşmesini	6	8989
sürdürdüğünü	6	8990
sürecinden	6	8991
süresini	6	8992
sürücüleri	6	8993
süs	6	8994
sıcaklıkların	6	8995
sıkıntılı	6	8996
sınavına	6	8997
sınırına	6	8998
sınırını	6	8999
sıralaması	6	9000
sırası	6	9001
sırasıyla	6	9002
tadilat	6	9003
tadı	6	9004
tahminlerine	6	9005
tahrik	6	9006
tahta	6	9007
tahıl	6	9008
taktiksel	6	9009
takımla	6	9010
takımına	6	9011
talebin	6	9012
talebine	6	9013
talepte	6	9014
talimatını	6	9015
tamamına	6	9016
tampon	6	9017
tanıdığını	6	9018
tanınır	6	9019
tanır	6	9020
tartışmalara	6	9021
tartışmalarına	6	9022
tartışılan	6	9023
tatilinde	6	9024
taşınan	6	9025
tedavisinin	6	9026
tedbirlerin	6	9027
teklifine	6	9028
teknolojiye	6	9029
teknolojiyi	6	9030
telef	6	9031
telefonla	6	9032
telefonuyla	6	9033
temaslarda	6	9034
temasıyla	6	9035
temelini	6	9036
temizlenmesi	6	9037
teröristlerin	6	9038
tescil	6	9039
teslimat	6	9040
teyit	6	9041
teşekkürlerini	6	9042
teşkilatının	6	9043
tonluk	6	9044
toparlanma	6	9045
topla	6	9046
toplanacak	6	9047
toprakla	6	9048
topraklarındaki	6	9049
torba	6	9050
transferini	6	9051
tribünde	6	9052
turistler	6	9053
tuttuğu	6	9054
tutuklanmış	6	9055
tutukluluk	6	9056
tövbe	6	9057
tüketildiğinde	6	9058
tüketilmesi	6	9059
tüketimini	6	9060
türlerinin	6	9061
u	6	9062
ulaşacak	6	9063
ulaşılan	6	9064
unsurları	6	9065
uyaran	6	9066
uygulamalara	6	9067
uygulamalarını	6	9068
uzmanlık	6	9069
uçakla	6	9070
uçuşu	6	9071
varlığına	6	9072
vatandaşa	6	9073
verilerek	6	9074
veriliyor	6	9075
vermenin	6	9076
vermiştir	6	9077
videoları	6	9078
vuruldu	6	9079
vurulduğu	6	9080
vücudu	6	9081
yakalandığı	6	9082
yaktı	6	9083
yakılan	6	9084
yakınlarındaki	6	9085
yakınlarının	6	9086
yanarak	6	9087
yangınına	6	9088
yanmalı	6	9089
yansıyor	6	9090
yanındayız	6	9091
yapacakları	6	9092
yapacaktır	6	9093
yaparlar	6	9094
yapmadı	6	9095
yapmalı	6	9096
yaprak	6	9097
yaptırdı	6	9098
yaptırmak	6	9099
yaptırımlar	6	9100
yapılmadan	6	9101
yapılmak	6	9102
yaralandığını	6	9103
yaralanma	6	9104
yarar	6	9105
yaratmak	6	9106
yargılanmak	6	9107
yargının	6	9108
yatacak	6	9109
yatırımcıları	6	9110
yayılan	6	9111
yayıldığı	6	9112
yayına	6	9113
yazımızda	6	9114
yağışının	6	9115
yaşaması	6	9116
yaşamayı	6	9117
yaşamış	6	9118
yaşatacak	6	9119
yaşlanma	6	9120
yaşlılar	6	9121
yaşıyorum	6	9122
yenilgi	6	9123
yenilik	6	9124
yerlerinden	6	9125
yetenek	6	9126
yetenekli	6	9127
yetiştirdiği	6	9128
yitirdiği	6	9129
yitirirken	6	9130
yiyeceklerden	6	9131
yollarının	6	9132
yorumlanır	6	9133
yumruk	6	9134
yöneltilen	6	9135
yöneticilerin	6	9136
yönetimini	6	9137
yönetmelik	6	9138
yönüne	6	9139
yükselten	6	9140
yükselterek	6	9141
yürüttü	6	9142
yürütülmesi	6	9143
yüzme	6	9144
yıkılan	6	9145
yıkılmış	6	9146
yılbaşı	6	9147
yılındaki	6	9148
zarara	6	9149
zararları	6	9150
zehirli	6	9151
zengindir	6	9152
ziyaretini	6	9153
ziyaretçiler	6	9154
zorlukları	6	9155
çekya	6	9156
çetinkaya	6	9157
çin'e	6	9158
çukurova	6	9159
özdağ	6	9160
özkaya	6	9161
özlü	6	9162
üniversitesi'nde	6	9163
çabalar	6	9164
çabasına	6	9165
çabasını	6	9166
çadır	6	9167
çaldı	6	9168
çalışanlarımızın	6	9169
çalışanın	6	9170
çalışıldığını	6	9171
çalışılıyor	6	9172
çalışıp	6	9173
çalışıyorum	6	9174
çare	6	9175
çaresiz	6	9176
çatışmalara	6	9177
çatışmanın	6	9178
çağrıları	6	9179
çekirdek	6	9180
çekirdeği	6	9181
çekmektedir	6	9182
çekmesi	6	9183
çevresine	6	9184
çeyreği	6	9185
çiftlerin	6	9186
çiftçilerin	6	9187
çizmek	6	9188
çiçekleri	6	9189
çocuklarla	6	9190
çocuklarımızı	6	9191
çokluğuyla	6	9192
çoktan	6	9193
çıkarma	6	9194
çıkmadı	6	9195
çıkmaması	6	9196
çıktıktan	6	9197
çıkışında	6	9198
çıplak	6	9199
ödemek	6	9200
ödemeli	6	9201
ödenecek	6	9202
öksürük	6	9203
öldürdüğü	6	9204
öldürdüğünü	6	9205
öldürmek	6	9206
öldürüldüğünü	6	9207
ölümden	6	9208
ölümüyle	6	9209
önemle	6	9210
öngörüyoruz	6	9211
örgüte	6	9212
örgütleri	6	9213
örnekler	6	9214
özellik	6	9215
özelliklere	6	9216
özgürce	6	9217
özgürlüğüne	6	9218
özgürlüğünü	6	9219
öğlen	6	9220
öğrendi	6	9221
öğrenim	6	9222
öğün	6	9223
ücretlerini	6	9224
üreme	6	9225
üreticilerinin	6	9226
üretmek	6	9227
ürünlerde	6	9228
ürünlere	6	9229
üstünlüğünü	6	9230
üyelerinden	6	9231
üyelik	6	9232
üzerimize	6	9233
üzerlerine	6	9234
ikizler	6	9235
ilkokulu	6	9236
imamoğlu'nun	6	9237
iran'a	6	9238
iranlı	6	9239
irlanda	6	9240
islami	6	9241
ırkçı	6	9242
ırkçılık	6	9243
ısrarla	6	9244
şam'a	6	9245
şükrü	6	9246
şahsı	6	9247
şarampole	6	9248
şarkıları	6	9249
şartlarına	6	9250
şartlarını	6	9251
şehirlerde	6	9252
şehrimiz	6	9253
şehrimize	6	9254
şekeri	6	9255
şekillerde	6	9256
şifalı	6	9257
şifre	6	9258
şirketlerinden	6	9259
şükranlarımı	6	9260
başkanın	6	9261
başsavcı	6	9262
buluşmaları	6	9263
demet	6	9264
hele	6	9265
hisar	6	9266
kaymakam	6	9267
kaymakamlık	6	9268
makas	6	9269
otoyolu	6	9270
rafa	6	9271
show	6	9272
soykırımcı	6	9273
tim	6	9274
ufuk	6	9275
vicdan	6	9276
ailemiz	6	9277
aileyi	6	9278
antioksidan	6	9279
antrenmanda	6	9280
araştırmada	6	9281
araştırmanın	6	9282
at	6	9283
avukatlar	6	9284
ağacı	6	9285
baharatlı	6	9286
başkanlığındaki	6	9287
belediyeleri	6	9288
belgelerin	6	9289
beyefendi	6	9290
bilhassa	6	9291
birbirimize	6	9292
bozan	6	9293
bölgemizde	6	9294
camiamıza	6	9295
cinayetin	6	9296
daimi	6	9297
demiryolu	6	9298
depresyon	6	9299
derneğin	6	9300
dosyada	6	9301
dünden	6	9302
düğünde	6	9303
ebedi	6	9304
edebiyat	6	9305
empati	6	9306
enerjisi	6	9307
eserin	6	9308
eylülde	6	9309
gençlerle	6	9310
halkçı	6	9311
halkımız	6	9312
hareketler	6	9313
hikaye	6	9314
ihracatta	6	9315
imalatı	6	9316
insülin	6	9317
istenilen	6	9318
kapanışa	6	9319
kazancı	6	9320
kendinizi	6	9321
kimlikleri	6	9322
kraliyet	6	9323
kurallara	6	9324
kuvvetlerinin	6	9325
köye	6	9326
köyün	6	9327
küme	6	9328
mermi	6	9329
mesire	6	9330
monte	6	9331
muhaliflerin	6	9332
nakil	6	9333
numune	6	9334
operasyonlar	6	9335
organizasyonun	6	9336
orijinal	6	9337
oteller	6	9338
reform	6	9339
sanatın	6	9340
saygılı	6	9341
sağın	6	9342
sera	6	9343
sınavlar	6	9344
sığınma	6	9345
termal	6	9346
yad	6	9347
yarından	6	9348
yağışın	6	9349
yönetmen	6	9350
çifte	6	9351
ihracatçılar	6	9352
ılık	6	9353
şair	6	9354
astsubay	6	9355
babamın	6	9356
denizcilik	6	9357
depremle	6	9358
dikey	6	9359
efendim	6	9360
eminim	6	9361
emtia	6	9362
evimiz	6	9363
fox	6	9364
fizik	6	9365
görüntüde	6	9366
hatip	6	9367
hocamız	6	9368
jüri	6	9369
kendilerinden	6	9370
kuyumcu	6	9371
mahallesinde	6	9372
mobilya	6	9373
oğlum	6	9374
oğlumun	6	9375
partimiz	6	9376
partimizin	6	9377
profesör	6	9378
sterlin	6	9379
suçlar	6	9380
tabiat	6	9381
total	6	9382
yayıncı	6	9383
yuva	6	9384
iktisadi	6	9385
çağ	6	9386
önümüzde	6	9387
şırnak	6	9388
harekatı	6	9389
aa'da	5	9390
abd'deki	5	9391
abd'den	5	9392
avm	5	9393
abdülkadir	5	9394
akademi	5	9395
akbaba	5	9396
aksaray	5	9397
aksaray'da	5	9398
aktürkoğlu	5	9399
akça	5	9400
akçay	5	9401
akşener'in	5	9402
allah'a	5	9403
altındağ	5	9404
alzheimer	5	9405
amazon	5	9406
ancelotti	5	9407
anıl	5	9408
apple'ın	5	9409
arif	5	9410
arjantin	5	9411
arnavutluk	5	9412
arıkan	5	9413
aslıhan	5	9414
ataman	5	9415
atatürk'e	5	9416
avustralya	5	9417
aykan	5	9418
aykut	5	9419
aytaç	5	9420
azerbaycan'da	5	9421
baibü	5	9422
bahtiyar	5	9423
bankasının	5	9424
baro	5	9425
basri	5	9426
bayar	5	9427
bayramı'nı	5	9428
başkanlığı'na	5	9429
başkanlığı'ndan	5	9430
başsavcısı	5	9431
bektaş	5	9432
belediyemizin	5	9433
belgorod	5	9434
berat	5	9435
bergama	5	9436
betül	5	9437
beşikçioğlu	5	9438
beştaş	5	9439
bilindiği	5	9440
birliği'nin	5	9441
bornova	5	9442
bulgaristan	5	9443
buse	5	9444
chp'den	5	9445
cafer	5	9446
camii'nde	5	9447
celal	5	9448
cemiyeti	5	9449
cihat	5	9450
cumhuriyeti'nin	5	9451
dgs	5	9452
dha'da	5	9453
dsö	5	9454
dw	5	9455
daily	5	9456
danimarka	5	9457
destici	5	9458
dinç	5	9459
diyarbakır'ın	5	9460
dragon	5	9461
dubai	5	9462
dörtyol	5	9463
düzce'de	5	9464
elmas	5	9465
endonezya	5	9466
erdek	5	9467
erzurum'un	5	9468
evren	5	9469
eyüp	5	9470
eğertutmaz	5	9471
facebook	5	9472
fayı	5	9473
festival	5	9474
finlandiya	5	9475
fitch	5	9476
fonu	5	9477
francis	5	9478
gb	5	9479
ges	5	9480
girne	5	9481
gökçen	5	9482
gölü'nün	5	9483
günay	5	9484
güneş'in	5	9485
gürsel	5	9486
hgs	5	9487
hadise	5	9488
halit	5	9489
hamas'a	5	9490
hastanesi'ndeki	5	9491
havalimanı'na	5	9492
hazal	5	9493
hilal	5	9494
hong	5	9495
ııı	5	9496
ımf	5	9497
ılıcalı'nın	5	9498
ınternational'ın	5	9499
ırak'ta	5	9500
ığdır	5	9501
john	5	9502
johnson	5	9503
khk	5	9504
kktc'nin	5	9505
kahire'de	5	9506
kanada'nın	5	9507
kanunu'nun	5	9508
karadağ	5	9509
karakaya	5	9510
karaman	5	9511
karasu	5	9512
kartalkaya	5	9513
kate	5	9514
kavak	5	9515
kavala	5	9516
kazakistan	5	9517
kepez	5	9518
kevin	5	9519
kilis	5	9520
kocaeli'nde	5	9521
konseyi'nin	5	9522
konya'da	5	9523
korkmaz	5	9524
kozan	5	9525
kupası'nda	5	9526
köroğlu	5	9527
kürdistan	5	9528
kürtler	5	9529
kürtlerin	5	9530
kıbrıs'ta	5	9531
kılınç	5	9532
kırklareli	5	9533
kırıkkale	5	9534
lpg	5	9535
le	5	9536
lefkoşa	5	9537
lig'den	5	9538
lisesi'nde	5	9539
londra	5	9540
mhk	5	9541
mahkemesi'ne	5	9542
mahkemesinin	5	9543
malatya'da	5	9544
mamak	5	9545
manisa'nın	5	9546
maria	5	9547
marmara'nın	5	9548
mars	5	9549
meclisin	5	9550
melikgazi	5	9551
mengen	5	9552
mercan	5	9553
mezarlığı'na	5	9554
michael	5	9555
michy	5	9556
miçotakis	5	9557
montella	5	9558
muhammed'in	5	9559
muhsin	5	9560
müdürlüğümüz	5	9561
müdürlüğünce	5	9562
müsavat	5	9563
müzesi'nde	5	9564
mısırlı	5	9565
nba	5	9566
now	5	9567
nazi	5	9568
nazlı	5	9569
necdet	5	9570
niğde	5	9571
nobel	5	9572
ovp	5	9573
onursal	5	9574
opel	5	9575
oral	5	9576
pkk'ya	5	9577
pakistan	5	9578
parlamentosu	5	9579
paşinyan	5	9580
pera	5	9581
pezeşkiyan	5	9582
prime	5	9583
putin'in	5	9584
rabbimizin	5	9585
rize'de	5	9586
ronaldo	5	9587
rusya'da	5	9588
rusya'dan	5	9589
s	5	9590
sabri	5	9591
sait	5	9592
sakarya'nın	5	9593
sakaryaspor	5	9594
sarayı	5	9595
sarayı'nda	5	9596
saymaz	5	9597
selman	5	9598
seninle	5	9599
sibel	5	9600
sincan	5	9601
sinop'ta	5	9602
sokak'taki	5	9603
solmaz	5	9604
soylu	5	9605
sıddık	5	9606
tc	5	9607
teknofest	5	9608
tk	5	9609
tl'nin	5	9610
taksim	5	9611
taliban	5	9612
taner	5	9613
timur	5	9614
toyota	5	9615
trabzon'da	5	9616
trabzon'un	5	9617
trabzonspor'un	5	9618
tuğamiral	5	9619
töreni'nde	5	9620
tülay	5	9621
türkçe'nin	5	9622
unrwa'nın	5	9623
ulaş	5	9624
uzm	5	9625
vakıflar	5	9626
world	5	9627
yargıç	5	9628
yarışması'nda	5	9629
yavaş'ın	5	9630
yayman	5	9631
yazgan	5	9632
yemen	5	9633
yeniköy	5	9634
york'ta	5	9635
york'taki	5	9636
yunanistan'a	5	9637
yüksekova	5	9638
zelenskiy	5	9639
zinnur	5	9640
ziya	5	9641
abartılı	5	9642
abisi	5	9643
acele	5	9644
acısı	5	9645
acısını	5	9646
adalesinde	5	9647
adaleti	5	9648
ahlak	5	9649
ailelerimizin	5	9650
aileye	5	9651
aktararak	5	9652
akılla	5	9653
akışı	5	9654
alabilmesi	5	9655
alanlardan	5	9656
alemi	5	9657
algınlığı	5	9658
alkış	5	9659
almaktan	5	9660
almasının	5	9661
alttan	5	9662
altyapısına	5	9663
alınamayan	5	9664
alıyordu	5	9665
alıyorum	5	9666
alış	5	9667
amaçladığını	5	9668
amcası	5	9669
amcasının	5	9670
anaokulu	5	9671
anayasal	5	9672
animasyon	5	9673
anketine	5	9674
anlamak	5	9675
anlayışının	5	9676
anlaşmalar	5	9677
anlaşmaları	5	9678
anlaşılıyor	5	9679
antrenör	5	9680
anımsatarak	5	9681
anına	5	9682
arabuluculuk	5	9683
aralarındaki	5	9684
aramalar	5	9685
arayışı	5	9686
araçlarla	5	9687
araçlarının	5	9688
araştırmalarda	5	9689
arkadaşlarına	5	9690
arkadaşlık	5	9691
arkeolojik	5	9692
artar	5	9693
artmasının	5	9694
artırdığı	5	9695
artırıcı	5	9696
artırılmasına	5	9697
artırır	5	9698
artırırken	5	9699
artışlarının	5	9700
asit	5	9701
atanan	5	9702
atanması	5	9703
atarken	5	9704
atıyoruz	5	9705
atıştırmalıklar	5	9706
ayakları	5	9707
ayna	5	9708
aynısını	5	9709
ayırt	5	9710
azalmasına	5	9711
açabiliyor	5	9712
açar	5	9713
açmıştı	5	9714
açıklamalarını	5	9715
açıklıyor	5	9716
açıkta	5	9717
açıktan	5	9718
açığının	5	9719
ağabeyim	5	9720
ağacın	5	9721
ağaçlar	5	9722
ağaçlarının	5	9723
ağlara	5	9724
ağırlıklı	5	9725
ağırlığı	5	9726
aşkı	5	9727
bahane	5	9728
bahçede	5	9729
bakmadan	5	9730
baktığınızda	5	9731
bankacılığı	5	9732
barışa	5	9733
baskınlarına	5	9734
batarya	5	9735
bağlama	5	9736
bağlamında	5	9737
bağlarını	5	9738
bağlılığı	5	9739
bağlılığını	5	9740
bağımlı	5	9741
başarılara	5	9742
başarısını	5	9743
başkanlarına	5	9744
başkanımızın	5	9745
başlamasıyla	5	9746
başlarken	5	9747
başlatacağız	5	9748
başlatıyoruz	5	9749
başlayınca	5	9750
başlı	5	9751
başvurarak	5	9752
başvurmak	5	9753
başvurularının	5	9754
becerilerini	5	9755
bedelinin	5	9756
bekledi	5	9757
bekleme	5	9758
beklendiği	5	9759
beklenenden	5	9760
beklenmektedir	5	9761
bekçi	5	9762
bela	5	9763
belge	5	9764
belgeler	5	9765
belirlendiğini	5	9766
belirlenirken	5	9767
belirlenmesine	5	9768
belirlenmişti	5	9769
belirtilerini	5	9770
benzeyen	5	9771
bildirilmesi	5	9772
bildiğimiz	5	9773
bileşenler	5	9774
bilgilendirmede	5	9775
bilgilerine	5	9776
bilgisine	5	9777
bilinç	5	9778
bilinçsiz	5	9779
bilir	5	9780
binadan	5	9781
binalarda	5	9782
binasına	5	9783
bindiği	5	9784
birikim	5	9785
birikimini	5	9786
birleşerek	5	9787
birliğinde	5	9788
biter	5	9789
bitmek	5	9790
bombaladı	5	9791
borcunu	5	9792
borsalarında	5	9793
borçlu	5	9794
boykot	5	9795
boyutları	5	9796
boyutlu	5	9797
bulamadı	5	9798
bulamadık	5	9799
bulduk	5	9800
buldum	5	9801
bulduğunu	5	9802
bulgur	5	9803
bulması	5	9804
bulmaya	5	9805
bulmuş	5	9806
bulunacağını	5	9807
bulunduğumuz	5	9808
bulunma	5	9809
bulunmasına	5	9810
bulunmayı	5	9811
bulunup	5	9812
buluşturan	5	9813
bunda	5	9814
buralarda	5	9815
burun	5	9816
burçları	5	9817
buzlanma	5	9818
bölgelerin	5	9819
bölgelerine	5	9820
bölgemize	5	9821
bölümüne	5	9822
bölümüyle	5	9823
bütünlüğü	5	9824
büyükbaş	5	9825
büyüklüğünü	5	9826
büyüleyici	5	9827
büyümeye	5	9828
bırak	5	9829
bırakmış	5	9830
bıraktığını	5	9831
bırakıldığı	5	9832
bırakılmasına	5	9833
bırakır	5	9834
bıçaklanarak	5	9835
camide	5	9836
cani	5	9837
cevaplar	5	9838
cevapları	5	9839
civarına	5	9840
cm	5	9841
dairenin	5	9842
dakikaya	5	9843
dalış	5	9844
damat	5	9845
damgasını	5	9846
davalarda	5	9847
davasına	5	9848
dayandırdığı	5	9849
dayanıyor	5	9850
defnedilecektir	5	9851
delil	5	9852
denemeye	5	9853
denetiminde	5	9854
deneyimler	5	9855
dengeyi	5	9856
denli	5	9857
deplasmanında	5	9858
deposu	5	9859
depremlerden	5	9860
depremlerin	5	9861
derinlikte	5	9862
derinliğini	5	9863
derlediği	5	9864
dersleri	5	9865
desteklemek	5	9866
destekçilerinin	5	9867
destinasyon	5	9868
devasa	5	9869
devi	5	9870
devrilen	5	9871
deyimi	5	9872
değerlendirilerek	5	9873
değerlendirilmesi	5	9874
değerlendirmeye	5	9875
değiller	5	9876
değişebilir	5	9877
değişiklikle	5	9878
değişikliklerinin	5	9879
değişikliğiyle	5	9880
değişime	5	9881
değişmesi	5	9882
değiştirecek	5	9883
değiştirmeye	5	9884
diken	5	9885
dileklerimi	5	9886
dinleme	5	9887
dinletti	5	9888
direğine	5	9889
diyaloğa	5	9890
diyebilirim	5	9891
dizilerin	5	9892
dizisindeki	5	9893
diğerleri	5	9894
dokunulmazlık	5	9895
dolandırıcıların	5	9896
dolduran	5	9897
donanım	5	9898
donatılan	5	9899
dosyası	5	9900
doğayla	5	9901
doğdu	5	9902
doğruladı	5	9903
dudak	5	9904
durağı	5	9905
durma	5	9906
durumdayız	5	9907
durumlarının	5	9908
duruşunda	5	9909
duruşunu	5	9910
duydukları	5	9911
duyduğumuz	5	9912
duygusunu	5	9913
duyuruya	5	9914
dökülmesi	5	9915
döndükten	5	9916
döndüğünü	5	9917
dönemden	5	9918
dönerek	5	9919
dönmüş	5	9920
dönüşmüş	5	9921
dönüşümün	5	9922
dünyasını	5	9923
düzene	5	9924
düzeye	5	9925
düşecek	5	9926
düşmeyen	5	9927
düşmüş	5	9928
düşündüklerini	5	9929
düşünülüyor	5	9930
düşünüyorsunuz	5	9931
düşürme	5	9932
düşürüldü	5	9933
düşürür	5	9934
düşüşleri	5	9935
edebilecek	5	9936
edebilmek	5	9937
edebiyata	5	9938
ederler	5	9939
edildikleri	5	9940
edilebiliyor	5	9941
edilecektir	5	9942
edilirse	5	9943
edilmek	5	9944
edilmeye	5	9945
edince	5	9946
egemenliğine	5	9947
ekibinde	5	9948
ekibini	5	9949
ekimde	5	9950
ekimi	5	9951
ekipmanlar	5	9952
elebaşı	5	9953
eleştiriler	5	9954
elinin	5	9955
ellerindeki	5	9956
emeklisine	5	9957
emeklisinin	5	9958
emniyete	5	9959
endemik	5	9960
endişelerini	5	9961
endişeli	5	9962
enerjiyi	5	9963
engellendi	5	9964
epilepsi	5	9965
erkeklerde	5	9966
ermesi	5	9967
esnafa	5	9968
esrar	5	9969
etiketiyle	5	9970
etkilerinden	5	9971
etkinlikle	5	9972
etmelerini	5	9973
etmeyen	5	9974
ettireceğiz	5	9975
eyle	5	9976
ezeli	5	9977
eğilimi	5	9978
eğiliminde	5	9979
eğitimli	5	9980
eşine	5	9981
faaliyete	5	9982
faaliyette	5	9983
farz	5	9984
faturası	5	9985
faydalanabilecek	5	9986
feda	5	9987
felaketin	5	9988
fenalaşarak	5	9989
fenomeni	5	9990
feribot	5	9991
fileleri	5	9992
finanse	5	9993
firmaları	5	9994
fiyatını	5	9995
fişek	5	9996
fişeği	5	9997
fonları	5	9998
fotoğraflar	5	9999
füzeler	5	10000
füzeleri	5	10001
gecikmedi	5	10002
geldim	5	10003
gelenek	5	10004
gelinen	5	10005
gelirlerinin	5	10006
gelişmesine	5	10007
gemilerin	5	10008
gemisinde	5	10009
geneline	5	10010
genişleme	5	10011
genişletilmesi	5	10012
gençliği	5	10013
gerekebilir	5	10014
gerginliğin	5	10015
gerilediğini	5	10016
gerileyen	5	10017
gerilimler	5	10018
gerçekleşiyor	5	10019
gerçekleştirdik	5	10020
gerçekte	5	10021
gerçektir	5	10022
getirdiler	5	10023
getirebilir	5	10024
getirilirken	5	10025
getirip	5	10026
getirisi	5	10027
getirmenin	5	10028
getirmesini	5	10029
getirmeyi	5	10030
gezdi	5	10031
geçilecek	5	10032
geçirmesine	5	10033
geçirmeye	5	10034
geçirmiş	5	10035
geçit	5	10036
geçmişini	5	10037
geçtikçe	5	10038
giderleri	5	10039
gidince	5	10040
gidiyorum	5	10041
gidiyoruz	5	10042
girer	5	10043
girerken	5	10044
girişime	5	10045
girişimine	5	10046
girişimini	5	10047
girişini	5	10048
gitmeden	5	10049
gitmeyi	5	10050
golcü	5	10051
golden	5	10052
gollerini	5	10053
grubunun	5	10054
gururla	5	10055
gönderilmesi	5	10056
görenler	5	10057
görevlendirildi	5	10058
görevler	5	10059
görmenin	5	10060
görmesi	5	10061
görülmesi	5	10062
görülürken	5	10063
görünse	5	10064
görüntülere	5	10065
görünümü	5	10066
görürken	5	10067
görüşlerini	5	10068
görüşmesine	5	10069
görüşülen	5	10070
gözetiminde	5	10071
gözlük	5	10072
gözyaşlarına	5	10073
göçmenler	5	10074
gücüyle	5	10075
güneyinde	5	10076
güneyine	5	10077
günlere	5	10078
günümüzün	5	10079
gürültü	5	10080
güvende	5	10081
güvenliğine	5	10082
güvensizlik	5	10083
güvercin	5	10084
güzellikleri	5	10085
güzide	5	10086
güçlendirecek	5	10087
güçlendiriyor	5	10088
güçlükle	5	10089
haberle	5	10090
haberlerde	5	10091
haberlerin	5	10092
habersiz	5	10093
hakaretler	5	10094
hakemleri	5	10095
hakkımız	5	10096
haklarına	5	10097
haklarının	5	10098
halsizlik	5	10099
hamlesi	5	10100
hamsi	5	10101
haneye	5	10102
hareketin	5	10103
has	5	10104
hastalıklardan	5	10105
hastanenin	5	10106
hastaya	5	10107
hatırlatmak	5	10108
hatırlatır	5	10109
havalarda	5	10110
havayolu	5	10111
hayalleri	5	10112
hayatındaki	5	10113
hayatınızda	5	10114
hayranları	5	10115
hayvanlar	5	10116
hayırlara	5	10117
hazırlamak	5	10118
hazırlamış	5	10119
hazırlıklar	5	10120
hedefimize	5	10121
hedefin	5	10122
hedefine	5	10123
hedefini	5	10124
hedeflerinden	5	10125
hedefleyen	5	10126
hekimlerin	5	10127
hepsinin	5	10128
hesaplandı	5	10129
hesaplanıyor	5	10130
hesaplarında	5	10131
hesaplarını	5	10132
heyetin	5	10133
hidrojen	5	10134
hissedilen	5	10135
hissettiklerini	5	10136
hissettiği	5	10137
hizmetine	5	10138
hususlar	5	10139
huzurunu	5	10140
hücrelerinin	5	10141
hükmetti	5	10142
hükmü	5	10143
hükümete	5	10144
iadesi	5	10145
ibaret	5	10146
ideolojik	5	10147
ifadelerle	5	10148
ihanet	5	10149
ihbarda	5	10150
ihracatla	5	10151
ihtimalinin	5	10152
ihtimalle	5	10153
ihtiyaçlara	5	10154
ikmal	5	10155
ilerlemeye	5	10156
ilerliyoruz	5	10157
ilgiyi	5	10158
ilim	5	10159
illere	5	10160
imal	5	10161
imkanlarını	5	10162
inanan	5	10163
inancı	5	10164
inanıyor	5	10165
incelemeleri	5	10166
incelenmesi	5	10167
inceleyerek	5	10168
incir	5	10169
inkar	5	10170
inme	5	10171
insanlarla	5	10172
insanlığı	5	10173
inşaatta	5	10174
inşaatı	5	10175
inşaatında	5	10176
inşasını	5	10177
isimlerini	5	10178
isimlerle	5	10179
istediğim	5	10180
istemeyenler	5	10181
isteniyor	5	10182
istikameti	5	10183
istismarda	5	10184
istişarelerde	5	10185
itfaiyenin	5	10186
izine	5	10187
izlemeye	5	10188
izlendi	5	10189
izleyebilirsiniz	5	10190
izleyicilere	5	10191
izleyicileri	5	10192
içeriğini	5	10193
içki	5	10194
içmek	5	10195
işbirlikleri	5	10196
işbirliğini	5	10197
işbirliğiyle	5	10198
işkence	5	10199
işyeri	5	10200
işçileri	5	10201
kadarıyla	5	10202
kaderini	5	10203
kadroda	5	10204
kafe	5	10205
kakao	5	10206
kaldıklarını	5	10207
kaldırılıp	5	10208
kalesinde	5	10209
kaleye	5	10210
kalmadığını	5	10211
kalmaması	5	10212
kalmıştı	5	10213
kalori	5	10214
kalsiyum	5	10215
kalıp	5	10216
kamerasıyla	5	10217
kampına	5	10218
kamuoyunu	5	10219
kanalının	5	10220
kapasitesine	5	10221
kapatan	5	10222
kapladı	5	10223
kapsıyor	5	10224
kapıda	5	10225
kapılarak	5	10226
kapısından	5	10227
kapıya	5	10228
karakterini	5	10229
kararlılığını	5	10230
kararında	5	10231
kardeşlerimiz	5	10232
kardeşlik	5	10233
karne	5	10234
kartlar	5	10235
kartını	5	10236
karışan	5	10237
karıştırın	5	10238
karşılanan	5	10239
karşılanırken	5	10240
karşılaşılan	5	10241
kasa	5	10242
kasap	5	10243
katili	5	10244
katmak	5	10245
katta	5	10246
kattaki	5	10247
kattan	5	10248
katılmayı	5	10249
katılmış	5	10250
katıyor	5	10251
kaybedenler	5	10252
kaybetmeden	5	10253
kaybetmesinin	5	10254
kaybına	5	10255
kaynaklandığını	5	10256
kaynaklanıyor	5	10257
kaynaklarına	5	10258
kazandırdığımız	5	10259
kazanmasına	5	10260
kazanmaya	5	10261
kazanıp	5	10262
kazanırken	5	10263
kaçakçılığı	5	10264
kaçtığı	5	10265
kağıdı	5	10266
kediyi	5	10267
kendilerinin	5	10268
kentlere	5	10269
kentlerinde	5	10270
keserek	5	10271
kesiliyor	5	10272
kesinleşmiş	5	10273
keşfedilen	5	10274
keşfetmek	5	10275
kilometreye	5	10276
kirlilik	5	10277
kitlelere	5	10278
kişilerden	5	10279
kişileri	5	10280
kocası	5	10281
kodu	5	10282
kolaylıklar	5	10283
kolaylığı	5	10284
kolu	5	10285
komşuları	5	10286
kongreye	5	10287
konkordato	5	10288
konması	5	10289
kontrolsüz	5	10290
kontrolünde	5	10291
konularla	5	10292
konuma	5	10293
konuşmaya	5	10294
koordine	5	10295
koruduğu	5	10296
korusun	5	10297
koruyacak	5	10298
koymaya	5	10299
koyup	5	10300
kozmetik	5	10301
koşullara	5	10302
koşullarına	5	10303
koşullarında	5	10304
koşullarının	5	10305
kredileri	5	10306
kulağı	5	10307
kullandıkları	5	10308
kullanılabilecek	5	10309
kullanılabilir	5	10310
kullanılmayan	5	10311
kullanılmıştır	5	10312
kullanışlı	5	10313
kurduğunu	5	10314
kurtarılan	5	10315
kurultayda	5	10316
kuruluşlarından	5	10317
kuruluşun	5	10318
kuruluşuna	5	10319
kuruluşundan	5	10320
kuzeydoğu	5	10321
kökeni	5	10322
kötülük	5	10323
köyden	5	10324
köşesinde	5	10325
kültürde	5	10326
külçe	5	10327
kürsüye	5	10328
küçükbaş	5	10329
kılan	5	10330
kılmak	5	10331
kılıyor	5	10332
kıskançlık	5	10333
kısıtlama	5	10334
kıvılcım	5	10335
kızları	5	10336
laboratuvar	5	10337
laik	5	10338
laiklik	5	10339
liderin	5	10340
liderleri	5	10341
liderlerinden	5	10342
maaşlarını	5	10343
macera	5	10344
maceraya	5	10345
maddeleri	5	10346
mahallelerinde	5	10347
maliyetlerinin	5	10348
mama	5	10349
margarin	5	10350
martta	5	10351
masrafları	5	10352
materyal	5	10353
mağduriyeti	5	10354
medyayı	5	10355
mekanik	5	10356
memurlar	5	10357
menşeli	5	10358
merkezindeki	5	10359
merkezlerinin	5	10360
mesajın	5	10361
mesajını	5	10362
meseleler	5	10363
meselesidir	5	10364
mevkidaşı	5	10365
mevsiminde	5	10366
mevsiminin	5	10367
mezarlık	5	10368
milleti	5	10369
milliler	5	10370
mineraller	5	10371
minibüsün	5	10372
minimum	5	10373
mitinginde	5	10374
modellerinin	5	10375
motoru	5	10376
muamele	5	10377
muhalefete	5	10378
muhtaç	5	10379
müfredat	5	10380
müreffeh	5	10381
mürettebat	5	10382
müttefiki	5	10383
müzakerelerde	5	10384
müşterilerine	5	10385
mısın	5	10386
mısınız	5	10387
mıydı	5	10388
namazından	5	10389
namlulu	5	10390
nane	5	10391
nebze	5	10392
nereli	5	10393
nesiller	5	10394
nitelendirildi	5	10395
niyaz	5	10396
noktalara	5	10397
noktalarda	5	10398
noktasını	5	10399
normale	5	10400
noter	5	10401
notunu	5	10402
odaya	5	10403
okuldaki	5	10404
okullara	5	10405
okundu	5	10406
olabileceğine	5	10407
olamadı	5	10408
olana	5	10409
olanakları	5	10410
olanı	5	10411
olasılığı	5	10412
olayının	5	10413
olmasaydı	5	10414
olmayınca	5	10415
olmuşlar	5	10416
olsunlar	5	10417
oluşturduk	5	10418
oluşturması	5	10419
oluşturmayı	5	10420
oluşturulacak	5	10421
oluştururken	5	10422
onayladı	5	10423
onkoloji	5	10424
onlardan	5	10425
oranına	5	10426
ordusuna	5	10427
organizasyona	5	10428
ortaklaşa	5	10429
ortalık	5	10430
ortaokul	5	10431
otların	5	10432
otobüsle	5	10433
otobüsünün	5	10434
oturduğu	5	10435
oynadığını	5	10436
oynamayı	5	10437
oyunculara	5	10438
oyunlar	5	10439
paketinin	5	10440
parkta	5	10441
parçalanmış	5	10442
parçalara	5	10443
parçaların	5	10444
pasta	5	10445
patatesin	5	10446
patlak	5	10447
paylaşacağız	5	10448
paylaşımını	5	10449
payının	5	10450
penceresinden	5	10451
personele	5	10452
petrolün	5	10453
peşinden	5	10454
piyasaları	5	10455
piyasasındaki	5	10456
pişirin	5	10457
planladığını	5	10458
planlamasını	5	10459
planlandığını	5	10460
planlarına	5	10461
planlıyoruz	5	10462
planın	5	10463
platformlarında	5	10464
politikaların	5	10465
politikanın	5	10466
politikasını	5	10467
potasyum	5	10468
pozisyonunda	5	10469
programlarına	5	10470
projelerde	5	10471
projelerinin	5	10472
provokatif	5	10473
puanda	5	10474
rahatsızlanarak	5	10475
rahatsızlıkları	5	10476
rakipleri	5	10477
reformları	5	10478
rehberlik	5	10479
rekabeti	5	10480
rekolte	5	10481
rekora	5	10482
rekorları	5	10483
restoranda	5	10484
rezervi	5	10485
rezervleri	5	10486
rota	5	10487
röportajda	5	10488
sabahın	5	10489
sade	5	10490
sahipti	5	10491
sakatlanan	5	10492
sakinlerine	5	10493
salgını	5	10494
sandığa	5	10495
santimetre	5	10496
sanıklardan	5	10497
sardı	5	10498
sarsıntı	5	10499
sarımsak	5	10500
satışlarında	5	10501
savaşların	5	10502
savaşta	5	10503
savaştan	5	10504
sayımız	5	10505
sağlanmıştır	5	10506
sağlıyoruz	5	10507
sebebini	5	10508
sektörlerde	5	10509
sembolik	5	10510
sembolüdür	5	10511
seneye	5	10512
sertifikalı	5	10513
sesle	5	10514
seslenerek	5	10515
sevdiğimiz	5	10516
seven	5	10517
seviyelerine	5	10518
seviyesinin	5	10519
seviyoruz	5	10520
seyrini	5	10521
seçimine	5	10522
seçimlerinin	5	10523
seçtiği	5	10524
silahı	5	10525
simit	5	10526
sindirimi	5	10527
sinemasının	5	10528
sismik	5	10529
sistemlerini	5	10530
sokakları	5	10531
sonlandırdı	5	10532
sonlandırılması	5	10533
sonucuna	5	10534
sorgusu	5	10535
sorumluluklar	5	10536
sorumlulukları	5	10537
sorunlarıyla	5	10538
sorunumuz	5	10539
sorununun	5	10540
sorusunun	5	10541
soruşturmayı	5	10542
sporcularımız	5	10543
sporcusu	5	10544
sporla	5	10545
stabil	5	10546
stoper	5	10547
stratejiler	5	10548
sucuk	5	10549
suları	5	10550
suların	5	10551
sularına	5	10552
sunacağı	5	10553
suçlara	5	10554
suçların	5	10555
söndürdü	5	10556
söyledikleri	5	10557
söylemi	5	10558
söylenen	5	10559
söyleyebiliriz	5	10560
söyleşide	5	10561
söylüyoruz	5	10562
sözlere	5	10563
sözlerin	5	10564
sözlerle	5	10565
sözleşmeleri	5	10566
sözleşmenin	5	10567
sözleşmeye	5	10568
sözleşmeyi	5	10569
sürdürecek	5	10570
sürdürmeye	5	10571
sürdürülen	5	10572
süreceğini	5	10573
süreçten	5	10574
sürücülere	5	10575
sürücüyü	5	10576
sürülmüştü	5	10577
sıcaklıkları	5	10578
sıcaklıklarının	5	10579
sıcaklığında	5	10580
sıklığı	5	10581
sıkıntıyı	5	10582
sınavın	5	10583
sınavını	5	10584
tabanlı	5	10585
tabanı	5	10586
tabelası	5	10587
tabir	5	10588
tahminler	5	10589
tahrip	5	10590
tahvil	5	10591
takas	5	10592
takdirle	5	10593
takipçileri	5	10594
taksici	5	10595
takılan	5	10596
talebinin	5	10597
taleplerinin	5	10598
talip	5	10599
tamamlamaları	5	10600
tanıdığı	5	10601
tanıması	5	10602
tanımlanan	5	10603
tanısı	5	10604
tanıtıldı	5	10605
taraftarının	5	10606
tarzında	5	10607
tarımda	5	10608
tasarlanan	5	10609
tasarımını	5	10610
tasfiye	5	10611
tavada	5	10612
tavanı	5	10613
taşımacılık	5	10614
taşıt	5	10615
tecelli	5	10616
tedavileri	5	10617
tehdidin	5	10618
tehditleri	5	10619
teklife	5	10620
teknolojiler	5	10621
teknolojilerin	5	10622
telefonlar	5	10623
telefonuna	5	10624
telefonunu	5	10625
temeli	5	10626
temsilcilerinin	5	10627
tepkiyi	5	10628
tercihini	5	10629
teröristin	5	10630
terörizmin	5	10631
tesislerinde	5	10632
tesislerine	5	10633
tespitte	5	10634
tohumları	5	10635
tonlarca	5	10636
tonu	5	10637
topa	5	10638
toplamak	5	10639
toplantılarda	5	10640
toplantısını	5	10641
toplumumuzun	5	10642
topluyor	5	10643
trafikten	5	10644
turda	5	10645
turnuvaya	5	10646
turuncu	5	10647
tutarlı	5	10648
tutma	5	10649
tutuldu	5	10650
tutumu	5	10651
tutun	5	10652
töreninin	5	10653
tüfekle	5	10654
tüketmek	5	10655
tümör	5	10656
tüp	5	10657
türünün	5	10658
tıra	5	10659
ulaşamadı	5	10660
ulaşmanın	5	10661
ulaşmasını	5	10662
ulaşmıştır	5	10663
ulaşıldı	5	10664
unsurlar	5	10665
unutmayın	5	10666
ustalar	5	10667
uyarılar	5	10668
uygulamayı	5	10669
uygulanabilir	5	10670
uygulandığını	5	10671
uzatma	5	10672
uzatıldı	5	10673
uçuklattı	5	10674
uçuşların	5	10675
uğradığını	5	10676
vahşi	5	10677
vaka	5	10678
varmış	5	10679
vasıtasıyla	5	10680
vatandaşla	5	10681
vefatını	5	10682
verenlerin	5	10683
verilerinin	5	10684
verilmemesi	5	10685
verilmiştir	5	10686
verirler	5	10687
vermeyen	5	10688
vurarak	5	10689
vurmaya	5	10690
vücuda	5	10691
yakalanmasına	5	10692
yakalanırken	5	10693
yaklaştı	5	10694
yanan	5	10695
yanaşan	5	10696
yandı	5	10697
yangınları	5	10698
yanları	5	10699
yanlarına	5	10700
yanmaya	5	10701
yansıtıyor	5	10702
yapacağım	5	10703
yapanların	5	10704
yaparsa	5	10705
yaparım	5	10706
yapmalarını	5	10707
yapsın	5	10708
yaptınız	5	10709
yapıcı	5	10710
yapıda	5	10711
yapılabileceği	5	10712
yapılacaktır	5	10713
yapılanmasına	5	10714
yapıldığına	5	10715
yapılmaması	5	10716
yapılmasının	5	10717
yapılırsa	5	10718
yapımcı	5	10719
yapımına	5	10720
yapımında	5	10721
yapısında	5	10722
yapısıyla	5	10723
yapıyı	5	10724
yaralama	5	10725
yaralanmasına	5	10726
yaralayan	5	10727
yaralılara	5	10728
yararlanarak	5	10729
yaratabilir	5	10730
yaratacak	5	10731
yarının	5	10732
yarıyıl	5	10733
yarışa	5	10734
yasaklı	5	10735
yasama	5	10736
yatak	5	10737
yatırımlarını	5	10738
yatıyor	5	10739
yayan	5	10740
yazarlarından	5	10741
yazdıran	5	10742
yazmış	5	10743
yazılmış	5	10744
yazıp	5	10745
yağlar	5	10746
yaşamlarını	5	10747
yaşananların	5	10748
yaşanmış	5	10749
yaşatacağız	5	10750
yaşayabilir	5	10751
yaşayanların	5	10752
yaşından	5	10753
yelpazede	5	10754
yenilenen	5	10755
yenilenme	5	10756
yenilenmesi	5	10757
yenisi	5	10758
yerlerinin	5	10759
yerleşti	5	10760
yerlilik	5	10761
yeteneklere	5	10762
yeterlidir	5	10763
yetersizliği	5	10764
yetiştirme	5	10765
yetkililerinin	5	10766
yetmezliği	5	10767
yiyeceklerin	5	10768
yokken	5	10769
yollara	5	10770
yollarda	5	10771
yollardan	5	10772
yolların	5	10773
yolsuzluk	5	10774
yolundan	5	10775
yorumları	5	10776
yönelen	5	10777
yönetilen	5	10778
yönetime	5	10779
yönetimler	5	10780
yönlendirme	5	10781
yöntemle	5	10782
yöntemleriyle	5	10783
yönü	5	10784
yönünden	5	10785
yükleme	5	10786
yüksekliği	5	10787
yükselişe	5	10788
yükseltmek	5	10789
yükü	5	10790
yürüdü	5	10791
yürüyerek	5	10792
yüze	5	10793
yüzyıllardır	5	10794
yılan	5	10795
yıldönümünde	5	10796
yıllara	5	10797
zamları	5	10798
zamma	5	10799
zararı	5	10800
zararın	5	10801
zekaya	5	10802
zenginlik	5	10803
zincirleme	5	10804
ziyaretinin	5	10805
ziyaretler	5	10806
zorlayıcı	5	10807
çalık	5	10808
çamlı	5	10809
çankaya	5	10810
çelebi	5	10811
çiğdem	5	10812
çılgın	5	10813
ören	5	10814
özbekistan	5	10815
ümraniye	5	10816
çabuk	5	10817
çakşır	5	10818
çalan	5	10819
çaldığı	5	10820
çalışmamız	5	10821
çalışmayla	5	10822
çalışsa	5	10823
çalışır	5	10824
çapraz	5	10825
çarptıktan	5	10826
çarpıp	5	10827
çarpıştığı	5	10828
çatısında	5	10829
çatışmaların	5	10830
çağın	5	10831
çağırarak	5	10832
çekildiği	5	10833
çekiliş	5	10834
çekilme	5	10835
çektiklerini	5	10836
çeviren	5	10837
çevrelerinin	5	10838
çevresini	5	10839
çeyreğine	5	10840
çilek	5	10841
çizerek	5	10842
çiçeği	5	10843
çocuklarıyla	5	10844
çokça	5	10845
çökertildiğini	5	10846
çökme	5	10847
çözmeye	5	10848
çözümün	5	10849
çıkarabilirsiniz	5	10850
çıkarmaya	5	10851
çıkarmayı	5	10852
çıkarsa	5	10853
çıkartarak	5	10854
çıkartılan	5	10855
çıkarıldıkları	5	10856
çıkarıldığını	5	10857
çıkarıp	5	10858
çıkmadan	5	10859
çıkmayı	5	10860
ödediği	5	10861
ödemelerin	5	10862
ödemesine	5	10863
ödemesini	5	10864
ödüller	5	10865
öldürülmesine	5	10866
ölçüldü	5	10867
ölçülüyor	5	10868
önerdiği	5	10869
önerilerini	5	10870
önerilir	5	10871
önlemeye	5	10872
önlemlerin	5	10873
önlenmesine	5	10874
önü	5	10875
önünden	5	10876
örgütlerine	5	10877
örgütsel	5	10878
öyküsü	5	10879
özenle	5	10880
özverili	5	10881
özveriyle	5	10882
öğrencilerden	5	10883
öğrencilerimizin	5	10884
öğrendik	5	10885
öğrenen	5	10886
ücretine	5	10887
ücretini	5	10888
ücrette	5	10889
ülkeleriyle	5	10890
üreticinin	5	10891
üretiminde	5	10892
üretimine	5	10893
ürettiği	5	10894
üründe	5	10895
üyeliğinden	5	10896
üçte	5	10897
ibb'nin	5	10898
iski	5	10899
ilayda	5	10900
irem	5	10901
israil'de	5	10902
istanbul'dan	5	10903
italya'da	5	10904
izlanda	5	10905
şamil	5	10906
şanlıurfa'da	5	10907
şayet	5	10908
şevki	5	10909
şirin	5	10910
şahsi	5	10911
şampiyonluğa	5	10912
şampiyonluğunu	5	10913
şarkılarını	5	10914
şarkısı	5	10915
şaşırtıcı	5	10916
şefkat	5	10917
şehitlerimizin	5	10918
şiddetiyle	5	10919
şirketlere	5	10920
şükranla	5	10921
şüphesiyle	5	10922
analistler	5	10923
anıt	5	10924
araştırmaları	5	10925
araştırması	5	10926
arefe	5	10927
ayçiçek	5	10928
babalar	5	10929
bakanlığımızın	5	10930
cumhurbaşkanına	5	10931
düş	5	10932
gürgen	5	10933
hafız	5	10934
hamdolsun	5	10935
haritalar	5	10936
hastanesinin	5	10937
havalar	5	10938
havalimanına	5	10939
kadem	5	10940
karma	5	10941
kooperatif	5	10942
kursu	5	10943
kuvvet	5	10944
kısaca	5	10945
listenin	5	10946
maymun	5	10947
metrosu	5	10948
mezarlığına	5	10949
mezarlığında	5	10950
muhalifler	5	10951
müdürlük	5	10952
ormanı	5	10953
piyasadaki	5	10954
seka	5	10955
sms	5	10956
saran	5	10957
sağlığın	5	10958
tesisin	5	10959
törenin	5	10960
türksat	5	10961
verimlilik	5	10962
yürüyüşe	5	10963
adalar	5	10964
annemin	5	10965
arkadaşlarımızla	5	10966
aromatik	5	10967
atak	5	10968
atölyesi	5	10969
balıkçılar	5	10970
bebeklere	5	10971
beldesi	5	10972
bende	5	10973
borsada	5	10974
buluşması	5	10975
bölgemiz	5	10976
cihaz	5	10977
devletimizin	5	10978
diplomasi	5	10979
dolandırıcılar	5	10980
doğayı	5	10981
doğrusu	5	10982
düzenlenmesi	5	10983
geçidi	5	10984
gönüllüleri	5	10985
görüşmelerde	5	10986
hac	5	10987
hakimliğine	5	10988
hediyelik	5	10989
hekimliği	5	10990
hocanın	5	10991
iltica	5	10992
imamı	5	10993
iskele	5	10994
kabak	5	10995
kadınlarımız	5	10996
kalmasın	5	10997
karlı	5	10998
karı	5	10999
kesinti	5	11000
kokusu	5	11001
kongresi	5	11002
konserve	5	11003
korsan	5	11004
kulübümüzün	5	11005
kuzu	5	11006
kuşak	5	11007
köpekleri	5	11008
kızarmış	5	11009
magnezyum	5	11010
makyaj	5	11011
marul	5	11012
mağazası	5	11013
meclisinde	5	11014
menzil	5	11015
meydanında	5	11016
mitingi	5	11017
modelin	5	11018
nizam	5	11019
opera	5	11020
organizasyonda	5	11021
osteoporoz	5	11022
oyuncularımız	5	11023
parlamentoda	5	11024
partimize	5	11025
pişirme	5	11026
resimli	5	11027
rock	5	11028
sabırlı	5	11029
savcının	5	11030
sirke	5	11031
sodyum	5	11032
sokaktaki	5	11033
sosyalist	5	11034
sürat	5	11035
sürer	5	11036
sıradaki	5	11037
taksirle	5	11038
telefonun	5	11039
turnuva	5	11040
vitaminler	5	11041
vücudunda	5	11042
yarışması	5	11043
yaşasın	5	11044
çevreden	5	11045
çocuğuna	5	11046
ödülleri	5	11047
ölenlerin	5	11048
ölçekli	5	11049
ömür	5	11050
istasyon	5	11051
şef	5	11052
aa'nın	4	11053
akp'nin	4	11054
aski	4	11055
aym'nin	4	11056
adası	4	11057
advan	4	11058
afgan	4	11059
afrika'nın	4	11060
afyon	4	11061
afyonkarahisar'da	4	11062
afşin	4	11063
akar	4	11064
akbıyık	4	11065
akdağ	4	11066
alanya'da	4	11067
alexander	4	11068
almanlar	4	11069
almanların	4	11070
aman	4	11071
amerika'nın	4	11072
ankara'daki	4	11073
antalya'ya	4	11074
apaydın	4	11075
arabistan'ın	4	11076
arat	4	11077
ardahan	4	11078
arslan'ın	4	11079
asbaşkanı	4	11080
aslanoğlu	4	11081
aslantaş	4	11082
aston	4	11083
atakan	4	11084
atletico	4	11085
atlı	4	11086
avcılar	4	11087
avrupa'daki	4	11088
avşar	4	11089
ayasofya	4	11090
aygün	4	11091
aylin	4	11092
aytekin'in	4	11093
ayça	4	11094
ağbaba	4	11095
aihm	4	11096
bbc'ye	4	11097
bbp	4	11098
bmgk	4	11099
btk	4	11100
baas	4	11101
bahçelievler	4	11102
bakanı'nın	4	11103
balat	4	11104
bandırma	4	11105
bandırmaspor	4	11106
banu	4	11107
battalgazi	4	11108
bayramı'nın	4	11109
başantrenörü	4	11110
başar	4	11111
başkanlığı'nda	4	11112
başkanlığınca	4	11113
beetlejuice	4	11114
bekar	4	11115
belediyemiz	4	11116
belediyesinden	4	11117
belçikalı	4	11118
berfin	4	11119
bey'e	4	11120
beykoz'da	4	11121
beyt	4	11122
beyza	4	11123
beşiktaş'a	4	11124
beşiktaş'tan	4	11125
beşiktaş'ı	4	11126
beşiktaşlı	4	11127
bilge	4	11128
bilimler	4	11129
birol	4	11130
bodrum'da	4	11131
boey	4	11132
bolu'dan	4	11133
bolu'ya	4	11134
bordo	4	11135
borrell	4	11136
bostan	4	11137
bozdağ	4	11138
boğa	4	11139
bright	4	11140
burdur'da	4	11141
bursaspor	4	11142
business	4	11143
bülbül	4	11144
büyükelçi	4	11145
büyükerşen	4	11146
büşra	4	11147
ceo	4	11148
california	4	11149
canan	4	11150
carlos	4	11151
carolina	4	11152
cemalettin	4	11153
center	4	11154
ceren	4	11155
charles	4	11156
chery	4	11157
cihana	4	11158
cihangir	4	11159
cihantimur	4	11160
city'nin	4	11161
cizre	4	11162
ciğerci	4	11163
cumhurbaşkanı'mız	4	11164
deaş'a	4	11165
dsi	4	11166
dus	4	11167
danış	4	11168
darende	4	11169
davut	4	11170
demir'in	4	11171
demiral	4	11172
demirtaş'ın	4	11173
demokratlar	4	11174
demokratların	4	11175
denis	4	11176
derici	4	11177
devleti'nin	4	11178
dicle	4	11179
divanı	4	11180
doğan'ın	4	11181
durmuş	4	11182
dzeko	4	11183
ebrd	4	11184
ecb	4	11185
edirne'de	4	11186
efeler	4	11187
ekinözü	4	11188
emirlikleri	4	11189
emmanuel	4	11190
endonezya'nın	4	11191
enstitüsü	4	11192
enver	4	11193
erbay	4	11194
erbil	4	11195
erden	4	11196
ergin	4	11197
ergül	4	11198
erman	4	11199
ermenistan'ın	4	11200
eroğlu	4	11201
ersan	4	11202
esen	4	11203
esenler	4	11204
esentepe	4	11205
eskişehir'de	4	11206
ethereum	4	11207
etiyopya	4	11208
ey	4	11209
eyüpsultan	4	11210
eşref	4	11211
fbı	4	11212
fıfa	4	11213
federasyonu'nun	4	11214
fehmi	4	11215
ferit	4	11216
feyyaz	4	11217
figen	4	11218
filistin'in	4	11219
filistinlileri	4	11220
flake	4	11221
florida	4	11222
formula	4	11223
fred	4	11224
g	4	11225
galatasaray'ı	4	11226
gallant	4	11227
game	4	11228
gaye	4	11229
gazipaşa	4	11230
georgia	4	11231
gergerlioğlu	4	11232
golan	4	11233
gold	4	11234
group	4	11235
gökçek'in	4	11236
gölbaşı	4	11237
gölköy	4	11238
gölü'nde	4	11239
gönen	4	11240
görkem	4	11241
gültekin	4	11242
gültepe	4	11243
güner	4	11244
güngören	4	11245
haber'de	4	11246
hacıosmanoğlu	4	11247
hakkari'nin	4	11248
halid	4	11249
halis	4	11250
halisdemir	4	11251
hamdi	4	11252
hamidiye	4	11253
hastanesinde	4	11254
hatırlanacağı	4	11255
havaalanı	4	11256
hayri	4	11257
hazreti	4	11258
hekimoğlu	4	11259
hizbullah'ın	4	11260
hristiyan	4	11261
huawei	4	11262
hull	4	11263
hulusi	4	11264
husiler	4	11265
husilerin	4	11266
ılgaz	4	11267
ımmobile	4	11268
joao	4	11269
joshua	4	11270
junior	4	11271
kgm	4	11272
kkm	4	11273
kafkas	4	11274
kandil	4	11275
kandıra	4	11276
karabat	4	11277
karabağlar	4	11278
karadeniz'de	4	11279
karahan	4	11280
karatay	4	11281
kars	4	11282
kasımpaşa'yı	4	11283
kay	4	11284
kaynarca	4	11285
kebir	4	11286
keleş	4	11287
kenti'nde	4	11288
kenya	4	11289
kirby	4	11290
kocaman	4	11291
kocasinan	4	11292
komutanlığınca	4	11293
kongo	4	11294
koreli	4	11295
krallık	4	11296
kuantum	4	11297
kudüs'te	4	11298
kuvvetlerimiz	4	11299
köprüsü'nde	4	11300
köse	4	11301
kıbrıs'a	4	11302
kıraç	4	11303
kırıkkale'de	4	11304
kıvanç	4	11305
kızımın	4	11306
limanı	4	11307
liselere	4	11308
liverpool	4	11309
lübnan'daki	4	11310
mtv	4	11311
macron'un	4	11312
madem	4	11313
madrid'de	4	11314
madrid'e	4	11315
mahkemesinde	4	11316
mahmud	4	11317
malta	4	11318
maraş	4	11319
mazhar	4	11320
meclisi'nde	4	11321
meclisi'nin	4	11322
mehmetçik	4	11323
meler	4	11324
melike	4	11325
memduh	4	11326
memnu	4	11327
mendes	4	11328
meriç	4	11329
mersin'i	4	11330
metehan	4	11331
meydanı'na	4	11332
mezarlığı'nda	4	11333
midyat	4	11334
migros	4	11335
mimarlar	4	11336
mourinho'nun	4	11337
muharip	4	11338
muğla'da	4	11339
müsiad	4	11340
mücahit	4	11341
müdürlüğü'nden	4	11342
müdürlüğünün	4	11343
müftülüğü	4	11344
müftüsü	4	11345
mühendisliği	4	11346
münevver	4	11347
müslümanları	4	11348
nasa	4	11349
nato'ya	4	11350
nacar	4	11351
napoli	4	11352
news	4	11353
nisan'dan	4	11354
norveç'in	4	11355
norveçli	4	11356
o'nun	4	11357
oecd	4	11358
orc	4	11359
okulu'nda	4	11360
olympiakos	4	11361
ortaokulu	4	11362
ortaokulu'nda	4	11363
ortodoks	4	11364
otoyolu'nda	4	11365
ovacık	4	11366
oğlak	4	11367
pkk'nın	4	11368
pakistan'ın	4	11369
panama	4	11370
parkı'nda	4	11371
parti'de	4	11372
pegasus	4	11373
pehlivan	4	11374
pelin	4	11375
peru	4	11376
pistorius	4	11377
pixel	4	11378
piyango	4	11379
polat'ın	4	11380
polonyalı	4	11381
prensesi	4	11382
rams	4	11383
rabia	4	11384
rauf	4	11385
reha	4	11386
reis	4	11387
renault	4	11388
restoranlar	4	11389
rio	4	11390
riyad	4	11391
rusların	4	11392
ryder	4	11393
segbis	4	11394
sakarya'da	4	11395
samsun'un	4	11396
san	4	11397
sanayicileri	4	11398
santa	4	11399
santos	4	11400
sapanca	4	11401
savcılığı	4	11402
selen	4	11403
sevim	4	11404
silopi	4	11405
silva	4	11406
sisi	4	11407
slovenya	4	11408
soylu'nun	4	11409
spor'un	4	11410
sport	4	11411
stanley	4	11412
steinmeier	4	11413
stephen	4	11414
sultanlar	4	11415
sığmazam	4	11416
t	4	11417
tff'nin	4	11418
tgrt	4	11419
tır'ın	4	11420
tl'sinde	4	11421
ttk	4	11422
tv'nin	4	11423
tacikistan	4	11424
tadic'in	4	11425
taha	4	11426
tahrir	4	11427
tamer	4	11428
tarsus	4	11429
tarık	4	11430
tayfur	4	11431
tayvan	4	11432
tayyar	4	11433
taştan	4	11434
tekke	4	11435
tiggo	4	11436
timleri	4	11437
topal	4	11438
toplantısı'nda	4	11439
torun	4	11440
tosun	4	11441
tufan	4	11442
tuncay	4	11443
tunceli	4	11444
tunus	4	11445
tusk	4	11446
tuğgeneral	4	11447
tuğçe	4	11448
tümgeneral	4	11449
türk'ün	4	11450
türkevi'nde	4	11451
türklerin	4	11452
uad	4	11453
united	4	11454
ursula	4	11455
uzuner	4	11456
vadisi'nin	4	11457
van'da	4	11458
van'ın	4	11459
victor	4	11460
volkswagen	4	11461
vural	4	11462
watch	4	11463
william	4	11464
windows	4	11465
yht	4	11466
yakası'nda	4	11467
yakup	4	11468
yalova	4	11469
yalçınkaya	4	11470
yaman	4	11471
yapıcıoğlu	4	11472
yazıcıoğlu	4	11473
yağız	4	11474
yener	4	11475
yeniçağa	4	11476
yenişehirlioğlu	4	11477
yeşiller	4	11478
yoav	4	11479
yolunuz	4	11480
yılmaz'ın	4	11481
zaha	4	11482
zeybek	4	11483
zeytinburnu	4	11484
ziyech	4	11485
abi	4	11486
acılar	4	11487
acılarını	4	11488
adaletli	4	11489
adaletsizlik	4	11490
adamlar	4	11491
adayımız	4	11492
adlandırılır	4	11493
adres	4	11494
adresinde	4	11495
adımdır	4	11496
adındaki	4	11497
ahır	4	11498
ailemize	4	11499
aittir	4	11500
akademisyen	4	11501
akademisyenler	4	11502
akrabalarının	4	11503
aktardığı	4	11504
aktarma	4	11505
aktive	4	11506
aktiviteler	4	11507
akımına	4	11508
akışını	4	11509
akşamları	4	11510
alacaklar	4	11511
alalım	4	11512
alamadık	4	11513
aldığım	4	11514
aldığınız	4	11515
alenen	4	11516
alerjik	4	11517
alerjisi	4	11518
alet	4	11519
aletler	4	11520
alfabesi	4	11521
almadan	4	11522
almalarını	4	11523
almalıdır	4	11524
almaması	4	11525
almanın	4	11526
almasına	4	11527
alnından	4	11528
altyapısının	4	11529
altıncı	4	11530
alınacağını	4	11531
alındıktan	4	11532
alınma	4	11533
alınmaması	4	11534
alırlar	4	11535
alışverişi	4	11536
ambalajın	4	11537
ambargo	4	11538
ambargosu	4	11539
ambulanslarla	4	11540
anbean	4	11541
andaki	4	11542
anketlerde	4	11543
anlamlara	4	11544
anlamsız	4	11545
anlarını	4	11546
anlatıldı	4	11547
anlatımı	4	11548
anlayabilmek	4	11549
anlayışlı	4	11550
anlayışın	4	11551
anlaşmak	4	11552
anlaşmasına	4	11553
anlaşmasıyla	4	11554
anlaşmazlıklar	4	11555
anlaşılan	4	11556
anlaşılır	4	11557
annesiyle	4	11558
antibiyotik	4	11559
arabasını	4	11560
aracılığı	4	11561
aradığı	4	11562
aralıkta	4	11563
aralığına	4	11564
aramak	4	11565
arasındaydı	4	11566
arasını	4	11567
arazinin	4	11568
araçlardan	4	11569
arkadaşlarını	4	11570
arkadaşlarının	4	11571
arkasındaki	4	11572
arkasından	4	11573
armağan	4	11574
arsayı	4	11575
artacak	4	11576
artmasından	4	11577
artmış	4	11578
arttırarak	4	11579
arttırmak	4	11580
arttırılması	4	11581
artışların	4	11582
arzusu	4	11583
arzında	4	11584
arızası	4	11585
asansör	4	11586
asitleri	4	11587
askere	4	11588
asıllı	4	11589
atamalar	4	11590
atanacak	4	11591
ateşkesin	4	11592
atladı	4	11593
atmıştır	4	11594
atıldığı	4	11595
atın	4	11596
avukatların	4	11597
ayaklar	4	11598
ayları	4	11599
ayrılmıştı	4	11600
ayrıntıları	4	11601
ayrıntılarını	4	11602
azalacağı	4	11603
azaldığı	4	11604
azaltan	4	11605
azaltarak	4	11606
azaltmayı	4	11607
azalıyor	4	11608
azalış	4	11609
açabileceği	4	11610
açacaktır	4	11611
açlıktan	4	11612
açmasını	4	11613
açmıştır	4	11614
açıklamak	4	11615
açıklamanın	4	11616
açıklamasıyla	4	11617
açıklanırken	4	11618
açıklanıyor	4	11619
açıklayacağı	4	11620
açıp	4	11621
açığa	4	11622
ağaçlandırma	4	11623
ağaçları	4	11624
ağzı	4	11625
ağırlaştırılmış	4	11626
ağırlığında	4	11627
ağızda	4	11628
aşaması	4	11629
aşamasına	4	11630
aşamaya	4	11631
aştığı	4	11632
aştığını	4	11633
babasından	4	11634
badem	4	11635
baka	4	11636
bakterilerin	4	11637
baktım	4	11638
bakılıyor	4	11639
bakımına	4	11640
balkondan	4	11641
balıklar	4	11642
bankaları	4	11643
bankalarından	4	11644
bariyere	4	11645
basketbolcu	4	11646
baskılar	4	11647
baskınları	4	11648
baskıya	4	11649
basımı	4	11650
batan	4	11651
bazılarında	4	11652
bazılarını	4	11653
bağladı	4	11654
bağladığını	4	11655
bağlanarak	4	11656
bağlıdır	4	11657
bağımlılığı	4	11658
bağımlılığın	4	11659
bağımlısı	4	11660
bağımsızlığını	4	11661
başaran	4	11662
başardık	4	11663
başarıda	4	11664
başarılarını	4	11665
başarılarıyla	4	11666
başarısıyla	4	11667
başarısızlığı	4	11668
başkanlarından	4	11669
başkanlarını	4	11670
başkanlarıyla	4	11671
başkanım	4	11672
başkası	4	11673
başkasının	4	11674
başla	4	11675
başladıklarını	4	11676
başladığımız	4	11677
başlangıcında	4	11678
başlangıçta	4	11679
başlanmıştır	4	11680
başları	4	11681
başlatarak	4	11682
başlatmış	4	11683
başlatılması	4	11684
başlatılmıştı	4	11685
başlık	4	11686
başvurulan	4	11687
başvurusunu	4	11688
başıma	4	11689
başımıza	4	11690
başımızın	4	11691
başındaki	4	11692
be	4	11693
beklentilerine	4	11694
bekleyenler	4	11695
bekleyiş	4	11696
bekliyordu	4	11697
beldesinde	4	11698
belediyeciliğin	4	11699
belediyedeki	4	11700
belediyeden	4	11701
belgesine	4	11702
belirlenmiş	4	11703
belirlenmiştir	4	11704
belirler	4	11705
belirsizliğin	4	11706
belirtilmişti	4	11707
belirttiler	4	11708
benziyor	4	11709
beraberliği	4	11710
besinleri	4	11711
besinlerle	4	11712
beslediği	4	11713
beslenmek	4	11714
beslenmesi	4	11715
besleyici	4	11716
beyazlı	4	11717
bildiklerini	4	11718
bildiri	4	11719
bildirilen	4	11720
bildiriliyor	4	11721
bileti	4	11722
bileşik	4	11723
bilincindeyiz	4	11724
bilincini	4	11725
bilinirler	4	11726
bilinçaltındaki	4	11727
bilinçlendirme	4	11728
biliyorduk	4	11729
biliyorlar	4	11730
bilmem	4	11731
bindiğini	4	11732
binen	4	11733
birbirini	4	11734
birbiriyle	4	11735
bire	4	11736
birebir	4	11737
birimine	4	11738
biriydi	4	11739
birleşince	4	11740
bitirilmesi	4	11741
bitirme	4	11742
bitmeyen	4	11743
bitmiş	4	11744
bombalaması	4	11745
bombası	4	11746
borcun	4	11747
borçların	4	11748
borçlarının	4	11749
bot	4	11750
boyut	4	11751
boyutlara	4	11752
bozabilir	4	11753
boğaz	4	11754
boğularak	4	11755
boğulma	4	11756
boşa	4	11757
branşında	4	11758
bulaşıcı	4	11759
bulunabiliyor	4	11760
bulunmasının	4	11761
bulunmaya	4	11762
bulunuyoruz	4	11763
bulup	4	11764
bulur	4	11765
buluşarak	4	11766
buluştuğu	4	11767
burcunun	4	11768
buzdolabında	4	11769
bölgelerden	4	11770
bölümler	4	11771
böylesi	4	11772
bütçenin	4	11773
bütçeye	4	11774
büyümeyi	4	11775
büyüsü	4	11776
büyüyor	4	11777
bırakacak	4	11778
bırakması	4	11779
bırakmayacağız	4	11780
bırakmayan	4	11781
bıraktım	4	11782
bıçaklayıp	4	11783
caizdir	4	11784
camiasının	4	11785
camilerde	4	11786
camiyi	4	11787
canla	4	11788
canlılık	4	11789
casusluk	4	11790
cc	4	11791
cemaat	4	11792
cenneti	4	11793
cephe	4	11794
cesaretle	4	11795
cesedini	4	11796
cevapladı	4	11797
cezaevinden	4	11798
cezaları	4	11799
cezaların	4	11800
cihazlar	4	11801
cihazlarla	4	11802
cihazlarının	4	11803
coşkulu	4	11804
cümle	4	11805
dalgası	4	11806
dalında	4	11807
damadı	4	11808
dansları	4	11809
davasını	4	11810
davayla	4	11811
daveti	4	11812
davetliler	4	11813
davranışlar	4	11814
davul	4	11815
dayak	4	11816
dayanamayan	4	11817
dayanıklılık	4	11818
dayanır	4	11819
dağın	4	11820
defans	4	11821
deme	4	11822
demedik	4	11823
demeçte	4	11824
den	4	11825
dendi	4	11826
denemek	4	11827
denetimi	4	11828
denetimlere	4	11829
denetimleri	4	11830
deney	4	11831
deneyimleri	4	11832
deneyimlerini	4	11833
dengelemek	4	11834
dengeleri	4	11835
denilerek	4	11836
denizaltı	4	11837
depo	4	11838
depoya	4	11839
depremleri	4	11840
depremzede	4	11841
derbisi	4	11842
dergisinde	4	11843
derinliklerinde	4	11844
dert	4	11845
destan	4	11846
destekleyecek	4	11847
destekleyerek	4	11848
destekleyici	4	11849
destekçileri	4	11850
desteğinden	4	11851
desteğinin	4	11852
detaylara	4	11853
detoks	4	11854
devleri	4	11855
devri	4	11856
deyimiyle	4	11857
dezenflasyon	4	11858
değerindeki	4	11859
değerlendirdik	4	11860
değerlidir	4	11861
değinerek	4	11862
değişimler	4	11863
değişirken	4	11864
değiştirmenin	4	11865
dikenli	4	11866
dikkatlice	4	11867
dilekleri	4	11868
dilekçesi	4	11869
dilekçesinde	4	11870
dileyen	4	11871
dileğinde	4	11872
dinledi	4	11873
dinleyen	4	11874
direk	4	11875
direncini	4	11876
direnen	4	11877
disiplini	4	11878
diyordu	4	11879
diz	4	11880
diziler	4	11881
dizilerde	4	11882
dolaşan	4	11883
dolaşımı	4	11884
dolup	4	11885
dolusu	4	11886
donanımlı	4	11887
donatıldı	4	11888
donmuş	4	11889
dostane	4	11890
dostum	4	11891
dosyasına	4	11892
doğaseverler	4	11893
doğmuş	4	11894
doğrulandı	4	11895
dron	4	11896
duaların	4	11897
duası	4	11898
duracağız	4	11899
durduk	4	11900
durdurması	4	11901
durdurmaya	4	11902
durdurulan	4	11903
durgunluk	4	11904
durmak	4	11905
durması	4	11906
durumdadır	4	11907
durumdaki	4	11908
durumlara	4	11909
durumlarına	4	11910
durumundayız	4	11911
durumuyla	4	11912
duruşmanın	4	11913
duruşmasında	4	11914
duruşun	4	11915
duvarına	4	11916
duyarlılık	4	11917
duygularla	4	11918
duyguların	4	11919
duygusu	4	11920
duymak	4	11921
duyulduğunu	4	11922
duyuru	4	11923
duyurulacak	4	11924
duyurusu	4	11925
duyuyor	4	11926
duyuyorum	4	11927
dökerek	4	11928
dökülmesini	4	11929
döndüğü	4	11930
dönemindeki	4	11931
dönemleri	4	11932
dönümünü	4	11933
dönüşmesi	4	11934
dünyasından	4	11935
düzeltilmesi	4	11936
düzenledikleri	4	11937
düzenlediğini	4	11938
düzenlemelerin	4	11939
düzenlemelerine	4	11940
düzenlemelerle	4	11941
düzenlendiğini	4	11942
düzenleniyor	4	11943
düzenleyecek	4	11944
düğmeye	4	11945
düşünceleri	4	11946
düşünün	4	11947
düşürüyor	4	11948
düşüşün	4	11949
edebileceğiniz	4	11950
edeceğimiz	4	11951
edeceğine	4	11952
edemeyen	4	11953
edemez	4	11954
edilemeyecek	4	11955
edilenleri	4	11956
edilmeden	4	11957
edilmelidir	4	11958
edilmesinden	4	11959
edindi	4	11960
ehliyetsiz	4	11961
ekipte	4	11962
ekleme	4	11963
eklenerek	4	11964
ekleyip	4	11965
ekosistem	4	11966
ekosisteminin	4	11967
ekranda	4	11968
eksi	4	11969
eksiklikler	4	11970
elastikiyetini	4	11971
elendi	4	11972
ellerde	4	11973
ellerini	4	11974
elleriyle	4	11975
emaneti	4	11976
emeklilerimiz	4	11977
emrini	4	11978
encümen	4	11979
endüstrisinin	4	11980
enerjide	4	11981
enfeksiyonlara	4	11982
enflasyonunun	4	11983
engellendiğini	4	11984
engellenmesi	4	11985
engeller	4	11986
erişimini	4	11987
erteleme	4	11988
esasen	4	11989
esasına	4	11990
eserlerinden	4	11991
esnafının	4	11992
etkilerinin	4	11993
etkileşime	4	11994
etkinliğini	4	11995
etkisinin	4	11996
etlerin	4	11997
etmedim	4	11998
etmekle	4	11999
etmemesi	4	12000
ettirilmesi	4	12001
ettirmek	4	12002
ettiğim	4	12003
ettiğinde	4	12004
ettiğiniz	4	12005
evime	4	12006
evinizde	4	12007
evlat	4	12008
evlenme	4	12009
evlerini	4	12010
eylemin	4	12011
eylemlerine	4	12012
ezmesi	4	12013
eğilim	4	12014
eğilimindedir	4	12015
eşdeğer	4	12016
eşek	4	12017
eşitlikle	4	12018
eşitliği	4	12019
eşleşti	4	12020
eşyalar	4	12021
faaliyetlerin	4	12022
fabrikanın	4	12023
faizin	4	12024
faizlerin	4	12025
fakirlik	4	12026
faktörlere	4	12027
faktörü	4	12028
farklılıklar	4	12029
farkındalığı	4	12030
farkındalığını	4	12031
farkını	4	12032
favori	4	12033
faydalıdır	4	12034
fazladan	4	12035
fazlasıyla	4	12036
federasyonun	4	12037
felaketi	4	12038
felsefesi	4	12039
ferahlık	4	12040
festivaller	4	12041
fiili	4	12042
fikrin	4	12043
filmini	4	12044
fiyatlamalarda	4	12045
fiyatlandırma	4	12046
fiyatlara	4	12047
fiyatlarda	4	12048
fiyatın	4	12049
fonksiyonel	4	12050
fonların	4	12051
for	4	12052
formu	4	12053
fotoğrafına	4	12054
futbolculardan	4	12055
futbolcuların	4	12056
futbolcumuz	4	12057
futbolun	4	12058
fırsatlarını	4	12059
fırsatta	4	12060
fırtınaya	4	12061
gasp	4	12062
gazetecileri	4	12063
gecenin	4	12064
geldiğine	4	12065
gelecektir	4	12066
geleceğiz	4	12067
gelene	4	12068
gelenin	4	12069
gelinlik	4	12070
gelirini	4	12071
gelirleri	4	12072
geliyorum	4	12073
gelişiyle	4	12074
geliştirdiğimiz	4	12075
geliştirerek	4	12076
geliştirmeye	4	12077
gelmişim	4	12078
gemileri	4	12079
genelge	4	12080
geneli	4	12081
genelinin	4	12082
genişlemesi	4	12083
gerekenler	4	12084
gereklidir	4	12085
gerekçesi	4	12086
gerileyerek	4	12087
gerilimi	4	12088
gerçekleri	4	12089
gerçekleşirken	4	12090
gerçekleşmiştir	4	12091
gerçekleştireceği	4	12092
gerçeklik	4	12093
gerçeğe	4	12094
getirdikleri	4	12095
getirdiklerini	4	12096
getirdim	4	12097
getirdiğini	4	12098
getireceğini	4	12099
getirildiği	4	12100
getirilmesine	4	12101
getirin	4	12102
getiriyoruz	4	12103
getirmiştir	4	12104
gezen	4	12105
geçemeden	4	12106
geçerlidir	4	12107
geçersiz	4	12108
geçirdiklerini	4	12109
geçirdikten	4	12110
geçirdiğimiz	4	12111
geçireceğiz	4	12112
geçirilmiş	4	12113
geçiriyoruz	4	12114
geçirmeyi	4	12115
geçişinde	4	12116
geçme	4	12117
geçmektedir	4	12118
geçmişe	4	12119
geçtik	4	12120
gideceği	4	12121
gideceğim	4	12122
giderim	4	12123
gidilecek	4	12124
gidilen	4	12125
gidilir	4	12126
gidiliyor	4	12127
girdikten	4	12128
gireceğini	4	12129
girişimcilik	4	12130
girişimde	4	12131
girişimlerin	4	12132
gitmedi	4	12133
gittikleri	4	12134
giyemeyecek	4	12135
giyerek	4	12136
gizliliği	4	12137
goller	4	12138
golleriyle	4	12139
gr	4	12140
greve	4	12141
grubundaki	4	12142
gruplara	4	12143
gökyüzüne	4	12144
gönderilen	4	12145
gönderme	4	12146
gördükleri	4	12147
gördüklerini	4	12148
gördükten	4	12149
gördünüz	4	12150
gördüğünüz	4	12151
görebiliyoruz	4	12152
görece	4	12153
görerek	4	12154
görevlerde	4	12155
görevleri	4	12156
görmedi	4	12157
görmekten	4	12158
görmeniz	4	12159
görülmeye	4	12160
görünmesi	4	12161
görünmesini	4	12162
görünmez	4	12163
görüntülerine	4	12164
görüntülü	4	12165
görüntünün	4	12166
görünüme	4	12167
görüp	4	12168
görüşmelerinde	4	12169
görüşmelerinin	4	12170
gösterdik	4	12171
gösterileriyle	4	12172
gösterilmesi	4	12173
gösterime	4	12174
göstermiyor	4	12175
götürdü	4	12176
götüren	4	12177
gözdesi	4	12178
gözlem	4	12179
gözlemleniyor	4	12180
gözlendi	4	12181
gözleri	4	12182
gözlüğü	4	12183
gözünde	4	12184
gücün	4	12185
güncelledi	4	12186
güncellemeler	4	12187
gündemindeki	4	12188
gündeminden	4	12189
güneşli	4	12190
güvenliğe	4	12191
güçlendirdik	4	12192
güçlendirilmesi	4	12193
güçlendirme	4	12194
güçlerini	4	12195
haberimiz	4	12196
haciz	4	12197
haftadır	4	12198
haftalar	4	12199
haftasına	4	12200
hakemin	4	12201
hakemlerin	4	12202
hakimi	4	12203
hakkından	4	12204
hamur	4	12205
hanedan	4	12206
haneli	4	12207
hanımlarına	4	12208
hapisle	4	12209
harcaması	4	12210
hareketini	4	12211
hareketli	4	12212
harfi	4	12213
harikası	4	12214
hastalarımız	4	12215
hatlarda	4	12216
hatlarına	4	12217
hattına	4	12218
hatırlamıyorum	4	12219
hatırlatılması	4	12220
hatırlatıyor	4	12221
havalanan	4	12222
havalandırdı	4	12223
hayatımıza	4	12224
hayatımızın	4	12225
hayatıyla	4	12226
hayranlarını	4	12227
hazırladık	4	12228
hekimleri	4	12229
hesabınızı	4	12230
hesaplarının	4	12231
heyetinin	4	12232
hisseder	4	12233
hissedildiği	4	12234
hisseleri	4	12235
hissini	4	12236
hizmetinden	4	12237
hizmetlerden	4	12238
hizmetlerini	4	12239
hocayla	4	12240
hor	4	12241
hortum	4	12242
husumet	4	12243
hücreleri	4	12244
hür	4	12245
hızlandırmak	4	12246
ibadetler	4	12247
icat	4	12248
iddialarının	4	12249
idman	4	12250
ifadesinin	4	12251
ihlalleri	4	12252
ihracata	4	12253
ihtimaline	4	12254
ikisini	4	12255
ikram	4	12256
ilanlar	4	12257
ilaçlarla	4	12258
ilerlemesi	4	12259
iletişimin	4	12260
ilgisinin	4	12261
ili	4	12262
ilimiz	4	12263
ilimize	4	12264
ilimizi	4	12265
ilimizin	4	12266
iliği	4	12267
ilişkilendirilir	4	12268
ilişkilerinde	4	12269
ilişkili	4	12270
ilişkinin	4	12271
ilkbahar	4	12272
ilçedeki	4	12273
imkanlarının	4	12274
imzalayan	4	12275
imzasıyla	4	12276
inanılır	4	12277
incelemelerin	4	12278
incelemesi	4	12279
indirmek	4	12280
indirmeye	4	12281
inek	4	12282
inerek	4	12283
inisiyatif	4	12284
insanımız	4	12285
internette	4	12286
intibak	4	12287
inç	4	12288
inşası	4	12289
ip	4	12290
iradenin	4	12291
iradesi	4	12292
irtibat	4	12293
ispat	4	12294
istasyonunda	4	12295
istemediğini	4	12296
istemeyen	4	12297
istemişti	4	12298
isterken	4	12299
isterseniz	4	12300
isteyerek	4	12301
isteğim	4	12302
istifade	4	12303
istifası	4	12304
istikrarını	4	12305
istiyordum	4	12306
ithalatı	4	12307
itibarını	4	12308
itirazın	4	12309
ittifakın	4	12310
ittifakının	4	12311
iyidir	4	12312
iyileşmesi	4	12313
iyileştirilmesi	4	12314
iyileştirme	4	12315
iyileştirmek	4	12316
iyiyim	4	12317
izah	4	12318
izi	4	12319
izleyicilerin	4	12320
izole	4	12321
içerikleri	4	12322
içeriklerin	4	12323
içerisindeyiz	4	12324
içindeyiz	4	12325
içinse	4	12326
içiyorum	4	12327
işaretleri	4	12328
işgalcilerin	4	12329
işgalin	4	12330
işgaline	4	12331
işlemin	4	12332
işleminin	4	12333
işlerimizi	4	12334
işlerine	4	12335
işletim	4	12336
işlev	4	12337
işsiz	4	12338
işyerinde	4	12339
işçilerle	4	12340
işçiye	4	12341
jürinin	4	12342
kademelerinde	4	12343
kahvaltıda	4	12344
kalanların	4	12345
kalbimizde	4	12346
kalbini	4	12347
kaldıracağız	4	12348
kaldırarak	4	12349
kaldırılmasının	4	12350
kaldırım	4	12351
kaldırıma	4	12352
kalecisi	4	12353
kalemleri	4	12354
kalitesiyle	4	12355
kalktı	4	12356
kalmadığı	4	12357
kalmasına	4	12358
kalmayıp	4	12359
kalınarak	4	12360
kalınca	4	12361
kamerada	4	12362
kameralarına	4	12363
kameralarını	4	12364
kampanyasına	4	12365
kampanyasının	4	12366
kamuoyuyla	4	12367
kamyona	4	12368
kamyonete	4	12369
kanama	4	12370
kansere	4	12371
kanunun	4	12372
kanununa	4	12373
kanıtladı	4	12374
kapasiteli	4	12375
kapasitesinin	4	12376
kapatarak	4	12377
kapatmak	4	12378
kapattık	4	12379
kapatılması	4	12380
kapağı	4	12381
kapağında	4	12382
kaplandı	4	12383
kaplı	4	12384
kapsamı	4	12385
kapılar	4	12386
kapıları	4	12387
karakterler	4	12388
kararlılığı	4	12389
karaya	4	12390
karayolunun	4	12391
kardeşimiz	4	12392
kardeşlerimizi	4	12393
kardeşlerin	4	12394
kardiyoloji	4	12395
kartla	4	12396
kartlarına	4	12397
kartına	4	12398
karşıladıklarını	4	12399
karşılamaya	4	12400
karşılanıyor	4	12401
karşılarına	4	12402
karşılaşabilir	4	12403
karşılaşmasının	4	12404
karşılaşmaya	4	12405
karşılıyor	4	12406
karşınıza	4	12407
kast	4	12408
kasıtlı	4	12409
katalog	4	12410
kategoride	4	12411
katkılarda	4	12412
katkılarıyla	4	12413
katkıyı	4	12414
katlanarak	4	12415
katliama	4	12416
katliamın	4	12417
kattığı	4	12418
katılacağını	4	12419
katılımla	4	12420
katılımını	4	12421
katından	4	12422
kavun	4	12423
kavurucu	4	12424
kavurun	4	12425
kavşağında	4	12426
kaybettik	4	12427
kaydıyla	4	12428
kaynaklarımızı	4	12429
kaynakların	4	12430
kazalara	4	12431
kazancıyla	4	12432
kazandırdı	4	12433
kazandırmış	4	12434
kazandırır	4	12435
kazandığını	4	12436
kazanma	4	12437
kazanmayı	4	12438
kazançlar	4	12439
kazanılan	4	12440
kazayla	4	12441
kaçarak	4	12442
kaçıran	4	12443
kaçırma	4	12444
kaçırmayın	4	12445
kedileri	4	12446
kemiği	4	12447
kemoterapi	4	12448
kendim	4	12449
kendimiz	4	12450
kentimizin	4	12451
kesici	4	12452
kesilecek	4	12453
kesilen	4	12454
kesilerek	4	12455
kesilmesine	4	12456
kesip	4	12457
kestiği	4	12458
keyifle	4	12459
keşfedildi	4	12460
keşfetmeye	4	12461
kilitlenmiş	4	12462
kiloluk	4	12463
kimseden	4	12464
kiracılar	4	12465
kiraya	4	12466
kitaplar	4	12467
kitle	4	12468
kitleye	4	12469
kokan	4	12470
kolluk	4	12471
kolon	4	12472
koltukta	4	12473
kombine	4	12474
komşuluk	4	12475
komşusu	4	12476
kongrede	4	12477
konserde	4	12478
konseri	4	12479
konserler	4	12480
konsolide	4	12481
kontenjan	4	12482
kontrolleri	4	12483
kontrollerini	4	12484
kontrolün	4	12485
kontrolündeki	4	12486
konulduğu	4	12487
konumuna	4	12488
konusunun	4	12489
konutlarda	4	12490
konutları	4	12491
konutu	4	12492
konutunun	4	12493
konuşmasına	4	12494
konuşuldu	4	12495
konuşulduğu	4	12496
konuşuyor	4	12497
kopmuş	4	12498
korkutucu	4	12499
koruduğunu	4	12500
koruması	4	12501
korumasına	4	12502
korumayı	4	12503
koruyup	4	12504
kovan	4	12505
koyduğumuz	4	12506
koymayı	4	12507
koşarken	4	12508
kriterleri	4	12509
krize	4	12510
krizlere	4	12511
krizlerin	4	12512
krom	4	12513
kruvaziyer	4	12514
kulağa	4	12515
kullanabilir	4	12516
kullananlar	4	12517
kullananların	4	12518
kullanılabilen	4	12519
kullanılmak	4	12520
kullanılmaya	4	12521
kullanımını	4	12522
kullanıyorsanız	4	12523
kulübe	4	12524
kupalarında	4	12525
kuracağı	4	12526
kuracağız	4	12527
kuraklık	4	12528
kurallar	4	12529
kurar	4	12530
kurbanlık	4	12531
kursları	4	12532
kurslarında	4	12533
kurtarmaya	4	12534
kuruldu	4	12535
kurulduğu	4	12536
kurulmasını	4	12537
kurultay	4	12538
kuruluşlarına	4	12539
kuruma	4	12540
kurumlarımızın	4	12541
kurumlarına	4	12542
kurunda	4	12543
kurundaki	4	12544
kurye	4	12545
kutlanıyor	4	12546
kutlayacak	4	12547
kutluyoruz	4	12548
kutusuna	4	12549
kuşlar	4	12550
köklerini	4	12551
köpeğin	4	12552
köprüye	4	12553
küfürler	4	12554
kürsüde	4	12555
kılavuzu	4	12556
kınadı	4	12557
kırarak	4	12558
kırsalda	4	12559
kırıklığı	4	12560
kırıldı	4	12561
kırılma	4	12562
kırılmış	4	12563
kısmından	4	12564
kısımları	4	12565
kısırlaştırma	4	12566
kısıtlamaları	4	12567
kısıtlaması	4	12568
kısıtlanması	4	12569
kıvam	4	12570
kıyafet	4	12571
kızartma	4	12572
kızlarının	4	12573
kızıyla	4	12574
layıkıyla	4	12575
lehine	4	12576
lens	4	12577
liderliğindeki	4	12578
lisanslı	4	12579
logosu	4	12580
lot	4	12581
maaşlarında	4	12582
maaşlarının	4	12583
macunu	4	12584
maddenin	4	12585
maddesinde	4	12586
mahallelerde	4	12587
mahkumların	4	12588
makamlarca	4	12589
makinası	4	12590
makineleriyle	4	12591
makinesine	4	12592
maksimize	4	12593
maliyetlere	4	12594
maliyetlerindeki	4	12595
malları	4	12596
mallarında	4	12597
malı	4	12598
mantarlar	4	12599
manyetik	4	12600
markalar	4	12601
markasının	4	12602
markete	4	12603
marketin	4	12604
maçlarının	4	12605
mağazanın	4	12606
mağduriyet	4	12607
mağlubiyetini	4	12608
mağlubiyetle	4	12609
mecbur	4	12610
mekanizma	4	12611
menfaat	4	12612
mercek	4	12613
merdiven	4	12614
merkezin	4	12615
merkezlerinde	4	12616
mermisi	4	12617
meselesinin	4	12618
mesken	4	12619
mesleğe	4	12620
mesleği	4	12621
metabolizmayı	4	12622
metreküplük	4	12623
metroyu	4	12624
mevsimlik	4	12625
mevzuata	4	12626
meydanlarda	4	12627
mezarları	4	12628
meşin	4	12629
miktarlarda	4	12630
miktarın	4	12631
mil	4	12632
mimarisi	4	12633
mimarı	4	12634
mini	4	12635
miydi	4	12636
modeline	4	12637
modeliyle	4	12638
modellerin	4	12639
modellerinde	4	12640
mola	4	12641
moloz	4	12642
motivasyonunu	4	12643
motive	4	12644
muhabiri	4	12645
muhabirinin	4	12646
muhalefeti	4	12647
musun	4	12648
mutabakata	4	12649
mutfağında	4	12650
mutsuz	4	12651
müddet	4	12652
müfettiş	4	12653
mühendisi	4	12654
mürettebatı	4	12655
müzakerelere	4	12656
müzisyen	4	12657
na	4	12658
namazın	4	12659
namus	4	12660
nazik	4	12661
nedenine	4	12662
nefret	4	12663
neleri	4	12664
nevi	4	12665
neşeli	4	12666
nitelendiren	4	12667
nitelendirilen	4	12668
nohut	4	12669
noktalarından	4	12670
noktayı	4	12671
normalde	4	12672
normalleri	4	12673
normallerinin	4	12674
normalleşmenin	4	12675
nöbet	4	12676
nüfusuna	4	12677
nüfusunun	4	12678
nüfuz	4	12679
ocağın	4	12680
odun	4	12681
odur	4	12682
ofisinde	4	12683
ofsayt	4	12684
okudu	4	12685
okuduğu	4	12686
okunan	4	12687
okunması	4	12688
okuyarak	4	12689
olabilirdi	4	12690
olabilmek	4	12691
olacaksa	4	12692
olacaktı	4	12693
olamayacağını	4	12694
olanları	4	12695
olanın	4	12696
olaylarda	4	12697
olayını	4	12698
olduklarına	4	12699
olduğunca	4	12700
olmadıkça	4	12701
olmalıyız	4	12702
olmamalı	4	12703
olmasında	4	12704
olmasıyla	4	12705
olmayacaktır	4	12706
olmazdı	4	12707
olmazken	4	12708
olursak	4	12709
olursanız	4	12710
oluruz	4	12711
oluyorlar	4	12712
oluşturma	4	12713
oluşturmaya	4	12714
oluşturulması	4	12715
oluşturulmasını	4	12716
onayladığı	4	12717
operasyonel	4	12718
operasyonlarını	4	12719
oranın	4	12720
oranıyla	4	12721
orduya	4	12722
ortadadır	4	12723
ortaklık	4	12724
ortalamanın	4	12725
ortama	4	12726
otomobiller	4	12727
oturumunda	4	12728
oylamaya	4	12729
oylar	4	12730
oynama	4	12731
oynamıştır	4	12732
oynarken	4	12733
oynayarak	4	12734
oyuncuya	4	12735
oyundan	4	12736
oyununu	4	12737
oğluna	4	12738
oğluyla	4	12739
oğul	4	12740
paketten	4	12741
paralarını	4	12742
paraya	4	12743
parkın	4	12744
parsel	4	12745
partiden	4	12746
partilerinin	4	12747
partisini	4	12748
parçasıdır	4	12749
pasaport	4	12750
pasaportu	4	12751
pasif	4	12752
patlamalar	4	12753
patlayıcı	4	12754
paylaşacak	4	12755
paylaşma	4	12756
paylaştık	4	12757
paylaşımlarda	4	12758
paylaşımına	4	12759
paylaşıyoruz	4	12760
pazarlarda	4	12761
pazarlarına	4	12762
pazarını	4	12763
performansları	4	12764
personeller	4	12765
pestisit	4	12766
pilotu	4	12767
pirinç	4	12768
pist	4	12769
piyasasının	4	12770
pişmanlık	4	12771
platformunda	4	12772
polisinin	4	12773
polisleri	4	12774
polisten	4	12775
politikalarını	4	12776
popülist	4	12777
portföy	4	12778
pozisyona	4	12779
pozisyonları	4	12780
profil	4	12781
programla	4	12782
programımız	4	12783
programıyla	4	12784
projesiyle	4	12785
promosyonu	4	12786
protokolde	4	12787
provoke	4	12788
pudra	4	12789
püf	4	12790
rahatlatmak	4	12791
rahatsızlıklarına	4	12792
rakiplerine	4	12793
raporlara	4	12794
raporları	4	12795
raporunun	4	12796
rapçi	4	12797
rasyonel	4	12798
rağbet	4	12799
reddederek	4	12800
reddetmesi	4	12801
reddettiği	4	12802
reformlar	4	12803
rehine	4	12804
rejimine	4	12805
renklerini	4	12806
restorana	4	12807
restore	4	12808
robotik	4	12809
roket	4	12810
rollerini	4	12811
rolüyle	4	12812
ruhsatı	4	12813
rövanş	4	12814
rüyanın	4	12815
saatlerin	4	12816
saatten	4	12817
sabahtan	4	12818
sabahı	4	12819
sabun	4	12820
sadaka	4	12821
saf	4	12822
sahibinden	4	12823
sahibini	4	12824
sahibiyle	4	12825
sahnesinde	4	12826
sahur	4	12827
sakini	4	12828
saklama	4	12829
saklanan	4	12830
saklandığı	4	12831
salatalık	4	12832
saldırmaya	4	12833
saldırısını	4	12834
sanatla	4	12835
sanatçıdır	4	12836
sanatçıları	4	12837
sanatçının	4	12838
sanatı	4	12839
sanayimizin	4	12840
sanayinde	4	12841
sanayiye	4	12842
saniyede	4	12843
santralin	4	12844
sarsan	4	12845
satarak	4	12846
satıldığını	4	12847
satıyor	4	12848
satıyoruz	4	12849
satışlarının	4	12850
satışta	4	12851
satışından	4	12852
savaşını	4	12853
savaşının	4	12854
savcılıkta	4	12855
savunarak	4	12856
savunması	4	12857
savunmasını	4	12858
savunmasız	4	12859
savunucuları	4	12860
savunurken	4	12861
saygın	4	12862
sayma	4	12863
sayılarını	4	12864
sayımızı	4	12865
sayısındaki	4	12866
sağa	4	12867
sağladık	4	12868
sağlandığını	4	12869
sağlayıcısı	4	12870
sağlıkta	4	12871
sebebinin	4	12872
seferi	4	12873
seferinde	4	12874
seferlerinin	4	12875
seks	4	12876
sektörünü	4	12877
selamladı	4	12878
senaryo	4	12879
sendikanın	4	12880
seneki	4	12881
sentetik	4	12882
sergilendi	4	12883
sergiliyor	4	12884
sermayenin	4	12885
servisine	4	12886
sesine	4	12887
seslendirdi	4	12888
sevdikleriyle	4	12889
sevinci	4	12890
seviyeyi	4	12891
seyrettiği	4	12892
seyri	4	12893
sezonki	4	12894
seçeneğini	4	12895
seçici	4	12896
seçilecek	4	12897
seçilir	4	12898
seçimden	4	12899
seçimini	4	12900
seçiminin	4	12901
seçimlerden	4	12902
seçimlerini	4	12903
seçimli	4	12904
seçmene	4	12905
seçmeni	4	12906
seçmenin	4	12907
seçti	4	12908
sigortalı	4	12909
silahların	4	12910
silahını	4	12911
sinek	4	12912
sinyali	4	12913
sistemlerin	4	12914
sitesini	4	12915
sizleri	4	12916
sloganları	4	12917
sloganı	4	12918
sloganıyla	4	12919
sofraya	4	12920
sokaklar	4	12921
sokaktan	4	12922
solo	4	12923
sonbaharda	4	12924
sonları	4	12925
sonlarında	4	12926
sonsuz	4	12927
sordum	4	12928
sorgulamak	4	12929
sorgulanıyor	4	12930
sormak	4	12931
sorularına	4	12932
sorularının	4	12933
sorulması	4	12934
sorumluluğunu	4	12935
sorunlu	4	12936
soruyor	4	12937
soyadı	4	12938
soğanı	4	12939
sponsor	4	12940
sponsorluk	4	12941
spora	4	12942
sporcularının	4	12943
sporuna	4	12944
stada	4	12945
stadyumun	4	12946
standartlarda	4	12947
standartlarına	4	12948
statüsünde	4	12949
stoku	4	12950
stresi	4	12951
sularının	4	12952
sultanı	4	12953
sunabilir	4	12954
sunacağını	4	12955
sunacağız	4	12956
sunulmasıyla	4	12957
suçlamalarıyla	4	12958
suçlarına	4	12959
suçlarını	4	12960
suçun	4	12961
suçüstü	4	12962
swap	4	12963
sömestr	4	12964
söylemiyorum	4	12965
söylemiştim	4	12966
söyleyecek	4	12967
söyleyip	4	12968
sözüne	4	12969
süpürge	4	12970
süratle	4	12971
sürdürülebilirliği	4	12972
sürdürülmesi	4	12973
sürenin	4	12974
süresine	4	12975
süreçlerin	4	12976
süreçtir	4	12977
sürmek	4	12978
sütün	4	12979
sıcaklıklarında	4	12980
sıcaklığının	4	12981
sıfırdan	4	12982
sıfırın	4	12983
sıkıntıların	4	12984
sıkışmış	4	12985
sıkıştı	4	12986
sınavlara	4	12987
sınıfta	4	12988
sınırlar	4	12989
sınırlarına	4	12990
sıraladı	4	12991
sıralamasına	4	12992
sıralandı	4	12993
sırtına	4	12994
sığınan	4	12995
sığınmacıların	4	12996
taahhüt	4	12997
tablosu	4	12998
tabuta	4	12999
tahliyesine	4	13000
tahminlerde	4	13001
takipsizlik	4	13002
takipçi	4	13003
takipçileriyle	4	13004
taksit	4	13005
taktığı	4	13006
takıldı	4	13007
takımlara	4	13008
takımlarında	4	13009
takımımız	4	13010
talebimiz	4	13011
talimatıyla	4	13012
tamamladık	4	13013
tamamlamak	4	13014
tamamlamış	4	13015
tansiyonu	4	13016
tanıkları	4	13017
tanımladı	4	13018
tanımlanıyor	4	13019
tanınmış	4	13020
tanıtan	4	13021
tanıtımına	4	13022
taraftarlarımızı	4	13023
tarafını	4	13024
tarama	4	13025
taramaları	4	13026
taraması	4	13027
tarihimiz	4	13028
tarihimizin	4	13029
tarihten	4	13030
tartışan	4	13031
tarıma	4	13032
tasarrufunda	4	13033
tasarımlar	4	13034
tasarısının	4	13035
taslak	4	13036
tatilcilerin	4	13037
tatilini	4	13038
tatmin	4	13039
taviz	4	13040
tavsiyem	4	13041
taşeron	4	13042
taşınması	4	13043
taşırken	4	13044
taşıyacağız	4	13045
taşıyarak	4	13046
tecrübe	4	13047
tedavilerinin	4	13048
tehditlere	4	13049
tehlikenin	4	13050
teknikler	4	13051
teknikleri	4	13052
televizyonda	4	13053
telif	4	13054
teller	4	13055
teması	4	13056
temelli	4	13057
temennisinde	4	13058
temizlemek	4	13059
temmuzda	4	13060
tepkilerini	4	13061
tepkisi	4	13062
tercihi	4	13063
terfi	4	13064
terleme	4	13065
terminal	4	13066
terörün	4	13067
tesisler	4	13068
testinde	4	13069
testler	4	13070
tezahürat	4	13071
titreme	4	13072
tohumu	4	13073
tokluk	4	13074
toplamı	4	13075
toplantılar	4	13076
toplantıları	4	13077
topluluk	4	13078
topraklarını	4	13079
topraklarının	4	13080
toptan	4	13081
topuna	4	13082
tozu	4	13083
trafiğine	4	13084
transit	4	13085
trendi	4	13086
turizmi	4	13087
turizminin	4	13088
turları	4	13089
turunun	4	13090
tutanak	4	13091
tutarken	4	13092
tutarının	4	13093
tutku	4	13094
tutkunları	4	13095
tutması	4	13096
tutmuş	4	13097
tutuklanmıştı	4	13098
tutulacak	4	13099
tutulan	4	13100
tutulur	4	13101
tutumunu	4	13102
tuzağına	4	13103
tuzlu	4	13104
tuzu	4	13105
töreniyle	4	13106
tüfeği	4	13107
tüketiciyi	4	13108
tüketilen	4	13109
tüketimine	4	13110
türlerden	4	13111
türüdür	4	13112
tüyleri	4	13113
tırmanan	4	13114
tırnak	4	13115
tırın	4	13116
ulaşabilirsiniz	4	13117
ulaşmayı	4	13118
ulaştıran	4	13119
ulaşıyor	4	13120
ulus	4	13121
umduklarını	4	13122
umutla	4	13123
umutlarla	4	13124
unsurlarının	4	13125
unu	4	13126
uyandıran	4	13127
uyararak	4	13128
uyarılarına	4	13129
uydu	4	13130
uyguladığımız	4	13131
uygulandığı	4	13132
uygulanmasını	4	13133
uygulayarak	4	13134
uygunsuz	4	13135
uzaklaşan	4	13136
uzaklaştı	4	13137
uzantısı	4	13138
uzatılan	4	13139
uzlaşma	4	13140
uçuruma	4	13141
uğraması	4	13142
uğraş	4	13143
uğraşan	4	13144
uğraşlar	4	13145
vaadiyle	4	13146
vardığını	4	13147
varlıklarına	4	13148
varlığının	4	13149
vatandaşlarını	4	13150
vatandaşlarının	4	13151
vazgeçilmezi	4	13152
vaziyette	4	13153
vefa	4	13154
vefatı	4	13155
velilerin	4	13156
verebileceğini	4	13157
vereceğine	4	13158
vergiler	4	13159
vergilerin	4	13160
verilecektir	4	13161
verilirken	4	13162
verilmediği	4	13163
verilmesine	4	13164
veririm	4	13165
veririz	4	13166
veriyorum	4	13167
vermekle	4	13168
vermektedir	4	13169
vermeyeceklerini	4	13170
vermiyor	4	13171
versin	4	13172
versiyonda	4	13173
vicdanı	4	13174
vicdanını	4	13175
videonun	4	13176
videoya	4	13177
vizyonunu	4	13178
vizyonuyla	4	13179
vurduğu	4	13180
vurduğunu	4	13181
vurgulamak	4	13182
vurgulanırken	4	13183
vurgusu	4	13184
vuruşunda	4	13185
yabancılar	4	13186
yakacak	4	13187
yakalananların	4	13188
yaklaşırken	4	13189
yalanladı	4	13190
yangınlar	4	13191
yangınlarına	4	13192
yankıları	4	13193
yanlışlıkla	4	13194
yansımaları	4	13195
yansırken	4	13196
yansıtan	4	13197
yanıltıcı	4	13198
yanıma	4	13199
yanınızda	4	13200
yap	4	13201
yapabilecek	4	13202
yapabiliriz	4	13203
yapabilirler	4	13204
yapmadık	4	13205
yapmadığını	4	13206
yapmasını	4	13207
yapmıyor	4	13208
yaptırılan	4	13209
yaptırımları	4	13210
yapılaşma	4	13211
yapılmaktadır	4	13212
yapılmaya	4	13213
yapılmayan	4	13214
yapılmaz	4	13215
yapımını	4	13216
yapıyordum	4	13217
yapıyorsunuz	4	13218
yapıyorum	4	13219
yaralanmıştı	4	13220
yaraları	4	13221
yararlanan	4	13222
yaratarak	4	13223
yaratırken	4	13224
yardımcılıklarını	4	13225
yardımın	4	13226
yargılama	4	13227
yargılanıyor	4	13228
yarınki	4	13229
yarısına	4	13230
yarışacak	4	13231
yarışmanın	4	13232
yarışmasının	4	13233
yasadışı	4	13234
yasalar	4	13235
yattım	4	13236
yatırıldı	4	13237
yatırımcının	4	13238
yatırımcıyı	4	13239
yatırımlarla	4	13240
yavru	4	13241
yayılmasını	4	13242
yayılmasının	4	13243
yayımlandığı	4	13244
yayını	4	13245
yayınına	4	13246
yazma	4	13247
yazmaya	4	13248
yağan	4	13249
yağlardan	4	13250
yağma	4	13251
yağmurlu	4	13252
yağmuruna	4	13253
yaşamanın	4	13254
yaşamasını	4	13255
yaşamına	4	13256
yaşanabilecek	4	13257
yaşananlara	4	13258
yaşatmaya	4	13259
yaşları	4	13260
yedik	4	13261
yemekleri	4	13262
yemeklerin	4	13263
yemekte	4	13264
yemekten	4	13265
yerdeki	4	13266
yerleşimcilerin	4	13267
yetecek	4	13268
yeteneğini	4	13269
yetişen	4	13270
yetkilerini	4	13271
yetkililerini	4	13272
yetkiyi	4	13273
yitirdiğini	4	13274
yitirenlerin	4	13275
yoksul	4	13276
yolculuğunu	4	13277
yolcuya	4	13278
yorgunluk	4	13279
yorumcusu	4	13280
yorumlarla	4	13281
yorumlarına	4	13282
yumurtanın	4	13283
yurttaşların	4	13284
yuvarlandı	4	13285
yöndeki	4	13286
yöneliyor	4	13287
yönetiminden	4	13288
yönetimlerin	4	13289
yönetiyor	4	13290
yönlendirdi	4	13291
yöntemlerin	4	13292
yöntemlerine	4	13293
yönündeydi	4	13294
yönüyle	4	13295
yüklendi	4	13296
yükselişi	4	13297
yükselişini	4	13298
yükselme	4	13299
yükselmesi	4	13300
yükselmesine	4	13301
yükseltirken	4	13302
yün	4	13303
yürek	4	13304
yürümeye	4	13305
yürütmeye	4	13306
yürütüyoruz	4	13307
yüzer	4	13308
yüzey	4	13309
yüzlerinin	4	13310
yüzük	4	13311
yüzünde	4	13312
yüzündeki	4	13313
yı	4	13314
yıkama	4	13315
yıkamak	4	13316
yıkarak	4	13317
yıldaki	4	13318
yıldızları	4	13319
yılların	4	13320
yıllığına	4	13321
yığıldı	4	13322
zaferle	4	13323
zamanını	4	13324
zamlı	4	13325
zarafeti	4	13326
zehirlenme	4	13327
zihniyet	4	13328
zincirleri	4	13329
zirvesinde	4	13330
ziyaretçilerini	4	13331
zorlanan	4	13332
zorlandığı	4	13333
zorlandığını	4	13334
zorlayan	4	13335
zorlaştırabilir	4	13336
zorluklara	4	13337
zorluğu	4	13338
zulme	4	13339
zulmü	4	13340
zulmün	4	13341
zulüm	4	13342
çed	4	13343
çakır	4	13344
çanakkale'de	4	13345
çaycuma	4	13346
çağlayancerit	4	13347
çorlu	4	13348
çorum'un	4	13349
çıldır	4	13350
ödülü'ne	4	13351
özbay	4	13352
özden	4	13353
özel'i	4	13354
öztürk'ün	4	13355
üfe	4	13356
üniversitesi'nden	4	13357
üniversitesi'nin	4	13358
ürdün	4	13359
üsküdar'da	4	13360
çabalarına	4	13361
çabalarını	4	13362
çabalarıyla	4	13363
çalıyor	4	13364
çalışmalarımıza	4	13365
çalışmasında	4	13366
çalışmasının	4	13367
çalıştırıcı	4	13368
çalışıyordu	4	13369
çapta	4	13370
çarpışma	4	13371
çarşıda	4	13372
çatlak	4	13373
çatlağı	4	13374
çatısına	4	13375
çatışmalarda	4	13376
çağrısını	4	13377
çek	4	13378
çekildiğini	4	13379
çekilişi	4	13380
çekilmiş	4	13381
çekişmeli	4	13382
çekme	4	13383
çektirdi	4	13384
çektiğini	4	13385
çerçeve	4	13386
çevirerek	4	13387
çevrelerin	4	13388
çevresinin	4	13389
çevreyi	4	13390
çeyrekte	4	13391
çeşit	4	13392
çiftler	4	13393
çiftçilerimizin	4	13394
çiçeklerle	4	13395
çocuğumuz	4	13396
çoklu	4	13397
çoğunluk	4	13398
çoğunun	4	13399
çuval	4	13400
çöküş	4	13401
çözüldü	4	13402
çözülmesini	4	13403
çözümleri	4	13404
çıkacaklar	4	13405
çıkaracak	4	13406
çıkardık	4	13407
çıkardıkları	4	13408
çıkardılar	4	13409
çıkardığını	4	13410
çıkarlar	4	13411
çıkarlarına	4	13412
çıkarttık	4	13413
çıkartıldı	4	13414
çıkarılmış	4	13415
çıkmaktadır	4	13416
çıkışı	4	13417
ödedik	4	13418
ödemelerinin	4	13419
ödeneği	4	13420
ödeniyor	4	13421
ödenmesi	4	13422
ödüle	4	13423
ödüllü	4	13424
ödün	4	13425
ödüyor	4	13426
öfke	4	13427
öldürülmesi	4	13428
öldürülmüştü	4	13429
öldürüp	4	13430
ölçekte	4	13431
ölçülü	4	13432
ölümünü	4	13433
ömrünü	4	13434
öncülüğündeki	4	13435
öncüsü	4	13436
önemde	4	13437
öneminin	4	13438
önemsiyoruz	4	13439
önerdi	4	13440
önerilen	4	13441
önlemlerinin	4	13442
önlemlerle	4	13443
örgütlerinin	4	13444
örtü	4	13445
özelliklerinden	4	13446
özü	4	13447
öğrencinin	4	13448
öğrenciyi	4	13449
öğrenilirken	4	13450
öğreniyor	4	13451
öğreniyoruz	4	13452
öğrenmiş	4	13453
öğretmene	4	13454
öğretmenin	4	13455
ücretlerine	4	13456
ücretlerinin	4	13457
ülkelerinde	4	13458
üniforma	4	13459
üretecek	4	13460
üretimimizi	4	13461
üretimiyle	4	13462
üretme	4	13463
üretmiş	4	13464
üstlenecek	4	13465
üstlenen	4	13466
üyeler	4	13467
üyelere	4	13468
üyelerimiz	4	13469
üyeleriyle	4	13470
üyeliğine	4	13471
üyeliğini	4	13472
üzdü	4	13473
üzüntüsünü	4	13474
üçüncülük	4	13475
iga	4	13476
isu	4	13477
ito	4	13478
izsu	4	13479
ihsan	4	13480
ihtisas	4	13481
ikbal	4	13482
ilahiyat	4	13483
imamoğlu'na	4	13484
inanoğlu	4	13485
ingiltere'ye	4	13486
iran'da	4	13487
iskoçya	4	13488
islahiye	4	13489
islam'ın	4	13490
istanbulspor	4	13491
isviçre'de	4	13492
isviçre'nin	4	13493
izmir'e	4	13494
izmir'i	4	13495
izmirli	4	13496
iznik	4	13497
ısrarcı	4	13498
ısı	4	13499
ızgara	4	13500
şam'ın	4	13501
şampiyonası'nın	4	13502
şanghay	4	13503
şebnem	4	13504
şili	4	13505
şırnak'ın	4	13506
şahsa	4	13507
şaka	4	13508
şansa	4	13509
şanslı	4	13510
şarkıcının	4	13511
şartsız	4	13512
şebekesinin	4	13513
şehirlerin	4	13514
şehitlerimize	4	13515
şehitlerimizi	4	13516
şekerini	4	13517
şekillendirecek	4	13518
şeklindeki	4	13519
şeklini	4	13520
şeylerin	4	13521
şiddetinde	4	13522
şifresi	4	13523
şikayetler	4	13524
şikayetlerini	4	13525
şikayetlerle	4	13526
şimdilerde	4	13527
şişlik	4	13528
şüphelilere	4	13529
şüphelisi	4	13530
albüm	4	13531
alevlerin	4	13532
anayasanın	4	13533
anketlere	4	13534
araştırmalara	4	13535
aylarca	4	13536
babaanne	4	13537
bakanları	4	13538
bankamızın	4	13539
belediyemize	4	13540
bildiğim	4	13541
büyükelçilik	4	13542
dağlık	4	13543
desen	4	13544
değişken	4	13545
dikili	4	13546
doğrulama	4	13547
eczacı	4	13548
elhamdülillah	4	13549
emekçi	4	13550
engelsiz	4	13551
entegrasyonu	4	13552
erik	4	13553
eyaletin	4	13554
festivalde	4	13555
fide	4	13556
gel	4	13557
general	4	13558
gerçeğin	4	13559
girdiğimiz	4	13560
göle	4	13561
güller	4	13562
güneşi	4	13563
hayalet	4	13564
hayatımda	4	13565
hududu	4	13566
hukuksuz	4	13567
hükmünde	4	13568
hükümetlerin	4	13569
ıhlamur	4	13570
ışıl	4	13571
jak	4	13572
kap	4	13573
kandaki	4	13574
karesi	4	13575
kayan	4	13576
kolajen	4	13577
komitesinin	4	13578
komünist	4	13579
konferansa	4	13580
korumalı	4	13581
kova	4	13582
kupayı	4	13583
kurultayı	4	13584
kurulunu	4	13585
kuvvetlerine	4	13586
kısacası	4	13587
lale	4	13588
listedeki	4	13589
maaşlara	4	13590
memura	4	13591
meşe	4	13592
milyoner	4	13593
mobilite	4	13594
motosikleti	4	13595
muhafazakar	4	13596
muhalefetteki	4	13597
muharebe	4	13598
müdürlükleri	4	13599
ocakta	4	13600
okçu	4	13601
onlarda	4	13602
otoyolun	4	13603
partide	4	13604
partimizi	4	13605
patent	4	13606
patlıcan	4	13607
pizza	4	13608
pişmiş	4	13609
premium	4	13610
psikoloji	4	13611
rakibin	4	13612
rehberi	4	13613
restoranın	4	13614
reşit	4	13615
rüyasında	4	13616
safran	4	13617
sandıktan	4	13618
sandığı	4	13619
savaşları	4	13620
sendikaları	4	13621
sermayesi	4	13622
sertifika	4	13623
servet	4	13624
sizce	4	13625
statüsü	4	13626
sürü	4	13627
sırf	4	13628
tanrı	4	13629
tatbikat	4	13630
tatbikatı	4	13631
temennimiz	4	13632
teröristleri	4	13633
toksik	4	13634
tramvay	4	13635
turbo	4	13636
tüy	4	13637
uzmanlığı	4	13638
vergide	4	13639
yapılanması	4	13640
yardımcılığı	4	13641
yayla	4	13642
yazıklar	4	13643
yukarıdaki	4	13644
güzergah	4	13645
hikayelerini	4	13646
idrar	4	13647
ihaleyi	4	13648
inanır	4	13649
iyisi	4	13650
kağıda	4	13651
çamaşır	4	13652
çarpışmanın	4	13653
çağı	4	13654
çene	4	13655
çiftçilerimiz	4	13656
örümcek	4	13657
özerk	4	13658
üniversiteye	4	13659
şimdilik	4	13660
abd'yi	3	13661
ac	3	13662
add	3	13663
alkü	3	13664
atv'de	3	13665
auzef	3	13666
abdullah'ın	3	13667
acemoğlu	3	13668
adanaspor	3	13669
adliyesi	3	13670
afd	3	13671
afife	3	13672
afrika'dan	3	13673
ahlat	3	13674
ahu	3	13675
ailesi'nin	3	13676
airbus	3	13677
airlines	3	13678
ajansı'nın	3	13679
akkol	3	13680
akkuyu	3	13681
aksaz	3	13682
aktürkoğlu'nun	3	13683
akyazı	3	13684
akış	3	13685
alaattin	3	13686
aladağ	3	13687
alagöz	3	13688
alem	3	13689
aliağa	3	13690
alim	3	13691
aliyev	3	13692
alkmaar	3	13693
almanca	3	13694
alper'in	3	13695
altuntaş	3	13696
altınay	3	13697
altınova	3	13698
altıntaş	3	13699
alüminyum	3	13700
america	3	13701
antutu	3	13702
anagold	3	13703
anavatan	3	13704
ankara'dan	3	13705
ankaragücü'nde	3	13706
ankaralı	3	13707
anlı	3	13708
annem	3	13709
antalya'dan	3	13710
antika	3	13711
arda'nın	3	13712
ardahan'da	3	13713
arife	3	13714
arizona	3	13715
aslanlar	3	13716
astroloji	3	13717
asım	3	13718
atakum	3	13719
atasay	3	13720
athletic	3	13721
atik	3	13722
aurelio	3	13723
avcılar'da	3	13724
avdagiç	3	13725
aviv'de	3	13726
aviv'in	3	13727
avramovski	3	13728
avusturya'yı	3	13729
ay'ın	3	13730
azerbaycanlı	3	13731
aü	3	13732
ağa	3	13733
ağustos'tan	3	13734
aşklar	3	13735
b'nin	3	13736
bes	3	13737
bjk	3	13738
badan	3	13739
bahtiyar'ın	3	13740
bahçeler	3	13741
bahçıvan	3	13742
bakanlığında	3	13743
bakanımızın	3	13744
bakara	3	13745
bakü	3	13746
baladın'ın	3	13747
balcı	3	13748
balıkesir'de	3	13749
balıkesir'in	3	13750
bangladeş	3	13751
bankkart	3	13752
barcelona'da	3	13753
bardakcı	3	13754
bartu	3	13755
basel	3	13756
bayer	3	13757
bayileri	3	13758
bayındırlık	3	13759
başdanışmanı	3	13760
başkanlığı'nın	3	13761
başkanlığının	3	13762
beach	3	13763
belediyesi'nde	3	13764
belediyesinde	3	13765
benderlioğlu	3	13766
benfica	3	13767
benjamin	3	13768
benyamin	3	13769
berova	3	13770
besim	3	13771
beyrut'un	3	13772
beyşehir	3	13773
bilbao	3	13774
bildiride	3	13775
bildiğiniz	3	13776
bilecik	3	13777
bilgin	3	13778
binali	3	13779
birgün'den	3	13780
birecik	3	13781
biricik	3	13782
birincisi	3	13783
birlikleri	3	13784
birliği'ne	3	13785
bitcoin'in	3	13786
bloomberg	3	13787
blue	3	13788
bodrum'un	3	13789
bolu'yu	3	13790
borussia	3	13791
bosnalı	3	13792
boğazı'nda	3	13793
boğazı'ndan	3	13794
boşnak	3	13795
brad	3	13796
brüksel	3	13797
buket	3	13798
bundesliga'da	3	13799
burger	3	13800
burhaniye	3	13801
bursalı	3	13802
buruk'un	3	13803
burçin	3	13804
buğra	3	13805
buğrahan	3	13806
bölükbaşı	3	13807
bünyamin	3	13808
bürosu	3	13809
bürosunca	3	13810
büyükada	3	13811
büyükgöz	3	13812
büyüküstün	3	13813
cıa	3	13814
cmk	3	13815
ctp	3	13816
cv	3	13817
caddesinde	3	13818
cadiz	3	13819
camii'ne	3	13820
candaş	3	13821
caner	3	13822
cenevre	3	13823
cenin	3	13824
cezaevi'nde	3	13825
cezayir	3	13826
charlie	3	13827
chelsea	3	13828
cide	3	13829
cimbom	3	13830
community	3	13831
cristiano	3	13832
cumhurbaşkanlığına	3	13833
cumhurbaşkanımıza	3	13834
cumhuriyet'te	3	13835
cumhuriyetçilerin	3	13836
d'de	3	13837
dmm	3	13838
dacia	3	13839
dallas	3	13840
daniele	3	13841
darphane	3	13842
dağlıoğlu	3	13843
dağı'nda	3	13844
demirbaş	3	13845
demirel'in	3	13846
demirkol	3	13847
demre	3	13848
denizbank	3	13849
deresi'nde	3	13850
deresi'ne	3	13851
dernekleri	3	13852
derneği'nin	3	13853
deyr	3	13854
diaz	3	13855
dilovası	3	13856
dinamo	3	13857
dinçer	3	13858
direktörümüz	3	13859
dmitriy	3	13860
dokuma	3	13861
dokuzlar	3	13862
dondurulmuş	3	13863
doğanşehir	3	13864
doğukan	3	13865
duster	3	13866
dönmez	3	13867
düden	3	13868
düzce'deki	3	13869
düşünsenize	3	13870
dibs	3	13871
disk	3	13872
ecb'nin	3	13873
eft	3	13874
ekap	3	13875
epdk	3	13876
ebubekir	3	13877
eczacıbaşı	3	13878
ekin	3	13879
ekol	3	13880
emiri	3	13881
emniyette	3	13882
emre'nin	3	13883
energy	3	13884
enginyurt	3	13885
enstitüleri	3	13886
epic	3	13887
erdinç	3	13888
erdoğan'la	3	13889
erdursun	3	13890
erge'nin	3	13891
ergen	3	13892
ericsson	3	13893
erim	3	13894
erkal	3	13895
ermenilerin	3	13896
ernest	3	13897
ertaş	3	13898
eryol	3	13899
erzurum'da	3	13900
esad'ı	3	13901
esenyurt'ta	3	13902
esirler	3	13903
eskinazi	3	13904
eskişehir'e	3	13905
etiler'de	3	13906
etimesgut	3	13907
euroleague	3	13908
eurofighter	3	13909
eymen	3	13910
eyyüp	3	13911
eyüpsultan'da	3	13912
eğirdir	3	13913
eşme	3	13914
fk'nın	3	13915
fomc	3	13916
faeser	3	13917
fakültesi'nde	3	13918
federasyonundan	3	13919
federico	3	13920
feke	3	13921
fenerbahçe'yi	3	13922
ferhan	3	13923
festivali'nde	3	13924
fevzi	3	13925
fidan'ın	3	13926
fikret	3	13927
filip	3	13928
filistin'deki	3	13929
filistin'i	3	13930
filistinliye	3	13931
flip	3	13932
flores	3	13933
florida'daki	3	13934
forbes	3	13935
ford	3	13936
foça	3	13937
franciscus	3	13938
fransa'ya	3	13939
fransızca	3	13940
fred'in	3	13941
funda	3	13942
fırtınanın	3	13943
gkry	3	13944
gsb	3	13945
gabriel	3	13946
games	3	13947
garcia	3	13948
garibaşvili	3	13949
garipoğlu	3	13950
gates	3	13951
gaziantep'te	3	13952
gaziosmanpaşa	3	13953
gazze'yi	3	13954
gazzeliler	3	13955
gediz	3	13956
gelinim	3	13957
genco	3	13958
gergerlioğlu'nun	3	13959
gerçi	3	13960
getir	3	13961
gezeravcı'nın	3	13962
giorgia	3	13963
giovanni	3	13964
giresunspor	3	13965
git	3	13966
goldman	3	13967
gran	3	13968
green	3	13969
griffiths	3	13970
grubu'nda	3	13971
grubu'nun	3	13972
grup'ta	3	13973
guardian	3	13974
guterres'in	3	13975
gökay	3	13976
gökmen	3	13977
göksu	3	13978
göktepe	3	13979
gülay	3	13980
güllü	3	13981
gülümse	3	13982
günaydın	3	13983
gündem'de	3	13984
gündeş	3	13985
güneş'i	3	13986
gürcan'ın	3	13987
gürcistan'da	3	13988
gürer	3	13989
hıv	3	13990
hpv	3	13991
htş'nin	3	13992
habertürk	3	13993
hadi	3	13994
hakimler	3	13995
halkbank	3	13996
hamas'tan	3	13997
hamit	3	13998
hamster	3	13999
harekatı'nın	3	14000
harris'in	3	14001
harry	3	14002
hastanesi'nden	3	14003
hastanesi'nin	3	14004
hatay'a	3	14005
hatayspor'un	3	14006
hatipoğlu	3	14007
hattı'nda	3	14008
havayolları	3	14009
havuç	3	14010
havva	3	14011
hendek	3	14012
henry	3	14013
hepinize	3	14014
hersek	3	14015
hidayet	3	14016
hindistan'ın	3	14017
hizbullah'a	3	14018
hocaefendi'nin	3	14019
hollanda'da	3	14020
hollandalı	3	14021
horasan	3	14022
horoz	3	14023
hristiyanlık	3	14024
hugh	3	14025
hızır	3	14026
ıban	3	14027
ıc	3	14028
ımeı	3	14029
ınstagram'dan	3	14030
ınstagram'ın	3	14031
ınternational	3	14032
ısmail	3	14033
ıtamar	3	14034
ığdır'da	3	14035
ışid	3	14036
japonya'da	3	14037
jayden	3	14038
juventus	3	14039
kgys	3	14040
kkka	3	14041
kso	3	14042
kadastro	3	14043
kadıoğlu	3	14044
kalyon	3	14045
kampı	3	14046
kamuyu	3	14047
kapıkule	3	14048
karabulut'un	3	14049
karakurt	3	14050
karakuş	3	14051
karaköy'de	3	14052
karamollaoğlu	3	14053
karataş	3	14054
kardelen	3	14055
kartal'da	3	14056
karşıyaka'da	3	14057
kasaplar	3	14058
katalan	3	14059
katz	3	14060
kaya'nın	3	14061
kayhan	3	14062
kaymaz	3	14063
kayserispor'u	3	14064
kayserya	3	14065
kazım	3	14066
kağıthane	3	14067
kaş	3	14068
kemal'in	3	14069
kemalpaşa	3	14070
kerim'de	3	14071
keçiören	3	14072
keçiörengücü	3	14073
kia	3	14074
king'in	3	14075
kobani	3	14076
kocaoğlu	3	14077
kolombiya	3	14078
kolombiya'nın	3	14079
komando	3	14080
kombat	3	14081
kongre'de	3	14082
kongresi'nde	3	14083
konya'nın	3	14084
konyaaltı	3	14085
kooperatifi	3	14086
kore'nin	3	14087
korhan	3	14088
korkut	3	14089
korkuteli	3	14090
kozlowski	3	14091
kozlu	3	14092
koç'a	3	14093
koçak	3	14094
koçyiğit	3	14095
kralı	3	14096
kur'an'da	3	14097
kursk	3	14098
kurulunca	3	14099
kurum'a	3	14100
kuvvetler	3	14101
köhn	3	14102
köksalan	3	14103
köylü	3	14104
köyü'nde	3	14105
küba	3	14106
küpçü	3	14107
kütüphanesi	3	14108
küçükkaya'nın	3	14109
kıdemli	3	14110
kınay	3	14111
kırkpınar	3	14112
kırım	3	14113
kırşehir	3	14114
lg	3	14115
lng	3	14116
lpg'ye	3	14117
lady	3	14118
latin	3	14119
lee	3	14120
letonya	3	14121
life	3	14122
lig'deki	3	14123
ligi'ni	3	14124
lille	3	14125
limanı'nda	3	14126
limanı'ndan	3	14127
londra'da	3	14128
lugano	3	14129
lukas	3	14130
mess	3	14131
mkyk	3	14132
mp	3	14133
ms	3	14134
mv	3	14135
macar	3	14136
macaristan'ın	3	14137
madenler	3	14138
mahallesi'ne	3	14139
makedonya	3	14140
malatyaspor	3	14141
maliki	3	14142
maltepe	3	14143
marco	3	14144
mario	3	14145
mark	3	14146
marmaray	3	14147
marmaris'te	3	14148
marşı	3	14149
mavisi	3	14150
maximin	3	14151
mağusa	3	14152
maşallah	3	14153
maşukiye	3	14154
meclis'e	3	14155
meclis'in	3	14156
medine	3	14157
mehtap	3	14158
mekke	3	14159
menteşe	3	14160
merkezi'nin	3	14161
mersin'de	3	14162
mertcan	3	14163
mertens	3	14164
metiner	3	14165
mevlana	3	14166
meydanı	3	14167
michel	3	14168
michigan	3	14169
middleton	3	14170
miguel	3	14171
mikrobiyoloji	3	14172
milas	3	14173
mine	3	14174
miraç	3	14175
miss	3	14176
mithat	3	14177
mithatpaşa	3	14178
moldova	3	14179
moore	3	14180
morgan	3	14181
morris	3	14182
moskova'da	3	14183
moskova'nın	3	14184
moğolistan	3	14185
muhakemesi	3	14186
muhtarlar	3	14187
muratpaşa	3	14188
muslera	3	14189
müdürlüğünden	3	14190
mültecilere	3	14191
müslüm	3	14192
müşaviri	3	14193
mısır'ın	3	14194
nfc	3	14195
nna	3	14196
nagihan	3	14197
nail	3	14198
nalan	3	14199
nancy	3	14200
nas	3	14201
necati	3	14202
nehri'ne	3	14203
nelsson	3	14204
neptün	3	14205
netanyahu'ya	3	14206
nevşehir'de	3	14207
nijeryalı	3	14208
nikos	3	14209
nil	3	14210
nilay	3	14211
no'lu	3	14212
novak	3	14213
nuray	3	14214
nurcan	3	14215
nurettin	3	14216
nurhak	3	14217
odtü	3	14218
obama	3	14219
ocak'tan	3	14220
ohio	3	14221
oktar	3	14222
okyanus	3	14223
okyanusu	3	14224
olcay	3	14225
olimpiyatları	3	14226
orban	3	14227
orkestrası	3	14228
osimhen	3	14229
osmaniye'de	3	14230
oulare	3	14231
oyuncularımı	3	14232
paok	3	14233
pos	3	14234
ppk	3	14235
psm	3	14236
paksoy	3	14237
pamukkale	3	14238
pamukova	3	14239
panathinaikos	3	14240
parkinson	3	14241
parti'yi	3	14242
partisi'ne	3	14243
pasifik	3	14244
passolig	3	14245
pazarı'nda	3	14246
pekin	3	14247
pendik	3	14248
pendik'te	3	14249
pennsylvania	3	14250
peugeot	3	14251
philadelphia	3	14252
philip	3	14253
potter	3	14254
prens	3	14255
preveze	3	14256
pritchard	3	14257
programı'nda	3	14258
projesi'nin	3	14259
putin'e	3	14260
pütürge	3	14261
ram	3	14262
rahmetli	3	14263
raif	3	14264
rama	3	14265
rasathanesi	3	14266
ratings	3	14267
realme	3	14268
rebiülevvel	3	14269
refah'taki	3	14270
refik	3	14271
reisi'nin	3	14272
resul	3	14273
reuters'a	3	14274
richard	3	14275
rize'nin	3	14276
rize'ye	3	14277
roberto	3	14278
roblox	3	14279
rodrigo	3	14280
rolex	3	14281
rumeli	3	14282
russell	3	14283
rutte	3	14284
rönesans	3	14285
sabah'a	3	14286
sedaş	3	14287
sma	3	14288
smo	3	14289
spf	3	14290
saba	3	14291
sabah'ın	3	14292
sabahattin	3	14293
salihli	3	14294
salt	3	14295
samsunspor'un	3	14296
santarelli	3	14297
saraylar	3	14298
sarp	3	14299
sarıkaya	3	14300
sarıyer'de	3	14301
satürn	3	14302
savcılar	3	14303
saygun	3	14304
scholz'un	3	14305
scott	3	14306
seben	3	14307
sema	3	14308
senfoni	3	14309
sergey	3	14310
sergide	3	14311
sergio	3	14312
serpil	3	14313
sertif	3	14314
sevilay	3	14315
seydikemer	3	14316
seyit	3	14317
shadow	3	14318
siirt	3	14319
siirt'te	3	14320
sina	3	14321
sivrioğlu	3	14322
smith	3	14323
sn	3	14324
solay	3	14325
soma	3	14326
somali'de	3	14327
somer	3	14328
songül	3	14329
sony	3	14330
soydan	3	14331
space	3	14332
spacex	3	14333
special	3	14334
starlink	3	14335
steam	3	14336
subaşı	3	14337
sudani	3	14338
sunal	3	14339
sunal'ın	3	14340
sungurlu	3	14341
suriyeliler	3	14342
susam	3	14343
szymanski	3	14344
söke	3	14345
süreyya	3	14346
tag	3	14347
tbb	3	14348
tbmm'ye	3	14349
tcdd	3	14350
thy'nin	3	14351
tır'ı	3	14352
tl'si	3	14353
tadic	3	14354
talha	3	14355
talus	3	14356
taneleri	3	14357
tapınağı	3	14358
taylan	3	14359
tayvanlı	3	14360
taş'ın	3	14361
tekel	3	14362
teklifle	3	14363
telegram	3	14364
telekom	3	14365
tema	3	14366
temelde	3	14367
tenisi	3	14368
teoman'ın	3	14369
terazi	3	14370
tesisleri'nde	3	14371
tevfik	3	14372
teyze	3	14373
tiran'da	3	14374
togg'u	3	14375
togg'un	3	14376
tok'un	3	14377
topaloğlu	3	14378
toplantısı'na	3	14379
toronto	3	14380
toroğlu	3	14381
trabzonspor'u	3	14382
tugay'ın	3	14383
tunalı	3	14384
turhan	3	14385
turkish	3	14386
tuva	3	14387
tümosan	3	14388
tüvtürk	3	14389
tüik'in	3	14390
tüneli	3	14391
türkan	3	14392
türker	3	14393
türkmenistan	3	14394
türkçe'de	3	14395
türkçe'ye	3	14396
tika	3	14397
ucm	3	14398
uefa'dan	3	14399
ukrayna'daki	3	14400
ukrayna'yı	3	14401
ukraynalı	3	14402
union	3	14403
unutulmamalıdır	3	14404
ustaoğlu	3	14405
uykusuzluk	3	14406
uzmanlara	3	14407
uçum	3	14408
uşak	3	14409
uşak'ta	3	14410
vahidi	3	14411
vakıfbank	3	14412
varol	3	14413
veliaht	3	14414
venedik	3	14415
venezuela'ya	3	14416
victoria	3	14417
vincenzo	3	14418
viranşehir	3	14419
viyana'da	3	14420
vodafone	3	14421
volodimir	3	14422
vural'ın	3	14423
wisconsin	3	14424
wolfsburg	3	14425
x'te	3	14426
x'ten	3	14427
ysk'nın	3	14428
yahudilerin	3	14429
yalı	3	14430
yaylası	3	14431
yayınlandığı	3	14432
yelkenci	3	14433
yemen'e	3	14434
yeşim	3	14435
yolu'nda	3	14436
yoon	3	14437
yörük	3	14438
yürüyüşün	3	14439
yüzyılı'nda	3	14440
yıldırım'ın	3	14441
yıldız'ın	3	14442
zazalar	3	14443
zeydan	3	14444
zeytun	3	14445
zorluoğlu	3	14446
zuhal	3	14447
abonelik	3	14448
adada	3	14449
adamlarının	3	14450
adamının	3	14451
adaylardan	3	14452
adaylarımızı	3	14453
adaylarıyla	3	14454
adaylığından	3	14455
adede	3	14456
adetle	3	14457
adresinden	3	14458
adresine	3	14459
adımda	3	14460
adımlardan	3	14461
adımlarını	3	14462
adımın	3	14463
aerodinamik	3	14464
afetler	3	14465
afette	3	14466
afiş	3	14467
aftan	3	14468
ahşaba	3	14469
aidiyet	3	14470
ailecek	3	14471
aileden	3	14472
ailemin	3	14473
ailemle	3	14474
ailesinden	3	14475
akdinin	3	14476
aklım	3	14477
akrabaları	3	14478
akrabası	3	14479
aksaklıkları	3	14480
aksini	3	14481
aktarılırken	3	14482
akıntısı	3	14483
akınına	3	14484
akışında	3	14485
akşamki	3	14486
alabileceği	3	14487
alabileceğini	3	14488
alabilirler	3	14489
alabilirsiniz	3	14490
alabiliyorlar	3	14491
alacakları	3	14492
alacağım	3	14493
alakası	3	14494
alandan	3	14495
alanlarındaki	3	14496
alanlarından	3	14497
alanından	3	14498
alarmı	3	14499
aldınız	3	14500
aldığına	3	14501
aleti	3	14502
aletleri	3	14503
alevlendirdi	3	14504
alevleri	3	14505
alkışlanması	3	14506
almadığı	3	14507
almalı	3	14508
almamız	3	14509
almıştık	3	14510
alternatifleri	3	14511
altyapısında	3	14512
altyapıya	3	14513
altyapıyı	3	14514
alıcının	3	14515
alınabilecek	3	14516
alınabileceği	3	14517
alınabilir	3	14518
alınmadan	3	14519
alınmalı	3	14520
alınmasıyla	3	14521
alınmayacak	3	14522
alınmıştır	3	14523
alıntılayan	3	14524
alırız	3	14525
alıyorsunuz	3	14526
alışkanlıklar	3	14527
alışverişine	3	14528
amaca	3	14529
amacını	3	14530
amaçlar	3	14531
amiral	3	14532
amirleri	3	14533
amorti	3	14534
and	3	14535
andı	3	14536
anlamalı	3	14537
anlaması	3	14538
anların	3	14539
anlarında	3	14540
anlatacak	3	14541
anlatsak	3	14542
anlattığı	3	14543
anlattığımız	3	14544
anlatırken	3	14545
anlayışa	3	14546
anlayışına	3	14547
anlaşarak	3	14548
anlaşmasını	3	14549
anlaştıklarını	3	14550
anlaştığını	3	14551
annelere	3	14552
annelerin	3	14553
antiseptik	3	14554
antlaşması	3	14555
antrenmanın	3	14556
antrenörler	3	14557
anılacak	3	14558
anılarla	3	14559
anılarını	3	14560
anıldığı	3	14561
anını	3	14562
aptal	3	14563
aracında	3	14564
aradayız	3	14565
aradık	3	14566
aradım	3	14567
araladı	3	14568
aralığını	3	14569
aranması	3	14570
ararken	3	14571
ararlar	3	14572
aratmayan	3	14573
arayanların	3	14574
arayış	3	14575
arazisinin	3	14576
araziyi	3	14577
araçtır	3	14578
araştırmaktadır	3	14579
araştırmaların	3	14580
araştırıldığı	3	14581
araştırılmaya	3	14582
arbede	3	14583
arkadaşa	3	14584
arkadaşlarımızdan	3	14585
arkamıza	3	14586
aronya	3	14587
artabilir	3	14588
artacaktır	3	14589
artacağına	3	14590
artmaya	3	14591
artmıştır	3	14592
arttırıldı	3	14593
artıracaktır	3	14594
artıracağını	3	14595
artırmada	3	14596
artırmanın	3	14597
artırıldı	3	14598
artırılmasının	3	14599
artırıyoruz	3	14600
artışlarına	3	14601
artışını	3	14602
arzusunun	3	14603
arzını	3	14604
arıcılık	3	14605
arıları	3	14606
arındırmak	3	14607
arıyorsanız	3	14608
asiste	3	14609
asistinde	3	14610
askerin	3	14611
askerlikten	3	14612
askıda	3	14613
asli	3	14614
asma	3	14615
astrolojik	3	14616
asır	3	14617
asırlık	3	14618
atacak	3	14619
atamaları	3	14620
ataması	3	14621
atandığını	3	14622
atanır	3	14623
ateşinde	3	14624
atların	3	14625
atmasını	3	14626
atmosferi	3	14627
attıklarını	3	14628
attım	3	14629
atölyede	3	14630
atıkların	3	14631
atıldığını	3	14632
atılma	3	14633
atılmış	3	14634
atılır	3	14635
atış	3	14636
auta	3	14637
avantajlar	3	14638
avroyu	3	14639
avı	3	14640
ayakkabılar	3	14641
ayar	3	14642
ayağından	3	14643
aylarını	3	14644
aylıklarına	3	14645
ayrılacağı	3	14646
ayrılmak	3	14647
ayrılmasını	3	14648
ayrılmasının	3	14649
ayrılmaz	3	14650
ayrılmış	3	14651
ayrılıp	3	14652
ayrılığına	3	14653
ayrım	3	14654
ayrımcı	3	14655
ayrımı	3	14656
ayrıntı	3	14657
ayrıntılarıyla	3	14658
ayrışma	3	14659
ayını	3	14660
ayırma	3	14661
ayırmak	3	14662
ayırmayı	3	14663
ayırıp	3	14664
azaltacak	3	14665
azaltmanın	3	14666
azami	3	14667
azim	3	14668
azimle	3	14669
azmi	3	14670
açabileceğini	3	14671
açacağı	3	14672
açmaya	3	14673
açtılar	3	14674
açtım	3	14675
açıklamalara	3	14676
açıklamalarla	3	14677
açıklamaların	3	14678
açıklamalarında	3	14679
açıklamalarıyla	3	14680
açıklamayla	3	14681
açıklanacağını	3	14682
açıklanmasını	3	14683
açıklayacak	3	14684
açıklayarak	3	14685
açıklığa	3	14686
açıktır	3	14687
açılacağını	3	14688
açılarını	3	14689
açılmasına	3	14690
açılmasını	3	14691
açılıyor	3	14692
açısıyla	3	14693
açıyoruz	3	14694
açığın	3	14695
açığını	3	14696
ağabeyinin	3	14697
ağaca	3	14698
ağları	3	14699
ağlarına	3	14700
ağrılar	3	14701
ağrıları	3	14702
ağustosta	3	14703
ağırlamaktan	3	14704
ağırlamaya	3	14705
ağırlayan	3	14706
ağırlaştı	3	14707
ağırlığını	3	14708
aşama	3	14709
aşamalarında	3	14710
aşamasını	3	14711
aşka	3	14712
aşma	3	14713
aşmış	3	14714
aşımı	3	14715
aşının	3	14716
aşısı	3	14717
babaları	3	14718
babalık	3	14719
babasıyla	3	14720
bacağına	3	14721
bacağından	3	14722
bademcik	3	14723
bahanesiyle	3	14724
baharat	3	14725
bahse	3	14726
bahsederek	3	14727
bahsetmesi	3	14728
bahçeye	3	14729
bakanlara	3	14730
bakanların	3	14731
bakanlıkta	3	14732
bakar	3	14733
bakarsanız	3	14734
bakiye	3	14735
bakma	3	14736
bakmamız	3	14737
bakmaya	3	14738
baktık	3	14739
baktığı	3	14740
bakımında	3	14741
bakımını	3	14742
bakışta	3	14743
balya	3	14744
balı	3	14745
balın	3	14746
balığı	3	14747
balığın	3	14748
bandına	3	14749
bankalarda	3	14750
barajların	3	14751
barbar	3	14752
bardağı	3	14753
bariyerlerle	3	14754
barındırıyor	3	14755
barışın	3	14756
barışına	3	14757
basan	3	14758
basittir	3	14759
baskıların	3	14760
baskınlarda	3	14761
baskının	3	14762
bastım	3	14763
bastığı	3	14764
basılı	3	14765
basım	3	14766
batısı	3	14767
batıya	3	14768
baya	3	14769
bayrağımız	3	14770
bağlandı	3	14771
bağlanmış	3	14772
bağlantılar	3	14773
bağlantılarla	3	14774
bağlanır	3	14775
bağlılıklarını	3	14776
bağlılığın	3	14777
bağımsızlığı	3	14778
bağın	3	14779
bağışıklığı	3	14780
başaracağız	3	14781
başarılarına	3	14782
başarılarının	3	14783
başkanımızla	3	14784
başkanını	3	14785
başkentin	3	14786
başlamaz	3	14787
başlamıştır	3	14788
başlanan	3	14789
başlarını	3	14790
başlatan	3	14791
başlatmasının	3	14792
başlattık	3	14793
başlattığımız	3	14794
başlatıldığı	3	14795
başlayabilirsiniz	3	14796
başlayacağına	3	14797
başlayanlar	3	14798
başlayın	3	14799
başlıklar	3	14800
başlıkta	3	14801
başvurduğu	3	14802
başvurusuna	3	14803
başörtüsü	3	14804
başımız	3	14805
başınıza	3	14806
bebeğimiz	3	14807
becerileri	3	14808
bedelin	3	14809
bedeller	3	14810
beklediğimiz	3	14811
beklediğiniz	3	14812
beklemediği	3	14813
beklemektedir	3	14814
bekleneni	3	14815
beklenmiyor	3	14816
beklentisini	3	14817
beklentisinin	3	14818
bekleyin	3	14819
bekliyorum	3	14820
belde	3	14821
belediyelerine	3	14822
belediyelerle	3	14823
belediyeyi	3	14824
belgesini	3	14825
belirlediğimiz	3	14826
belirlendiği	3	14827
belirlenerek	3	14828
belirlenmedi	3	14829
belirlenmesinin	3	14830
belirleyen	3	14831
belirleyerek	3	14832
belirliyor	3	14833
belirsizliği	3	14834
belirsizliğini	3	14835
belirtip	3	14836
belirtir	3	14837
belirttikleri	3	14838
benimseyen	3	14839
benlik	3	14840
benzine	3	14841
benzinli	3	14842
beraberliğimizi	3	14843
berber	3	14844
bereketin	3	14845
besindir	3	14846
besleyen	3	14847
beste	3	14848
beyanda	3	14849
beygir	3	14850
bezelye	3	14851
beğendiği	3	14852
bi	3	14853
biberiye	3	14854
bildikleri	3	14855
bildirdiği	3	14856
bildirdiğini	3	14857
bildiren	3	14858
bildirimleri	3	14859
bildiriyoruz	3	14860
bildirmişti	3	14861
bildiğini	3	14862
bileklik	3	14863
biletleri	3	14864
bileşen	3	14865
bileşikler	3	14866
bilgilendirilmesi	3	14867
bilgilendirmek	3	14868
bilgilendirmeler	3	14869
bilgilerle	3	14870
bilimci	3	14871
bilimi	3	14872
bilin	3	14873
bilinmediğini	3	14874
bilinmesi	3	14875
bilip	3	14876
bilirim	3	14877
biliriz	3	14878
bilirler	3	14879
biliyordum	3	14880
bilişsel	3	14881
bilmediğim	3	14882
bilmediğini	3	14883
bilmeyen	3	14884
bilmiyordum	3	14885
bilmiyorsanız	3	14886
bilsin	3	14887
binalara	3	14888
binasını	3	14889
bindi	3	14890
binerek	3	14891
binin	3	14892
birbirimizden	3	14893
birbirinin	3	14894
birbirlerinin	3	14895
bireylerde	3	14896
bireylere	3	14897
bireyleri	3	14898
biriken	3	14899
birikimi	3	14900
birikintileri	3	14901
birikmiş	3	14902
birimizin	3	14903
birincilik	3	14904
birinde	3	14905
birinden	3	14906
birisidir	3	14907
biriyle	3	14908
birleşen	3	14909
birleştirerek	3	14910
birliklerin	3	14911
birliktelik	3	14912
birliğinin	3	14913
birşey	3	14914
biteni	3	14915
bitirdi	3	14916
bitiyor	3	14917
bitkileri	3	14918
bitkilerin	3	14919
bitkisi	3	14920
bitmeden	3	14921
bittiğinde	3	14922
bizlerle	3	14923
biçimi	3	14924
biçimini	3	14925
biçimlerini	3	14926
bloke	3	14927
boksör	3	14928
bolca	3	14929
bombardıman	3	14930
borcudur	3	14931
borusu	3	14932
borçla	3	14933
botla	3	14934
botoks	3	14935
boyama	3	14936
boynumuzun	3	14937
boyutlarıyla	3	14938
boyutta	3	14939
boyutuna	3	14940
boyutunun	3	14941
bozmasın	3	14942
bozuklukları	3	14943
bozukluğu	3	14944
bozulan	3	14945
bozulma	3	14946
boğuldu	3	14947
boşandığı	3	14948
branş	3	14949
bulacak	3	14950
bulacaktır	3	14951
bulamayan	3	14952
bulantı	3	14953
bulantısı	3	14954
bulaşır	3	14955
buldular	3	14956
bulgu	3	14957
bulmuyorum	3	14958
bulsun	3	14959
bulunacaklarını	3	14960
bulunduğuna	3	14961
bulunmamaktadır	3	14962
bulunmanın	3	14963
bulunmasını	3	14964
bulunmasıyla	3	14965
bulunulmuştur	3	14966
bulunuyorum	3	14967
bulurken	3	14968
buluşmak	3	14969
buluşturmak	3	14970
buluşturuyor	3	14971
bunca	3	14972
bungalov	3	14973
buranın	3	14974
buyurun	3	14975
buzağı	3	14976
buğdayın	3	14977
buğulama	3	14978
böcek	3	14979
böldü	3	14980
bölgelerindeki	3	14981
bölgelerinden	3	14982
bölümleri	3	14983
bölümlerinde	3	14984
börek	3	14985
böylesine	3	14986
bülten	3	14987
bültenle	3	14988
bürokratik	3	14989
bütçelerine	3	14990
bütünlüğüne	3	14991
büyüklükte	3	14992
büyüklüğüne	3	14993
büyükşehirlerde	3	14994
büyülü	3	14995
büyümeden	3	14996
büyümesine	3	14997
büyümesiyle	3	14998
büyümüş	3	14999
büyürken	3	15000
büyüğü	3	15001
bırakmamak	3	15002
bırakmanın	3	15003
bırakmayın	3	15004
bırakmıyor	3	15005
bıraktığımız	3	15006
bırakıyorlar	3	15007
bıçaklandı	3	15008
bıçaklayarak	3	15009
caddede	3	15010
camiada	3	15011
camiasına	3	15012
camiasında	3	15013
canlandıranın	3	15014
canı	3	15015
canım	3	15016
canımı	3	15017
canına	3	15018
caretta	3	15019
cebine	3	15020
cevizi	3	15021
cezalandırılması	3	15022
cezalandırılmasını	3	15023
cezasının	3	15024
cihazlarda	3	15025
cilde	3	15026
ciltte	3	15027
cinayetleri	3	15028
cinayetten	3	15029
cinsiyete	3	15030
cips	3	15031
cumaya	3	15032
cömert	3	15033
cümleyi	3	15034
daireyi	3	15035
dakikalarca	3	15036
dakikalarında	3	15037
damak	3	15038
darbedildi	3	15039
davayı	3	15040
davetiye	3	15041
davetlisi	3	15042
davranışların	3	15043
davranışlarını	3	15044
davranışsal	3	15045
dayanıklılığı	3	15046
dayanışmayı	3	15047
dağıtmak	3	15048
dağıtılan	3	15049
dedesinin	3	15050
dedikodu	3	15051
dediniz	3	15052
dediğimizde	3	15053
dekoratif	3	15054
delegelerin	3	15055
delilleri	3	15056
demenin	3	15057
demişler	3	15058
demokrasiye	3	15059
deneme	3	15060
denemesi	3	15061
denetimlerinde	3	15062
denetledi	3	15063
deneyimleme	3	15064
deneysel	3	15065
dengelerin	3	15066
denir	3	15067
denizanası	3	15068
denizlerin	3	15069
denmez	3	15070
deplasmanından	3	15071
depremlerinde	3	15072
depremzedeler	3	15073
derbisine	3	15074
derde	3	15075
derdimiz	3	15076
dereceyle	3	15077
derginin	3	15078
dergisi	3	15079
dergisinin	3	15080
derinleştiriyor	3	15081
derler	3	15082
dersin	3	15083
dersiniz	3	15084
derste	3	15085
desem	3	15086
destekledi	3	15087
desteklediklerini	3	15088
desteklemekten	3	15089
desteklenen	3	15090
desteklenmesi	3	15091
desteklerin	3	15092
desteklerle	3	15093
destekçilerine	3	15094
desteğine	3	15095
detaylarına	3	15096
detayına	3	15097
devirdi	3	15098
devletimize	3	15099
devletimizi	3	15100
devletine	3	15101
devredildi	3	15102
devrik	3	15103
deyimdir	3	15104
deyin	3	15105
dezavantajlı	3	15106
değere	3	15107
değerin	3	15108
değerinin	3	15109
değerleme	3	15110
değerlendirecek	3	15111
değerlendireceğini	3	15112
değerlendirerek	3	15113
değerlendirildiğinde	3	15114
değerlendirilebilir	3	15115
değerlendirilmesini	3	15116
değerlendiriyoruz	3	15117
değerlendirmelere	3	15118
değerlendirmeleri	3	15119
değerlendirmelerini	3	15120
değerlere	3	15121
değişimlerini	3	15122
değişir	3	15123
değişmedi	3	15124
değişmiş	3	15125
değiştirdik	3	15126
dibinden	3	15127
dijitalleşme	3	15128
dikilen	3	15129
dilden	3	15130
dileklerimle	3	15131
dilekçe	3	15132
dilekçesini	3	15133
dilemesi	3	15134
dileğiyle	3	15135
dilimi	3	15136
dilimler	3	15137
dilini	3	15138
diller	3	15139
dillere	3	15140
dinamiklerini	3	15141
dininde	3	15142
dinle	3	15143
dinler	3	15144
dinleyerek	3	15145
dinliyor	3	15146
dip	3	15147
dirayetli	3	15148
direğe	3	15149
diri	3	15150
diyaloğu	3	15151
diyaloğun	3	15152
diyecek	3	15153
diyeceksin	3	15154
diyemeyiz	3	15155
diyenlerin	3	15156
diyetle	3	15157
diyorsa	3	15158
diyorsun	3	15159
dizayn	3	15160
diğerinin	3	15161
diğerlerinden	3	15162
dişleri	3	15163
dobra	3	15164
doktorunuza	3	15165
dokunmak	3	15166
dokunulmaması	3	15167
dokunun	3	15168
dolandırdığı	3	15169
dolarına	3	15170
doludur	3	15171
dondurma	3	15172
dondurucu	3	15173
dopamin	3	15174
dostlarımız	3	15175
dostlarımıza	3	15176
doğada	3	15177
doğduğu	3	15178
doğranmış	3	15179
dumanlar	3	15180
dumanları	3	15181
durakta	3	15182
durağa	3	15183
durduruldu	3	15184
durmakta	3	15185
durmalı	3	15186
durmaya	3	15187
durmayı	3	15188
duruluyor	3	15189
durumlarını	3	15190
durup	3	15191
dururken	3	15192
duyarsız	3	15193
duyduğum	3	15194
duygular	3	15195
duygulara	3	15196
duyuldu	3	15197
duyurduğu	3	15198
duyurulan	3	15199
döndük	3	15200
döneceği	3	15201
dönemdeyiz	3	15202
dönemlerinde	3	15203
dönerken	3	15204
dönmedi	3	15205
dönmeyi	3	15206
dönümlük	3	15207
dönünce	3	15208
dönüyorlar	3	15209
dönüştürdü	3	15210
dönüştürücü	3	15211
dönüştüğü	3	15212
dönüşümde	3	15213
dönüşümdür	3	15214
dönüşümle	3	15215
dönüşünde	3	15216
dördü	3	15217
dörtte	3	15218
dövdü	3	15219
dünyadan	3	15220
dünyasındaki	3	15221
düzeltmek	3	15222
düzenine	3	15223
düzeninin	3	15224
düzenlemesine	3	15225
düzenlemeyi	3	15226
düzenlemişti	3	15227
düğünü	3	15228
düşeceği	3	15229
düşeni	3	15230
düşmana	3	15231
düşmanlık	3	15232
düşmanıdır	3	15233
düşmanım	3	15234
düşmedi	3	15235
düşmesine	3	15236
düşmesiyle	3	15237
düşmüştü	3	15238
düştük	3	15239
düşüncelerle	3	15240
düşüncesiyle	3	15241
düşündüm	3	15242
düşündüğü	3	15243
düşünenler	3	15244
düşünmediğini	3	15245
düşünmek	3	15246
düşünülebilir	3	15247
düşünülen	3	15248
düşünülerek	3	15249
düşünülmektedir	3	15250
düşünülür	3	15251
düşürdüğü	3	15252
düşüren	3	15253
düşürmesi	3	15254
düşüşler	3	15255
düşüşünü	3	15256
dışarıya	3	15257
dışıdır	3	15258
dışılıkla	3	15259
ebediyete	3	15260
ebeveyn	3	15261
eczanede	3	15262
eczanenin	3	15263
edebileceğini	3	15264
edecekti	3	15265
edeceğimizi	3	15266
edemeyiz	3	15267
edemiyor	3	15268
edene	3	15269
ederseniz	3	15270
edilene	3	15271
edilirler	3	15272
edilme	3	15273
edilmedi	3	15274
edilmeli	3	15275
edilmesinde	3	15276
edilmeyecek	3	15277
edilse	3	15278
ediniyor	3	15279
edinmek	3	15280
edinmiş	3	15281
ekibimizce	3	15282
ekilen	3	15283
ekiple	3	15284
eklemek	3	15285
eklenince	3	15286
eklenmesi	3	15287
ekleyen	3	15288
ekliyor	3	15289
ekonomideki	3	15290
ekonomisini	3	15291
ekonomiyle	3	15292
ekosistemin	3	15293
ekranlarından	3	15294
eksiklik	3	15295
elebaşının	3	15296
elektriğin	3	15297
elementine	3	15298
eleştirel	3	15299
eleştirilerde	3	15300
elle	3	15301
elzem	3	15302
emeklilerimize	3	15303
emeklilerimizin	3	15304
emeklilikte	3	15305
emekliyi	3	15306
emekçilerin	3	15307
emekçilerine	3	15308
emeğin	3	15309
emilimini	3	15310
emperyalist	3	15311
emperyalistler	3	15312
emrine	3	15313
emsal	3	15314
endeksinde	3	15315
endeksleri	3	15316
ender	3	15317
endişelerinin	3	15318
endişeye	3	15319
enfeksiyonların	3	15320
enfeksiyonun	3	15321
enfekte	3	15322
enfes	3	15323
enflasyondan	3	15324
engebeli	3	15325
engelini	3	15326
engelledi	3	15327
engellenen	3	15328
engelleyen	3	15329
engellilerin	3	15330
engelliyor	3	15331
enkazından	3	15332
entübe	3	15333
envanterine	3	15334
eri	3	15335
eriyen	3	15336
eriyor	3	15337
erişimi	3	15338
erkeklere	3	15339
erkekleri	3	15340
erkeklerin	3	15341
ermesinin	3	15342
ermesiyle	3	15343
ertelenmesi	3	15344
esasa	3	15345
eserlerin	3	15346
eserleriyle	3	15347
eserlerle	3	15348
esirgemeyen	3	15349
esiri	3	15350
esirlerin	3	15351
esnaflar	3	15352
esnafımız	3	15353
etiketi	3	15354
etiketleri	3	15355
etken	3	15356
etkilediği	3	15357
etkilemiş	3	15358
etkilenecek	3	15359
etkileniyor	3	15360
etkilerin	3	15361
etkileyebileceği	3	15362
etkileyebileceğini	3	15363
etkileşimi	3	15364
etkisine	3	15365
etmediğim	3	15366
etmeksizin	3	15367
etmektir	3	15368
etmeliyiz	3	15369
etmemiz	3	15370
etmeyeceği	3	15371
etmeyeceğini	3	15372
etrafına	3	15373
etrafını	3	15374
etse	3	15375
ettiniz	3	15376
ettirdi	3	15377
ettirdiği	3	15378
ettirecek	3	15379
evladı	3	15380
evlerinden	3	15381
evliliğinde	3	15382
eyaletteki	3	15383
eylemde	3	15384
eyleme	3	15385
eylemini	3	15386
eylesin	3	15387
eziyet	3	15388
eğitiminde	3	15389
eğitmen	3	15390
eğitmenler	3	15391
eşik	3	15392
eşin	3	15393
eşiyle	3	15394
eşyası	3	15395
faaliyeti	3	15396
faaliyetinde	3	15397
faaliyetlerinde	3	15398
faaliyetleriyle	3	15399
fabrikada	3	15400
fabrikası	3	15401
faciasının	3	15402
failin	3	15403
failleri	3	15404
faillerin	3	15405
fakir	3	15406
faktör	3	15407
fanatik	3	15408
farkın	3	15409
farkının	3	15410
faturaları	3	15411
faturalarını	3	15412
faturasını	3	15413
faul	3	15414
faydalanarak	3	15415
faydalanması	3	15416
faydalar	3	15417
faydalarının	3	15418
fedakarca	3	15419
felakete	3	15420
felaketinden	3	15421
felci	3	15422
fesheden	3	15423
feshederek	3	15424
feshetti	3	15425
festivale	3	15426
fetih	3	15427
fevkalade	3	15428
fidanların	3	15429
fidye	3	15430
fiilen	3	15431
fikirler	3	15432
fikirleri	3	15433
fikirlerin	3	15434
fikirlerini	3	15435
fikrini	3	15436
fikrinin	3	15437
filminde	3	15438
filminden	3	15439
filmleri	3	15440
filmlerini	3	15441
filtre	3	15442
fintech	3	15443
firmalarımız	3	15444
firmayı	3	15445
fiyatla	3	15446
fotoğraflarda	3	15447
fotoğrafta	3	15448
fotoğrafının	3	15449
fren	3	15450
frene	3	15451
fuarda	3	15452
futbolcudan	3	15453
futbolcularından	3	15454
futbolcuyu	3	15455
futbolseverler	3	15456
futbolseverleri	3	15457
futbolseverlerin	3	15458
futboluna	3	15459
fırlattı	3	15460
fırlattığı	3	15461
fırsatlarla	3	15462
fırsatların	3	15463
fıstıklı	3	15464
fıstığı	3	15465
fıtığı	3	15466
galiba	3	15467
galibiyetinin	3	15468
galibiyette	3	15469
garantili	3	15470
garson	3	15471
gayretle	3	15472
gayretlerini	3	15473
gaza	3	15474
gazetesine	3	15475
gazilerimize	3	15476
gazilerimizi	3	15477
gazının	3	15478
gebelik	3	15479
gecelik	3	15480
gecesinde	3	15481
gecesine	3	15482
geceyi	3	15483
gecikme	3	15484
geldikleri	3	15485
gelebileceğini	3	15486
geleceğimiz	3	15487
gelenekleri	3	15488
geleneği	3	15489
geleneğinde	3	15490
geleneğinin	3	15491
gelenleri	3	15492
gelenlerin	3	15493
gelenlerle	3	15494
gelini	3	15495
gelirler	3	15496
gelirlerine	3	15497
gelirlerini	3	15498
gelişime	3	15499
gelişir	3	15500
gelişmekte	3	15501
geliştikçe	3	15502
geliştiren	3	15503
geliştirildi	3	15504
geliştirilmesine	3	15505
geliştirir	3	15506
gelme	3	15507
gelmesine	3	15508
gelmesinin	3	15509
gelmeyi	3	15510
gelmez	3	15511
gemide	3	15512
gemilerle	3	15513
gemisinin	3	15514
genele	3	15515
genişleyen	3	15516
gerekirken	3	15517
gerekliliklerini	3	15518
gerekmekte	3	15519
gerekmez	3	15520
gerekmiyor	3	15521
gerekti	3	15522
gerektirir	3	15523
gerektiriyor	3	15524
gergin	3	15525
gerginlikler	3	15526
gerginliği	3	15527
gerilemenin	3	15528
gerilemesi	3	15529
gerilemeyi	3	15530
gerçekler	3	15531
gerçeklerden	3	15532
gerçekleşmesini	3	15533
gerçekleştirdiklerini	3	15534
gerçekleştirdiğimiz	3	15535
gerçekleştiğinde	3	15536
getirdiğimiz	3	15537
getireceklerini	3	15538
getireceğiz	3	15539
getirilecek	3	15540
getirileceğini	3	15541
getirilir	3	15542
getiriliyor	3	15543
getirilmesini	3	15544
getirilmiş	3	15545
getirmektedir	3	15546
getirmiş	3	15547
getirmişti	3	15548
gezegenin	3	15549
gezerken	3	15550
geçenlere	3	15551
geçerse	3	15552
geçilmesi	3	15553
geçince	3	15554
geçinen	3	15555
geçirip	3	15556
geçirirler	3	15557
geçirmelerine	3	15558
geçirmişti	3	15559
geçişine	3	15560
geçişini	3	15561
geçişler	3	15562
geçişleri	3	15563
geçmeden	3	15564
geçmediği	3	15565
geçmediğini	3	15566
geçmez	3	15567
geçmişiyle	3	15568
geçmiştir	3	15569
geçtikleri	3	15570
geçtikten	3	15571
geçtiler	3	15572
gibiydi	3	15573
gideceğiz	3	15574
gideri	3	15575
giderlerinin	3	15576
gidilmesi	3	15577
gidin	3	15578
gidişatını	3	15579
gidişi	3	15580
gidişin	3	15581
girdikleri	3	15582
girdiğinde	3	15583
girebilir	3	15584
girildi	3	15585
girilirken	3	15586
girişimciler	3	15587
girişimcilere	3	15588
girişimler	3	15589
girişimlerde	3	15590
girişimlerini	3	15591
girişinin	3	15592
girmiştir	3	15593
gitmiş	3	15594
gitmişti	3	15595
gitmiştim	3	15596
gittiler	3	15597
gittiğimde	3	15598
gittiğimizde	3	15599
gittiğinde	3	15600
gittiğiniz	3	15601
giyip	3	15602
giymiş	3	15603
gizlemek	3	15604
gizlice	3	15605
gişe	3	15606
glikoz	3	15607
grafiği	3	15608
gramlık	3	15609
grevi	3	15610
gribi	3	15611
gruba	3	15612
gruplarının	3	15613
gruptan	3	15614
gölgesinde	3	15615
gömmeye	3	15616
gönderdik	3	15617
gönderen	3	15618
göndererek	3	15619
gönderildiğini	3	15620
gönlünde	3	15621
gönüllüler	3	15622
gönüllülerin	3	15623
gördüğümüzde	3	15624
görevin	3	15625
görevlendirdi	3	15626
görevlendirilen	3	15627
görmediğini	3	15628
görmeli	3	15629
görüleceği	3	15630
görüleceğini	3	15631
görülmüştür	3	15632
görünmüyor	3	15633
görüntüledi	3	15634
görüntülenen	3	15635
görüntülerinin	3	15636
görüntülerle	3	15637
görünümünde	3	15638
görünümünü	3	15639
görünümüyle	3	15640
görüşen	3	15641
görüşlerine	3	15642
görüşmesinde	3	15643
görüştük	3	15644
görüştüm	3	15645
görüştüğü	3	15646
görüşüldü	3	15647
görüşüyoruz	3	15648
gösterdiğimiz	3	15649
göstereceğiz	3	15650
gösterici	3	15651
gösteride	3	15652
gösteriler	3	15653
gösterilerek	3	15654
gösterileri	3	15655
gösterilerle	3	15656
gösterip	3	15657
gösterisinde	3	15658
gösteriyoruz	3	15659
göstermeliyiz	3	15660
götürdüğü	3	15661
götürülürken	3	15662
götürüp	3	15663
gözetmeksizin	3	15664
gözlemlediklerini	3	15665
gözlemlendi	3	15666
gözlemliyoruz	3	15667
gözlerden	3	15668
gözlerin	3	15669
gözüyle	3	15670
göçle	3	15671
göçmenleri	3	15672
göğsünden	3	15673
gübreleme	3	15674
gücümüz	3	15675
güldürüyor	3	15676
güncellemeye	3	15677
güncellenmesi	3	15678
gündemden	3	15679
güneşe	3	15680
günlerce	3	15681
günlerine	3	15682
günlerini	3	15683
günübirlik	3	15684
günümüz	3	15685
gür	3	15686
güvencesi	3	15687
güvenlikle	3	15688
güvenliğimiz	3	15689
güvenliğin	3	15690
güçlendiren	3	15691
güçlenmesi	3	15692
güçlerince	3	15693
güçleriyle	3	15694
güçlüdür	3	15695
gıdada	3	15696
habercisi	3	15697
haberlerle	3	15698
hacca	3	15699
hacim	3	15700
hafifletebilir	3	15701
hafifletir	3	15702
hafızalara	3	15703
hafızalarda	3	15704
hafızanın	3	15705
hakeme	3	15706
hakikatin	3	15707
hakimlik	3	15708
hakkın	3	15709
hakkıyla	3	15710
haklar	3	15711
hakların	3	15712
haldeki	3	15713
halidir	3	15714
halkla	3	15715
halkları	3	15716
halkta	3	15717
hamlesini	3	15718
hammadde	3	15719
hanelere	3	15720
hanesine	3	15721
hanımları	3	15722
hapse	3	15723
haraç	3	15724
harcadığı	3	15725
harcamalar	3	15726
harcamalarının	3	15727
hareketine	3	15728
hareketinin	3	15729
hareketleri	3	15730
hareketlerin	3	15731
hareketlerine	3	15732
hareketlerini	3	15733
hareketliliğini	3	15734
harici	3	15735
harita	3	15736
harç	3	15737
hasarla	3	15738
hastalara	3	15739
hastalarda	3	15740
hastalarının	3	15741
hastalıktan	3	15742
hastanelerden	3	15743
hastaneyi	3	15744
hatalı	3	15745
hatası	3	15746
hattındaki	3	15747
hattının	3	15748
hatırlatma	3	15749
hatırlıyorum	3	15750
havası	3	15751
havayı	3	15752
havuz	3	15753
havuza	3	15754
hayallerine	3	15755
hayalleriniz	3	15756
hayatları	3	15757
hayatlarımız	3	15758
hayatlarının	3	15759
hayatından	3	15760
hayatınıza	3	15761
hayli	3	15762
hayranlık	3	15763
hayvanlarına	3	15764
hayvanlarını	3	15765
hazırda	3	15766
hazırladıkları	3	15767
hazırlanır	3	15768
hazırlayacağız	3	15769
hazırlıklara	3	15770
hazırlıkların	3	15771
hazırlıklarının	3	15772
haşlama	3	15773
haşlanmış	3	15774
heba	3	15775
hedefimizi	3	15776
hedefinde	3	15777
hedeflerimiz	3	15778
hedefliyorum	3	15779
hekimlerinin	3	15780
hektar	3	15781
helallik	3	15782
helikopterler	3	15783
hemzemin	3	15784
hepiniz	3	15785
hepsinden	3	15786
hesabındaki	3	15787
hesapladı	3	15788
hesaplama	3	15789
hesaplamalar	3	15790
hesaplanan	3	15791
hesaplar	3	15792
heykel	3	15793
heykelin	3	15794
heykelleri	3	15795
hissediyorum	3	15796
hissesi	3	15797
hissettik	3	15798
hissettim	3	15799
hissettiğini	3	15800
hizmetlerinden	3	15801
hiçbirinin	3	15802
hocaya	3	15803
hormon	3	15804
hoşgörülü	3	15805
hudut	3	15806
hukukla	3	15807
hurdaya	3	15808
husumettir	3	15809
huzura	3	15810
huzurevi	3	15811
hücrelerini	3	15812
hücum	3	15813
hükmündedir	3	15814
hükümetini	3	15815
hükümetleri	3	15816
hükümler	3	15817
hürmetle	3	15818
hızlandırır	3	15819
hızlandırıyor	3	15820
hızlanma	3	15821
hızı	3	15822
ibaresi	3	15823
iddialarda	3	15824
iddiasında	3	15825
ifadede	3	15826
ifadelerinde	3	15827
ifadelerinin	3	15828
ifadeleriyle	3	15829
ihaleler	3	15830
ihalesini	3	15831
ihracatını	3	15832
ihtilaflı	3	15833
ihtiyaçların	3	15834
ihtiyaçlarının	3	15835
iklimi	3	15836
ikramında	3	15837
iktidarının	3	15838
ilaca	3	15839
ilahi	3	15840
ilaçlama	3	15841
ilelebet	3	15842
ilerlemek	3	15843
ilerlemekte	3	15844
ilerlemeler	3	15845
ilerlemesini	3	15846
ilerlemiş	3	15847
ileten	3	15848
iletiyorum	3	15849
iletişimci	3	15850
iletişimde	3	15851
ilgilendi	3	15852
ilgilendiği	3	15853
ilgim	3	15854
ilgisine	3	15855
ilhak	3	15856
ilinde	3	15857
iline	3	15858
ilişkideki	3	15859
ilişkilerdeki	3	15860
ilişkilere	3	15861
ilişkilerimizi	3	15862
ilişkilerinin	3	15863
ilişkisinde	3	15864
ilkeleri	3	15865
illa	3	15866
illegal	3	15867
illerimizde	3	15868
iltihabı	3	15869
ilçeler	3	15870
ilçelerden	3	15871
ilçelerin	3	15872
ilçemize	3	15873
ilçemizin	3	15874
ilçesinden	3	15875
ima	3	15876
imkanlarla	3	15877
imkanlarımızı	3	15878
imkanına	3	15879
imzaladığı	3	15880
imzayı	3	15881
inancımızı	3	15882
inanmak	3	15883
inanın	3	15884
incelemelere	3	15885
incelenirken	3	15886
incelenmek	3	15887
indikten	3	15888
indirdik	3	15889
indirildi	3	15890
indirildiği	3	15891
indiriminin	3	15892
indirimlerine	3	15893
indiği	3	15894
infial	3	15895
inişe	3	15896
inovasyon	3	15897
insanlarda	3	15898
insanlarımıza	3	15899
insanlarından	3	15900
internetin	3	15901
inşaatın	3	15902
ipini	3	15903
ipuçlarını	3	15904
iradesine	3	15905
iradesinin	3	15906
irtibata	3	15907
irtifa	3	15908
isimden	3	15909
isimle	3	15910
ismine	3	15911
ismiyle	3	15912
istasyonları	3	15913
istasyonlarının	3	15914
istasyonuna	3	15915
istediğimizi	3	15916
istediğiniz	3	15917
isteklerini	3	15918
istekli	3	15919
istemez	3	15920
istemiş	3	15921
istemiştim	3	15922
istendiği	3	15923
istenirse	3	15924
istenmesi	3	15925
isterler	3	15926
isteyecek	3	15927
istifaya	3	15928
istihbaratı	3	15929
istikamette	3	15930
istilacı	3	15931
ithalatçı	3	15932
itirazlar	3	15933
itirazı	3	15934
itirazını	3	15935
ittifaka	3	15936
ivedilikle	3	15937
iyileştiren	3	15938
iyileştirir	3	15939
izle	3	15940
izledik	3	15941
izlemeyi	3	15942
izlenme	3	15943
izlenmesi	3	15944
izlerinin	3	15945
izleyenler	3	15946
izleyerek	3	15947
içerden	3	15948
içerdiğini	3	15949
içerikler	3	15950
içerisi	3	15951
içeriğinde	3	15952
içeriğindeki	3	15953
içeriğine	3	15954
içermektedir	3	15955
içimizde	3	15956
içindedir	3	15957
içindeler	3	15958
içlerindeki	3	15959
içtiği	3	15960
işbirlikçi	3	15961
işgalden	3	15962
işgücü	3	15963
işimi	3	15964
işimiz	3	15965
işimizi	3	15966
işinde	3	15967
işitme	3	15968
işkenceye	3	15969
işledikleri	3	15970
işlek	3	15971
işlemini	3	15972
işleminizi	3	15973
işlemiş	3	15974
işlemlerine	3	15975
işlendi	3	15976
işlendikten	3	15977
işlenerek	3	15978
işlenmiş	3	15979
işlerimiz	3	15980
işlerinin	3	15981
işleten	3	15982
işletmecisi	3	15983
işletmeciye	3	15984
işletmenin	3	15985
işletmeye	3	15986
işlevini	3	15987
işleyecek	3	15988
işleyerek	3	15989
işleyişi	3	15990
işliyor	3	15991
işsizliği	3	15992
işverenin	3	15993
işverenler	3	15994
işyerlerinde	3	15995
işyerlerine	3	15996
işçilere	3	15997
işçilik	3	15998
işçisi	3	15999
jandarmaya	3	16000
kabiliyeti	3	16001
kabiliyetini	3	16002
kabiliyetlerini	3	16003
kabri	3	16004
kabulü	3	16005
kabusa	3	16006
kabuğu	3	16007
kadrosunu	3	16008
kadınlardan	3	16009
kafelerde	3	16010
kafeye	3	16011
kahramanlık	3	16012
kahvenin	3	16013
kahvesi	3	16014
kalabalığa	3	16015
kalabilir	3	16016
kalacaklar	3	16017
kalacağı	3	16018
kalacağını	3	16019
kalacağız	3	16020
kalamaz	3	16021
kalanında	3	16022
kalbin	3	16023
kalbine	3	16024
kaldırmaya	3	16025
kaldırılmasına	3	16026
kaldırılmasını	3	16027
kaldırılıyor	3	16028
kaldırıp	3	16029
kaldığımız	3	16030
kalemi	3	16031
kalitesinden	3	16032
kalkmış	3	16033
kalkınmayı	3	16034
kalmadan	3	16035
kalmasıyla	3	16036
kalmayacağını	3	16037
kalmayan	3	16038
kalsa	3	16039
kalça	3	16040
kalınlığı	3	16041
kameraların	3	16042
kamikaze	3	16043
kampanyasını	3	16044
kampanyasıyla	3	16045
kampta	3	16046
kamuoyunun	3	16047
kamyondan	3	16048
kamyonetin	3	16049
kamyonu	3	16050
kamyonun	3	16051
kanaatindeyim	3	16052
kanadı	3	16053
kanatta	3	16054
kanserine	3	16055
kanserle	3	16056
kanuni	3	16057
kanı	3	16058
kanın	3	16059
kanıtları	3	16060
kaosa	3	16061
kapanacak	3	16062
kapanan	3	16063
kapanışta	3	16064
kapasiteye	3	16065
kapatacağız	3	16066
kaplama	3	16067
kaplayan	3	16068
kaplumbağa	3	16069
kapora	3	16070
kapsayıcı	3	16071
kaptanı	3	16072
kapıldı	3	16073
kapılmadan	3	16074
kapının	3	16075
kapısına	3	16076
kapısında	3	16077
kapısını	3	16078
karakola	3	16079
karakterine	3	16080
kararlara	3	16081
kararlarının	3	16082
kararlaştırdı	3	16083
karasal	3	16084
karbondioksit	3	16085
karbonhidrat	3	16086
karbonmonoksit	3	16087
kardeşimizi	3	16088
kardeşimizin	3	16089
kardeşin	3	16090
kardeşiniz	3	16091
kardeşlerimin	3	16092
kardeşlerimizle	3	16093
kare	3	16094
karede	3	16095
kariyeriyle	3	16096
kartıyla	3	16097
karıştırıcı	3	16098
karıştırıp	3	16099
karşıladığını	3	16100
karşılanması	3	16101
karşılar	3	16102
karşılaşmadan	3	16103
karşılaşmaları	3	16104
karşılaşması	3	16105
karşılaştık	3	16106
karşılaştığımız	3	16107
karşılaşıyoruz	3	16108
karşınızdaki	3	16109
karşıtlığı	3	16110
kasları	3	16111
kasıt	3	16112
kata	3	16113
katacak	3	16114
katacağız	3	16115
kataloğu	3	16116
katarak	3	16117
katlanacak	3	16118
katledilen	3	16119
katliamlara	3	16120
katliamları	3	16121
katliamlarına	3	16122
katmıştı	3	16123
katılanlar	3	16124
katılanlara	3	16125
katılmaya	3	16126
katılmayan	3	16127
katılımın	3	16128
katılıp	3	16129
katılıyor	3	16130
katını	3	16131
kavgası	3	16132
kavgasında	3	16133
kavram	3	16134
kavuşan	3	16135
kavşak	3	16136
kavşağa	3	16137
kavşağı	3	16138
kaybedecek	3	16139
kaybediyor	3	16140
kaybetme	3	16141
kaybettim	3	16142
kaybettiğimiz	3	16143
kaybettiğine	3	16144
kaybolduktan	3	16145
kaybolmasına	3	16146
kaybıyla	3	16147
kaydederek	3	16148
kaydederken	3	16149
kaydetmişti	3	16150
kaymasında	3	16151
kaymış	3	16152
kaynaklandı	3	16153
kaynaklarımız	3	16154
kaynaklarıyla	3	16155
kaynamaya	3	16156
kaynağıdır	3	16157
kaynağına	3	16158
kaynağını	3	16159
kayınvalidesi	3	16160
kayıplara	3	16161
kayıplarını	3	16162
kayıtlar	3	16163
kayıtsız	3	16164
kazaları	3	16165
kazaların	3	16166
kazalarında	3	16167
kazanabilirsiniz	3	16168
kazancın	3	16169
kazandıracağız	3	16170
kazandırdığı	3	16171
kazandırma	3	16172
kazandırılmasında	3	16173
kazanmıştı	3	16174
kazanılmış	3	16175
kazanım	3	16176
kazanır	3	16177
kazanırsa	3	16178
kazılar	3	16179
kazınan	3	16180
kaçarken	3	16181
kaçmadı	3	16182
kaçınma	3	16183
kaçınılması	3	16184
kaçınılmazdır	3	16185
kaçıp	3	16186
kaçırdı	3	16187
kaçış	3	16188
kaşar	3	16189
kaşık	3	16190
kederli	3	16191
kekik	3	16192
kelimeler	3	16193
kelimeleri	3	16194
kemeri	3	16195
kenarda	3	16196
kendileriyle	3	16197
kendinden	3	16198
kentinin	3	16199
kentlerden	3	16200
kentteki	3	16201
kesildiği	3	16202
kesilmesi	3	16203
kesimin	3	16204
kesiminden	3	16205
kesimine	3	16206
kesimini	3	16207
kesimlere	3	16208
kesimlerin	3	16209
kesimlerinin	3	16210
kesintiler	3	16211
kesintiye	3	16212
keçisi	3	16213
keşfetti	3	16214
kimle	3	16215
kimsesiz	3	16216
kimyasalların	3	16217
kin	3	16218
kiracılara	3	16219
kiracıların	3	16220
kiraladığı	3	16221
kirleten	3	16222
kirliliğine	3	16223
kirliliğinin	3	16224
kitabının	3	16225
kitaplarına	3	16226
kişilerdir	3	16227
kişiliği	3	16228
kişiselleştirilmiş	3	16229
kişiselleştirme	3	16230
klasman	3	16231
koalisyonu	3	16232
kodlarını	3	16233
koduyla	3	16234
kokain	3	16235
kolaylaştırıyor	3	16236
kolesterolü	3	16237
koltuklar	3	16238
kolunu	3	16239
komiser	3	16240
komisyonun	3	16241
kompakt	3	16242
komple	3	16243
komuta	3	16244
komşularının	3	16245
konağı	3	16246
kondu	3	16247
konforu	3	16248
konforunu	3	16249
kongremizi	3	16250
kongresinde	3	16251
konsantre	3	16252
konteynerine	3	16253
kontrollerin	3	16254
kontrolüne	3	16255
konudur	3	16256
konulacak	3	16257
konulup	3	16258
konumundaki	3	16259
konumunu	3	16260
konusudur	3	16261
konuşarak	3	16262
konuştum	3	16263
konvoyundaki	3	16264
koptuğu	3	16265
kopuk	3	16266
kopya	3	16267
koridoru	3	16268
korkan	3	16269
korkusu	3	16270
korkusuyla	3	16271
korumakla	3	16272
korumaları	3	16273
korumanın	3	16274
korunaklı	3	16275
korunma	3	16276
kovalayan	3	16277
koyacak	3	16278
koyar	3	16279
koyarak	3	16280
koyduğunu	3	16281
koyu	3	16282
koyuldu	3	16283
koşan	3	16284
koşarak	3	16285
koştu	3	16286
koşulların	3	16287
koşulsuz	3	16288
koşulu	3	16289
krediler	3	16290
kremi	3	16291
kriterlerine	3	16292
krizine	3	16293
krizler	3	16294
kuduz	3	16295
kullanabilirler	3	16296
kullanabilirsiniz	3	16297
kullanacağız	3	16298
kullandık	3	16299
kullanmadan	3	16300
kullanılabiliyor	3	16301
kullanılacağı	3	16302
kullanılacağını	3	16303
kullanılmasına	3	16304
kullanın	3	16305
kulübünde	3	16306
kulübüyle	3	16307
kulüplerinden	3	16308
kulüpte	3	16309
kumaş	3	16310
kumpas	3	16311
kupasını	3	16312
kurallarını	3	16313
kuralı	3	16314
kurmanın	3	16315
kurmasına	3	16316
kurtarılamayarak	3	16317
kurtarılarak	3	16318
kurtarıldığı	3	16319
kurtarış	3	16320
kurtulan	3	16321
kurtulma	3	16322
kurtulmaya	3	16323
kurtulmuştu	3	16324
kurullarına	3	16325
kurulumuz	3	16326
kuruluşlara	3	16327
kuruluşların	3	16328
kuruluşlarını	3	16329
kurumlarımızla	3	16330
kurumun	3	16331
kurumunun	3	16332
kurunu	3	16333
kuruyor	3	16334
kuruşluk	3	16335
kusursuz	3	16336
kusuru	3	16337
kutlama	3	16338
kutlamak	3	16339
kutlamalarla	3	16340
kutlamaları	3	16341
kutlaması	3	16342
kutuplaşma	3	16343
kutuplu	3	16344
kuvvette	3	16345
kuzeni	3	16346
kuzeybatı	3	16347
kuzeyi	3	16348
kuşatma	3	16349
kuşattığı	3	16350
kuşkusuz	3	16351
kuşu	3	16352
kökeninin	3	16353
kökten	3	16354
kömür	3	16355
köpeklerinin	3	16356
köprüden	3	16357
kötülüğü	3	16358
köyündeki	3	16359
köyünün	3	16360
kültüre	3	16361
kültüründe	3	16362
kültürünü	3	16363
kürsü	3	16364
kılar	3	16365
kılması	3	16366
kılınır	3	16367
kınadığını	3	16368
kırk	3	16369
kırmaya	3	16370
kırmızılı	3	16371
kırılganlığı	3	16372
kısmet	3	16373
kısımlarında	3	16374
kıtanın	3	16375
kıvama	3	16376
kıyafetler	3	16377
kıyafetleri	3	16378
kıyafetlerin	3	16379
kıymeti	3	16380
kıyısına	3	16381
kıza	3	16382
kızarıklık	3	16383
kızını	3	16384
kışın	3	16385
lacivertli	3	16386
lakaplı	3	16387
lanetliyoruz	3	16388
lehimize	3	16389
lekeleri	3	16390
lensler	3	16391
lezzeti	3	16392
lezzetlerin	3	16393
liderlere	3	16394
liderlerin	3	16395
liderliğe	3	16396
ligden	3	16397
liginde	3	16398
likidite	3	16399
limanlarından	3	16400
limit	3	16401
limitini	3	16402
linki	3	16403
liradır	3	16404
liraydı	3	16405
liseler	3	16406
listeden	3	16407
listesinden	3	16408
listesinin	3	16409
listeye	3	16410
litrelik	3	16411
lityum	3	16412
logo	3	16413
lojmanları	3	16414
lokanta	3	16415
lokma	3	16416
lüksü	3	16417
maaşlar	3	16418
madalyalar	3	16419
madalyayla	3	16420
maddelik	3	16421
maddesinin	3	16422
maddeyi	3	16423
madeni	3	16424
mafya	3	16425
mahallemizde	3	16426
mahallenin	3	16427
mahkemeden	3	16428
mahkemeler	3	16429
mahkemelerin	3	16430
mahkumlar	3	16431
mahrem	3	16432
mahrum	3	16433
makamlara	3	16434
makamlarının	3	16435
makamına	3	16436
makinesinde	3	16437
makinesinin	3	16438
mallarının	3	16439
malzemelerle	3	16440
malzemenin	3	16441
mantarı	3	16442
manuel	3	16443
markaları	3	16444
markasını	3	16445
markayı	3	16446
marketlerde	3	16447
masajı	3	16448
masasına	3	16449
masasının	3	16450
masumiyet	3	16451
materyaller	3	16452
mazbatanın	3	16453
mazlumlara	3	16454
maçla	3	16455
maçlarla	3	16456
maçlarına	3	16457
maçlarından	3	16458
maçımız	3	16459
maçındaki	3	16460
maçından	3	16461
mağaraya	3	16462
mağlubiyeti	3	16463
meditasyon	3	16464
medyasında	3	16465
mekanizmalar	3	16466
mekanlar	3	16467
mektup	3	16468
melanom	3	16469
memleketin	3	16470
memnunum	3	16471
memurları	3	16472
memurların	3	16473
memuruna	3	16474
menopoz	3	16475
mensup	3	16476
mercimek	3	16477
merdivenlerden	3	16478
mermiyle	3	16479
mesafeli	3	16480
mesajlara	3	16481
mesajının	3	16482
meseledir	3	16483
meselelerine	3	16484
meselesini	3	16485
metabolik	3	16486
metallerin	3	16487
metinlerde	3	16488
metreye	3	16489
metrobüse	3	16490
metruk	3	16491
mevsimi	3	16492
mevsimsel	3	16493
mevzuatta	3	16494
meyvedir	3	16495
meyvelerini	3	16496
meyvenin	3	16497
mezarı	3	16498
mezarının	3	16499
mezunları	3	16500
mihenk	3	16501
mikro	3	16502
milletini	3	16503
milletten	3	16504
milletvekillerini	3	16505
milletvekilliğinin	3	16506
milyara	3	16507
milyarder	3	16508
milyonlar	3	16509
milyonun	3	16510
minimize	3	16511
misafirlerimiz	3	16512
misin	3	16513
misli	3	16514
misyon	3	16515
mitinge	3	16516
miyim	3	16517
miyiz	3	16518
modelinin	3	16519
modellerinden	3	16520
modu	3	16521
molası	3	16522
montlar	3	16523
morga	3	16524
motorine	3	16525
motorinin	3	16526
motorları	3	16527
motosiklete	3	16528
motosikletteki	3	16529
mottosuyla	3	16530
mucizevi	3	16531
muhabbet	3	16532
muhasebe	3	16533
muhatap	3	16534
muhtarları	3	16535
muhtarlık	3	16536
mum	3	16537
mutfağının	3	16538
mücadeleler	3	16539
mücadelemize	3	16540
mücadelesine	3	16541
mücadelesiyle	3	16542
müdafaa	3	16543
müddetçe	3	16544
müjdesi	3	16545
mükelleflerin	3	16546
mülk	3	16547
mülki	3	16548
mürekkep	3	16549
müsabaka	3	16550
müsabakasında	3	16551
müsabakasının	3	16552
müsabakayı	3	16553
müsterih	3	16554
mütalaasını	3	16555
müttefik	3	16556
müttefiklerine	3	16557
müzakerelerine	3	16558
müzenin	3	16559
müzikal	3	16560
müşavirlik	3	16561
müşterisi	3	16562
nafaka	3	16563
nedenini	3	16564
nelere	3	16565
nelerin	3	16566
nerelerde	3	16567
nesli	3	16568
nesneler	3	16569
netleşti	3	16570
nettir	3	16571
neydi	3	16572
nisanda	3	16573
nitelenen	3	16574
niteliğini	3	16575
niyetine	3	16576
nişan	3	16577
noktalarını	3	16578
noktamız	3	16579
noktanın	3	16580
nominal	3	16581
nostaljik	3	16582
notta	3	16583
notuyla	3	16584
numaralarını	3	16585
numaralarının	3	16586
numarasını	3	16587
nüfusa	3	16588
nüfusta	3	16589
obruk	3	16590
ocaktan	3	16591
ocağa	3	16592
odada	3	16593
odaklanan	3	16594
odaklandı	3	16595
odaklandıklarını	3	16596
off	3	16597
ofislerin	3	16598
okudum	3	16599
okuldan	3	16600
okuluna	3	16601
okulunu	3	16602
okuyan	3	16603
olabildiğince	3	16604
olabileceğinin	3	16605
olabilmektedir	3	16606
olacaksınız	3	16607
olamayacak	3	16608
olamayan	3	16609
olasıdır	3	16610
olasılık	3	16611
olaylarına	3	16612
oldunuz	3	16613
olimpiyatlara	3	16614
olmalarıyla	3	16615
olmamak	3	16616
olmamakla	3	16617
olmayabilir	3	16618
olmayız	3	16619
olumsuzluk	3	16620
olunacak	3	16621
olunmalı	3	16622
olunmalıdır	3	16623
olunur	3	16624
oluyorum	3	16625
oluşmaktadır	3	16626
oluşmuş	3	16627
oluşturmaktadır	3	16628
oluşturulmasının	3	16629
oluşturuyoruz	3	16630
oluşumu	3	16631
oluşumuna	3	16632
onaylanan	3	16633
onca	3	16634
onurlandırmak	3	16635
operasyonlarla	3	16636
operasyonların	3	16637
operasyonlarına	3	16638
operasyonunun	3	16639
operası	3	16640
orana	3	16641
oranlar	3	16642
oranımızı	3	16643
orası	3	16644
organizasyonlar	3	16645
organları	3	16646
organlarında	3	16647
organlarını	3	16648
organı	3	16649
ormana	3	16650
ormandan	3	16651
ortaklığı	3	16652
ortalarına	3	16653
ortalığı	3	16654
ortamlarda	3	16655
ortamının	3	16656
ortasına	3	16657
oruçlu	3	16658
ot	3	16659
otobüse	3	16660
otobüslere	3	16661
otobüslerle	3	16662
otomobillere	3	16663
otoriter	3	16664
oturmasını	3	16665
oturum	3	16666
oturuma	3	16667
oturur	3	16668
otururken	3	16669
oybirliğiyle	3	16670
oylamada	3	16671
oyları	3	16672
oylarını	3	16673
oynamış	3	16674
oynanması	3	16675
oynayabilen	3	16676
oynayacağız	3	16677
oyuncaklar	3	16678
oyunculardan	3	16679
oyuncularıyla	3	16680
oyuncuyla	3	16681
oyuncuyu	3	16682
oyunda	3	16683
oyunlarına	3	16684
oyunlarıyla	3	16685
oğlunu	3	16686
pahasına	3	16687
paketin	3	16688
paketlerin	3	16689
palamut	3	16690
paneli	3	16691
pankartlar	3	16692
paralarla	3	16693
paraların	3	16694
parasal	3	16695
parite	3	16696
parkuru	3	16697
parkında	3	16698
parlamentonun	3	16699
parlayan	3	16700
partilere	3	16701
partililere	3	16702
parçaları	3	16703
parçasını	3	16704
patlamada	3	16705
patlatıldı	3	16706
patronu	3	16707
paylaşmaktan	3	16708
paylaşılmadı	3	16709
paylaşıma	3	16710
paylaşımlar	3	16711
paylaşımlarla	3	16712
paylaşımları	3	16713
paylaşımlarıyla	3	16714
paylaşımının	3	16715
paylaşırken	3	16716
payını	3	16717
pazara	3	16718
pazardaki	3	16719
pazarlık	3	16720
pembe	3	16721
pencere	3	16722
performansına	3	16723
personelle	3	16724
personellerin	3	16725
peygamberlerin	3	16726
peynirin	3	16727
pilav	3	16728
piyasadan	3	16729
piyasalara	3	16730
piyasalardaki	3	16731
pişiriyoruz	3	16732
pişkin	3	16733
piştikten	3	16734
plaj	3	16735
plajın	3	16736
plaket	3	16737
planla	3	16738
planlandı	3	16739
planlanmıştı	3	16740
planlarının	3	16741
planımız	3	16742
platforma	3	16743
platformlar	3	16744
platformlara	3	16745
platformlarından	3	16746
platformlarının	3	16747
platformundan	3	16748
polemik	3	16749
polen	3	16750
polislerin	3	16751
politik	3	16752
politikalarla	3	16753
politikalarıyla	3	16754
politikasına	3	16755
pompalı	3	16756
popülerlik	3	16757
posta	3	16758
potansiyele	3	16759
pozisyonlar	3	16760
pozisyonlarını	3	16761
pozları	3	16762
prestij	3	16763
problemini	3	16764
problemler	3	16765
profesyonellerinin	3	16766
programdan	3	16767
programlara	3	16768
programlarla	3	16769
programlarını	3	16770
projelerden	3	16771
projelerimiz	3	16772
projelerimizi	3	16773
projelerimizle	3	16774
protokolle	3	16775
protokolü	3	16776
protokolün	3	16777
puanlarla	3	16778
puanlarına	3	16779
puanlarını	3	16780
puanlı	3	16781
püre	3	16782
rahatlatacak	3	16783
rahatlık	3	16784
rahatsızlığının	3	16785
rahatça	3	16786
rahmetle	3	16787
rakamla	3	16788
rakamların	3	16789
rakamlarını	3	16790
rakamlarının	3	16791
rakamın	3	16792
rakamına	3	16793
rakibinin	3	16794
rakiplerinin	3	16795
raporlarıyla	3	16796
raporun	3	16797
rastlanan	3	16798
reddedildiği	3	16799
reddedilmesini	3	16800
reddi	3	16801
refahın	3	16802
refahını	3	16803
reformu	3	16804
refüje	3	16805
rehabilite	3	16806
rehberli	3	16807
rekorlar	3	16808
renklendi	3	16809
resimde	3	16810
ressam	3	16811
ret	3	16812
reyhan	3	16813
rezervasyon	3	16814
reçete	3	16815
ribaunt	3	16816
risklere	3	16817
ritüel	3	16818
rivayet	3	16819
role	3	16820
rotasyon	3	16821
rotası	3	16822
rutin	3	16823
rüyaların	3	16824
rüyayı	3	16825
rızası	3	16826
saate	3	16827
saatinde	3	16828
saatini	3	16829
saatlerini	3	16830
saatlerinin	3	16831
sabırlar	3	16832
sabırsızlıkla	3	16833
saflık	3	16834
sahayı	3	16835
sahiline	3	16836
sahilleri	3	16837
sahiplerini	3	16838
sahipleriyle	3	16839
sahipsiz	3	16840
sahnelenecek	3	16841
sahnesi	3	16842
sahtecilik	3	16843
sakal	3	16844
sakinlerinden	3	16845
saklı	3	16846
salata	3	16847
saldırganlığının	3	16848
saldırması	3	16849
saldırıdan	3	16850
saldırıp	3	16851
saldırısıyla	3	16852
saldırıyor	3	16853
salona	3	16854
salonuna	3	16855
salça	3	16856
salınımı	3	16857
saman	3	16858
sanatseverlerle	3	16859
sanatçıların	3	16860
sanayide	3	16861
sanayisi	3	16862
sancak	3	16863
sancılı	3	16864
sandıkları	3	16865
saniyelik	3	16866
sanmıyorum	3	16867
santim	3	16868
sanıklı	3	16869
sarma	3	16870
sarıdan	3	16871
sarılmak	3	16872
satıcılarına	3	16873
satılırken	3	16874
satımı	3	16875
satımında	3	16876
satıp	3	16877
satışlar	3	16878
satışına	3	16879
satışını	3	16880
savaşmak	3	16881
savaşından	3	16882
savcılıktaki	3	16883
savcısının	3	16884
savrularak	3	16885
savunacak	3	16886
savunmaları	3	16887
savunmasında	3	16888
sayfalarında	3	16889
sayfalık	3	16890
saygılarımı	3	16891
sayılan	3	16892
sayıldığı	3	16893
sayılmasına	3	16894
sayıya	3	16895
saçma	3	16896
sağlamaları	3	16897
sağlamasını	3	16898
sağlanacağını	3	16899
sağlanmasına	3	16900
sağlanmasının	3	16901
sağlanmış	3	16902
sağlasa	3	16903
sağlayabiliriz	3	16904
sağlığının	3	16905
sebeplerle	3	16906
sebzeleri	3	16907
sebzelerin	3	16908
seferberlik	3	16909
seferberliği	3	16910
seferlik	3	16911
sektörlerden	3	16912
sektörüne	3	16913
selamlarını	3	16914
selamlıyorum	3	16915
sembollerin	3	16916
semptomlar	3	16917
semptomları	3	16918
senaryolar	3	16919
senaryosunu	3	16920
seneden	3	16921
senetleri	3	16922
sergilenen	3	16923
serin	3	16924
serisinin	3	16925
servisinde	3	16926
servisinin	3	16927
sesiniz	3	16928
seslenmek	3	16929
seslerinin	3	16930
set	3	16931
sete	3	16932
setleri	3	16933
setlerinde	3	16934
sette	3	16935
sevdası	3	16936
sevdiklerine	3	16937
sevdim	3	16938
sevenleri	3	16939
sevenlerinin	3	16940
severek	3	16941
sevgilisiyle	3	16942
sevimli	3	16943
seviyeden	3	16944
seviyelerde	3	16945
seviyelerinde	3	16946
seviyelerinin	3	16947
seviyorum	3	16948
sevkiyatı	3	16949
sevmek	3	16950
seyirciyle	3	16951
seyirle	3	16952
seyredeceği	3	16953
seyrine	3	16954
sezgisel	3	16955
sezonluk	3	16956
seçilerek	3	16957
seçiminden	3	16958
seçimiyle	3	16959
seçimlerinden	3	16960
seçmek	3	16961
seçmenler	3	16962
seçmenleri	3	16963
seçmenlerin	3	16964
sigaradan	3	16965
sigarası	3	16966
sigarayı	3	16967
sihirli	3	16968
silahları	3	16969
simgelerinden	3	16970
sineklerin	3	16971
sinirli	3	16972
sinyal	3	16973
siparişi	3	16974
sistematik	3	16975
sistemimiz	3	16976
sistemindeki	3	16977
sistemlere	3	16978
sistemlerinde	3	16979
sistemleriyle	3	16980
sistemli	3	16981
sitem	3	16982
sitesine	3	16983
siyasetinde	3	16984
siyasetine	3	16985
sofistike	3	16986
sofraları	3	16987
sokağı	3	16988
sola	3	16989
soluğu	3	16990
sonlarına	3	16991
sonrasına	3	16992
sonsuza	3	16993
sonuçlanan	3	16994
sonuçlarla	3	16995
sonuçlarıyla	3	16996
soran	3	16997
sorar	3	16998
sorumludur	3	16999
sorumlularından	3	17000
sorumluluğunda	3	17001
sorunlarla	3	17002
soruyorum	3	17003
soruşturmalar	3	17004
soruşturmasında	3	17005
soyadını	3	17006
soykırımına	3	17007
soğanları	3	17008
soğumaya	3	17009
spekülasyonlar	3	17010
sponsorluğunda	3	17011
sporda	3	17012
statü	3	17013
stokçuluk	3	17014
stratejileri	3	17015
stratejilerinin	3	17016
stratejinin	3	17017
strese	3	17018
sucukları	3	17019
sulandırıcı	3	17020
sularıyla	3	17021
sulu	3	17022
sunabilmek	3	17023
sunarken	3	17024
sundukları	3	17025
sunmakla	3	17026
sunulacağı	3	17027
sunulduğu	3	17028
sunulmuştu	3	17029
sunumunu	3	17030
suça	3	17031
suçladı	3	17032
suçlamayı	3	17033
suçluyor	3	17034
sömürgeci	3	17035
söndürmek	3	17036
söndürülmesi	3	17037
söndürülürken	3	17038
söylediğim	3	17039
söylemlerde	3	17040
söylemlerine	3	17041
söylenebilir	3	17042
söylentiler	3	17043
söylentileri	3	17044
söyleşi	3	17045
söylüyordu	3	17046
söylüyorlar	3	17047
sözcük	3	17048
sözlerinin	3	17049
sözleşmesinin	3	17050
sünnet	3	17051
sürdürülecektir	3	17052
süreceği	3	17053
süreler	3	17054
sürelerini	3	17055
süreçlerinde	3	17056
sürmesi	3	17057
sürücülerine	3	17058
sürüklenen	3	17059
sürülüyor	3	17060
sürüp	3	17061
süslüyor	3	17062
sıcaklar	3	17063
sıfatıyla	3	17064
sıkılaştırma	3	17065
sıkılmadık	3	17066
sınavlarının	3	17067
sınıfa	3	17068
sınıfından	3	17069
sınırların	3	17070
sınırlarının	3	17071
sınırsız	3	17072
sır	3	17073
sıralama	3	17074
sıralamada	3	17075
sıralar	3	17076
sıralara	3	17077
sıranın	3	17078
sıvıları	3	17079
sızıntı	3	17080
sızıntılar	3	17081
sıçrama	3	17082
sığındı	3	17083
tabana	3	17084
tabancayı	3	17085
tabanına	3	17086
tablonun	3	17087
tabloyu	3	17088
tacirlerine	3	17089
tahkikat	3	17090
tahminini	3	17091
taht	3	17092
tahvili	3	17093
takdiri	3	17094
takibi	3	17095
taksiciyi	3	17096
taksitli	3	17097
taktı	3	17098
takılar	3	17099
takımlarını	3	17100
takımında	3	17101
takımıyla	3	17102
talebe	3	17103
talebindeki	3	17104
talepler	3	17105
taleplerimiz	3	17106
taleplerine	3	17107
talimatları	3	17108
talimatlarını	3	17109
tamamlamayı	3	17110
tamamlamıştı	3	17111
tamamlanana	3	17112
tamamlandığını	3	17113
tamamlanmak	3	17114
tamamlayacak	3	17115
tamiri	3	17116
tank	3	17117
tanıklarının	3	17118
tanımayan	3	17119
tanımlayan	3	17120
tanımıyor	3	17121
tanışan	3	17122
tanışmayı	3	17123
tanıştığı	3	17124
tanıştığını	3	17125
tarafa	3	17126
taraflara	3	17127
taraflardan	3	17128
taraftarlarla	3	17129
tarafım	3	17130
tarafın	3	17131
tarihimize	3	17132
tarihler	3	17133
tarihlerde	3	17134
tarlaya	3	17135
tartışmada	3	17136
tartışmalarının	3	17137
tartışmasına	3	17138
tartıştı	3	17139
tartışılması	3	17140
tartışılıyor	3	17141
tarzını	3	17142
tarımın	3	17143
tasarlandı	3	17144
tasarlanmış	3	17145
tasarlanmıştır	3	17146
tasarımında	3	17147
tasarımıyla	3	17148
tasarısını	3	17149
tatiline	3	17150
tatlısının	3	17151
tavrı	3	17152
tavsiyeler	3	17153
tavsiyeleri	3	17154
tavukların	3	17155
taç	3	17156
taşra	3	17157
taştı	3	17158
taşımacılığı	3	17159
taşımaya	3	17160
taşınarak	3	17161
taşınmasına	3	17162
taşıyoruz	3	17163
tebessüm	3	17164
tecavüz	3	17165
tecellisi	3	17166
tecrübesi	3	17167
tecrübesini	3	17168
tedbiri	3	17169
tedbirlerle	3	17170
tehdidine	3	17171
tehlikelere	3	17172
tekme	3	17173
teknisyen	3	17174
teknolojisinin	3	17175
tekrarlanması	3	17176
tekvandocu	3	17177
temasa	3	17178
temaslar	3	17179
temassız	3	17180
temettü	3	17181
temizliğe	3	17182
temizliğini	3	17183
ten	3	17184
tencere	3	17185
tencereye	3	17186
tepkilerin	3	17187
terapi	3	17188
terimi	3	17189
termometreler	3	17190
tertemiz	3	17191
teröristler	3	17192
terörü	3	17193
tesadüf	3	17194
tesadüfen	3	17195
tesir	3	17196
tesisinin	3	17197
tesislerde	3	17198
testin	3	17199
testini	3	17200
tetikte	3	17201
tetkik	3	17202
teşekkürü	3	17203
teşkilatların	3	17204
teşviki	3	17205
teşvikleri	3	17206
ticaretle	3	17207
tiyatroya	3	17208
tişört	3	17209
tolerans	3	17210
tona	3	17211
toplandığı	3	17212
toplanma	3	17213
toplanmaya	3	17214
toplantılarında	3	17215
toplayacak	3	17216
toplayıp	3	17217
topluluklar	3	17218
topluluğun	3	17219
topraklar	3	17220
topraklarımız	3	17221
toprağı	3	17222
toprağın	3	17223
topyekun	3	17224
topçu	3	17225
tork	3	17226
torunu	3	17227
trafikteki	3	17228
trafiğinde	3	17229
trafiğini	3	17230
trajedi	3	17231
transferde	3	17232
transferleri	3	17233
travma	3	17234
trendin	3	17235
tura	3	17236
turizme	3	17237
turizmine	3	17238
turnuvanın	3	17239
tutacak	3	17240
tutacağını	3	17241
tutanağı	3	17242
tutarlar	3	17243
tutkunlarına	3	17244
tutkusu	3	17245
tutmaları	3	17246
tuttuğunu	3	17247
tutuklanmasını	3	17248
tutulduğu	3	17249
tutuyoruz	3	17250
tuvalete	3	17251
tuşuna	3	17252
tweet	3	17253
törenini	3	17254
tüketicilere	3	17255
tüketicileri	3	17256
tüketiciye	3	17257
tüketmeniz	3	17258
tümünü	3	17259
tüpünün	3	17260
türlerin	3	17261
türünde	3	17262
türüne	3	17263
tüzel	3	17264
tıpta	3	17265
uca	3	17266
ucu	3	17267
ulaşabilecek	3	17268
ulaşacağız	3	17269
ulaşmada	3	17270
ulaşmaya	3	17271
ulaştıklarını	3	17272
ulaştıracak	3	17273
ulaştırıyor	3	17274
ulaşımın	3	17275
ulaşırsınız	3	17276
ulusun	3	17277
umduğunu	3	17278
umutları	3	17279
umutlarını	3	17280
unsurların	3	17281
ustalıkla	3	17282
ustası	3	17283
usulsüz	3	17284
usulsüzlük	3	17285
utanmadan	3	17286
uyarmak	3	17287
uyarsa	3	17288
uyarıları	3	17289
uyarıldı	3	17290
uyarınca	3	17291
uyarısının	3	17292
uyguladı	3	17293
uygulamadan	3	17294
uygulanmalı	3	17295
uygulanır	3	17296
uygulayabilirsiniz	3	17297
uyguluyor	3	17298
uyguluyoruz	3	17299
uygundur	3	17300
uygunluk	3	17301
uykuya	3	17302
uyması	3	17303
uyuşturucudan	3	17304
uzamasına	3	17305
uzaydan	3	17306
uzlaşısı	3	17307
uzmanlarına	3	17308
uzunluğu	3	17309
uçaklar	3	17310
uçtu	3	17311
uçucu	3	17312
uçurumdan	3	17313
uçuşunu	3	17314
uğrak	3	17315
uğrayarak	3	17316
uğraşır	3	17317
uğurladı	3	17318
vaat	3	17319
vaatlerini	3	17320
vadediyor	3	17321
vajinal	3	17322
vakasında	3	17323
valizinde	3	17324
vapura	3	17325
varile	3	17326
varlıkları	3	17327
varyantının	3	17328
vatandaşımıza	3	17329
vazgeçmek	3	17330
vazife	3	17331
vaşak	3	17332
vb	3	17333
vekil	3	17334
vekiller	3	17335
velileri	3	17336
verdiğim	3	17337
verdiğin	3	17338
verecekler	3	17339
vereceklerini	3	17340
veremedi	3	17341
vereyim	3	17342
verilebilir	3	17343
verileceği	3	17344
verilerden	3	17345
verilerinden	3	17346
verilmesinin	3	17347
verilmeyeceği	3	17348
verilmeyen	3	17349
verilmiyor	3	17350
verim	3	17351
verimini	3	17352
verisinin	3	17353
veriye	3	17354
vermedik	3	17355
vermediğini	3	17356
vermekte	3	17357
vermesini	3	17358
vermeyeceğini	3	17359
vermez	3	17360
vermiştim	3	17361
versinler	3	17362
vicdani	3	17363
videoyla	3	17364
videoyu	3	17365
vinç	3	17366
virüsün	3	17367
vites	3	17368
viyadük	3	17369
vizesi	3	17370
vizyon	3	17371
vizyona	3	17372
vizyonuna	3	17373
vs	3	17374
vurguladılar	3	17375
vurguladığı	3	17376
vurgular	3	17377
vuruşla	3	17378
vuruşta	3	17379
vücudunun	3	17380
vücudunuzu	3	17381
vücuttaki	3	17382
yakaladık	3	17383
yakaladığı	3	17384
yakan	3	17385
yaklaşmak	3	17386
yaklaşımla	3	17387
yaklaşımın	3	17388
yaklaşımını	3	17389
yaklaşımının	3	17390
yakınlarıyla	3	17391
yakınlığı	3	17392
yakınına	3	17393
yakınını	3	17394
yakınının	3	17395
yalanı	3	17396
yangınlara	3	17397
yangınlarının	3	17398
yangınlarıyla	3	17399
yanma	3	17400
yansıdığını	3	17401
yansımadı	3	17402
yansıtmadığını	3	17403
yansıtıldı	3	17404
yansıyacağını	3	17405
yanık	3	17406
yanıklar	3	17407
yanımda	3	17408
yanıtlarken	3	17409
yapabileceği	3	17410
yapamaz	3	17411
yaparsak	3	17412
yaparsın	3	17413
yapmadığı	3	17414
yapmakta	3	17415
yapmalıyız	3	17416
yapmam	3	17417
yapmaması	3	17418
yapmanız	3	17419
yapmıyorum	3	17420
yapmıyoruz	3	17421
yaprağı	3	17422
yapsınlar	3	17423
yaptırdığı	3	17424
yaptırımlarla	3	17425
yaptığımda	3	17426
yaptığında	3	17427
yaptığınız	3	17428
yaptığınızda	3	17429
yapılanma	3	17430
yapılara	3	17431
yapıldığında	3	17432
yapılmadığı	3	17433
yapılmayacağını	3	17434
yapılsın	3	17435
yapılıp	3	17436
yapımların	3	17437
yapımın	3	17438
yapıyorsak	3	17439
yaradığını	3	17440
yaraladığı	3	17441
yaralamıştı	3	17442
yaralarını	3	17443
yararlanabilecek	3	17444
yararlanabilirsiniz	3	17445
yararlandı	3	17446
yaratma	3	17447
yarattığını	3	17448
yardımcımız	3	17449
yardımda	3	17450
yardımlar	3	17451
yardımları	3	17452
yardımına	3	17453
yardımını	3	17454
yargıdan	3	17455
yargılanmasına	3	17456
yarıdan	3	17457
yarısının	3	17458
yarışta	3	17459
yarışın	3	17460
yarışına	3	17461
yarışından	3	17462
yasada	3	17463
yasakladı	3	17464
yasalara	3	17465
yasalarla	3	17466
yasaların	3	17467
yasalarına	3	17468
yasanın	3	17469
yasayı	3	17470
yatar	3	17471
yatay	3	17472
yatağına	3	17473
yatağında	3	17474
yattığını	3	17475
yatırımla	3	17476
yatırımlara	3	17477
yatırımlarımızın	3	17478
yatırımlarının	3	17479
yavrusu	3	17480
yaygındır	3	17481
yaygınlaşması	3	17482
yaygınlaştırılması	3	17483
yayılarak	3	17484
yayımlanarak	3	17485
yayıncılık	3	17486
yayınlanacağını	3	17487
yayınları	3	17488
yayınlayarak	3	17489
yaza	3	17490
yazayım	3	17491
yazmak	3	17492
yazıda	3	17493
yazıldı	3	17494
yazısı	3	17495
yazısına	3	17496
yazıyor	3	17497
yazıyı	3	17498
yazışmalarda	3	17499
yağdı	3	17500
yağmurun	3	17501
yağının	3	17502
yağışına	3	17503
yağışıyla	3	17504
yaşadılar	3	17505
yaşadım	3	17506
yaşadığım	3	17507
yaşadığına	3	17508
yaşamadan	3	17509
yaşamasına	3	17510
yaşamları	3	17511
yaşamıştır	3	17512
yaşanacağı	3	17513
yaşanmadı	3	17514
yaşanmaması	3	17515
yaşanması	3	17516
yaşanmasını	3	17517
yaşanmaya	3	17518
yaşayacağı	3	17519
yaşayacağız	3	17520
yaşlardan	3	17521
yaşlarındaki	3	17522
yaştaki	3	17523
yaştan	3	17524
yaşındayken	3	17525
yaşının	3	17526
yaşıyorlar	3	17527
yelek	3	17528
yemeklerinin	3	17529
yemeğe	3	17530
yendik	3	17531
yenen	3	17532
yenilemek	3	17533
yenilerek	3	17534
yenilikler	3	17535
yeniliklerini	3	17536
yeraltı	3	17537
yerelde	3	17538
yeridir	3	17539
yerken	3	17540
yerlerini	3	17541
yerleştirdiği	3	17542
yerleştirin	3	17543
yeryüzü	3	17544
yeteneklerin	3	17545
yeteneğine	3	17546
yeteneğiyle	3	17547
yetiştirecek	3	17548
yetiştiren	3	17549
yetiştiriciliği	3	17550
yetiştirmeye	3	17551
yetkisi	3	17552
yetkisini	3	17553
yetmediği	3	17554
yetmiyor	3	17555
yiyerek	3	17556
yoksulluğun	3	17557
yolcuları	3	17558
yolcuların	3	17559
yolculuktan	3	17560
yollarımızı	3	17561
yollarına	3	17562
yollarındaki	3	17563
yollarından	3	17564
yolumuza	3	17565
yorgun	3	17566
yorulmadan	3	17567
yorumunda	3	17568
yoğunluğunu	3	17569
yoğunluğunun	3	17570
yumuşayana	3	17571
yurdu	3	17572
yurtdışındaki	3	17573
yurttaşlar	3	17574
yurttaşın	3	17575
yuvası	3	17576
yöne	3	17577
yöneldi	3	17578
yöneltildi	3	17579
yöneltti	3	17580
yöneten	3	17581
yöneticilerine	3	17582
yöneticilerinin	3	17583
yönetilmesi	3	17584
yönetimde	3	17585
yönetimle	3	17586
yönlendirdiği	3	17587
yönlendirmeleri	3	17588
yönlendirmesi	3	17589
yöntemdir	3	17590
yönteminin	3	17591
yöntemlerden	3	17592
yüceltmek	3	17593
yüklüyor	3	17594
yükseklere	3	17595
yükseldiğine	3	17596
yükselir	3	17597
yükselmişti	3	17598
yükselmiştir	3	17599
yükselttik	3	17600
yükümlü	3	17601
yükünden	3	17602
yükünün	3	17603
yürürken	3	17604
yürürlükten	3	17605
yürütecek	3	17606
yürüttükleri	3	17607
yüzerek	3	17608
yüzeye	3	17609
yüzleşmek	3	17610
yüzyıla	3	17611
yüzyılda	3	17612
yıkmaya	3	17613
yıkılması	3	17614
yıkılmasına	3	17615
yıkılırken	3	17616
yıkımı	3	17617
yıldızlar	3	17618
yıldızlarından	3	17619
yıldızlı	3	17620
yıldızın	3	17621
yıllardaki	3	17622
yıllardan	3	17623
yıllarını	3	17624
yığılan	3	17625
zaferini	3	17626
zamandan	3	17627
zamanının	3	17628
zammını	3	17629
zanlılar	3	17630
zanlısı	3	17631
zarf	3	17632
zarif	3	17633
zayıflığı	3	17634
zekayı	3	17635
zeminde	3	17636
zencefil	3	17637
zenginliğini	3	17638
zihniyetin	3	17639
zincirinin	3	17640
zinde	3	17641
zirvenin	3	17642
zirvesindeki	3	17643
ziyaretle	3	17644
ziyaretçileri	3	17645
zorda	3	17646
zorlayacak	3	17647
zorlaştıran	3	17648
zorlaştırıyor	3	17649
zorlaşıyor	3	17650
zorundasınız	3	17651
zurna	3	17652
zırhlı	3	17653
çedes	3	17654
çakmak	3	17655
çalhanoğlu	3	17656
çankırı'nın	3	17657
çağan	3	17658
çebi	3	17659
çekmeköy	3	17660
çelen	3	17661
çetin'in	3	17662
çeşme'nin	3	17663
çiftçimizin	3	17664
çorum'da	3	17665
çoğalmış	3	17666
çörek	3	17667
çıtak	3	17668
önal	3	17669
özalp	3	17670
özdağ'ın	3	17671
özdemir'in	3	17672
özel'e	3	17673
özge	3	17674
özçelik'in	3	17675
ümraniye'de	3	17676
ünder	3	17677
üniversitesinden	3	17678
üsteğmen	3	17679
çabalara	3	17680
çabası	3	17681
çabasında	3	17682
çakıl	3	17683
çalması	3	17684
çalınan	3	17685
çalıntı	3	17686
çalışanlarından	3	17687
çalışmada	3	17688
çalışmadığı	3	17689
çalışmamızı	3	17690
çalışmasına	3	17691
çalıştıran	3	17692
çalıştırdığı	3	17693
çalışın	3	17694
çalışırlar	3	17695
çamur	3	17696
çantası	3	17697
çareyi	3	17698
çatlaklar	3	17699
çatışmaları	3	17700
çaya	3	17701
çayının	3	17702
çağda	3	17703
çağrılan	3	17704
çağındaki	3	17705
çağıran	3	17706
çağırdığını	3	17707
çağırıyor	3	17708
çağırıyoruz	3	17709
çekebilir	3	17710
çekenler	3	17711
çeker	3	17712
çekiciydi	3	17713
çekiliyor	3	17714
çekilmesine	3	17715
çekilmesini	3	17716
çekilmesinin	3	17717
çekilmesiyle	3	17718
çekiçle	3	17719
çekmeyi	3	17720
çekmiş	3	17721
çektim	3	17722
çektirdiği	3	17723
çektiren	3	17724
çektiğimiz	3	17725
çelişkili	3	17726
çemberi	3	17727
çerçevesi	3	17728
çeteler	3	17729
çevirip	3	17730
çevrelerde	3	17731
çevreleyen	3	17732
çeşidi	3	17733
çeşitlerinin	3	17734
çeşitliliği	3	17735
çeşitliliğinin	3	17736
çiftten	3	17737
çinko	3	17738
çizdiği	3	17739
çizgileri	3	17740
çizme	3	17741
çizmiş	3	17742
çocuklardan	3	17743
çorbası	3	17744
çoğunluğa	3	17745
çoğunluğunun	3	17746
çoğunu	3	17747
çuvalın	3	17748
çökmesi	3	17749
çözdük	3	17750
çürümesi	3	17751
çürümeye	3	17752
çıkamadıklarını	3	17753
çıkamayan	3	17754
çıkana	3	17755
çıkarabilir	3	17756
çıkaracağız	3	17757
çıkardım	3	17758
çıkarlarını	3	17759
çıkarılmasına	3	17760
çıkarılmasını	3	17761
çıkarılmıştı	3	17762
çıkarır	3	17763
çıkarırken	3	17764
çıkarıyoruz	3	17765
çıkarız	3	17766
çıkmakta	3	17767
çıkmamış	3	17768
çıkmıyor	3	17769
çıktıklarını	3	17770
çıktığında	3	17771
çırpın	3	17772
ödedi	3	17773
ödemelerde	3	17774
ödemelerinde	3	17775
ödemenin	3	17776
ödemesinin	3	17777
ödenek	3	17778
ödevi	3	17779
ödeyen	3	17780
ödüllerini	3	17781
ödülüne	3	17782
öldürdükten	3	17783
öldürülmesini	3	17784
öldürülmesiyle	3	17785
ölmüş	3	17786
ölümlerinin	3	17787
ömürlü	3	17788
önceliğimiz	3	17789
öncesindeki	3	17790
öncülük	3	17791
öncülüğünü	3	17792
öndeyken	3	17793
önerge	3	17794
öneri	3	17795
önerilerinin	3	17796
önerisinde	3	17797
öneriyorum	3	17798
önlemenin	3	17799
önlemlerini	3	17800
önleyebilir	3	17801
önleyici	3	17802
önümüze	3	17803
örgütle	3	17804
örgütlerini	3	17805
örgütüyle	3	17806
örtüyle	3	17807
övgü	3	17808
özelliklerin	3	17809
özelliklerini	3	17810
özgürlüklerine	3	17811
öğrencilerini	3	17812
öğrenciye	3	17813
öğrendiğini	3	17814
öğrenerek	3	17815
öğrenimi	3	17816
öğretmenlere	3	17817
öğretmenleri	3	17818
ülkedir	3	17819
ülkelerindeki	3	17820
ün	3	17821
üniversiteler	3	17822
üniversitelerde	3	17823
üniversitelere	3	17824
ünü	3	17825
üreticilere	3	17826
üreticilerine	3	17827
üreticiyi	3	17828
üretilmesi	3	17829
üretir	3	17830
üretti	3	17831
ürettiğimiz	3	17832
ürünlerimiz	3	17833
ürünleriyle	3	17834
ürünlerle	3	17835
üssünü	3	17836
üstten	3	17837
üstünden	3	17838
üstünlüğü	3	17839
üyemiz	3	17840
üyesinin	3	17841
üzerini	3	17842
üzgünüm	3	17843
üzgünüz	3	17844
üzülerek	3	17845
üzüntüye	3	17846
üzüntüyle	3	17847
üçüncüsü	3	17848
iha'yı	3	17849
iso	3	17850
idris	3	17851
iktisatçı	3	17852
iliç	3	17853
ilknur	3	17854
irlanda'nın	3	17855
iskandinav	3	17856
iskenderun	3	17857
ispanya'da	3	17858
ispanyolca	3	17859
israil'den	3	17860
israil'le	3	17861
istanbulkart	3	17862
istanbulluların	3	17863
istimlak	3	17864
izmir'deki	3	17865
izmir'den	3	17866
izmitli	3	17867
içlerinde	3	17868
işletmesi	3	17869
ırk	3	17870
ıspanak	3	17871
ısrar	3	17872
ısırması	3	17873
ısısını	3	17874
ısıtılmış	3	17875
ışıkta	3	17876
şahin'in	3	17877
şahinbey	3	17878
şakir	3	17879
şam'daki	3	17880
şebboy	3	17881
şehzadeler	3	17882
şenay	3	17883
şengün	3	17884
şenliği	3	17885
şentürk	3	17886
şevket	3	17887
şile	3	17888
şimşek'in	3	17889
şırnak'ta	3	17890
şahıslara	3	17891
şahıslarla	3	17892
şansımız	3	17893
şansını	3	17894
şantaj	3	17895
şarkılar	3	17896
şarkılarla	3	17897
şarkıyla	3	17898
şaşkına	3	17899
şaşıran	3	17900
şaşırdı	3	17901
şefkatli	3	17902
şeftali	3	17903
şehidimize	3	17904
şehidin	3	17905
şehirdeki	3	17906
şehirlerimizin	3	17907
şehrine	3	17908
şehrinin	3	17909
şekilleniyor	3	17910
şekline	3	17911
şemsiye	3	17912
şenlikleri	3	17913
şeriat	3	17914
şeyini	3	17915
şeyle	3	17916
şeylerden	3	17917
şeylere	3	17918
şiirinde	3	17919
şikayetinin	3	17920
şikayetiyle	3	17921
şirketle	3	17922
şirketlerinde	3	17923
şişe	3	17924
şişeler	3	17925
şişmesine	3	17926
şoförün	3	17927
şoförünün	3	17928
şoku	3	17929
şubatta	3	17930
şubesinin	3	17931
şunun	3	17932
şölen	3	17933
şüphelileri	3	17934
şüpheliye	3	17935
şıklığı	3	17936
a'dan	2	17937
aae	2	17938
ab'de	2	17939
ab'ye	2	17940
abc	2	17941
abo'su	2	17942
afp	2	17943
ajet	2	17944
akm	2	17945
akp'ye	2	17946
as	2	17947
atacms	2	17948
atm	2	17949
axa	2	17950
abak	2	17951
abbas'ı	2	17952
abbas'ın	2	17953
abdi	2	17954
abdulahat	2	17955
abdulfettah	2	17956
abdulrahman	2	17957
abdülhamid	2	17958
abrahams	2	17959
abu	2	17960
acemi	2	17961
adalı	2	17962
adana'ya	2	17963
adana'yı	2	17964
adapazarı	2	17965
adası'ndaki	2	17966
adel	2	17967
adrian	2	17968
adıyaman'ın	2	17969
afetlerde	2	17970
afganistan	2	17971
afganistan'da	2	17972
afganistan'ın	2	17973
afrika'da	2	17974
afrika'ya	2	17975
afrikalı	2	17976
afyonkarahisar'ın	2	17977
ahi	2	17978
ahmet'in	2	17979
ahsen	2	17980
airlines'ın	2	17981
ajansı'na	2	17982
ajansına	2	17983
akalay	2	17984
akarsu	2	17985
akbulut	2	17986
akdeniz'de	2	17987
akdeniz'den	2	17988
akdeniz'in	2	17989
aker	2	17990
akgül	2	17991
akgün	2	17992
akhisar	2	17993
akit	2	17994
akkaş	2	17995
akpınar	2	17996
akseki	2	17997
aktan	2	17998
akut	2	17999
akyol	2	18000
akçadağ	2	18001
akşemsettin	2	18002
alaaddin	2	18003
alanson	2	18004
alanyasporlu	2	18005
alanı'nda	2	18006
alayı	2	18007
alaşehir	2	18008
albayrak'ın	2	18009
albert	2	18010
alberto	2	18011
aleyna	2	18012
alican	2	18013
aliyev'e	2	18014
aliyev'i	2	18015
allahu	2	18016
allahuekber	2	18017
almanya'daki	2	18018
alpaslan	2	18019
alpay	2	18020
alpağut	2	18021
alpine	2	18022
altan	2	18023
altun'un	2	18024
altuğ	2	18025
altındağ'da	2	18026
altınkaya	2	18027
altınkılıç	2	18028
amacım	2	18029
amasya'nın	2	18030
amed	2	18031
amerika'da	2	18032
amerika'dan	2	18033
amerika'ya	2	18034
amfi	2	18035
ami	2	18036
amine	2	18037
amiri	2	18038
amirliği'ne	2	18039
amorium	2	18040
amsterdam	2	18041
anabilim	2	18042
anadolu'daki	2	18043
anafartalar	2	18044
anayasa'ya	2	18045
anayasamızda	2	18046
anders	2	18047
angela	2	18048
angelino	2	18049
ankaraspor	2	18050
anna	2	18051
antalya'yı	2	18052
antep'in	2	18053
antlaşması'nın	2	18054
anton	2	18055
anzak	2	18056
anıtkabir	2	18057
anıtı	2	18058
anıtı'na	2	18059
arabistan'da	2	18060
araf	2	18061
aral	2	18062
aran	2	18063
aranmıyor	2	18064
araplar	2	18065
arena'da	2	18066
arjantin'den	2	18067
arkeoloji	2	18068
arktik	2	18069
arm	2	18070
armutlu	2	18071
arsenal	2	18072
arsin	2	18073
arthur	2	18074
artvin	2	18075
artvin'de	2	18076
arvas'a	2	18077
arı'nın	2	18078
asi	2	18079
aslen	2	18080
asliye	2	18081
aslolan	2	18082
asos	2	18083
assan	2	18084
assange	2	18085
associated	2	18086
asus	2	18087
asya'nın	2	18088
atalarımızın	2	18089
atalay'ın	2	18090
atasever	2	18091
atasoy	2	18092
atağın	2	18093
ateşin	2	18094
atila	2	18095
atina	2	18096
atlanta	2	18097
atom	2	18098
attal	2	18099
audi	2	18100
augusto'nun	2	18101
austan	2	18102
austin'in	2	18103
auto	2	18104
automotive	2	18105
avam	2	18106
avcı'nın	2	18107
avni	2	18108
avrupa'dan	2	18109
avrupa'yı	2	18110
avrupalılar	2	18111
avustralyalıların	2	18112
awards	2	18113
ayasofya'yı	2	18114
ayaydın	2	18115
ayazağa	2	18116
ayazlı	2	18117
ayazma	2	18118
aybaba	2	18119
aybüke	2	18120
aydar	2	18121
aydemir'i	2	18122
aydemir'in	2	18123
aydos	2	18124
aydın'da	2	18125
ayhan'ın	2	18126
aykanat	2	18127
aymaz	2	18128
ayrılık	2	18129
ayvalık	2	18130
açıkgöz	2	18131
açın	2	18132
ağaoğlu	2	18133
ağar	2	18134
ağırman	2	18135
aşure	2	18136
aşçılık	2	18137
aşıların	2	18138
bm'de	2	18139
bm'nin	2	18140
bm'ye	2	18141
botaş	2	18142
botaş'ın	2	18143
brıcs'e	2	18144
byd'nin	2	18145
baalbek	2	18146
babuşcu	2	18147
babuşçu	2	18148
baby	2	18149
bafa	2	18150
bafra	2	18151
bahar'ın	2	18152
bahri	2	18153
bahçesi'ne	2	18154
bahçeşehir	2	18155
bakanlarla	2	18156
bakanlıkça	2	18157
bakanlığa	2	18158
bakanlığını	2	18159
bakanımıza	2	18160
bakırhan	2	18161
balkanlar	2	18162
balkona	2	18163
baltık	2	18164
balıklı	2	18165
balıkçıların	2	18166
bandırmaspor'u	2	18167
bankamız	2	18168
bankası'na	2	18169
barack	2	18170
barajı'nda	2	18171
barak	2	18172
barbie	2	18173
barcelona'yı	2	18174
bartın	2	18175
bartın'ın	2	18176
bartınlılar	2	18177
barzani	2	18178
basal	2	18179
basketbolda	2	18180
basmane	2	18181
basra	2	18182
bastık	2	18183
basyuni	2	18184
batina	2	18185
batmanlı	2	18186
batshuayi'nin	2	18187
batshuayi'ye	2	18188
battal	2	18189
battuta	2	18190
batur	2	18191
bay	2	18192
bayburt	2	18193
bayburt'un	2	18194
bayezid	2	18195
bayram'a	2	18196
bağcı	2	18197
bağcılar	2	18198
bağımlılıkla	2	18199
başakşehir'de	2	18200
başakşehir'in	2	18201
başarır	2	18202
başbakan'dan	2	18203
başkan'ın	2	18204
başkanlar	2	18205
başkanlığı'nca	2	18206
başkanlığı'nı	2	18207
başkanlığımız	2	18208
başkanlığımıza	2	18209
başkanlığından	2	18210
başkanı'nı	2	18211
başkanımıza	2	18212
başkonsolosu	2	18213
başsavcılığın	2	18214
başsavcılığına	2	18215
başsavcılığının	2	18216
baştuğ	2	18217
başöğretmen	2	18218
bebeklerin	2	18219
becao	2	18220
becerikli	2	18221
belarus	2	18222
belediye'nin	2	18223
belediyelerde	2	18224
belediyesi'nden	2	18225
belediyesini	2	18226
bella	2	18227
beluga	2	18228
belçika'nın	2	18229
belözoğlu	2	18230
benan	2	18231
bendevi	2	18232
bengal	2	18233
beratcan	2	18234
beren	2	18235
bergüzar	2	18236
beria	2	18237
berlanti	2	18238
berna	2	18239
berra	2	18240
bertan	2	18241
best	2	18242
bey'den	2	18243
beyazıt	2	18244
beykoz	2	18245
beyreli	2	18246
beyrut	2	18247
beyrut'ta	2	18248
beyrut'tan	2	18249
beşiktaş'taki	2	18250
beştepe'de	2	18251
beşşar	2	18252
biden'a	2	18253
biden'dan	2	18254
biden'in	2	18255
biden'ı	2	18256
bild	2	18257
bilden	2	18258
bilgen	2	18259
bilgen'in	2	18260
bilgili	2	18261
bilgin'in	2	18262
bilgiç	2	18263
bilkent	2	18264
bill	2	18265
billik	2	18266
binası'nda	2	18267
binbaşı	2	18268
bircan	2	18269
birce	2	18270
birliğimiz	2	18271
birliğin	2	18272
birsen	2	18273
bismil	2	18274
bizans	2	18275
blinken'a	2	18276
blinken'ın	2	18277
bluetooth	2	18278
bolat'ın	2	18279
bolu'daki	2	18280
boluarte'nin	2	18281
bonomo	2	18282
borsası	2	18283
bowling	2	18284
bozyaka	2	18285
boğazın	2	18286
brands	2	18287
brighton	2	18288
bronckhorst'un	2	18289
brüksel'de	2	18290
budapeşte'de	2	18291
bulancak	2	18292
buldan	2	18293
bulgar	2	18294
buluşmada	2	18295
bulvarı'nda	2	18296
bunaltıcı	2	18297
burkay	2	18298
burkina	2	18299
burns	2	18300
bursa'daki	2	18301
bursalılar	2	18302
bylock	2	18303
böbreklerin	2	18304
böceği	2	18305
bölgeler	2	18306
bünyan	2	18307
büyükekşi'nin	2	18308
chp'de	2	18309
caddesi'nin	2	18310
cahit	2	18311
cami'nde	2	18312
camiinde	2	18313
camisi	2	18314
camisi'ndeki	2	18315
campos	2	18316
canbul	2	18317
caner'in	2	18318
cannes	2	18319
cansu	2	18320
capesize	2	18321
carlson'ın	2	18322
cavadzade	2	18323
cavit	2	18324
cebeci	2	18325
cebrail	2	18326
ceferin	2	18327
celtic	2	18328
cemcir	2	18329
cengiz'in	2	18330
central	2	18331
cevahir	2	18332
ceyhan'ın	2	18333
ceylan	2	18334
chat	2	18335
chatgpt	2	18336
cibuti	2	18337
cici	2	18338
cidde	2	18339
cihantimur'un	2	18340
cimnastik	2	18341
class'ta	2	18342
colani	2	18343
colorado	2	18344
como	2	18345
cooper	2	18346
core	2	18347
crespo	2	18348
crivelli	2	18349
crooks'un	2	18350
cross	2	18351
cumalıoğlu	2	18352
cumhurbaşkanlığı'ndan	2	18353
cumhurbaşkanlığından	2	18354
cumhurbaşkanı'na	2	18355
cumhurbaşkanım	2	18356
cumhuriyet'i	2	18357
cumhuriyet'ten	2	18358
cuni	2	18359
cup	2	18360
cimer	2	18361
d'nin	2	18362
daeş	2	18363
dc	2	18364
deik	2	18365
dgm	2	18366
dj	2	18367
dahası	2	18368
dahiliye	2	18369
dahiye	2	18370
dale	2	18371
daltonlar	2	18372
damadın	2	18373
damlacık	2	18374
daniel	2	18375
danilo	2	18376
danimarkalı	2	18377
danıştay	2	18378
data	2	18379
davud	2	18380
davutpaşa	2	18381
dağları'ndan	2	18382
dağı'nın	2	18383
dağıstanlı'nın	2	18384
dedetaş	2	18385
dee	2	18386
deha	2	18387
dekanı	2	18388
demirbilek	2	18389
demirciler	2	18390
demirer	2	18391
denise	2	18392
denizi'ndeki	2	18393
denizi'nden	2	18394
denizi'ne	2	18395
denizi'ni	2	18396
denizli'de	2	18397
denizli'nin	2	18398
denizli'yi	2	18399
denktaş	2	18400
depay'ın	2	18401
depremzedelerin	2	18402
deresi	2	18403
dergi	2	18404
derinceli	2	18405
derneklerinin	2	18406
dersler	2	18407
derya	2	18408
devletler	2	18409
devletleri'nde	2	18410
dexter	2	18411
dezenformasyon	2	18412
değirmenci	2	18413
diamond	2	18414
diego	2	18415
digital	2	18416
dikeç	2	18417
dikmen	2	18418
dilber	2	18419
dilmen	2	18420
dilmen'in	2	18421
dilruba	2	18422
dina	2	18423
dink	2	18424
direnişi	2	18425
diril	2	18426
divanı'nda	2	18427
diyadin	2	18428
diyarbakır'a	2	18429
djiku	2	18430
djiku'nun	2	18431
doktorları	2	18432
dolar'dan	2	18433
doman	2	18434
dominik	2	18435
dortmund	2	18436
dosyadaki	2	18437
doğanay	2	18438
doğanyiğit'i	2	18439
doğasever	2	18440
doğu'nun	2	18441
dublin	2	18442
dujarric	2	18443
dumlupınar	2	18444
duru	2	18445
dut	2	18446
duvar'da	2	18447
dynavit	2	18448
dörtdivan	2	18449
dörter	2	18450
döşemealtı	2	18451
dünün	2	18452
dürdane	2	18453
düzce'nin	2	18454
düzcespor	2	18455
ea	2	18456
ekk	2	18457
ekpss	2	18458
emea	2	18459
enag	2	18460
etf'lerini	2	18461
expo	2	18462
ebuseleme	2	18463
ecevit'i	2	18464
ecevit'in	2	18465
edi	2	18466
edibe	2	18467
egea	2	18468
egeli	2	18469
ekber	2	18470
ekim'e	2	18471
ekonomistler	2	18472
ekonomistlerin	2	18473
ekspresi	2	18474
elazığ	2	18475
elazığ'da	2	18476
elit	2	18477
ellerine	2	18478
elmadağ	2	18479
elvin	2	18480
emel	2	18481
emevi	2	18482
emircan	2	18483
emirlikleri'nin	2	18484
emiroğlu	2	18485
emrullah	2	18486
emziren	2	18487
enformasyon	2	18488
enterra	2	18489
epözdemir	2	18490
erbakan'ın	2	18491
erciş	2	18492
erdoğdu	2	18493
erener	2	18494
ergene	2	18495
erguvan	2	18496
eriksson	2	18497
erişkinlerde	2	18498
erkan'ın	2	18499
ermenice	2	18500
ertan	2	18501
ertem	2	18502
erzincan'ın	2	18503
erzurum'a	2	18504
erzurumspor	2	18505
erzurumspor'un	2	18506
erçel	2	18507
esad'la	2	18508
esila	2	18509
esma	2	18510
euro'dan	2	18511
eurostat	2	18512
eurovision	2	18513
express	2	18514
eylül'den	2	18515
eylül'e	2	18516
eyüpspor'a	2	18517
eğitimci	2	18518
eşki	2	18519
fa	2	18520
fao	2	18521
fast	2	18522
fatf	2	18523
fdp	2	18524
fe	2	18525
fetö'ye	2	18526
fıba	2	18527
fım	2	18528
fk'yı	2	18529
fsb	2	18530
fair	2	18531
fakültesinde	2	18532
farabi	2	18533
fars	2	18534
faslı	2	18535
fatih'in	2	18536
fav	2	18537
faysal	2	18538
fazilet	2	18539
federasyonları	2	18540
felix	2	18541
feliz	2	18542
fenerbahçe'ye	2	18543
fenerbahçe'yle	2	18544
feride	2	18545
feridun	2	18546
fernandes	2	18547
festivali'nin	2	18548
festivalleri	2	18549
fethi	2	18550
fethiye'de	2	18551
fettah	2	18552
feyzullah	2	18553
fields	2	18554
fildişi	2	18555
filipinler'de	2	18556
filistinliyi	2	18557
finali'nin	2	18558
fincancı'ya	2	18559
finlandiya'nın	2	18560
first	2	18561
flaman	2	18562
florence	2	18563
floridalı	2	18564
fold	2	18565
fonu'na	2	18566
forumu'nun	2	18567
fuarında	2	18568
fulya	2	18569
fumio	2	18570
fırıncılar	2	18571
fırından	2	18572
gap	2	18573
godıva	2	18574
gss	2	18575
gsyh'deki	2	18576
gyo	2	18577
gabon	2	18578
galatasaray'daki	2	18579
galatasaray'dan	2	18580
galatasaray'la	2	18581
galeri	2	18582
gallant'ın	2	18583
gamze	2	18584
gara	2	18585
gariplik	2	18586
garipoğlu'nun	2	18587
gastronomi	2	18588
gayrettepe	2	18589
gazhane	2	18590
gaziantep'teki	2	18591
gaziantepli	2	18592
gaziosmanpaşa'da	2	18593
gazlı	2	18594
gazoz	2	18595
gedikli	2	18596
gedson	2	18597
gelibolu	2	18598
gençlerbirliği	2	18599
gençlerimiz	2	18600
george	2	18601
gerisini	2	18602
germiyan	2	18603
gezici	2	18604
gezmiş	2	18605
geçenlerde	2	18606
geçidi'nde	2	18607
geçilmez	2	18608
ghebreyesus	2	18609
golf	2	18610
golob	2	18611
gomis'i	2	18612
goolsbee	2	18613
gotsis	2	18614
grande	2	18615
greenfield	2	18616
gribal	2	18617
gökalp	2	18618
gökbakar'ın	2	18619
göksun	2	18620
göktaş'ın	2	18621
göktürk	2	18622
gökşen	2	18623
gölcüklü	2	18624
göller	2	18625
gölmarmara	2	18626
gölpazarı	2	18627
gölü'ne	2	18628
gönülçelen	2	18629
gördes	2	18630
görgün	2	18631
gösteriye	2	18632
gözaltındaki	2	18633
gözlemevi	2	18634
göztepe'nin	2	18635
gözümüzün	2	18636
güdümlü	2	18637
gül'ün	2	18638
güldağ'ın	2	18639
güler'e	2	18640
gülistan	2	18641
gülnihal	2	18642
gümüş'ün	2	18643
gümüşhane	2	18644
gümüşhane'nin	2	18645
gündoğan	2	18646
gündüzleri	2	18647
güneydoğu'da	2	18648
günter'in	2	18649
günü'ne	2	18650
güran'ı	2	18651
gürcan	2	18652
gürcistan'ın	2	18653
gürkan	2	18654
gürsoy	2	18655
gürün	2	18656
güzelbahçe	2	18657
güzeldere	2	18658
güzellerim	2	18659
güzelyalı	2	18660
gıda'nın	2	18661
hsbc	2	18662
hsk	2	18663
ha	2	18664
habertürk'ün	2	18665
habip	2	18666
hacer	2	18667
hacettepe	2	18668
hacıbektaş	2	18669
hacıosmanoğlu'na	2	18670
hadid	2	18671
hafize	2	18672
hafızlık	2	18673
haghani	2	18674
hakka	2	18675
hakkımda	2	18676
hakurk	2	18677
halbuki	2	18678
halep'te	2	18679
halfeti	2	18680
halim	2	18681
halime	2	18682
haliva	2	18683
hamamı	2	18684
hamas'la	2	18685
han'ın	2	18686
hanefi	2	18687
hang	2	18688
hangisi	2	18689
hançerli	2	18690
hanı	2	18691
hanım'ın	2	18692
hapishanesi	2	18693
haris	2	18694
harris'e	2	18695
harvard	2	18696
harvey	2	18697
harçlar	2	18698
hatimoğulları	2	18699
hatun	2	18700
hatırlayın	2	18701
havagazı	2	18702
havalimanı'ndan	2	18703
havalimanı'nı	2	18704
havalimanında	2	18705
havayolları'na	2	18706
havin	2	18707
havza	2	18708
hayfa	2	18709
hayik	2	18710
haykır	2	18711
hayriye	2	18712
hayvancılıkla	2	18713
hazar	2	18714
haziran'a	2	18715
haşdi	2	18716
heimlich	2	18717
hekimler	2	18718
helenistik	2	18719
helez	2	18720
heniyye'ye	2	18721
hepatit	2	18722
hepinizi	2	18723
hepinizin	2	18724
herson	2	18725
hilmi	2	18726
himalaya	2	18727
hindistan'a	2	18728
hindistan'da	2	18729
hisarcıklıoğlu	2	18730
hise	2	18731
hitler	2	18732
hocam	2	18733
hodri	2	18734
hollanda'dan	2	18735
hollanda'nın	2	18736
hollanda'yı	2	18737
hollywood	2	18738
honor	2	18739
horasan'dan	2	18740
hormonal	2	18741
hot	2	18742
husi	2	18743
hürriyet'in	2	18744
hürriyetçi	2	18745
ıdf	2	18746
ıı	2	18747
ıkby	2	18748
ıp	2	18749
ıpard	2	18750
ıss	2	18751
ıtuc	2	18752
ıgnacio	2	18753
ılıca	2	18754
ıot	2	18755
ırak'a	2	18756
ırak'taki	2	18757
ısparta'nın	2	18758
ışık'ın	2	18759
ışın	2	18760
jp	2	18761
jpmorgan	2	18762
jti	2	18763
jake	2	18764
jale	2	18765
jandarmanın	2	18766
japonya'ya	2	18767
jefferson	2	18768
jeffrey	2	18769
jennifer	2	18770
jeremy	2	18771
jesus	2	18772
jimnastik	2	18773
jorge	2	18774
josep	2	18775
joseph	2	18776
josh	2	18777
juan	2	18778
julia	2	18779
k	2	18780
kades	2	18781
kan'ın	2	18782
kesob	2	18783
kktok	2	18784
kkydp	2	18785
kobi	2	18786
kobia	2	18787
komek	2	18788
koü	2	18789
ktü	2	18790
kuzka	2	18791
kabadayı	2	18792
kabaktepe	2	18793
kadirli	2	18794
kadıköy'de	2	18795
kadınlarla	2	18796
kadınlarımızın	2	18797
kadıoğlu'nu	2	18798
kafkasya	2	18799
kahire'ye	2	18800
kahramanmaraş'ın	2	18801
kalaycı	2	18802
kalecik	2	18803
kaleiçi	2	18804
kallas	2	18805
kalpazan	2	18806
kamer	2	18807
kamerun	2	18808
kamışlı'da	2	18809
kanadalı	2	18810
kanalı'nın	2	18811
kandemir	2	18812
kandili	2	18813
kang	2	18814
kantar	2	18815
kanun'a	2	18816
kanunen	2	18817
kanunlarda	2	18818
kapadokya	2	18819
kapalıçarşı'da	2	18820
kaplan'ın	2	18821
kapsülü	2	18822
kapısı'na	2	18823
kapısı'nda	2	18824
kapısı'nı	2	18825
karaardıç	2	18826
karaağaç	2	18827
karabağ'a	2	18828
karabağ'ın	2	18829
karabekir	2	18830
karabey	2	18831
karaburun	2	18832
karabıyık	2	18833
karadağ'ın	2	18834
karadağlı	2	18835
karadeniz'den	2	18836
karagöz	2	18837
karahalil	2	18838
karakoç	2	18839
karaköse	2	18840
karaköy	2	18841
karalar	2	18842
karamürsel	2	18843
karan	2	18844
karanlıkta	2	18845
karaoğlan	2	18846
karapınar	2	18847
kararnamesi	2	18848
karatepe	2	18849
karayip	2	18850
karayolu'nda	2	18851
karaçayır	2	18852
karkamış	2	18853
karneni	2	18854
kartlı	2	18855
kasrı	2	18856
kastamonu'da	2	18857
kasım'daki	2	18858
kasırgası'nın	2	18859
katalonya	2	18860
katz'ın	2	18861
kavacık	2	18862
kavaklı	2	18863
kavasoğlu'nun	2	18864
kavganın	2	18865
kavuncu	2	18866
kavurat	2	18867
kaygıyı	2	18868
kaymakamlığı'na	2	18869
kayseri'nin	2	18870
kayserispor'da	2	18871
kayın	2	18872
kazgagası	2	18873
kağıthane'de	2	18874
kelkit	2	18875
kendiniz	2	18876
keneviri	2	18877
kennedy	2	18878
kenti'ndeki	2	18879
kereviz	2	18880
kerim'in	2	18881
kervan	2	18882
kesal	2	18883
keskin'in	2	18884
keçeli	2	18885
keçiborlu	2	18886
kiev'e	2	18887
kilis'teki	2	18888
kilisesi'nde	2	18889
kilisesi'ne	2	18890
kiriş	2	18891
kiryakos	2	18892
kitchen	2	18893
kitts	2	18894
kişida	2	18895
kişniş	2	18896
koca'ya	2	18897
kocaelili	2	18898
kocaelispor'a	2	18899
kocaelispor'da	2	18900
kolcu	2	18901
kolezyum	2	18902
kolombiyalı	2	18903
komiseri	2	18904
komisyonu'nun	2	18905
komite	2	18906
kompleksi	2	18907
kompleksi'nde	2	18908
komsuoğlu'nun	2	18909
komutanlığının	2	18910
konferansı	2	18911
konferansı'nda	2	18912
konseyinin	2	18913
konuralp	2	18914
konyaspor'u	2	18915
konyaspor'un	2	18916
koordinatör	2	18917
kore'de	2	18918
kosova'nın	2	18919
kostic	2	18920
koylan	2	18921
kozanoğlu	2	18922
kozluk	2	18923
koşukavak	2	18924
kraliçesi	2	18925
kremlin'den	2	18926
kristersson	2	18927
kudüs'teki	2	18928
kul	2	18929
kula	2	18930
kulaksız	2	18931
kulesi	2	18932
kulübü'ne	2	18933
kulübü'nün	2	18934
kulübümüz	2	18935
kulüpleri	2	18936
kumru	2	18937
kupa'da	2	18938
kupa'nın	2	18939
kupada	2	18940
kupası'nı	2	18941
kur'an'ı	2	18942
kurra	2	18943
kurt'un	2	18944
kurtulmuş'un	2	18945
kurultayı'nda	2	18946
kurulu'ndan	2	18947
kurum'un	2	18948
kurumu'ndan	2	18949
kuruoğlu	2	18950
kuruyan	2	18951
kurşunlardan	2	18952
kurşunlu	2	18953
kuvvetleri'nin	2	18954
kuşkonmaz	2	18955
kuşun	2	18956
köfteci	2	18957
köksal	2	18958
köksal'ın	2	18959
köpeğe	2	18960
köprüsünde	2	18961
körfez'in	2	18962
körfezi'nden	2	18963
körfezi'ne	2	18964
köseler	2	18965
külliyesi	2	18966
külliyesi'ndeki	2	18967
külliyesinde	2	18968
kümbet	2	18969
kürşat	2	18970
kütük	2	18971
kütüphane	2	18972
küçükkaya	2	18973
küçükçekmece'de	2	18974
kıbrıs'ı	2	18975
kıbrıslı	2	18976
kılavuza	2	18977
kılıçarslan	2	18978
kılıçdaroğlu'na	2	18979
kılıçkaya	2	18980
kınık'ın	2	18981
kırkağaç	2	18982
kırmızılılar	2	18983
kızılayı	2	18984
kızıldeniz'de	2	18985
kızıldeniz'deki	2	18986
kızılhan	2	18987
kızıltepe	2	18988
kızımı	2	18989
kışlası	2	18990
laliga	2	18991
laliga'da	2	18992
lal	2	18993
lara	2	18994
larnaka	2	18995
last	2	18996
latif	2	18997
latmos	2	18998
lazkiye	2	18999
lazzarini	2	19000
lefkoşa'da	2	19001
lenovo	2	19002
lezita	2	19003
liberman	2	19004
lice	2	19005
lig'i	2	19006
likya	2	19007
limak	2	19008
limanı'na	2	19009
linda	2	19010
lionel	2	19011
lionların	2	19012
lisa	2	19013
litvanya	2	19014
lockheed	2	19015
lopez	2	19016
los	2	19017
lufthansa	2	19018
luna	2	19019
lüleburgaz	2	19020
lütfi	2	19021
mak	2	19022
masak	2	19023
medkon	2	19024
msb'den	2	19025
maastricht	2	19026
maccabi	2	19027
macit	2	19028
macron'a	2	19029
maduro	2	19030
madımak'ın	2	19031
mahalleli	2	19032
mahallelinin	2	19033
mahkemesi'ndeki	2	19034
mahkemesine	2	19035
mahruki	2	19036
mahsulleri	2	19037
mainz	2	19038
malatya'nın	2	19039
malatyalılara	2	19040
malavi	2	19041
malazgirt	2	19042
malmö	2	19043
malulü	2	19044
mamardashvili	2	19045
mamulleri	2	19046
manavoğlu	2	19047
manga	2	19048
mans	2	19049
manş	2	19050
maratonu	2	19051
mardin'de	2	19052
mardin'e	2	19053
mardin'in	2	19054
marino	2	19055
marmara'da	2	19056
marsilya	2	19057
marsı	2	19058
mart'a	2	19059
mart'tan	2	19060
maruf	2	19061
marzuk	2	19062
marşı'nı	2	19063
mater	2	19064
matt	2	19065
matthew	2	19066
mayıs'tan	2	19067
mayıs'ın	2	19068
mazgirt	2	19069
mazlum	2	19070
mecidiyeköy	2	19071
mecralar	2	19072
medeni	2	19073
medicabil	2	19074
medine'ye	2	19075
medvedev	2	19076
mehdi	2	19077
meizu	2	19078
meksika'da	2	19079
meksikalı	2	19080
melbourne	2	19081
meler'e	2	19082
meltem	2	19083
memiş'ten	2	19084
meniere	2	19085
menkul	2	19086
meram	2	19087
merchan	2	19088
merinos	2	19089
merkezefendi	2	19090
merkezi'nden	2	19091
merkezi'ni	2	19092
mersin'in	2	19093
mertens'in	2	19094
mervan	2	19095
messi	2	19096
mesud	2	19097
met	2	19098
meta'nın	2	19099
metalurji	2	19100
meteorolojiden	2	19101
metin'in	2	19102
metina	2	19103
meyan	2	19104
miami	2	19105
michal	2	19106
michelin	2	19107
migren	2	19108
mikrofon	2	19109
miller	2	19110
milletvekilimiz	2	19111
milliye	2	19112
milor	2	19113
minnesota	2	19114
miralay	2	19115
mirza	2	19116
mirziyoyev'in	2	19117
misal	2	19118
misbah	2	19119
mitat	2	19120
modeli'ne	2	19121
modi	2	19122
modric	2	19123
mogan	2	19124
mokka	2	19125
momika	2	19126
monaco	2	19127
monet	2	19128
montana	2	19129
morra	2	19130
mossad	2	19131
mourinho'dan	2	19132
muallimler	2	19133
muammer	2	19134
mudanya	2	19135
muhbir	2	19136
muhittin	2	19137
mumcu	2	19138
muradiye	2	19139
muradiyesarnıç	2	19140
muratlı	2	19141
music	2	19142
musk'tan	2	19143
muçi	2	19144
muğla'yı	2	19145
müdafi	2	19146
müdürlüklerine	2	19147
müdürlüğü'ndeki	2	19148
müessese	2	19149
müftülüğüne	2	19150
mülteciler	2	19151
müsabakanın	2	19152
müteahhitler	2	19153
müzayede	2	19154
müzeyyen	2	19155
müşterek	2	19156
mit'in	2	19157
mısır'a	2	19158
mısır'da	2	19159
nato'yu	2	19160
nbc	2	19161
ngs	2	19162
ntv	2	19163
naby	2	19164
naciye	2	19165
nakamoto	2	19166
nakura	2	19167
nalbantoğlu	2	19168
nana	2	19169
narendra	2	19170
narin'e	2	19171
nasdaq	2	19172
nasuh	2	19173
natal	2	19174
navalni'nin	2	19175
navalny	2	19176
navalny'nin	2	19177
naz	2	19178
nazilli	2	19179
nazlıaka	2	19180
nebahat	2	19181
nebil	2	19182
nedim	2	19183
nefise	2	19184
nejat	2	19185
nelsson'un	2	19186
nesim	2	19187
nesine	2	19188
neslihan	2	19189
neslişah	2	19190
nesrin	2	19191
netenyahu	2	19192
neuralink	2	19193
nevada	2	19194
neyin	2	19195
nick	2	19196
nicolo	2	19197
nijer	2	19198
nijerya	2	19199
nisa	2	19200
nissan	2	19201
niyazi	2	19202
nm	2	19203
no	2	19204
nolu	2	19205
note	2	19206
nuh	2	19207
numanoğlu	2	19208
nuran	2	19209
nurhan	2	19210
nuru	2	19211
nurullah	2	19212
nusaybin	2	19213
nvidia'nın	2	19214
ocha	2	19215
okb	2	19216
oled	2	19217
os	2	19218
osb	2	19219
osb'de	2	19220
ocağı	2	19221
odası'nın	2	19222
odasının	2	19223
odunpazarı	2	19224
ogün	2	19225
okyar	2	19226
olimpiyatların	2	19227
oliveira	2	19228
oltu	2	19229
olympiacos	2	19230
olympiakos'un	2	19231
ombudsman	2	19232
onbaşı	2	19233
onikişubat	2	19234
oosterwolde	2	19235
op	2	19236
opel'in	2	19237
openaı	2	19238
operasyonu'nda	2	19239
opr	2	19240
ordu'da	2	19241
ordudan	2	19242
ordulu	2	19243
orhangazi	2	19244
orka	2	19245
ormanın	2	19246
ortadoğu	2	19247
ortaç	2	19248
ortaçağda	2	19249
osmanlı'nın	2	19250
otelciler	2	19251
otomobilciler	2	19252
oyuncularım	2	19253
oyuncumuzun	2	19254
oyunları'nda	2	19255
oğlaklar	2	19256
phev	2	19257
pmı	2	19258
ps	2	19259
ptt'nin	2	19260
pak	2	19261
pakistan'da	2	19262
pala	2	19263
panathinaikos'un	2	19264
parasız	2	19265
parkı'nın	2	19266
partililerin	2	19267
partisi'nde	2	19268
pateni	2	19269
patiler	2	19270
patriği	2	19271
paul'un	2	19272
paulista	2	19273
pazar'da	2	19274
pehlivanoğlu	2	19275
peker	2	19276
penbe	2	19277
pensilvanya	2	19278
pensilvanya'da	2	19279
pervin	2	19280
petrolul	2	19281
pfizer	2	19282
philippe	2	19283
piaggio	2	19284
picanto	2	19285
pierre	2	19286
pink	2	19287
pirene	2	19288
piri	2	19289
pitbull	2	19290
pişkin'in	2	19291
pladis	2	19292
planı'ndaki	2	19293
play	2	19294
plüton'un	2	19295
portakal'ın	2	19296
portekiz'in	2	19297
post	2	19298
postel	2	19299
power	2	19300
prenses	2	19301
prensi	2	19302
pro'nun	2	19303
psikolog	2	19304
psikoloğu	2	19305
pınarı	2	19306
pırlanta	2	19307
r	2	19308
rtük'ten	2	19309
rab	2	19310
rabbimden	2	19311
radyo'nun	2	19312
rafah	2	19313
rakibimiz	2	19314
ramstein	2	19315
rana	2	19316
raporu'na	2	19317
rasim	2	19318
razgatlıoğlu	2	19319
receb	2	19320
refah'tan	2	19321
remzi	2	19322
reuters	2	19323
reyhanlı	2	19324
ricky	2	19325
rihanna	2	19326
riki	2	19327
riva	2	19328
rizeli	2	19329
rizespor'a	2	19330
robertson	2	19331
rockstar	2	19332
rocky	2	19333
romanya'yı	2	19334
rona	2	19335
ronald	2	19336
rossini	2	19337
ruanda	2	19338
rubio	2	19339
rudeyne	2	19340
rukiye	2	19341
ruşen	2	19342
ryan	2	19343
razi	2	19344
rüyanızda	2	19345
scalp	2	19346
se	2	19347
sed	2	19348
sega'nın	2	19349
seo	2	19350
sokm	2	19351
sp	2	19352
spd	2	19353
stk	2	19354
saad	2	19355
saat'in	2	19356
sacha	2	19357
sachs	2	19358
saffet	2	19359
safi	2	19360
safir	2	19361
sahili'ne	2	19362
sahnesi'nde	2	19363
sahra	2	19364
sakallı	2	19365
sakaryaspor'un	2	19366
saliha	2	19367
sam	2	19368
samsun'dan	2	19369
samsunspor'u	2	19370
sanatkarları	2	19371
sancaktepe	2	19372
sanchez	2	19373
sander	2	19374
sandıkların	2	19375
sandıkçı	2	19376
sani	2	19377
santos'un	2	19378
santrali	2	19379
sarah	2	19380
sarayı'nın	2	19381
saraç	2	19382
saraçhane	2	19383
saraçoğlu	2	19384
sare	2	19385
sarıbal	2	19386
sarıgöl	2	19387
sarılar	2	19388
sarıtaş	2	19389
sarıçam	2	19390
satoshi	2	19391
savaşı'ndan	2	19392
saygun'un	2	19393
saymaz'ın	2	19394
sağdıç	2	19395
schalke	2	19396
schengen	2	19397
sebastian	2	19398
seddar	2	19399
sefo	2	19400
sekreterliği'ne	2	19401
selahaddin	2	19402
selvi	2	19403
semanur	2	19404
sempozyumun	2	19405
semra	2	19406
senatosu	2	19407
senatörü	2	19408
sendikalar	2	19409
sendromu	2	19410
senegal	2	19411
seng	2	19412
sercan	2	19413
serdal	2	19414
serdaroğlu	2	19415
serdivan	2	19416
seren	2	19417
serenay	2	19418
serginin	2	19419
series	2	19420
serik	2	19421
serinin	2	19422
sertab	2	19423
servis'e	2	19424
serüveni	2	19425
settar	2	19426
sevda	2	19427
sevilla	2	19428
seyfettin	2	19429
seyhan	2	19430
seyid	2	19431
seçer	2	19432
seçimleri'nde	2	19433
seçimleri'nden	2	19434
sheinbaum	2	19435
sigortalar	2	19436
sinabung	2	19437
sincik	2	19438
singapur'a	2	19439
siri	2	19440
sistemi'nde	2	19441
sitesi'nde	2	19442
sivaslı	2	19443
siverek	2	19444
sivilce	2	19445
siyahlılar	2	19446
siyasetten	2	19447
siyonizmin	2	19448
skolyoz	2	19449
slovakya	2	19450
smart	2	19451
smotrich	2	19452
social	2	19453
sociedad	2	19454
solmuş	2	19455
somali	2	19456
somali'ye	2	19457
song	2	19458
sovyet	2	19459
sovyetler	2	19460
soysal	2	19461
sparta	2	19462
sportage	2	19463
spot	2	19464
stadyumda	2	19465
stadı	2	19466
stadında	2	19467
star'da	2	19468
starliner	2	19469
steam'in	2	19470
stefan	2	19471
stoltenberg	2	19472
storm	2	19473
stratejisti	2	19474
streek'in	2	19475
street	2	19476
sudan'daki	2	19477
sudan'dan	2	19478
sulak	2	19479
sultanbeyli	2	19480
sultanbeyli'de	2	19481
sultangazi	2	19482
sultangazi'de	2	19483
sungur	2	19484
suni	2	19485
suphi	2	19486
suriyelinin	2	19487
surp	2	19488
suruç	2	19489
survivor'da	2	19490
svensson	2	19491
swift	2	19492
sylvinho	2	19493
sylvio	2	19494
systems	2	19495
söyüncü	2	19496
sözcü'de	2	19497
sözeri	2	19498
sözlü'nün	2	19499
söğüt	2	19500
süer	2	19501
süleymaniye	2	19502
süryanice	2	19503
siha'lar	2	19504
sırlar	2	19505
sırp	2	19506
sıtkı	2	19507
tbb'nin	2	19508
tbmm'deki	2	19509
tdmmb	2	19510
teb	2	19511
tecno	2	19512
tedaş	2	19513
tekirdağ'ın	2	19514
tesk	2	19515
tff'de	2	19516
tff'ye	2	19517
tff'yi	2	19518
tır'a	2	19519
tl'yi	2	19520
tmf	2	19521
tmo	2	19522
tobb	2	19523
tops	2	19524
tpao	2	19525
troy	2	19526
trt'de	2	19527
ttb	2	19528
tusaş'a	2	19529
tusaş'ın	2	19530
tv'deki	2	19531
tv'den	2	19532
tv'ye	2	19533
tvf	2	19534
typ	2	19535
tyt	2	19536
tyç	2	19537
taberi	2	19538
tahkim	2	19539
tahran'a	2	19540
taksim'de	2	19541
takımı'nı	2	19542
takımımıza	2	19543
talasemi	2	19544
taliant	2	19545
taliban'ın	2	19546
taneleri'nde	2	19547
tanrı'nın	2	19548
tansu	2	19549
tanın	2	19550
tanış	2	19551
taraftarımız	2	19552
taraftarın	2	19553
tarhan	2	19554
tarkan	2	19555
tartus	2	19556
tatvan	2	19557
taurus	2	19558
tayvan'ın	2	19559
taşdelen	2	19560
taşkömürü	2	19561
taşova	2	19562
taşçı	2	19563
tebliğ	2	19564
tekdemir	2	19565
tekin'in	2	19566
tekirdağ'da	2	19567
teksas	2	19568
telefonunuzu	2	19569
temmuz'daki	2	19570
temmuz'dan	2	19571
temmuz'un	2	19572
temmuzdaki	2	19573
tepe	2	19574
tepebaşı	2	19575
tepeleri'nde	2	19576
tepesi	2	19577
tersanelerde	2	19578
tersanesi	2	19579
terzi	2	19580
tesla'yı	2	19581
tevhid	2	19582
tevrat	2	19583
tez	2	19584
teşkilatı'nın	2	19585
thrones	2	19586
tilbe	2	19587
times	2	19588
tiryaki	2	19589
tiyatroları	2	19590
tiyatrosu'nda	2	19591
tolgahan	2	19592
tolunay	2	19593
tontuş	2	19594
tony	2	19595
topkapı	2	19596
topolino	2	19597
toroslar	2	19598
torreira	2	19599
tosya	2	19600
trabzon'a	2	19601
trabzonlu	2	19602
trabzonspor'a	2	19603
trabzonsporlu	2	19604
trail	2	19605
trampolin	2	19606
trevi	2	19607
tufanbeyli	2	19608
tugay'ı	2	19609
tulkarem	2	19610
tuna	2	19611
tunceli'de	2	19612
turhan'ın	2	19613
turizmciler	2	19614
turkishexporter	2	19615
tutak	2	19616
tuzla'daki	2	19617
tuzlaspor'un	2	19618
tuğrul	2	19619
twitter	2	19620
twitter'da	2	19621
type	2	19622
tübitak	2	19623
türasaş	2	19624
türk'e	2	19625
türkonfed	2	19626
tüik'e	2	19627
tüketicinin	2	19628
tümer	2	19629
tüneli'nin	2	19630
türbenin	2	19631
türkali	2	19632
türkeli	2	19633
türkistan	2	19634
türkiyeli	2	19635
türklere	2	19636
türkleri	2	19637
türklüğü	2	19638
tütüncü	2	19639
tüyap	2	19640
tisk	2	19641
udham	2	19642
uefa'nın	2	19643
unıcef	2	19644
usom	2	19645
uv	2	19646
uvb	2	19647
udinese	2	19648
ukrayna'da	2	19649
uluslarası	2	19650
umuyorum	2	19651
unutmayalım	2	19652
ural	2	19653
urfa	2	19654
urla	2	19655
urladam	2	19656
uruguaylı	2	19657
uslu	2	19658
uslu'nun	2	19659
usta'nın	2	19660
utku	2	19661
uygur	2	19662
uykusuz	2	19663
uyuyan	2	19664
uz	2	19665
uzel	2	19666
uzman'ın	2	19667
uzun'un	2	19668
uzundere	2	19669
uzuner'in	2	19670
uzunhasanoğlu	2	19671
uğurcan	2	19672
uğurlu'nun	2	19673
var'ın	2	19674
vnl	2	19675
vpn	2	19676
vw	2	19677
valencia	2	19678
valimiz	2	19679
valimizin	2	19680
valisi'nden	2	19681
valorant	2	19682
valverde	2	19683
vapur	2	19684
varikosel	2	19685
vatikan	2	19686
venezuela	2	19687
vincent	2	19688
vision	2	19689
viyana	2	19690
vucic	2	19691
vural'ı	2	19692
wck	2	19693
wall	2	19694
warren	2	19695
washington'un	2	19696
we	2	19697
west	2	19698
whatsapp'tan	2	19699
wilfried	2	19700
wolfsburg'a	2	19701
x'in	2	19702
x'teki	2	19703
xvı	2	19704
xi	2	19705
xi'nin	2	19706
y	2	19707
yds	2	19708
ydus	2	19709
yks'de	2	19710
yks'ye	2	19711
ypg'yi	2	19712
ysk'nin	2	19713
ysk'ya	2	19714
yahudilik	2	19715
yaktıkları	2	19716
yalnızoğlu	2	19717
yalova'nın	2	19718
yamal'ın	2	19719
yarımadası	2	19720
yarışmacının	2	19721
yatağan	2	19722
yavuzyılmaz	2	19723
yazgan'a	2	19724
yedigöller	2	19725
yedikule	2	19726
yemen'de	2	19727
yemen'deki	2	19728
yengeçler	2	19729
yenibosna	2	19730
yenice	2	19731
yenigün	2	19732
yenimahalle	2	19733
yesevi	2	19734
yetimleri	2	19735
yeşilçam	2	19736
yiğit'e	2	19737
yiğit'in	2	19738
yolları'nın	2	19739
yozgat'ta	2	19740
yozgat'tan	2	19741
yulaf	2	19742
yunanistan'da	2	19743
yunus'ta	2	19744
yunus'tan	2	19745
yunus'un	2	19746
yunusemre	2	19747
yurtnaç	2	19748
yusufeli	2	19749
yök	2	19750
yökdil	2	19751
yürüme	2	19752
yürüyüşte	2	19753
yılanlı	2	19754
yıldızhan	2	19755
yılmaz'a	2	19756
yılmaz'ı	2	19757
yılport	2	19758
z'ye	2	19759
zaim	2	19760
zamansız	2	19761
zekeriya	2	19762
zelanda'nın	2	19763
zelenski	2	19764
zelenski'yi	2	19765
zengin'e	2	19766
zeren	2	19767
zero	2	19768
zerrin	2	19769
zeybekci	2	19770
zigana	2	19771
zincirlikuyu	2	19772
zirvesi'ne	2	19773
zonguldak'ta	2	19774
zuckerberg	2	19775
zübük	2	19776
zülfü	2	19777
zümra	2	19778
abiye	2	19779
abla	2	19780
ablasını	2	19781
abone	2	19782
aboneliği	2	19783
absürtlüğü	2	19784
acente	2	19785
acenteleri	2	19786
acıdı	2	19787
acıkan	2	19788
acılara	2	19789
acımasız	2	19790
acımsı	2	19791
acının	2	19792
acıyla	2	19793
ad	2	19794
adalarında	2	19795
adale	2	19796
adaletten	2	19797
adamlarını	2	19798
adamış	2	19799
adanmış	2	19800
adanın	2	19801
adaptif	2	19802
adaylarına	2	19803
adaylıktan	2	19804
adaylığının	2	19805
adayına	2	19806
adayını	2	19807
adedi	2	19808
adete	2	19809
adliyede	2	19810
adresini	2	19811
adreslere	2	19812
adıma	2	19813
adımla	2	19814
adımını	2	19815
adımıza	2	19816
adın	2	19817
afete	2	19818
afetlere	2	19819
afetlerin	2	19820
affettiği	2	19821
affına	2	19822
affını	2	19823
afiyet	2	19824
agar	2	19825
ahenk	2	19826
ahirette	2	19827
ahlakı	2	19828
ailece	2	19829
ailede	2	19830
ailelerden	2	19831
ailelerimizi	2	19832
aileleriyle	2	19833
aileyle	2	19834
ajans	2	19835
ajansının	2	19836
akademisyenleri	2	19837
akciğerlerin	2	19838
aklamaya	2	19839
aklanması	2	19840
aklımıza	2	19841
aklına	2	19842
aklında	2	19843
aklını	2	19844
akne	2	19845
akrabalık	2	19846
akran	2	19847
akredite	2	19848
akrilik	2	19849
aksaklık	2	19850
aksamadan	2	19851
aksesuarlar	2	19852
aksilik	2	19853
aksiyonlar	2	19854
aktaracağı	2	19855
aktardık	2	19856
aktarların	2	19857
aktarmıştı	2	19858
aktarıldığı	2	19859
aktarılması	2	19860
aktarılmasına	2	19861
aktivist	2	19862
aktivistler	2	19863
aktivistlerinin	2	19864
aktivitelerde	2	19865
aktiviteleri	2	19866
aktiviteyi	2	19867
aktörleri	2	19868
aktörü	2	19869
akupunktur	2	19870
akıbeti	2	19871
akılları	2	19872
akıllarınca	2	19873
akımı	2	19874
akıyor	2	19875
akışlarının	2	19876
akışının	2	19877
akşama	2	19878
alabilecekler	2	19879
alabilen	2	19880
alabora	2	19881
alacaklarını	2	19882
alacağımız	2	19883
alacağına	2	19884
alacağınız	2	19885
alamadıklarını	2	19886
alamadığı	2	19887
alamayınca	2	19888
alandır	2	19889
alanla	2	19890
alanlardaki	2	19891
alanlarla	2	19892
alanlarıdır	2	19893
alanıdır	2	19894
alanıyla	2	19895
albümü	2	19896
aldırdığı	2	19897
aldırmadan	2	19898
aldırış	2	19899
aldığımızda	2	19900
aldığınızda	2	19901
alerjiye	2	19902
aletlerinde	2	19903
alevlendi	2	19904
aleyhimize	2	19905
aleyhinde	2	19906
algoritmalar	2	19907
algısını	2	19908
alkışladı	2	19909
alkışlarla	2	19910
alkışı	2	19911
almadık	2	19912
almadıklarını	2	19913
almaktaydı	2	19914
almalıyız	2	19915
almam	2	19916
almamak	2	19917
almamıştır	2	19918
almanız	2	19919
almasıyla	2	19920
almayın	2	19921
almıyor	2	19922
almıyorum	2	19923
almıyoruz	2	19924
alsa	2	19925
alta	2	19926
alternatifi	2	19927
altyapılar	2	19928
altyapının	2	19929
altyapısından	2	19930
altüst	2	19931
altınlar	2	19932
altınlarının	2	19933
alıcılar	2	19934
alıcıların	2	19935
alıcılı	2	19936
alıcıyı	2	19937
alımların	2	19938
alımlarına	2	19939
alımlarında	2	19940
alımın	2	19941
alımını	2	19942
alınabiliyor	2	19943
alınamamıştı	2	19944
alınanlardan	2	19945
alındığına	2	19946
alınmak	2	19947
alınmaktadır	2	19948
alınmalıdır	2	19949
alınmasında	2	19950
alınmayan	2	19951
alınmazsa	2	19952
alınmıyor	2	19953
alırsanız	2	19954
alıyorduk	2	19955
alışmaya	2	19956
alışverişini	2	19957
alışverişten	2	19958
alışılmadık	2	19959
amacına	2	19960
amaçladıklarını	2	19961
amaçlamaktadır	2	19962
amaçlarla	2	19963
amaçlarına	2	19964
amaçlıyoruz	2	19965
ambalaj	2	19966
ambulansın	2	19967
amcanın	2	19968
ameliyatla	2	19969
ameliyatlarda	2	19970
ameliyatları	2	19971
ameliyatlarını	2	19972
ameliyattan	2	19973
amfibi	2	19974
anahtarları	2	19975
analizini	2	19976
ananas	2	19977
anarak	2	19978
anayasaya	2	19979
anayasayı	2	19980
anestezi	2	19981
anestezik	2	19982
anime	2	19983
anjiyo	2	19984
ankete	2	19985
anketinde	2	19986
anksiyete	2	19987
anladım	2	19988
anlamakta	2	19989
anlamam	2	19990
anlamamızı	2	19991
anlamaya	2	19992
anlamazlar	2	19993
anlamlarına	2	19994
anlamlarını	2	19995
anlamlarının	2	19996
anlamlıdır	2	19997
anlamının	2	19998
anlarda	2	19999
anlarla	2	20000
anlarlar	2	20001
anlarına	2	20002
anlatabileceği	2	20003
anlatabilmek	2	20004
anlatacağını	2	20005
anlatayım	2	20006
anlatmakta	2	20007
anlatmaları	2	20008
anlattık	2	20009
anlattığını	2	20010
anlatıldığı	2	20011
anlatılıyor	2	20012
anlatıp	2	20013
anlatıyorlar	2	20014
anlayamadık	2	20015
anlayamıyoruz	2	20016
anlayan	2	20017
anlayışımızı	2	20018
anlayışınızı	2	20019
anlaşmadan	2	20020
anlaşmaların	2	20021
anlaşmayı	2	20022
anlaşmazsa	2	20023
anlaştık	2	20024
anlaştığı	2	20025
anlaşılabilir	2	20026
anlaşılmaktadır	2	20027
anlaşılması	2	20028
anlıyor	2	20029
anmak	2	20030
anneleri	2	20031
annelik	2	20032
annemi	2	20033
anneye	2	20034
anons	2	20035
antibakteriyel	2	20036
antiviral	2	20037
antrenörü	2	20038
anılar	2	20039
anılıyor	2	20040
anısını	2	20041
anıtsal	2	20042
anıyoruz	2	20043
apartmana	2	20044
apnesi	2	20045
arabada	2	20046
arabasıyla	2	20047
arabaya	2	20048
arabayı	2	20049
arabulucu	2	20050
arabulucuya	2	20051
aracından	2	20052
aracınız	2	20053
aracınızı	2	20054
aradılar	2	20055
aradınız	2	20056
aralandığı	2	20057
aralarının	2	20058
aralığındaki	2	20059
aramasının	2	20060
aramıza	2	20061
aramızdan	2	20062
aranacak	2	20063
arandığı	2	20064
arayacak	2	20065
arayla	2	20066
arayışlar	2	20067
arayışları	2	20068
araziden	2	20069
araziler	2	20070
arazilerde	2	20071
arazilerine	2	20072
arazisi	2	20073
arazisinde	2	20074
arazözle	2	20075
araçlarına	2	20076
araçlarında	2	20077
araçlarıyla	2	20078
araçlık	2	20079
araştıran	2	20080
araştırmacı	2	20081
araştırmacısı	2	20082
araştırmalarının	2	20083
araştırmasına	2	20084
araştırılacak	2	20085
araştırılan	2	20086
araştırılmasını	2	20087
arbedede	2	20088
arenaya	2	20089
ari	2	20090
arkadaşlarımla	2	20091
arkadaşlarımın	2	20092
arkadaşlarımıza	2	20093
arkadaşlarımızı	2	20094
arkadaşlıklar	2	20095
arkadaşımın	2	20096
arkadaşımızla	2	20097
arkadaşımızı	2	20098
arkadaşını	2	20099
arkamdaki	2	20100
arkeologlar	2	20101
armut	2	20102
arsasını	2	20103
artmasını	2	20104
artmıyor	2	20105
arttırdı	2	20106
artırabileceği	2	20107
artırabilirsiniz	2	20108
artırabilmek	2	20109
artıracağız	2	20110
artırdık	2	20111
artırmakla	2	20112
artırmaktadır	2	20113
artırması	2	20114
artırmıştır	2	20115
artırılmasını	2	20116
artırımı	2	20117
artırın	2	20118
artışlarını	2	20119
artıştan	2	20120
artışının	2	20121
arzusuyla	2	20122
arıcıları	2	20123
arıcıların	2	20124
arıcının	2	20125
arılar	2	20126
arınma	2	20127
arısı	2	20128
arıyorlar	2	20129
arıyoruz	2	20130
arızanın	2	20131
asarak	2	20132
asfaltla	2	20133
asidini	2	20134
asistan	2	20135
asitle	2	20136
askerler	2	20137
askerliğe	2	20138
askerliği	2	20139
askerliğin	2	20140
aslına	2	20141
asrının	2	20142
astrolog	2	20143
astronot	2	20144
astı	2	20145
asırda	2	20146
asırdır	2	20147
atabiliyor	2	20148
atacakları	2	20149
atacaklarını	2	20150
atacağını	2	20151
atamalarıyla	2	20152
atamayan	2	20153
atanlar	2	20154
atanma	2	20155
atanmasına	2	20156
atanmasının	2	20157
atanmıştı	2	20158
atağında	2	20159
ateşiyle	2	20160
ateşlenen	2	20161
atfediyoruz	2	20162
atlama	2	20163
atlatmayı	2	20164
atlayan	2	20165
atlayıp	2	20166
atmaktan	2	20167
atmamız	2	20168
atmayalım	2	20169
atmayan	2	20170
atmayı	2	20171
atmosferin	2	20172
atmosferini	2	20173
atmıştı	2	20174
attıktan	2	20175
attılar	2	20176
attığımız	2	20177
atölyeler	2	20178
atölyelerde	2	20179
atölyelerinde	2	20180
atı	2	20181
atıcı	2	20182
atıf	2	20183
atıklarını	2	20184
atılacağını	2	20185
atıldığında	2	20186
atılmadığını	2	20187
atılmasına	2	20188
atılmasını	2	20189
atınca	2	20190
atığı	2	20191
atışı	2	20192
avantajları	2	20193
avantajlarından	2	20194
avlanan	2	20195
avlanma	2	20196
avokado	2	20197
avukatlarından	2	20198
avukatlarının	2	20199
avukatlık	2	20200
avukatının	2	20201
ayakkabısı	2	20202
ayaklanma	2	20203
ayaklarına	2	20204
ayaklı	2	20205
ayarlanabilir	2	20206
ayarı	2	20207
ayağını	2	20208
aydınlatacak	2	20209
aydınlatan	2	20210
aydınlatır	2	20211
ayetten	2	20212
ayki	2	20213
aykırıdır	2	20214
aylarına	2	20215
aylıkları	2	20216
aylıklarının	2	20217
aylığının	2	20218
aynen	2	20219
ayrılacak	2	20220
ayrılarak	2	20221
ayrıldıktan	2	20222
ayrılmadan	2	20223
ayrılmayı	2	20224
ayrılıkçı	2	20225
ayrılır	2	20226
ayrımcılığa	2	20227
ayrıştırma	2	20228
ayva	2	20229
ayçiçeği	2	20230
ayılar	2	20231
ayırdı	2	20232
ayırdığını	2	20233
ayırmış	2	20234
ayırmıştı	2	20235
azalacak	2	20236
azalan	2	20237
azalmasıyla	2	20238
azalmaya	2	20239
azalmış	2	20240
azalsın	2	20241
azaltabilirsiniz	2	20242
azaltmada	2	20243
azaltılmasına	2	20244
azaltım	2	20245
azaltıyor	2	20246
azalır	2	20247
azar	2	20248
azmini	2	20249
azınlık	2	20250
azınlıkların	2	20251
açacağız	2	20252
açanlar	2	20253
açarken	2	20254
açlıkla	2	20255
açlığı	2	20256
açmadı	2	20257
açmasının	2	20258
açmıyor	2	20259
açtıkları	2	20260
açtırmayacağız	2	20261
açtırmıyor	2	20262
açtığımız	2	20263
açıklamadı	2	20264
açıklamayı	2	20265
açıklanacağı	2	20266
açıklanmadı	2	20267
açıklanmazken	2	20268
açıkları	2	20269
açıklarını	2	20270
açıklasın	2	20271
açıklayacağız	2	20272
açıklayanların	2	20273
açıklık	2	20274
açıklıkla	2	20275
açıklığına	2	20276
açılacaktır	2	20277
açılacağı	2	20278
açıldığında	2	20279
açılmadan	2	20280
açılmaması	2	20281
açılmasının	2	20282
açılmıştır	2	20283
açılımı	2	20284
açılır	2	20285
açılışındaki	2	20286
açısını	2	20287
ağası	2	20288
ağaçların	2	20289
ağaçlarıyla	2	20290
ağaçlık	2	20291
ağlar	2	20292
ağlarla	2	20293
ağrıların	2	20294
ağrılarının	2	20295
ağrısını	2	20296
ağrıyan	2	20297
ağrıyı	2	20298
ağzım	2	20299
ağzına	2	20300
ağzında	2	20301
ağzını	2	20302
ağına	2	20303
ağını	2	20304
ağırladığı	2	20305
ağırlanması	2	20306
ağırlıyor	2	20307
ağırlığının	2	20308
ağızları	2	20309
aşamadan	2	20310
aşamalarını	2	20311
aşamanın	2	20312
aşamayı	2	20313
aşağıladı	2	20314
aşkla	2	20315
aşkına	2	20316
aşkıyla	2	20317
aşçı	2	20318
aşçılar	2	20319
aşılayarak	2	20320
aşıp	2	20321
aşırılık	2	20322
aşırıya	2	20323
aşısını	2	20324
aşısının	2	20325
babaannemin	2	20326
babaannesinin	2	20327
babalarını	2	20328
babalarının	2	20329
baca	2	20330
bacak	2	20331
bacaklarından	2	20332
bacağı	2	20333
bacağını	2	20334
bademciklerin	2	20335
bagaj	2	20336
baharatlarla	2	20337
bahsetmek	2	20338
bahsettiğim	2	20339
bahçelerde	2	20340
bahçeleri	2	20341
bahçelerinden	2	20342
bahçelerinin	2	20343
bahçesini	2	20344
bahçesinin	2	20345
bahşiş	2	20346
bakabileceği	2	20347
bakacağını	2	20348
bakanlarının	2	20349
bakarız	2	20350
baki	2	20351
bakkal	2	20352
baklava	2	20353
baklavanın	2	20354
bakmadı	2	20355
bakmakta	2	20356
bakmayan	2	20357
bakmaz	2	20358
baksın	2	20359
bakteri	2	20360
bakterinin	2	20361
bakterisi	2	20362
baktı	2	20363
baktılar	2	20364
baktığımız	2	20365
baktığınız	2	20366
bakıcı	2	20367
bakılırsa	2	20368
bakımının	2	20369
bakıp	2	20370
bakıyorlar	2	20371
bakıyoruz	2	20372
balkonda	2	20373
baltayla	2	20374
balığa	2	20375
balığından	2	20376
balığının	2	20377
bamya	2	20378
bando	2	20379
bandında	2	20380
bankadan	2	20381
bankayı	2	20382
banknotlara	2	20383
banyoda	2	20384
banyoya	2	20385
bardakları	2	20386
bari	2	20387
bariyerlere	2	20388
bariyerleri	2	20389
barınaklara	2	20390
barınaklarda	2	20391
barınakları	2	20392
barındıracak	2	20393
barışıyor	2	20394
basarak	2	20395
basketleriyle	2	20396
basketlerle	2	20397
baskılarla	2	20398
baskında	2	20399
baskınlarını	2	20400
baskısına	2	20401
baskıyı	2	20402
basması	2	20403
bastırarak	2	20404
bastırdı	2	20405
basılan	2	20406
basınına	2	20407
basınından	2	20408
basıyor	2	20409
battı	2	20410
bayraklar	2	20411
bayramına	2	20412
bayramını	2	20413
bayrağımızı	2	20414
bayrağının	2	20415
bazındaki	2	20416
bağlantıda	2	20417
bağlantılarını	2	20418
bağlantılıdır	2	20419
bağlantısını	2	20420
bağlanıyor	2	20421
bağların	2	20422
bağlayarak	2	20423
bağlayıcıdır	2	20424
bağlılık	2	20425
bağlılığının	2	20426
bağlıyor	2	20427
bağımlılıktan	2	20428
bağımlılığını	2	20429
bağımsızlığa	2	20430
bağırıyor	2	20431
bağışladı	2	20432
bağışlama	2	20433
bağışlanacak	2	20434
bağışlanan	2	20435
bağışlar	2	20436
bağışlarıyla	2	20437
bağışı	2	20438
bağışının	2	20439
bağışıyla	2	20440
başaramadığı	2	20441
başarmak	2	20442
başarmıştı	2	20443
başarmıştır	2	20444
başarıdan	2	20445
başarıların	2	20446
başarılıdır	2	20447
başarınızı	2	20448
başarırken	2	20449
başarısından	2	20450
başarısının	2	20451
başarısızlıkla	2	20452
başbakanın	2	20453
başkana	2	20454
başkanlarımız	2	20455
başkanların	2	20456
başkasına	2	20457
başkentte	2	20458
başladınız	2	20459
başlamadı	2	20460
başlamaktadır	2	20461
başlamasına	2	20462
başlamasını	2	20463
başlamasının	2	20464
başlamayı	2	20465
başlandığını	2	20466
başlangıcın	2	20467
başlangıcını	2	20468
başlangıçlar	2	20469
başlarına	2	20470
başlarında	2	20471
başlarındaki	2	20472
başlatmıştır	2	20473
başlattıkları	2	20474
başlattığını	2	20475
başlatılacak	2	20476
başlatılmıştır	2	20477
başlayabiliriz	2	20478
başlayacağız	2	20479
başlıklarda	2	20480
başlıkları	2	20481
başrollerinde	2	20482
başrolünde	2	20483
başsavcılıklarımızı	2	20484
başvurmaları	2	20485
başvurmanız	2	20486
başvurmaya	2	20487
başvurularına	2	20488
başvurunun	2	20489
başvurusunun	2	20490
başvuruya	2	20491
başvuruyu	2	20492
beın	2	20493
bebekler	2	20494
bebeğini	2	20495
beceri	2	20496
bedeliyle	2	20497
bedelle	2	20498
bedelleri	2	20499
beden	2	20500
bedende	2	20501
bedeninin	2	20502
bedenleri	2	20503
bedensel	2	20504
beka	2	20505
beki	2	20506
bekle	2	20507
beklemeden	2	20508
beklememiz	2	20509
beklemesi	2	20510
beklemeye	2	20511
beklemiyorum	2	20512
bekleniliyor	2	20513
bekleniyordu	2	20514
beklenmeden	2	20515
beklenmeyen	2	20516
bekler	2	20517
beklerdik	2	20518
beklettikten	2	20519
bekleyişin	2	20520
bekliyordum	2	20521
bekliyorlar	2	20522
belediyecilikle	2	20523
belediyeciliği	2	20524
belediyelerini	2	20525
belgede	2	20526
belgelerini	2	20527
belgelerle	2	20528
belgeli	2	20529
belgenin	2	20530
belgesinde	2	20531
belgesiyle	2	20532
belgeyi	2	20533
beli	2	20534
belini	2	20535
belirlediklerini	2	20536
belirlemede	2	20537
belirlemekle	2	20538
belirlenir	2	20539
belirlerken	2	20540
belirsizliklerin	2	20541
belirsizliklerle	2	20542
belirtelim	2	20543
belirti	2	20544
belirtilerek	2	20545
belirtilerinin	2	20546
belirttiğine	2	20547
belleği	2	20548
bellidir	2	20549
belliydi	2	20550
bendeki	2	20551
benimsedi	2	20552
benimsediklerini	2	20553
benimsediğini	2	20554
benimsemek	2	20555
benimsemiş	2	20556
benzinin	2	20557
beraberindekiler	2	20558
berberler	2	20559
bereketiyle	2	20560
berrak	2	20561
besinlerden	2	20562
besinlerin	2	20563
besleme	2	20564
beslemeye	2	20565
beslenen	2	20566
beslenerek	2	20567
beslenmeden	2	20568
beslenmeleri	2	20569
beslenmelerine	2	20570
besmele	2	20571
besteci	2	20572
beta	2	20573
beyannamesi	2	20574
beyannamesini	2	20575
beyanına	2	20576
beyanında	2	20577
beye	2	20578
beyinde	2	20579
beynin	2	20580
bezlerinden	2	20581
beğendiklerini	2	20582
beğenisini	2	20583
biberi	2	20584
biberler	2	20585
bilahare	2	20586
bilançosu	2	20587
bilançosunun	2	20588
bildi	2	20589
bildirdiler	2	20590
bildirdiğine	2	20591
bildirilirken	2	20592
bildirimde	2	20593
bildirimi	2	20594
bildiriminde	2	20595
bildirin	2	20596
bildirme	2	20597
bildirmesi	2	20598
bildirmesiyle	2	20599
bildirmişlerdir	2	20600
bilemem	2	20601
bilemiyorum	2	20602
bilemiyoruz	2	20603
bilenler	2	20604
biletin	2	20605
biletlerini	2	20606
biletlerinin	2	20607
bileşeni	2	20608
bileşenleri	2	20609
bileşenlerinden	2	20610
bileşenlerinin	2	20611
bileşenlerle	2	20612
bilgilendirildi	2	20613
bilgilendiriyor	2	20614
bilgilerinin	2	20615
bilgim	2	20616
bilginin	2	20617
bilgisayarların	2	20618
bilgisayarlı	2	20619
bilgisinden	2	20620
bilgisinin	2	20621
bilgiyle	2	20622
bilime	2	20623
bilincin	2	20624
bilincine	2	20625
bilinenler	2	20626
bilinmelidir	2	20627
bilinmesini	2	20628
bilinmez	2	20629
bilinse	2	20630
bilinçle	2	20631
bilinçlendirilmesi	2	20632
bilinçlenmesini	2	20633
bilirkişilik	2	20634
biliyorlardı	2	20635
bilmeden	2	20636
bilmenizi	2	20637
bilmesi	2	20638
bilmiyor	2	20639
bilmiyordu	2	20640
binalar	2	20641
bindikleri	2	20642
biraraya	2	20643
birazcık	2	20644
birbirleriyle	2	20645
bireye	2	20646
bireylerini	2	20647
birilerini	2	20648
birim	2	20649
birimde	2	20650
birimiz	2	20651
birimizi	2	20652
birimlere	2	20653
birimleriyle	2	20654
birincil	2	20655
birinciliği	2	20656
biriniz	2	20657
birinizin	2	20658
birisiydi	2	20659
biriyiz	2	20660
birleşimi	2	20661
birleşiminde	2	20662
birleşmenin	2	20663
birleşmeyi	2	20664
birleştirdi	2	20665
birleştiren	2	20666
birleştirici	2	20667
birleştirilerek	2	20668
birleştirilmesine	2	20669
birleştiği	2	20670
birlikleriyle	2	20671
birlikteliklerini	2	20672
birlikteyiz	2	20673
birliğimizi	2	20674
bitene	2	20675
bitime	2	20676
bitimine	2	20677
bitireceğim	2	20678
bitiremediği	2	20679
bitirerek	2	20680
bitirip	2	20681
bitirmek	2	20682
bitirmiş	2	20683
bitişiğindeki	2	20684
bitkilerden	2	20685
bitkilere	2	20686
bitkisini	2	20687
bitkisinin	2	20688
bitme	2	20689
bitmesi	2	20690
bitmesine	2	20691
bitmesiyle	2	20692
bittikten	2	20693
biyoteknik	2	20694
biziz	2	20695
biçilmesi	2	20696
bloklar	2	20697
bolluğu	2	20698
bombalayan	2	20699
bombardımanında	2	20700
boncuk	2	20701
borsadaki	2	20702
borsasında	2	20703
boruların	2	20704
borunun	2	20705
borusuna	2	20706
borçlanmasını	2	20707
botu	2	20708
boydan	2	20709
boylarının	2	20710
boylu	2	20711
boynuna	2	20712
boyuna	2	20713
boyuta	2	20714
boyutlarına	2	20715
boyutlarını	2	20716
bozarak	2	20717
bozmaya	2	20718
bozmuş	2	20719
bozucu	2	20720
bozukluklar	2	20721
bozukluğuna	2	20722
bozularak	2	20723
bozuldu	2	20724
bozulmaması	2	20725
bozulmuştu	2	20726
bozuluyor	2	20727
boğalar	2	20728
boğan	2	20729
boğuşuyor	2	20730
boşaltarak	2	20731
boşaltma	2	20732
boşaltmak	2	20733
boşaltılması	2	20734
boşanacakları	2	20735
boşlukları	2	20736
boşuna	2	20737
branda	2	20738
branşta	2	20739
bugünde	2	20740
buhar	2	20741
bulacaksınız	2	20742
bulacağına	2	20743
bulamayınca	2	20744
bulanık	2	20745
bulaşık	2	20746
bulaşıyor	2	20747
bulgular	2	20748
bulguları	2	20749
bulgularına	2	20750
bulgularında	2	20751
bulgularını	2	20752
bulgularının	2	20753
bulmayı	2	20754
bulmuşlar	2	20755
bulmuştur	2	20756
bulsa	2	20757
bulsunlar	2	20758
bulunabilir	2	20759
bulunanlar	2	20760
bulunanlara	2	20761
bulunanların	2	20762
bulunduklarını	2	20763
bulundum	2	20764
bulundurduğu	2	20765
bulundurmak	2	20766
bulundurulması	2	20767
bulunduğunuz	2	20768
bulunmadığına	2	20769
bulunmakta	2	20770
bulunmaktayız	2	20771
bulunmaması	2	20772
bulunmasından	2	20773
bulunmuştur	2	20774
bulunsun	2	20775
bulunulması	2	20776
bulunurlar	2	20777
bulunuyorlar	2	20778
buluşlardan	2	20779
buluştuklarını	2	20780
buluşturmaya	2	20781
buluşu	2	20782
buluşup	2	20783
buluşuyor	2	20784
bunaltıyor	2	20785
buralar	2	20786
buralara	2	20787
buraları	2	20788
buram	2	20789
burcuna	2	20790
burjuva	2	20791
buyurmuştur	2	20792
buzdolapları	2	20793
böbreğini	2	20794
bölgelerdeki	2	20795
bölgelerimize	2	20796
bölgemizdeki	2	20797
bölümlerin	2	20798
bölünecek	2	20799
bölünmesini	2	20800
böyleyken	2	20801
bülteni	2	20802
bülteninde	2	20803
bünyesine	2	20804
bürokrasi	2	20805
bürünür	2	20806
bütçeyi	2	20807
bütünlüğünün	2	20808
büyüdükleri	2	20809
büyüdüğü	2	20810
büyükleri	2	20811
büyüklüğe	2	20812
büyüklüğünün	2	20813
büyüktür	2	20814
büyümede	2	20815
büyümesinin	2	20816
büyüteceğiz	2	20817
büyüyecek	2	20818
bıldırcın	2	20819
bırakacağı	2	20820
bırakmalı	2	20821
bırakmasını	2	20822
bırakmaya	2	20823
bırakmayarak	2	20824
bırakmıyoruz	2	20825
bıraktınız	2	20826
bırakılarak	2	20827
bırakıldığını	2	20828
bırakılmasını	2	20829
bırakılmaz	2	20830
bırakılmıştı	2	20831
bırakılmıştır	2	20832
bıçakladığı	2	20833
bıçaklanan	2	20834
bıçaklayan	2	20835
bıçağı	2	20836
caddelerinde	2	20837
caddeye	2	20838
caddeyi	2	20839
camiamız	2	20840
camiası	2	20841
camiasından	2	20842
camiaya	2	20843
camileri	2	20844
camilerin	2	20845
camiyle	2	20846
camları	2	20847
camına	2	20848
camını	2	20849
canlandırma	2	20850
canlandırmayı	2	20851
canlandırıyor	2	20852
canlarımızın	2	20853
canlarını	2	20854
canlılar	2	20855
canlının	2	20856
canını	2	20857
casus	2	20858
ceket	2	20859
celse	2	20860
cemaatin	2	20861
cenazede	2	20862
cenazeler	2	20863
cenazenin	2	20864
cenazesinin	2	20865
cenazeye	2	20866
cephane	2	20867
cephesinde	2	20868
cephesindeki	2	20869
cerrahisi	2	20870
cesedinin	2	20871
cesetleri	2	20872
cevaplarını	2	20873
cevapsız	2	20874
cezaevindeki	2	20875
cezaevlerinde	2	20876
cezaevlerinin	2	20877
cezalandırılmaları	2	20878
cezalarına	2	20879
cezalısı	2	20880
cezasını	2	20881
cezasızlık	2	20882
cihazda	2	20883
cihazlarına	2	20884
cihazlarını	2	20885
cihazına	2	20886
cildimize	2	20887
cildimizi	2	20888
ciltler	2	20889
ciltteki	2	20890
cinayetinin	2	20891
cinayetlerinin	2	20892
cinsiyetçi	2	20893
cip	2	20894
cnnturk	2	20895
coğrafya	2	20896
coğrafyalarda	2	20897
coğrafyanın	2	20898
coğrafyasında	2	20899
coğrafyaya	2	20900
coşturdu	2	20901
cumartesiye	2	20902
cumhurbaşkanını	2	20903
cuntanın	2	20904
cümleler	2	20905
cümleleri	2	20906
cüzdanında	2	20907
dahili	2	20908
daima	2	20909
dairelerin	2	20910
dairelerinin	2	20911
dairesinde	2	20912
dairesinden	2	20913
dairesine	2	20914
daireye	2	20915
dakikalar	2	20916
dakikaydı	2	20917
dal	2	20918
dalda	2	20919
daldı	2	20920
dalgalana	2	20921
dalgaları	2	20922
dalgaların	2	20923
dalgasının	2	20924
dalgasıyla	2	20925
dalgıçlar	2	20926
dalları	2	20927
damacana	2	20928
damarların	2	20929
damarlarına	2	20930
damarlarında	2	20931
damarlarını	2	20932
damarı	2	20933
dansçı	2	20934
dansı	2	20935
dantel	2	20936
danışmaları	2	20937
danışmanlar	2	20938
danışmanlarını	2	20939
danışmanlığı	2	20940
daralma	2	20941
darbeler	2	20942
darbelere	2	20943
darbenin	2	20944
darbesiyle	2	20945
darbettiği	2	20946
darbeye	2	20947
dark	2	20948
darlığı	2	20949
davacı	2	20950
davalardan	2	20951
davasından	2	20952
davetine	2	20953
davetini	2	20954
davetli	2	20955
davetlilerle	2	20956
davranma	2	20957
davranmak	2	20958
davranışlardan	2	20959
davranışlarına	2	20960
davranışta	2	20961
davranıştır	2	20962
davranışı	2	20963
dayanak	2	20964
dayanma	2	20965
dayanıklıdır	2	20966
dayanıklılığa	2	20967
dayanışmasına	2	20968
dağda	2	20969
dağladı	2	20970
dağlarda	2	20971
dağılan	2	20972
dağıldı	2	20973
dağılma	2	20974
dağılımında	2	20975
dağınık	2	20976
dağının	2	20977
dağıtmaya	2	20978
dağıtıcı	2	20979
dağıtılarak	2	20980
dağıtıldığı	2	20981
dedelerimiz	2	20982
dedelerini	2	20983
dedikleri	2	20984
dedirten	2	20985
dediğim	2	20986
dediğiniz	2	20987
defnedilecek	2	20988
defnedilmek	2	20989
defol	2	20990
deformasyona	2	20991
defteri	2	20992
dehşete	2	20993
dehşeti	2	20994
dekara	2	20995
delege	2	20996
delegenin	2	20997
delik	2	20998
deliğe	2	20999
demesi	2	21000
demeye	2	21001
demiyoruz	2	21002
demiştik	2	21003
demiştim	2	21004
demokrasiden	2	21005
demokrasimizin	2	21006
demokrasiyi	2	21007
denarius	2	21008
denecek	2	21009
denetimlerle	2	21010
denetlemek	2	21011
denetlemeye	2	21012
denetlendi	2	21013
denetleyen	2	21014
deneyimiyle	2	21015
deneyimlerinden	2	21016
dengede	2	21017
dengelemeye	2	21018
dengelenmesi	2	21019
dengeler	2	21020
dengeleyerek	2	21021
dengesinin	2	21022
dengeye	2	21023
denildiği	2	21024
deniyor	2	21025
denizcisi	2	21026
denizlerde	2	21027
denizlerdeki	2	21028
denizlerimizin	2	21029
denklemin	2	21030
deplasmanına	2	21031
depolarının	2	21032
deposunda	2	21033
deposunun	2	21034
depreminde	2	21035
depreminden	2	21036
depremine	2	21037
depremini	2	21038
depreminin	2	21039
depremzedeleri	2	21040
depresyona	2	21041
derbide	2	21042
derbisinin	2	21043
derdindeyiz	2	21044
dereceleri	2	21045
dereceleriyle	2	21046
dereceli	2	21047
derecelik	2	21048
derecenin	2	21049
derecesinde	2	21050
dereye	2	21051
dergilerinden	2	21052
derim	2	21053
deriniz	2	21054
derinleşmesine	2	21055
derinleştirmek	2	21056
derinliklerinden	2	21057
derinliğine	2	21058
derisi	2	21059
dermatolog	2	21060
derneklerin	2	21061
derneğe	2	21062
derse	2	21063
derslik	2	21064
dertten	2	21065
desenleri	2	21066
desin	2	21067
desteklediği	2	21068
desteklemeyen	2	21069
desteklemeyi	2	21070
destekleniyor	2	21071
desteklerden	2	21072
desteklere	2	21073
desteklerimiz	2	21074
desteklerinin	2	21075
desteklerken	2	21076
destekten	2	21077
destekçilerini	2	21078
desteğe	2	21079
desteğimizi	2	21080
detayların	2	21081
detaylarının	2	21082
deve	2	21083
devinin	2	21084
devletimizden	2	21085
devletiyle	2	21086
devletlerin	2	21087
devletten	2	21088
devran	2	21089
devredilmesini	2	21090
devrildiği	2	21091
devrilince	2	21092
devrimi	2	21093
devrimin	2	21094
devrimlerini	2	21095
devrin	2	21096
devşirmeye	2	21097
deyim	2	21098
deyişle	2	21099
dezenflasyona	2	21100
değerimiz	2	21101
değerlendireceğiz	2	21102
değerlendirildiği	2	21103
değerlendirilecek	2	21104
değerlendirilir	2	21105
değerlendirilmeye	2	21106
değerlendirip	2	21107
değerlendirirken	2	21108
değerlendiriyorum	2	21109
değerlendirmelerin	2	21110
değerlendirmelerine	2	21111
değerlendirmenin	2	21112
değerlerimize	2	21113
değerleriyle	2	21114
değildim	2	21115
değilmiş	2	21116
değilseniz	2	21117
değilsiniz	2	21118
değinildi	2	21119
değinilen	2	21120
değişerek	2	21121
değişikliklerle	2	21122
değişimden	2	21123
değişimleri	2	21124
değişmesinin	2	21125
değişmeyen	2	21126
değiştirdiğini	2	21127
değiştireceği	2	21128
değiştiremedi	2	21129
değiştirerek	2	21130
değiştiriliyor	2	21131
değiştirilmesi	2	21132
değiştirmeyerek	2	21133
değiştiğini	2	21134
değmeden	2	21135
değmemiş	2	21136
deşifre	2	21137
dibe	2	21138
dijitalleşmenin	2	21139
dikerek	2	21140
dilde	2	21141
dileyerek	2	21142
dilimine	2	21143
dilimiyle	2	21144
dilimizin	2	21145
dilimleme	2	21146
dilimlenmiş	2	21147
dilimleriyle	2	21148
dilinde	2	21149
dilinin	2	21150
diliyor	2	21151
dillerde	2	21152
dillerden	2	21153
dillerini	2	21154
dinde	2	21155
dindirmek	2	21156
dine	2	21157
dinin	2	21158
dinlemedi	2	21159
dinlemediler	2	21160
dinlemek	2	21161
dinlendirici	2	21162
dinlendiği	2	21163
dinlenen	2	21164
dinlenmek	2	21165
dinleyici	2	21166
dinleyicilerini	2	21167
dinozorların	2	21168
diplomasisi	2	21169
diploması	2	21170
diplomatlar	2	21171
diplomatları	2	21172
dir	2	21173
dirayeti	2	21174
direktörlerden	2	21175
direktörleri	2	21176
direktörlüğünü	2	21177
direnci	2	21178
direnç	2	21179
diriliş	2	21180
dirsek	2	21181
diyabete	2	21182
diyafram	2	21183
diyebilir	2	21184
diyebilmek	2	21185
diyecektim	2	21186
diyeceği	2	21187
diyeti	2	21188
diyorlardı	2	21189
diyorsunuz	2	21190
dizisini	2	21191
dizisiyle	2	21192
dişi	2	21193
dişlerin	2	21194
dk	2	21195
doktorunuzun	2	21196
dokular	2	21197
dokundu	2	21198
dokunmatik	2	21199
dokusu	2	21200
dokusuna	2	21201
dokusunu	2	21202
dokusunun	2	21203
dokuyan	2	21204
dolan	2	21205
dolandıran	2	21206
dolandırmak	2	21207
dolandırıcılığı	2	21208
dolandırıldı	2	21209
dolandırılması	2	21210
dolayısı	2	21211
dolaşarak	2	21212
dolaşımını	2	21213
dolaşıyor	2	21214
doldu	2	21215
dolduracak	2	21216
doldurdu	2	21217
doldurmayı	2	21218
doldurularak	2	21219
doldurulması	2	21220
dolgu	2	21221
dolma	2	21222
dolması	2	21223
dolmasını	2	21224
doluydu	2	21225
domatesin	2	21226
domine	2	21227
domuzların	2	21228
donarak	2	21229
donatılmış	2	21230
donduran	2	21231
dondurucuya	2	21232
donör	2	21233
dorsesinde	2	21234
dosta	2	21235
dostlar	2	21236
dostları	2	21237
dostlarımızın	2	21238
dostluklar	2	21239
dostumuz	2	21240
dosyasında	2	21241
dosyaya	2	21242
dosyayı	2	21243
doymuş	2	21244
doyurucu	2	21245
dozu	2	21246
doçent	2	21247
doğallığını	2	21248
doğasında	2	21249
doğasıyla	2	21250
doğrudur	2	21251
doğrulayan	2	21252
doğruyu	2	21253
doğuda	2	21254
doğumdan	2	21255
doğumevi	2	21256
doğumundan	2	21257
doğup	2	21258
doğurabileceği	2	21259
doğurabilir	2	21260
doğuracaktır	2	21261
doğurdu	2	21262
doğurduğu	2	21263
doğuşunu	2	21264
dram	2	21265
drama	2	21266
dramatik	2	21267
drenaj	2	21268
dronlarla	2	21269
dronu	2	21270
duadır	2	21271
dualarını	2	21272
dualarınız	2	21273
dualı	2	21274
duanın	2	21275
duasını	2	21276
dubleks	2	21277
dura	2	21278
durabilen	2	21279
durdurduğu	2	21280
durdurduğunu	2	21281
durdurma	2	21282
durdurmalısın	2	21283
durdurulduğunu	2	21284
durdurulmasını	2	21285
durdurun	2	21286
durduğu	2	21287
durgun	2	21288
durmaksızın	2	21289
durmaktır	2	21290
durmayacağını	2	21291
durmayacağız	2	21292
durmuyor	2	21293
durulacak	2	21294
durulan	2	21295
duruldu	2	21296
durulması	2	21297
durulmuyor	2	21298
durumdalar	2	21299
durumlardan	2	21300
durumların	2	21301
durumum	2	21302
durumumuz	2	21303
durumundan	2	21304
durun	2	21305
durur	2	21306
duruşlarını	2	21307
duruşmadaki	2	21308
duruşmasına	2	21309
duruşmasının	2	21310
duruşmayı	2	21311
duruşunun	2	21312
dutlar	2	21313
duvara	2	21314
duvarlar	2	21315
duvarlarında	2	21316
duvarından	2	21317
duyar	2	21318
duyduğumu	2	21319
duyduğumuzda	2	21320
duygulandıran	2	21321
duygularına	2	21322
duygularının	2	21323
duygusunun	2	21324
duygusuyla	2	21325
duymadan	2	21326
duymaya	2	21327
duymuyorum	2	21328
duyulması	2	21329
duyulur	2	21330
duyuruda	2	21331
duyurulacağını	2	21332
duyuruları	2	21333
duyurunun	2	21334
dökecek	2	21335
dökme	2	21336
dökülmesinin	2	21337
dökülür	2	21338
döküm	2	21339
dökün	2	21340
döküp	2	21341
döndürmek	2	21342
döndüğüm	2	21343
döneceğiz	2	21344
dönemdir	2	21345
dönemimde	2	21346
dönemimiz	2	21347
dönemiyle	2	21348
dönemlerden	2	21349
dönemlere	2	21350
dönemlerinden	2	21351
dönemli	2	21352
dönmemesi	2	21353
dönmesini	2	21354
dönmesinin	2	21355
dönülemez	2	21356
dönüşerek	2	21357
dönüşler	2	21358
dönüştürmek	2	21359
dönüştürmüş	2	21360
dönüştürülmüş	2	21361
dönüşümünü	2	21362
dönüşür	2	21363
dönüşüyor	2	21364
dördüncüsü	2	21365
dövizin	2	21366
döşediğini	2	21367
dükkanında	2	21368
dünyayla	2	21369
dürüstlük	2	21370
düve	2	21371
düzelecek	2	21372
düzelmesi	2	21373
düzeltin	2	21374
düzeltip	2	21375
düzeltme	2	21376
düzenek	2	21377
düzenlediklerini	2	21378
düzenlediğimiz	2	21379
düzenlemede	2	21380
düzenlemelerde	2	21381
düzenlemelere	2	21382
düzenlemesinde	2	21383
düzenlemesinin	2	21384
düzenlendiği	2	21385
düzenlenmiş	2	21386
düzenleyici	2	21387
düzenliyoruz	2	21388
düzeydeki	2	21389
düzeyini	2	21390
düzeylere	2	21391
düzeyleri	2	21392
düzeyli	2	21393
düzinelerce	2	21394
düğmesi	2	21395
düğümü	2	21396
düğüne	2	21397
düğününe	2	21398
düşebilir	2	21399
düşeceğine	2	21400
düşeceğini	2	21401
düşeceğiz	2	21402
düşkün	2	21403
düşmanı	2	21404
düşmediği	2	21405
düşmek	2	21406
düşmemesi	2	21407
düşmesini	2	21408
düştüğünde	2	21409
düşünceler	2	21410
düşüncelere	2	21411
düşüncemi	2	21412
düşüncesi	2	21413
düşüncesinde	2	21414
düşündükleri	2	21415
düşündürüyor	2	21416
düşündüğüm	2	21417
düşünebilirsiniz	2	21418
düşünmeye	2	21419
düşünmeyi	2	21420
düşünülürken	2	21421
düşünüp	2	21422
düşünüyorlar	2	21423
düşürdüğünü	2	21424
düşürebilir	2	21425
düşürecek	2	21426
düşürmenin	2	21427
düşürmesin	2	21428
düşürmeye	2	21429
düşürülmesine	2	21430
düşürülmesiyle	2	21431
düşürüp	2	21432
düşüyordu	2	21433
düşüyorsa	2	21434
düşüşte	2	21435
düşüşten	2	21436
dışkılama	2	21437
ebeden	2	21438
ebeveynlerden	2	21439
ebeveynleriyle	2	21440
eczane	2	21441
edebildiğini	2	21442
edebilecektir	2	21443
edebilme	2	21444
edebilmeleri	2	21445
edebilmesi	2	21446
edebiyatının	2	21447
edecekler	2	21448
edeceksiniz	2	21449
edemedi	2	21450
edemedikleri	2	21451
edemezsiniz	2	21452
edemiyorlar	2	21453
edenleri	2	21454
ederdi	2	21455
edildiğinde	2	21456
edildiğinden	2	21457
edilebileceğini	2	21458
edilebilen	2	21459
edilebilmesi	2	21460
edilenler	2	21461
edilenlere	2	21462
ediliyordu	2	21463
edilmediğini	2	21464
edilmekte	2	21465
edilmemektedir	2	21466
edilmemiş	2	21467
edilmemişti	2	21468
edilmeyen	2	21469
edilmezse	2	21470
edindiğim	2	21471
edinmeye	2	21472
edinmiştir	2	21473
ediyorlardı	2	21474
ediyorsanız	2	21475
ediyorsun	2	21476
efektif	2	21477
efendimiz	2	21478
efsanevi	2	21479
egemenliği	2	21480
egzama	2	21481
ehil	2	21482
ehliyeti	2	21483
ehliyetine	2	21484
ehliyetlerini	2	21485
ejderhalar	2	21486
ekibinden	2	21487
ekildi	2	21488
ekili	2	21489
ekiplerimizce	2	21490
ekiplerimize	2	21491
ekiplerini	2	21492
ekipmanları	2	21493
eklediklerini	2	21494
eklem	2	21495
eklemeye	2	21496
eklenebilir	2	21497
eklenecek	2	21498
eklenir	2	21499
ekmeğinin	2	21500
ekonomimize	2	21501
ekonomisindeki	2	21502
ekosisteme	2	21503
ekosistemini	2	21504
ekosistemleri	2	21505
ekrandan	2	21506
ekranlardan	2	21507
ekranları	2	21508
ekranında	2	21509
eksenine	2	21510
eksiklerimiz	2	21511
eksiklerini	2	21512
eksikliklerin	2	21513
eksiği	2	21514
eksiğimiz	2	21515
ekspertiz	2	21516
elbet	2	21517
eldeki	2	21518
elebaşısı	2	21519
elektriksiz	2	21520
elektriğini	2	21521
elektriğinin	2	21522
elemanlarına	2	21523
elemelerde	2	21524
elementi	2	21525
eleştirilen	2	21526
eleştirilerini	2	21527
eleştirilerinin	2	21528
eleştirilerle	2	21529
eleştirirken	2	21530
eleştirisi	2	21531
eleştirisinde	2	21532
eleştirisini	2	21533
eleştirmenler	2	21534
elim	2	21535
elimde	2	21536
elimden	2	21537
elimiz	2	21538
elimizdeki	2	21539
elimize	2	21540
elimizi	2	21541
eliptik	2	21542
eller	2	21543
ellere	2	21544
ellerinizin	2	21545
elli	2	21546
emanete	2	21547
emanettir	2	21548
emeklilerden	2	21549
emeklilerimizle	2	21550
emeklilerle	2	21551
emeklilikten	2	21552
emeklimiz	2	21553
emeklimizi	2	21554
emekçilere	2	21555
emekçileri	2	21556
emellerine	2	21557
emeğine	2	21558
emisyon	2	21559
emisyonu	2	21560
emlakçı	2	21561
emniyetin	2	21562
emzirme	2	21563
endam	2	21564
endeksin	2	21565
endeksindeki	2	21566
endişeler	2	21567
endişesi	2	21568
endişesiyle	2	21569
enerjilerini	2	21570
enerjisini	2	21571
enerjisiyle	2	21572
enerjiye	2	21573
enfeksiyonları	2	21574
enflasyondaki	2	21575
engellemeler	2	21576
engellemeyi	2	21577
engellenmesinin	2	21578
engellere	2	21579
engellerin	2	21580
engellerle	2	21581
engelleyerek	2	21582
engellilere	2	21583
engerek	2	21584
enkazda	2	21585
enkazı	2	21586
enkazının	2	21587
enstrümanı	2	21588
entegrasyon	2	21589
entegrasyonunu	2	21590
envantere	2	21591
epey	2	21592
epilasyon	2	21593
erdemli	2	21594
erdirmek	2	21595
erdiği	2	21596
erer	2	21597
ererken	2	21598
ergenliği	2	21599
eridi	2	21600
eritin	2	21601
erişimine	2	21602
erişiminin	2	21603
erkekten	2	21604
erkenden	2	21605
erteledi	2	21606
ertelendiği	2	21607
ertelendiğini	2	21608
ertelenen	2	21609
esaslar	2	21610
esasları	2	21611
esasında	2	21612
esecek	2	21613
eserde	2	21614
eserinin	2	21615
eserlerimiz	2	21616
eserlerini	2	21617
esinlenen	2	21618
esinlenilerek	2	21619
esirgeme	2	21620
esirleri	2	21621
eskimiş	2	21622
eskisine	2	21623
eskiye	2	21624
esnafları	2	21625
esnaflarımıza	2	21626
esnaftan	2	21627
esnafımızın	2	21628
esnafını	2	21629
esnekliği	2	21630
etabı	2	21631
etabın	2	21632
etiketine	2	21633
etiği	2	21634
etkenler	2	21635
etkileme	2	21636
etkilemiştir	2	21637
etkilendi	2	21638
etkilendiği	2	21639
etkilendiğini	2	21640
etkilenir	2	21641
etkilenirken	2	21642
etkilenmemek	2	21643
etkilerden	2	21644
etkilerine	2	21645
etkileriyle	2	21646
etkileyecektir	2	21647
etkileyeceği	2	21648
etkileyeceğini	2	21649
etkileşimde	2	21650
etkileşimini	2	21651
etkilidir	2	21652
etkinliklerden	2	21653
etkinliklerini	2	21654
etkinliğine	2	21655
etkinliğinin	2	21656
etkisinde	2	21657
etkiye	2	21658
etkiyi	2	21659
etli	2	21660
etmedikleri	2	21661
etmediklerini	2	21662
etmekti	2	21663
etmeme	2	21664
etmemiş	2	21665
etmesinden	2	21666
etmeyecek	2	21667
etmeyelim	2	21668
etmeyiz	2	21669
etmiştim	2	21670
etnikli	2	21671
etrafa	2	21672
etrafından	2	21673
etsinler	2	21674
ettin	2	21675
ettireceğini	2	21676
ettirilen	2	21677
ettirmesi	2	21678
ettiysek	2	21679
ettiğimi	2	21680
ettiğinin	2	21681
ettiğinizde	2	21682
euroluk	2	21683
euronun	2	21684
evim	2	21685
evimizin	2	21686
eviyle	2	21687
evladımıza	2	21688
evladımızın	2	21689
evlatlarıyla	2	21690
evlatlarıyız	2	21691
evlendi	2	21692
evlendiniz	2	21693
evlendiği	2	21694
evlendiğini	2	21695
evlenebilir	2	21696
evlenmek	2	21697
evlenmiş	2	21698
evlerimizi	2	21699
evlilikle	2	21700
evlilikler	2	21701
evlilikleri	2	21702
evliliğinden	2	21703
evliliğinin	2	21704
evrakların	2	21705
evre	2	21706
evrim	2	21707
eyaletine	2	21708
eyaletler	2	21709
eyaletlerde	2	21710
eyalette	2	21711
eylemlerde	2	21712
eylemlerin	2	21713
eylemlerinde	2	21714
eylemlerini	2	21715
ezan	2	21716
ezbere	2	21717
eze	2	21718
ezilen	2	21719
ezilmiş	2	21720
eğilimli	2	21721
eğip	2	21722
eğitiminin	2	21723
eğitimlerini	2	21724
eğitmeni	2	21725
eğitmenin	2	21726
eğlenceler	2	21727
eğlendi	2	21728
eğlenirken	2	21729
eğleniyorlar	2	21730
eşe	2	21731
eşitliğini	2	21732
eşitsizliği	2	21733
eşkal	2	21734
eşyadan	2	21735
eşyalarını	2	21736
eşyanın	2	21737
eşyayı	2	21738
faaliyetin	2	21739
faaliyetlerimiz	2	21740
faaliyetlerimizi	2	21741
fabrikasını	2	21742
fabrikasının	2	21743
fabrikaya	2	21744
faciadan	2	21745
faciaya	2	21746
faili	2	21747
faize	2	21748
faizle	2	21749
faizlerinde	2	21750
faizlerindeki	2	21751
faizlerinin	2	21752
faktörleri	2	21753
faktörlerin	2	21754
faktörlerinin	2	21755
farkları	2	21756
farkımız	2	21757
farkındadır	2	21758
farkındalığın	2	21759
farlar	2	21760
fasulye	2	21761
faturalarında	2	21762
faturalarının	2	21763
faturayı	2	21764
faydalanacak	2	21765
faydalanma	2	21766
faydalanmak	2	21767
faydalanıyor	2	21768
faydalardan	2	21769
faydalarına	2	21770
faydalarından	2	21771
faydanız	2	21772
faylar	2	21773
faylarının	2	21774
faz	2	21775
faziletli	2	21776
fazladır	2	21777
fazlasına	2	21778
fazlasının	2	21779
fedakar	2	21780
fedakarlıklar	2	21781
feet	2	21782
felaketinde	2	21783
felaketler	2	21784
felsefi	2	21785
felç	2	21786
fenalaşan	2	21787
fenalaştı	2	21788
fenalık	2	21789
fermente	2	21790
fersah	2	21791
feryat	2	21792
feshedilmesi	2	21793
feshedip	2	21794
fethetti	2	21795
fiber	2	21796
fidanı	2	21797
figürleriyle	2	21798
fikirli	2	21799
filelerle	2	21800
filin	2	21801
filmindeki	2	21802
filmler	2	21803
filmlerin	2	21804
filmlerinde	2	21805
filmlerinin	2	21806
filo	2	21807
filolarını	2	21808
filosunu	2	21809
finali	2	21810
finaline	2	21811
fincan	2	21812
firmalardan	2	21813
firmalarından	2	21814
firmasında	2	21815
fitne	2	21816
fiyatlamalar	2	21817
fiyatlanıyor	2	21818
fiyatlardaki	2	21819
fiyatlardan	2	21820
fiyatlarından	2	21821
fiyatımız	2	21822
fiyatındaki	2	21823
fizibilite	2	21824
fobiler	2	21825
fonksiyonlarını	2	21826
formalarını	2	21827
formatı	2	21828
formunu	2	21829
forumun	2	21830
fosfor	2	21831
fosil	2	21832
frikik	2	21833
fuara	2	21834
fuarın	2	21835
fuarını	2	21836
fuhuş	2	21837
fuhşa	2	21838
full	2	21839
futbolculara	2	21840
futbolcularla	2	21841
futbolcuları	2	21842
futbolsever	2	21843
füzelerinin	2	21844
fırlatılan	2	21845
fırsatlardan	2	21846
fırsatlarından	2	21847
fırsatlarının	2	21848
fırsattan	2	21849
fırsattır	2	21850
fırsatına	2	21851
fırça	2	21852
fırın	2	21853
galibiyetin	2	21854
galibiyetini	2	21855
garantiye	2	21856
garantör	2	21857
garantörlük	2	21858
gayretleri	2	21859
gayrisafi	2	21860
gazeteciye	2	21861
gazeteciyi	2	21862
gazeteler	2	21863
gazeteleri	2	21864
gazetesinde	2	21865
gazilere	2	21866
gazileri	2	21867
gazilerimiz	2	21868
gazından	2	21869
gebe	2	21870
gecelerde	2	21871
geceleri	2	21872
gecikmeden	2	21873
gecikmeli	2	21874
geldiklerinde	2	21875
geldiğimde	2	21876
geldiğiniz	2	21877
gelecekleri	2	21878
geleceksiniz	2	21879
gelecekti	2	21880
geleceğimizin	2	21881
geleceğinde	2	21882
gelelim	2	21883
geleneğimizde	2	21884
gelinceye	2	21885
gelindi	2	21886
gelirde	2	21887
gelirimizi	2	21888
gelirimizin	2	21889
gelirinin	2	21890
gelirle	2	21891
gelirlerinde	2	21892
gelirlerinden	2	21893
gelirliden	2	21894
geliyorsa	2	21895
geliyorsanız	2	21896
gelişi	2	21897
gelişiyor	2	21898
gelişmelerden	2	21899
gelişmesiyle	2	21900
gelişmişlik	2	21901
geliştirdiklerini	2	21902
geliştirdim	2	21903
geliştirebilir	2	21904
geliştirecek	2	21905
geliştiriliyor	2	21906
geliştirin	2	21907
geliştiriyor	2	21908
geliştiriyoruz	2	21909
geliştirmelerine	2	21910
geliştirmelerini	2	21911
geliştirmemiz	2	21912
geliştirmesi	2	21913
geliştiğini	2	21914
gelmediğini	2	21915
gelmekte	2	21916
gelmemesi	2	21917
gelmemiz	2	21918
gelmeyecek	2	21919
gelmeyen	2	21920
gelmişler	2	21921
gelmiştik	2	21922
gelseydi	2	21923
gelsinler	2	21924
gemideki	2	21925
gemiler	2	21926
gemilere	2	21927
gemilerinin	2	21928
gemiye	2	21929
gence	2	21930
genelgesi	2	21931
genişlediği	2	21932
genişleten	2	21933
genişletilecek	2	21934
genişletilmiş	2	21935
genişletme	2	21936
genişliği	2	21937
gençliğine	2	21938
geometrik	2	21939
gerekirdi	2	21940
gerekiyormuş	2	21941
gereklerini	2	21942
gereklilik	2	21943
gerekliliklerine	2	21944
gerekliliğini	2	21945
gerekmiyordu	2	21946
gereksiniminde	2	21947
gereksinimlerine	2	21948
gereksinimlerini	2	21949
gerektirdiğinin	2	21950
gerektirecek	2	21951
gerektirmeden	2	21952
gerekçeler	2	21953
gerekçeleri	2	21954
gerekçelerine	2	21955
gerekçelerini	2	21956
gerekçelerle	2	21957
gerekçeli	2	21958
gereğidir	2	21959
gerilediği	2	21960
gerileme	2	21961
gerilemesine	2	21962
gerilemeye	2	21963
gerilemişti	2	21964
gerilimine	2	21965
gerilimini	2	21966
gerilimlerin	2	21967
gerçekleşecektir	2	21968
gerçekleşeceğini	2	21969
gerçekleşmişti	2	21970
gerçekleşse	2	21971
gerçekleştirdikleri	2	21972
gerçekleştirebiliyor	2	21973
gerçekleştirecekleri	2	21974
gerçekleştirildiği	2	21975
gerçekleştirildiğini	2	21976
gerçekleştirilirken	2	21977
gerçekleştirilmektedir	2	21978
gerçekleştirirken	2	21979
gerçekleştirmektedir	2	21980
gerçekleştirmeye	2	21981
gerçekleştirmiş	2	21982
gerçeklikleri	2	21983
gerçekliği	2	21984
gerçeğiyle	2	21985
getirebilirsiniz	2	21986
getirelim	2	21987
getirilmesidir	2	21988
getirilmesinin	2	21989
getirilmesiyle	2	21990
getiriyorlar	2	21991
getirmedikleri	2	21992
getirmekle	2	21993
getirmekte	2	21994
getirmemekle	2	21995
getirmemiz	2	21996
gevşek	2	21997
gezdiklerini	2	21998
gezdiği	2	21999
gezegen	2	22000
gezgin	2	22001
geziler	2	22002
gezileri	2	22003
gezinin	2	22004
gezintiye	2	22005
gezip	2	22006
gezisinin	2	22007
gezmek	2	22008
geçebileceği	2	22009
geçebilir	2	22010
geçemedi	2	22011
geçemeyecek	2	22012
geçemez	2	22013
geçenler	2	22014
geçidinden	2	22015
geçilerek	2	22016
geçilmesine	2	22017
geçilmiş	2	22018
geçimini	2	22019
geçin	2	22020
geçirdiğim	2	22021
geçireceği	2	22022
geçirilecek	2	22023
geçirileceğini	2	22024
geçirilirken	2	22025
geçirilmiştir	2	22026
geçiriyorlar	2	22027
geçirme	2	22028
geçirmenin	2	22029
geçitten	2	22030
geçiyoruz	2	22031
geçişe	2	22032
geçişin	2	22033
geçişlerin	2	22034
geçişlerini	2	22035
geçmekte	2	22036
geçmemek	2	22037
geçmemektedir	2	22038
geçmemesi	2	22039
geçmenin	2	22040
geçmesini	2	22041
geçmeyen	2	22042
geçmeyi	2	22043
geçmişinin	2	22044
geçmişle	2	22045
geçmişteki	2	22046
geçtiklerini	2	22047
gideceklerini	2	22048
gideceğine	2	22049
giderecek	2	22050
giderildi	2	22051
giderilemedi	2	22052
giderilmesinin	2	22053
giderler	2	22054
giderlerinden	2	22055
giderme	2	22056
giderse	2	22057
gidildi	2	22058
gidildiğini	2	22059
gidilirken	2	22060
gidiş	2	22061
gidişini	2	22062
girdiklerinde	2	22063
girdiğimizde	2	22064
girecekti	2	22065
gireceği	2	22066
girenler	2	22067
girerse	2	22068
girilen	2	22069
girilmesiyle	2	22070
girince	2	22071
girişen	2	22072
girişimcileri	2	22073
girişimcilerimizi	2	22074
girişiminden	2	22075
girişimlerimizi	2	22076
girişimlerinin	2	22077
girişin	2	22078
girişlerin	2	22079
girişlerini	2	22080
girişte	2	22081
girmediğini	2	22082
girmekten	2	22083
girmemesi	2	22084
girmeyelim	2	22085
gitarın	2	22086
gitmedim	2	22087
gitmekten	2	22088
gitmenin	2	22089
gitmesine	2	22090
gitsem	2	22091
gittiğimiz	2	22092
giydi	2	22093
giydikten	2	22094
giyme	2	22095
giymesi	2	22096
gizlenmiş	2	22097
gizleyerek	2	22098
globalleşme	2	22099
golde	2	22100
gollerle	2	22101
gollük	2	22102
golüne	2	22103
goril	2	22104
gramaj	2	22105
gruplarda	2	22106
gruplardan	2	22107
gruplarla	2	22108
gruplarına	2	22109
gruplarında	2	22110
gruplarından	2	22111
gruplarını	2	22112
gururlandırdı	2	22113
gururlu	2	22114
gururluyuz	2	22115
gururu	2	22116
gururumuz	2	22117
göklerde	2	22118
gökyüzü	2	22119
gökyüzünde	2	22120
göldeki	2	22121
gölete	2	22122
gölgesi	2	22123
gölün	2	22124
gömüldü	2	22125
gömüldüğü	2	22126
gömülmesini	2	22127
gönderdiğini	2	22128
göndere	2	22129
gönderi	2	22130
gönderiliyor	2	22131
gönderiyor	2	22132
gönderiyorum	2	22133
gönderiyoruz	2	22134
göndermek	2	22135
gönlünü	2	22136
gönüllere	2	22137
gönüllerince	2	22138
gönüllülük	2	22139
gönüllüsü	2	22140
gördükçe	2	22141
gördüler	2	22142
görebiliriz	2	22143
görebilirsiniz	2	22144
göreceksiniz	2	22145
göreceği	2	22146
görelim	2	22147
göremeyecek	2	22148
görene	2	22149
görenleri	2	22150
görenlerin	2	22151
görevinin	2	22152
görevlendirilmek	2	22153
görevlendirme	2	22154
görevlerinde	2	22155
görevlerinden	2	22156
görevlilerin	2	22157
görevlilerince	2	22158
görmeden	2	22159
görmektedir	2	22160
görmeleri	2	22161
görmemiş	2	22162
görmesini	2	22163
görmeyen	2	22164
görmeyi	2	22165
görmüyorum	2	22166
görmüşse	2	22167
görse	2	22168
görsellerde	2	22169
görsellerinde	2	22170
görsün	2	22171
görsünler	2	22172
görülebildiğini	2	22173
görülebilecek	2	22174
görülebileceğini	2	22175
görülebilen	2	22176
görülebilir	2	22177
görülmedi	2	22178
görülmeli	2	22179
görülmelidir	2	22180
görülmesine	2	22181
görülmüştü	2	22182
görün	2	22183
görünmeyen	2	22184
görüntüleme	2	22185
görüntüsünün	2	22186
görünümle	2	22187
görünümünün	2	22188
görünüyordu	2	22189
görürler	2	22190
görürüz	2	22191
görüyordu	2	22192
görüyorsunuz	2	22193
görüşe	2	22194
görüşeceğini	2	22195
görüşerek	2	22196
görüşler	2	22197
görüşlerimizi	2	22198
görüşlü	2	22199
görüşmelere	2	22200
görüşmelerimizde	2	22201
görüşmelerinden	2	22202
görüşmeyi	2	22203
görüştüğünü	2	22204
görüşüldüğü	2	22205
gösterdim	2	22206
gösterdiğiniz	2	22207
gösterebiliyor	2	22208
göstereceği	2	22209
göstereceğini	2	22210
göstergeler	2	22211
gösterilebilir	2	22212
gösterilerde	2	22213
gösterilmiş	2	22214
gösterirse	2	22215
gösterisine	2	22216
gösteriyorlar	2	22217
göstermeden	2	22218
göstermediği	2	22219
göstermeli	2	22220
göstermenin	2	22221
göstermez	2	22222
göstermiş	2	22223
götürdüler	2	22224
götürecek	2	22225
götürüldüğü	2	22226
götürülerek	2	22227
götürüyor	2	22228
gözaltında	2	22229
gözeten	2	22230
gözetileceğini	2	22231
gözetmen	2	22232
gözlemci	2	22233
gözlemcisi	2	22234
gözlemledikten	2	22235
gözlemlemek	2	22236
gözlenen	2	22237
gözlerimi	2	22238
gözlerimizin	2	22239
gözlerimizle	2	22240
gözlerinin	2	22241
gözyaşı	2	22242
gözüme	2	22243
gözünün	2	22244
göçmenin	2	22245
göçmenlere	2	22246
göçün	2	22247
göğü	2	22248
gücünden	2	22249
güldürecek	2	22250
gülerek	2	22251
gülünç	2	22252
günahlarını	2	22253
günahtır	2	22254
güncellendi	2	22255
güncellenecek	2	22256
güncellenen	2	22257
gündemim	2	22258
gündemimiz	2	22259
güneye	2	22260
güneyli	2	22261
günlerinin	2	22262
gününüz	2	22263
güpegündüz	2	22264
güreş	2	22265
gürültüden	2	22266
gütmeyen	2	22267
güvendiklerini	2	22268
güvendiği	2	22269
güvenen	2	22270
güvenerek	2	22271
güvenilirliğini	2	22272
güvenimiz	2	22273
güvenin	2	22274
güveniyorlar	2	22275
güveniyorum	2	22276
güveniyoruz	2	22277
güvenlikli	2	22278
güvercini	2	22279
güvercinleri	2	22280
güya	2	22281
güzeldi	2	22282
güzeldir	2	22283
güzeli	2	22284
güzellikler	2	22285
güzelliklerin	2	22286
güzelliklerinden	2	22287
güzelliği	2	22288
güzelliğini	2	22289
güzelliğiyle	2	22290
güzergahındaki	2	22291
güçlendirdiğini	2	22292
güçlendirecekler	2	22293
güçlendirerek	2	22294
güçlendirilmesine	2	22295
güçlendirmektir	2	22296
güçlenen	2	22297
güçlerimiz	2	22298
güçlerine	2	22299
güçlüyüz	2	22300
gıdalara	2	22301
gıdaları	2	22302
gıdaların	2	22303
gıdaya	2	22304
gıpta	2	22305
haberlerine	2	22306
haberleriyle	2	22307
hacizli	2	22308
hacmimizi	2	22309
hacminin	2	22310
haddini	2	22311
hadiseleri	2	22312
hadiselerin	2	22313
hadisenin	2	22314
hadislerde	2	22315
hafife	2	22316
hafifletmeyi	2	22317
haftadan	2	22318
haftasındaki	2	22319
haftasını	2	22320
haini	2	22321
hakaretleri	2	22322
hakemlik	2	22323
hakikati	2	22324
hakkaniyete	2	22325
hakkımı	2	22326
hakkımızı	2	22327
haklarla	2	22328
haklarımı	2	22329
haklılar	2	22330
haksızca	2	22331
haksızlıkları	2	22332
haksızlığa	2	22333
haktan	2	22334
haldeyken	2	22335
halimizle	2	22336
halinden	2	22337
halkası	2	22338
halktan	2	22339
halkımızla	2	22340
halkımızı	2	22341
halkında	2	22342
halkından	2	22343
halkıyla	2	22344
halleri	2	22345
halleriyle	2	22346
halsiz	2	22347
halving	2	22348
hamburger	2	22349
hamlede	2	22350
hamlelerinde	2	22351
hamuru	2	22352
hangileri	2	22353
hapishanede	2	22354
hapsetmeye	2	22355
hapsi	2	22356
hapın	2	22357
harabeye	2	22358
haram	2	22359
hararetle	2	22360
harcadım	2	22361
harcamalarında	2	22362
harcamış	2	22363
harcayan	2	22364
harcıyor	2	22365
harcıyoruz	2	22366
hareketlere	2	22367
hareketlerinin	2	22368
hareketliliği	2	22369
hareketliliğimiz	2	22370
hareketliliğin	2	22371
harfin	2	22372
harfiyen	2	22373
haritasının	2	22374
harçlık	2	22375
hasadına	2	22376
hasarlar	2	22377
hasarların	2	22378
hasarın	2	22379
hasretine	2	22380
hassasiyetle	2	22381
hastalanan	2	22382
hastalarımızda	2	22383
hastalarımızın	2	22384
hastalıklarını	2	22385
hastalıklarının	2	22386
hastalıktır	2	22387
hastalığına	2	22388
hastalığında	2	22389
hastalığıyla	2	22390
hastamızın	2	22391
hastanelerdeki	2	22392
hastanelerin	2	22393
hastanelik	2	22394
hastanemizde	2	22395
hastasıyım	2	22396
hastayı	2	22397
hasılat	2	22398
hatalara	2	22399
hatalarından	2	22400
hatasını	2	22401
hatasız	2	22402
hatayı	2	22403
hatlarında	2	22404
hatlarını	2	22405
hatlarının	2	22406
hattımız	2	22407
hattın	2	22408
hatıralarını	2	22409
hatırası	2	22410
hatırasına	2	22411
hatırlamadığını	2	22412
hatırlamak	2	22413
hatırlatması	2	22414
hatırlıyor	2	22415
havaların	2	22416
havalimanları	2	22417
havalimanındaki	2	22418
havalimanından	2	22419
havalı	2	22420
havan	2	22421
havasında	2	22422
havuzun	2	22423
havuzunun	2	22424
hayalinin	2	22425
hayaliyle	2	22426
hayallerini	2	22427
hayallerinin	2	22428
hayatla	2	22429
hayatımdan	2	22430
hayatımızda	2	22431
hayatınızı	2	22432
hayranlar	2	22433
hayranların	2	22434
hayret	2	22435
hayrı	2	22436
hayrına	2	22437
hayvana	2	22438
hayvansal	2	22439
hayvanı	2	22440
hayvanının	2	22441
hayırlar	2	22442
hayırsever	2	22443
hayırseverlerin	2	22444
hazırladığınız	2	22445
hazırlaması	2	22446
hazırlamasını	2	22447
hazırlanacak	2	22448
hazırlanacağız	2	22449
hazırlandıklarını	2	22450
hazırlandığı	2	22451
hazırlanmaları	2	22452
hazırlanmasına	2	22453
hazırlanmasını	2	22454
hazırlanmış	2	22455
hazırlanırken	2	22456
hazırlanıyoruz	2	22457
hazırlar	2	22458
hazırlarken	2	22459
hazırlayabileceğiniz	2	22460
hazırlayabilir	2	22461
hazırlıklarımızı	2	22462
hazırlıyor	2	22463
hazırlığında	2	22464
hazırım	2	22465
haşemayla	2	22466
hedefindeki	2	22467
hedeflediği	2	22468
hedeflemektedir	2	22469
hedeflerde	2	22470
hedeflerden	2	22471
hedeflerimizden	2	22472
hedeflerimizi	2	22473
hedeflerimizin	2	22474
hedeflerin	2	22475
hediyenin	2	22476
hekime	2	22477
hekimi	2	22478
hekiminin	2	22479
hektarlık	2	22480
helal	2	22481
helikopterde	2	22482
helikopteri	2	22483
helikopterle	2	22484
helikopterlerden	2	22485
helikopterleri	2	22486
hematoloji	2	22487
hemşehrilerimizden	2	22488
hemşehrilerinin	2	22489
hemşireler	2	22490
hepsine	2	22491
hepten	2	22492
hesabım	2	22493
hesabıyla	2	22494
hesaplamalara	2	22495
hesaplamaya	2	22496
hesaplanmasında	2	22497
hesaplaşma	2	22498
hesaptan	2	22499
hevesi	2	22500
heyecana	2	22501
heyetine	2	22502
heyetini	2	22503
heyetiyle	2	22504
heyetleri	2	22505
heyetlerinin	2	22506
heykeli	2	22507
heykelini	2	22508
heykellerin	2	22509
heykellerini	2	22510
hibeler	2	22511
hicret	2	22512
hikayeleri	2	22513
hikayesiyle	2	22514
hikayeye	2	22515
hikmetse	2	22516
hileler	2	22517
himayesinde	2	22518
hindi	2	22519
hissedar	2	22520
hissedebilmek	2	22521
hissedildi	2	22522
hissedilir	2	22523
hissediyor	2	22524
hissediyordum	2	22525
hisseler	2	22526
hisselerin	2	22527
hissenin	2	22528
hissetme	2	22529
hissetmek	2	22530
hissettirebilir	2	22531
hissettiriyor	2	22532
hissettiğimiz	2	22533
hissiyat	2	22534
hit	2	22535
hitaben	2	22536
hizmetiyle	2	22537
hizmetlerde	2	22538
hizmetlerimiz	2	22539
hizmetlerimizi	2	22540
hizmetlerimizin	2	22541
hizmetleriyle	2	22542
hizmetlerle	2	22543
hiçbiri	2	22544
hocaları	2	22545
hocalarından	2	22546
hocalarının	2	22547
hocamızı	2	22548
hormondur	2	22549
hormonların	2	22550
hoşafı	2	22551
hoşlanmazlar	2	22552
hp	2	22553
hububat	2	22554
hudutlarda	2	22555
hukuksuzca	2	22556
hukuksuzlukları	2	22557
hukukuna	2	22558
hukukunu	2	22559
hummalı	2	22560
hurda	2	22561
husumetli	2	22562
hususlara	2	22563
hususları	2	22564
hususu	2	22565
hususunda	2	22566
hutbesi	2	22567
huzurumuza	2	22568
huzurun	2	22569
hakimiyet	2	22570
hücrelerine	2	22571
hücrenin	2	22572
hücresi	2	22573
hücumda	2	22574
hükmeden	2	22575
hükmetmişti	2	22576
hükmün	2	22577
hükumetinin	2	22578
hükümetinde	2	22579
hükümetinden	2	22580
hükümetine	2	22581
hükümleri	2	22582
hükümlerinde	2	22583
hükümlerinin	2	22584
hükümlü	2	22585
hırsızlar	2	22586
hırsızlığı	2	22587
hızda	2	22588
hızlandı	2	22589
hızlandıran	2	22590
hızlandırarak	2	22591
hızlandırma	2	22592
hızımız	2	22593
hızına	2	22594
hızının	2	22595
ibadeti	2	22596
ibadetini	2	22597
ibra	2	22598
ibre	2	22599
icabet	2	22600
icazet	2	22601
icraat	2	22602
idarenin	2	22603
iddialarla	2	22604
iddialarıyla	2	22605
ifadelere	2	22606
ifadelerin	2	22607
ifadeye	2	22608
iftitah	2	22609
ihaleleriyle	2	22610
ihaleyle	2	22611
ihaneti	2	22612
ihbarları	2	22613
ihbarında	2	22614
ihbarının	2	22615
ihdas	2	22616
ihlallerine	2	22617
ihlallerini	2	22618
ihlallerinin	2	22619
ihmali	2	22620
ihmaller	2	22621
ihracatçılara	2	22622
ihracatçıların	2	22623
ihracatımızın	2	22624
ihracatına	2	22625
ihracatından	2	22626
ihracı	2	22627
ihtiyacın	2	22628
ihtiyacının	2	22629
ihtiyaçlarından	2	22630
ihtiyaçlarınızı	2	22631
ihtişamıyla	2	22632
ihya	2	22633
ihyası	2	22634
ikametlerini	2	22635
iklimin	2	22636
ikonik	2	22637
ikramiyeleri	2	22638
ikramların	2	22639
iktidarına	2	22640
iktisat	2	22641
ilahiler	2	22642
ilanlara	2	22643
ilanlarına	2	22644
ilavesi	2	22645
ildeki	2	22646
ilden	2	22647
ilerledi	2	22648
ilerlediklerini	2	22649
ilerlediği	2	22650
ilerlediğini	2	22651
ilerlemelerini	2	22652
ilerlemesine	2	22653
ilerlerken	2	22654
ilerleyin	2	22655
ilerleyip	2	22656
iletebilir	2	22657
ileterek	2	22658
iletilen	2	22659
iletim	2	22660
iletmek	2	22661
iletmemizi	2	22662
ilettiği	2	22663
ilgiden	2	22664
ilgilidir	2	22665
ilgililer	2	22666
ilgisizlik	2	22667
ilişkide	2	22668
ilişkilendirilebilir	2	22669
ilişkilerimizin	2	22670
ilişkilerinden	2	22671
ilişkilerine	2	22672
ilişkilidir	2	22673
ilişkinizi	2	22674
ilkeli	2	22675
ilkesi	2	22676
ilkesini	2	22677
ilkesiyle	2	22678
ilkyardım	2	22679
illaki	2	22680
illallah	2	22681
illerden	2	22682
illerimizin	2	22683
ilmek	2	22684
ilçelere	2	22685
ilçelerimizdeki	2	22686
ilçelerimizin	2	22687
ilçelerinden	2	22688
ilçelerini	2	22689
ilçemiz	2	22690
ilçemizdeki	2	22691
imaj	2	22692
imajını	2	22693
imalatçılarına	2	22694
imanla	2	22695
imhası	2	22696
imkanların	2	22697
imkanlarından	2	22698
imkanımız	2	22699
imkanıyla	2	22700
implant	2	22701
imsak	2	22702
imtiyaz	2	22703
imzalamak	2	22704
imzalandığı	2	22705
imzalandığını	2	22706
imzalanmıştır	2	22707
imzalarken	2	22708
imzamızı	2	22709
imzasını	2	22710
inancın	2	22711
inancına	2	22712
inancını	2	22713
inandırıcı	2	22714
inanması	2	22715
inanmıyorum	2	22716
inanılıyor	2	22717
inanıyorlardı	2	22718
inatçı	2	22719
inceledikten	2	22720
incelemelerinde	2	22721
incelemesinde	2	22722
incelemesine	2	22723
incelemesini	2	22724
incelemeyle	2	22725
inceleniyor	2	22726
incelenmektedir	2	22727
incelenmesini	2	22728
incelikle	2	22729
inceliklerini	2	22730
indirdiği	2	22731
indiren	2	22732
indirilerek	2	22733
indirimle	2	22734
inecek	2	22735
influenza	2	22736
inisiyatifler	2	22737
inişte	2	22738
inmesi	2	22739
inovasyonu	2	22740
insancıl	2	22741
insandan	2	22742
insanla	2	22743
insanlarımızın	2	22744
insanlarına	2	22745
insanlarını	2	22746
insanlarız	2	22747
insanlı	2	22748
insanımızı	2	22749
insanına	2	22750
insülinin	2	22751
internete	2	22752
intikali	2	22753
intikam	2	22754
intikamdan	2	22755
inçlik	2	22756
inşaatla	2	22757
inşaatlar	2	22758
inşaatları	2	22759
inşaatına	2	22760
inşasında	2	22761
ipe	2	22762
ipi	2	22763
ipotek	2	22764
iptaline	2	22765
iradesini	2	22766
iradesiyle	2	22767
iradeye	2	22768
iradeyi	2	22769
irmik	2	22770
irtifaya	2	22771
irtihal	2	22772
isabeti	2	22773
isabetli	2	22774
isimlendirdiği	2	22775
isimlere	2	22776
isimleriyle	2	22777
iskeleden	2	22778
israfı	2	22779
istasyonlarda	2	22780
istasyonlarına	2	22781
istasyonunun	2	22782
istatistiklerine	2	22783
istatistiklerini	2	22784
istatistiklerinin	2	22785
istavrit	2	22786
istediğine	2	22787
istediğinizi	2	22788
istek	2	22789
istekleri	2	22790
istekliler	2	22791
istemedi	2	22792
istemedik	2	22793
istemediklerini	2	22794
istemediği	2	22795
istemektedir	2	22796
istemeye	2	22797
istemiyoruz	2	22798
istenir	2	22799
isterse	2	22800
istese	2	22801
isteyeceğini	2	22802
isteyenlere	2	22803
isteyenleri	2	22804
isteğe	2	22805
isteğinizi	2	22806
istifalar	2	22807
istifasını	2	22808
istifasının	2	22809
istihdamın	2	22810
istihdamına	2	22811
istikrarının	2	22812
istila	2	22813
istirahat	2	22814
istismara	2	22815
istismarına	2	22816
istisna	2	22817
istisnai	2	22818
istiyorlardı	2	22819
istiyorsunuz	2	22820
isyanı	2	22821
ithalata	2	22822
ithalatta	2	22823
ithalatın	2	22824
itibarla	2	22825
itibarsızlaştırma	2	22826
itiraza	2	22827
itirazda	2	22828
ittifaklar	2	22829
ittifakına	2	22830
ittifakından	2	22831
ittifakını	2	22832
ivmesini	2	22833
iyileşen	2	22834
iyileşmesine	2	22835
iyileşmeye	2	22836
iyileştirmeye	2	22837
iyilikle	2	22838
iyiliği	2	22839
iyiydi	2	22840
iyiye	2	22841
izinden	2	22842
izinin	2	22843
izinli	2	22844
izlediğini	2	22845
izlemekteyiz	2	22846
izlemesi	2	22847
izlemesini	2	22848
izlenebilecek	2	22849
izlenim	2	22850
izlenimi	2	22851
izlenimini	2	22852
izler	2	22853
izlerin	2	22854
izlerken	2	22855
izleyeceğini	2	22856
izleyicisiyle	2	22857
iznini	2	22858
içecekleri	2	22859
içeceklerin	2	22860
içen	2	22861
içerikle	2	22862
içeriklerini	2	22863
içerikleriyle	2	22864
içeriğinin	2	22865
içeriğiyle	2	22866
içerken	2	22867
içgüdüsüyle	2	22868
içindir	2	22869
içinin	2	22870
içinizden	2	22871
içinize	2	22872
içip	2	22873
içkiden	2	22874
içkili	2	22875
içtenlikle	2	22876
iğrenç	2	22877
işaretidir	2	22878
işaretini	2	22879
işaretlerini	2	22880
işaretli	2	22881
işarettir	2	22882
işbirliğine	2	22883
işgalinin	2	22884
işgücünün	2	22885
işim	2	22886
işimize	2	22887
işimizin	2	22888
işiniz	2	22889
işlediğini	2	22890
işlemektedir	2	22891
işlemenin	2	22892
işlemidir	2	22893
işleminde	2	22894
işlemlerde	2	22895
işlemlerden	2	22896
işlemlere	2	22897
işlemlerinizi	2	22898
işlendiği	2	22899
işletilen	2	22900
işletilmesi	2	22901
işletmelerde	2	22902
işletmeleri	2	22903
işletmelerimizde	2	22904
işletmelerinin	2	22905
işletmeyi	2	22906
işlevsel	2	22907
işlevselliğini	2	22908
işlevsiz	2	22909
işleyeceği	2	22910
işleyip	2	22911
işleyişini	2	22912
iştah	2	22913
iştahı	2	22914
iştahını	2	22915
işverene	2	22916
işverenleri	2	22917
işverenlerin	2	22918
işçilerine	2	22919
jandarmadaki	2	22920
jest	2	22921
kw	2	22922
kwh	2	22923
kabaklı	2	22924
kabartan	2	22925
kabiliyet	2	22926
kabiliyetleri	2	22927
kabinesinin	2	22928
kablo	2	22929
kabrini	2	22930
kabristanlığına	2	22931
kabukları	2	22932
kabus	2	22933
kabusu	2	22934
kadarı	2	22935
kadarının	2	22936
kademe	2	22937
kademelerde	2	22938
kademesinde	2	22939
kadere	2	22940
kaderi	2	22941
kadrolara	2	22942
kadroları	2	22943
kadrolarına	2	22944
kadroyu	2	22945
kadından	2	22946
kadınla	2	22947
kadınlarımıza	2	22948
kadınlarımızı	2	22949
kadınlarını	2	22950
kafalarına	2	22951
kafatası	2	22952
kafayı	2	22953
kafein	2	22954
kafesi	2	22955
kahramanlarımızın	2	22956
kahverengi	2	22957
kahvesinin	2	22958
kaktüs	2	22959
kalabalığı	2	22960
kalacaktır	2	22961
kalanlar	2	22962
kalanları	2	22963
kalanşo	2	22964
kalbimiz	2	22965
kalbindeki	2	22966
kalbinin	2	22967
kaldıkları	2	22968
kaldıkça	2	22969
kaldılar	2	22970
kaldım	2	22971
kaldıran	2	22972
kaldırdığı	2	22973
kaldırdığını	2	22974
kaldırmayı	2	22975
kaldırmış	2	22976
kaldırılacak	2	22977
kaldırılacağını	2	22978
kaldırıldığını	2	22979
kaldırılmış	2	22980
kaldırılmıştı	2	22981
kaldırımda	2	22982
kaldırımlar	2	22983
kaldırın	2	22984
kaldığım	2	22985
kaldığımızda	2	22986
kaldığında	2	22987
kaleciyle	2	22988
kaleleri	2	22989
kalemde	2	22990
kalibre	2	22991
kalitede	2	22992
kalitesine	2	22993
kaliteye	2	22994
kalkandır	2	22995
kalkar	2	22996
kalktığı	2	22997
kalktığını	2	22998
kalkınmanın	2	22999
kalkınması	2	23000
kalkınmasına	2	23001
kalkınmaya	2	23002
kalkış	2	23003
kalkışan	2	23004
kalkıştı	2	23005
kalmadıkça	2	23006
kalmaktadır	2	23007
kalmamak	2	23008
kalmıştır	2	23009
kalınan	2	23010
kalıntılar	2	23011
kalıntıların	2	23012
kalıntılarının	2	23013
kalıyorlar	2	23014
kamelyada	2	23015
kameralar	2	23016
kameralardan	2	23017
kamerayı	2	23018
kampanyadan	2	23019
kampanyalar	2	23020
kampanyaları	2	23021
kampanyalarında	2	23022
kampanyayı	2	23023
kamplar	2	23024
kampları	2	23025
kampüs	2	23026
kampın	2	23027
kamunun	2	23028
kamuoyundan	2	23029
kamyonette	2	23030
kamyonların	2	23031
kana	2	23032
kanaat	2	23033
kanaatinde	2	23034
kanadında	2	23035
kanadının	2	23036
kanallar	2	23037
kanallarda	2	23038
kanalları	2	23039
kanallarında	2	23040
kanallarından	2	23041
kanalıyla	2	23042
kanatlı	2	23043
kanattan	2	23044
kanserden	2	23045
kanserin	2	23046
kanseriyle	2	23047
kanserler	2	23048
kanserleri	2	23049
kanserli	2	23050
kanunda	2	23051
kanunla	2	23052
kanunlar	2	23053
kanunları	2	23054
kanunsuz	2	23055
kanından	2	23056
kanıtlamaları	2	23057
kanıtlar	2	23058
kanıtı	2	23059
kapadı	2	23060
kapakları	2	23061
kapandığını	2	23062
kapanma	2	23063
kapanmak	2	23064
kapanması	2	23065
kapanmasına	2	23066
kapanışına	2	23067
kapasitelerini	2	23068
kapasitemiz	2	23069
kapasitesiyle	2	23070
kapatacağını	2	23071
kapatması	2	23072
kapatmaya	2	23073
kapattığı	2	23074
kapatılacağı	2	23075
kapatılmasına	2	23076
kapatılır	2	23077
kapatıp	2	23078
kapatırken	2	23079
kapatıyor	2	23080
kaplamalar	2	23081
kaplayınca	2	23082
kapsama	2	23083
kapsamına	2	23084
kapsamının	2	23085
kapsar	2	23086
kapsayacak	2	23087
kaptanın	2	23088
kapılan	2	23089
kapılarına	2	23090
kapılarının	2	23091
kapımızı	2	23092
karabaş	2	23093
karada	2	23094
karaktere	2	23095
karakterin	2	23096
karakteristik	2	23097
karakterize	2	23098
karakterli	2	23099
karalama	2	23100
karamsarlık	2	23101
karanfil	2	23102
karanfiller	2	23103
karanlıklar	2	23104
kararlarla	2	23105
kararlarında	2	23106
kararlarını	2	23107
kararlaştırıldı	2	23108
kararlılığa	2	23109
kararlıyız	2	23110
kararnamesiyle	2	23111
karayoluna	2	23112
karayolunda	2	23113
karbonat	2	23114
karbonhidratlar	2	23115
kardan	2	23116
kardeşime	2	23117
kardeşimize	2	23118
kardeşlerimi	2	23119
kardeşliğimize	2	23120
kardiyovasküler	2	23121
kargaşa	2	23122
kariyerini	2	23123
karnabahar	2	23124
karnesi	2	23125
karnesini	2	23126
karnına	2	23127
karnından	2	23128
kartlarını	2	23129
kartının	2	23130
karınca	2	23131
karını	2	23132
karısıyla	2	23133
karışmıştı	2	23134
karıştı	2	23135
karıştırdığı	2	23136
karıştırılması	2	23137
karışıma	2	23138
karışımını	2	23139
karşıladık	2	23140
karşıladığı	2	23141
karşılama	2	23142
karşılamadığı	2	23143
karşılamakta	2	23144
karşılamaktadır	2	23145
karşılandığı	2	23146
karşılarında	2	23147
karşılayamayan	2	23148
karşılayarak	2	23149
karşılaşacakları	2	23150
karşılaşanlar	2	23151
karşılaşmak	2	23152
karşılaşmalarda	2	23153
karşılaşmaların	2	23154
karşılaşmasına	2	23155
karşılaştıklarını	2	23156
karşılaşılabilecek	2	23157
karşılaşır	2	23158
karşılıksız	2	23159
karşılıyoruz	2	23160
karşına	2	23161
kasaba	2	23162
kasabasında	2	23163
kasadan	2	23164
kasasından	2	23165
kaskoda	2	23166
katacağı	2	23167
katacağını	2	23168
katarken	2	23169
kategorisindeki	2	23170
kategorize	2	23171
katip	2	23172
katkılardan	2	23173
katkılarından	2	23174
katkısında	2	23175
katlanabilir	2	23176
katledilmesi	2	23177
katliamda	2	23178
katliamının	2	23179
katsayısı	2	23180
katılabilir	2	23181
katılamayacağı	2	23182
katılanlardan	2	23183
katılanların	2	23184
katıldık	2	23185
katıldıktan	2	23186
katılmadı	2	23187
katılmadığı	2	23188
katılmayacağını	2	23189
katılmıştı	2	23190
katılımcılarımıza	2	23191
katılımcılık	2	23192
kauçuk	2	23193
kavgalar	2	23194
kavgayı	2	23195
kavramların	2	23196
kavramı	2	23197
kavramının	2	23198
kavuruyoruz	2	23199
kavuz	2	23200
kavuşacağını	2	23201
kavuşarak	2	23202
kavuşmak	2	23203
kavuşmaları	2	23204
kavuşması	2	23205
kavuşmuş	2	23206
kavuşturmak	2	23207
kayalık	2	23208
kayalıklara	2	23209
kayalıklarda	2	23210
kaybedeceği	2	23211
kaybedenlere	2	23212
kaybeder	2	23213
kaybedildiğini	2	23214
kaybedilen	2	23215
kaybedip	2	23216
kaybediyoruz	2	23217
kaybetmek	2	23218
kaybetmem	2	23219
kaybetmesiyle	2	23220
kaybetmeye	2	23221
kaybettikleri	2	23222
kaybettikten	2	23223
kaybettirmeye	2	23224
kaybolması	2	23225
kaybolmaya	2	23226
kaybolup	2	23227
kaybını	2	23228
kaybının	2	23229
kaydedildiğini	2	23230
kaydedilirken	2	23231
kaydediliyor	2	23232
kaydedilmiş	2	23233
kaydını	2	23234
kaydının	2	23235
kaydırmak	2	23236
kayganlaşan	2	23237
kaygıları	2	23238
kaygıların	2	23239
kaygısı	2	23240
kaygısıyla	2	23241
kayma	2	23242
kaynaklandığı	2	23243
kaynaklarda	2	23244
kaynaktır	2	23245
kaynar	2	23246
kaynayan	2	23247
kaynağından	2	23248
kaynaşma	2	23249
kayınpederi	2	23250
kayıtlarında	2	23251
kayıtlarını	2	23252
kazalarının	2	23253
kazanabilmek	2	23254
kazanacağımız	2	23255
kazanacağız	2	23256
kazanamaz	2	23257
kazananları	2	23258
kazancının	2	23259
kazandık	2	23260
kazandıracak	2	23261
kazandıracaklarını	2	23262
kazandıracağına	2	23263
kazandırdık	2	23264
kazandırmanın	2	23265
kazandırmaya	2	23266
kazandırmayı	2	23267
kazandırıyoruz	2	23268
kazandığımız	2	23269
kazanmamız	2	23270
kazanmanın	2	23271
kazanmasa	2	23272
kazanmasının	2	23273
kazançla	2	23274
kazançları	2	23275
kazançtan	2	23276
kazanılacağını	2	23277
kazanılmasının	2	23278
kazanımların	2	23279
kazanımlarını	2	23280
kazanımı	2	23281
kazasından	2	23282
kazılarak	2	23283
kazısı	2	23284
kaçakçılarıyla	2	23285
kaçakçılığıyla	2	23286
kaçağı	2	23287
kaçma	2	23288
kaçmış	2	23289
kaçsın	2	23290
kaçının	2	23291
kaçırabilir	2	23292
kaçıranlar	2	23293
kaçırdığı	2	23294
kaçırır	2	23295
kaşmir	2	23296
kaşıntı	2	23297
kaşığın	2	23298
kebabı	2	23299
kediler	2	23300
kedilere	2	23301
kedilerin	2	23302
kedinin	2	23303
kelebek	2	23304
kelimelerle	2	23305
kelimesinden	2	23306
kelimesine	2	23307
keloid	2	23308
kemiklerde	2	23309
kemiklerinden	2	23310
kenarları	2	23311
keneler	2	23312
kenevir	2	23313
kentimize	2	23314
kentinden	2	23315
kepçe	2	23316
kepçenin	2	23317
kesildiğini	2	23318
kesilmez	2	23319
kesimde	2	23320
kesimlerden	2	23321
kesimlerindeki	2	23322
kesimlerine	2	23323
kesimlerini	2	23324
kesinleşecek	2	23325
kesinleşen	2	23326
kesintilere	2	23327
kesitler	2	23328
kesiyorlar	2	23329
kesiştiği	2	23330
keşfe	2	23331
keşfedin	2	23332
keşifler	2	23333
kiliselerin	2	23334
kiliseye	2	23335
kilitledi	2	23336
kilitleyecek	2	23337
kilogramdan	2	23338
kilogramı	2	23339
kilometrekarelik	2	23340
kilometresinde	2	23341
kilosuna	2	23342
kilovatsaat	2	23343
kiloya	2	23344
kimden	2	23345
kimdi	2	23346
kimilerinin	2	23347
kimlikle	2	23348
kimliklerini	2	23349
kimliklerinin	2	23350
kimliğinin	2	23351
kimselere	2	23352
kir	2	23353
kiracıya	2	23354
kiraladı	2	23355
kiraladıkları	2	23356
kiralamak	2	23357
kiralanan	2	23358
kitabında	2	23359
kitapla	2	23360
kitaplarda	2	23361
kitaplarının	2	23362
kitapçıklar	2	23363
kitlelerin	2	23364
kitlenin	2	23365
kivi	2	23366
kişilerce	2	23367
kişiliğe	2	23368
kişiliğinin	2	23369
klibi	2	23370
klima	2	23371
klimanın	2	23372
klişe	2	23373
kocasına	2	23374
kodları	2	23375
kokarcaya	2	23376
kokartlı	2	23377
kokpit	2	23378
kokulardan	2	23379
kokuları	2	23380
kokusunu	2	23381
kola	2	23382
kolaydır	2	23383
kolaylaştıracak	2	23384
kolaylaştıran	2	23385
kolaylaştırarak	2	23386
kolaylaştırmaya	2	23387
kolaylaştırmayı	2	23388
kolaylaştırılması	2	23389
koleksiyonu	2	23390
kolektif	2	23391
koli	2	23392
kollarına	2	23393
kollarından	2	23394
kollarının	2	23395
kolonoskopi	2	23396
kolonya	2	23397
koltuktan	2	23398
koltuğun	2	23399
koltuğuna	2	23400
koltuğundan	2	23401
kolye	2	23402
kombi	2	23403
kombinasyon	2	23404
komisyona	2	23405
komisyonları	2	23406
komisyonunun	2	23407
komutları	2	23408
komşular	2	23409
komşulardan	2	23410
komşuya	2	23411
konaklayan	2	23412
konarak	2	23413
konfederasyon	2	23414
konferanslar	2	23415
konferansın	2	23416
konjonktüre	2	23417
konserinde	2	23418
konserine	2	23419
kontakt	2	23420
konteynerlerde	2	23421
kontrolle	2	23422
kontroller	2	23423
kontrollerinde	2	23424
kontrollerinden	2	23425
konukların	2	23426
konulmuştu	2	23427
konumları	2	23428
konumu	2	23429
konup	2	23430
konur	2	23431
konutlarına	2	23432
konutlarını	2	23433
konutlarının	2	23434
konutta	2	23435
konuttan	2	23436
konutunu	2	23437
konuşacak	2	23438
konuşacağız	2	23439
konuşmacı	2	23440
konuşmadığı	2	23441
konuşmalarını	2	23442
konuşmayın	2	23443
konuşsun	2	23444
konuştuğumuz	2	23445
konuştuğunu	2	23446
konuşulacak	2	23447
konuşulmaya	2	23448
konuşun	2	23449
konuşur	2	23450
konuşurlar	2	23451
konuşuruz	2	23452
konuşuyorduk	2	23453
konvansiyonel	2	23454
konvoy	2	23455
konvoyla	2	23456
konvoyun	2	23457
kooperatiflerin	2	23458
koparak	2	23459
koparmaya	2	23460
kopmadığını	2	23461
kopmalar	2	23462
koptu	2	23463
kopukluk	2	23464
koridor	2	23465
koridorları	2	23466
koridorunda	2	23467
korkma	2	23468
korkuları	2	23469
korkuların	2	23470
korkularınızla	2	23471
korkun	2	23472
korkusunu	2	23473
korkusuzca	2	23474
korkutan	2	23475
korkuya	2	23476
korkuyoruz	2	23477
korkuyu	2	23478
kornea	2	23479
kornere	2	23480
koro	2	23481
koronavirüs	2	23482
korsanları	2	23483
koru	2	23484
korunacağı	2	23485
korunarak	2	23486
korundu	2	23487
korunmasında	2	23488
korunmasının	2	23489
korunmaya	2	23490
korunmuş	2	23491
koruyabilir	2	23492
koruyacağını	2	23493
kotası	2	23494
koy	2	23495
koydukları	2	23496
koymadan	2	23497
koymaktadır	2	23498
koymanın	2	23499
koymasıyla	2	23500
koymuş	2	23501
koymuştur	2	23502
koşa	2	23503
koşma	2	23504
koşmak	2	23505
koşması	2	23506
koştuk	2	23507
koşturan	2	23508
koştuğumuz	2	23509
koşul	2	23510
koşulacak	2	23511
koşuları	2	23512
koşulda	2	23513
koşup	2	23514
kredilerin	2	23515
kredilerine	2	23516
krediyi	2	23517
krema	2	23518
kriter	2	23519
kriterler	2	23520
kriterlere	2	23521
kriterlerin	2	23522
kriterlerinin	2	23523
krizinin	2	23524
kucaklayan	2	23525
kulaklık	2	23526
kulaktan	2	23527
kulağından	2	23528
kule	2	23529
kulislerinde	2	23530
kullanabilecek	2	23531
kullanabilen	2	23532
kullanabiliyor	2	23533
kullanacakları	2	23534
kullananlara	2	23535
kullandığımız	2	23536
kullandığına	2	23537
kullandığında	2	23538
kullanmadı	2	23539
kullanmaktan	2	23540
kullanmaktır	2	23541
kullanmaması	2	23542
kullanmanın	2	23543
kullanmasına	2	23544
kullanmasıyla	2	23545
kullanıcının	2	23546
kullanılacağına	2	23547
kullanılamayacak	2	23548
kullanılamayacağı	2	23549
kullanıldığına	2	23550
kullanıldığında	2	23551
kullanıldığının	2	23552
kullanılmaması	2	23553
kullanılmasını	2	23554
kullanılmasının	2	23555
kullanılmaz	2	23556
kullanılırlar	2	23557
kullanımdan	2	23558
kullanımıyla	2	23559
kullanır	2	23560
kulvarlarda	2	23561
kulübesinde	2	23562
kulübeye	2	23563
kulübüne	2	23564
kulübünün	2	23565
kulüplerde	2	23566
kum	2	23567
kumar	2	23568
kumbara	2	23569
kundaklama	2	23570
kupalarına	2	23571
kupalarını	2	23572
kupon	2	23573
kurabilir	2	23574
kurabiye	2	23575
kuracak	2	23576
kuracaklar	2	23577
kuraklığın	2	23578
kuralına	2	23579
kuranlar	2	23580
kuranları	2	23581
kuranların	2	23582
kurası	2	23583
kurda	2	23584
kurdukları	2	23585
kurduklarını	2	23586
kurdum	2	23587
kurkumin	2	23588
kurla	2	23589
kurları	2	23590
kurlarını	2	23591
kurmalarına	2	23592
kurmayları	2	23593
kurmuş	2	23594
kursiyerler	2	23595
kursiyerlere	2	23596
kurslar	2	23597
kurslarıyla	2	23598
kursuna	2	23599
kursunda	2	23600
kursundan	2	23601
kurtaracak	2	23602
kurtaracağız	2	23603
kurtardık	2	23604
kurtarıcı	2	23605
kurtarıldığını	2	23606
kurtulamadı	2	23607
kurtulamayacak	2	23608
kurtulduk	2	23609
kurtulduğunu	2	23610
kurtulması	2	23611
kurtuluşu	2	23612
kuruduğunda	2	23613
kurulacağını	2	23614
kurullarının	2	23615
kurulmadan	2	23616
kurulmalıdır	2	23617
kurulmasında	2	23618
kurulmaya	2	23619
kurulurken	2	23620
kuruluğu	2	23621
kuruluşa	2	23622
kuruluşlar	2	23623
kuruluşlarla	2	23624
kuruluşundaki	2	23625
kurumda	2	23626
kurumlarla	2	23627
kurumlarımız	2	23628
kurumlarında	2	23629
kurun	2	23630
kurunun	2	23631
kurusıkı	2	23632
kurutulur	2	23633
kurşunla	2	23634
kurşunlandı	2	23635
kurşunun	2	23636
kusura	2	23637
kutladığımız	2	23638
kutladığını	2	23639
kutlamalarını	2	23640
kutlamaya	2	23641
kutlamayı	2	23642
kutlanan	2	23643
kutlarım	2	23644
kutuları	2	23645
kutup	2	23646
kuyumcuda	2	23647
kuyusu	2	23648
kuzen	2	23649
kuzeninin	2	23650
kuzeyde	2	23651
kuzeyden	2	23652
kuzular	2	23653
kuşağı	2	23654
kuşağın	2	23655
kuşağında	2	23656
kuşbaşı	2	23657
kuşları	2	23658
köken	2	23659
kökenlerini	2	23660
kökü	2	23661
köle	2	23662
köpeklere	2	23663
köpeklerini	2	23664
köpekleriyle	2	23665
köpeklerle	2	23666
köpeğine	2	23667
köpeğinin	2	23668
köprüleri	2	23669
köprüsünden	2	23670
kötücül	2	23671
kötüleşen	2	23672
kötüleşme	2	23673
kötülüklere	2	23674
kötüsü	2	23675
köylerdeki	2	23676
köyleri	2	23677
köylerinin	2	23678
köylülere	2	23679
köylüleri	2	23680
köyümüzde	2	23681
köyünden	2	23682
köşeye	2	23683
köşk	2	23684
küle	2	23685
küllerinden	2	23686
kültürle	2	23687
kültürlerine	2	23688
kültürlü	2	23689
kültürümüz	2	23690
kültürümüzü	2	23691
kültürümüzün	2	23692
kümes	2	23693
kümülatif	2	23694
küreden	2	23695
küreselleşme	2	23696
kürsüsüne	2	23697
küskün	2	23698
kütlesi	2	23699
küçücük	2	23700
küçültmek	2	23701
kıldı	2	23702
kılmayı	2	23703
kılınarak	2	23704
kınadıklarını	2	23705
kınandı	2	23706
kınayarak	2	23707
kırdık	2	23708
kırdığı	2	23709
kırgın	2	23710
kırmasını	2	23711
kırmıştı	2	23712
kırpmadan	2	23713
kırtasiye	2	23714
kırıklar	2	23715
kırıldığını	2	23716
kırılırken	2	23717
kırıma	2	23718
kırışıklık	2	23719
kıskıvrak	2	23720
kısmak	2	23721
kısmın	2	23722
kısmına	2	23723
kısımlarını	2	23724
kısır	2	23725
kısıtlayıcı	2	23726
kıtalararası	2	23727
kıtasının	2	23728
kıtlık	2	23729
kıvamı	2	23730
kıyafeti	2	23731
kıyafetlerde	2	23732
kıyarak	2	23733
kıyaslandığında	2	23734
kıyasıya	2	23735
kıymet	2	23736
kıymetini	2	23737
kıyıda	2	23738
kıyılarına	2	23739
kıyısı	2	23740
kızarana	2	23741
kızgın	2	23742
kızlar	2	23743
kızlarda	2	23744
kızlarımızın	2	23745
kızlarından	2	23746
kızımız	2	23747
kızıyor	2	23748
kışlık	2	23749
lacivertliler	2	23750
lafı	2	23751
lahana	2	23752
lakabı	2	23753
laktoz	2	23754
lambaları	2	23755
lansman	2	23756
larva	2	23757
lav	2	23758
lavanta	2	23759
leke	2	23760
lekedir	2	23761
lekelenme	2	23762
lekelerinin	2	23763
lenf	2	23764
leptin	2	23765
ler	2	23766
lerle	2	23767
lezzete	2	23768
lezzetiyle	2	23769
lezzetler	2	23770
lezzetleri	2	23771
liberal	2	23772
liderdi	2	23773
liderinin	2	23774
liderlerinin	2	23775
liderleriyle	2	23776
lifin	2	23777
lifleri	2	23778
limana	2	23779
limanlarına	2	23780
limitinin	2	23781
limitleri	2	23782
limitlerine	2	23783
limonata	2	23784
linkten	2	23785
lirasını	2	23786
liseyi	2	23787
listeler	2	23788
listelerinde	2	23789
listelerindeki	2	23790
listelerinden	2	23791
listelerini	2	23792
listesiyle	2	23793
literatüründe	2	23794
litresi	2	23795
lobilerin	2	23796
logoları	2	23797
logolu	2	23798
lokantada	2	23799
lokasyon	2	23800
lösemi	2	23801
lüfer	2	23802
maaşlarla	2	23803
maaşlarıyla	2	23804
maaşlı	2	23805
maaşım	2	23806
madalyaların	2	23807
madalyanın	2	23808
madalyası	2	23809
maddelerine	2	23810
maddelerinin	2	23811
maddesine	2	23812
magazin	2	23813
mahalleleri	2	23814
mahallelerimizin	2	23815
mahalleye	2	23816
mahallinde	2	23817
mahcup	2	23818
mahiyetinde	2	23819
mahkemeyi	2	23820
mahkumun	2	23821
mail	2	23822
makamlar	2	23823
makamlarında	2	23824
makinede	2	23825
makineler	2	23826
makinelerine	2	23827
makroihtiyati	2	23828
maksadıyla	2	23829
makyajın	2	23830
mala	2	23831
maliyesi	2	23832
maliyetle	2	23833
maliyetler	2	23834
mallarını	2	23835
malına	2	23836
mamanın	2	23837
maması	2	23838
mamografi	2	23839
mana	2	23840
mandalina	2	23841
manevra	2	23842
manevrasıyla	2	23843
mango	2	23844
mantık	2	23845
mantıkla	2	23846
mantıklı	2	23847
manzarada	2	23848
manzaraları	2	23849
manzarasının	2	23850
manşet	2	23851
markalardan	2	23852
markalarından	2	23853
markalarıyla	2	23854
marketten	2	23855
marş	2	23856
masaj	2	23857
masal	2	23858
masası	2	23859
masasında	2	23860
maske	2	23861
masraflarının	2	23862
masrafı	2	23863
mat	2	23864
materyale	2	23865
materyalleri	2	23866
mavililer	2	23867
maydanoz	2	23868
maymunu	2	23869
mayın	2	23870
mazlumun	2	23871
maçlardan	2	23872
maçlarımıza	2	23873
maçtır	2	23874
mağara	2	23875
mağaza	2	23876
mağazaları	2	23877
mağazasında	2	23878
mağdurlara	2	23879
mağdurları	2	23880
mağlubiyetin	2	23881
meali	2	23882
mecburi	2	23883
meclisine	2	23884
meclisinin	2	23885
meclisteki	2	23886
mecralarda	2	23887
mecrasında	2	23888
medeniyetinin	2	23889
medyasına	2	23890
medyasının	2	23891
megavat	2	23892
megavatsaat	2	23893
mekanizmasının	2	23894
mekanlara	2	23895
mekanlardan	2	23896
mekanları	2	23897
mekanlarından	2	23898
mektubu	2	23899
mektubunu	2	23900
mektupta	2	23901
mekanında	2	23902
melatonin	2	23903
melodik	2	23904
melodiler	2	23905
membran	2	23906
memlekete	2	23907
memleketimiz	2	23908
memleketinde	2	23909
memleketlerinde	2	23910
memleketlerine	2	23911
memlekette	2	23912
memnunuz	2	23913
memurlarının	2	23914
memurunun	2	23915
menfaati	2	23916
menfaatlerini	2	23917
menfur	2	23918
mentörler	2	23919
menzili	2	23920
meraklılarını	2	23921
merci	2	23922
merdivenin	2	23923
merdivenlerinde	2	23924
merhem	2	23925
merkezimiz	2	23926
merkezimizde	2	23927
merkeziyetsiz	2	23928
merkezlerden	2	23929
merkezlerindeki	2	23930
merkezlerine	2	23931
merkezlerini	2	23932
mersini	2	23933
mesafeyi	2	23934
mesaiye	2	23935
mesajla	2	23936
mesajlardaki	2	23937
mesajlarını	2	23938
mesajlarıyla	2	23939
mesajlaşmaları	2	23940
meselede	2	23941
meselelerde	2	23942
meselemiz	2	23943
meslektaşlarımın	2	23944
meslektaşlarımıza	2	23945
meslektaşlarımızın	2	23946
meslektaşlarına	2	23947
meslektaşı	2	23948
mesleğimizin	2	23949
mesleğine	2	23950
mesnetsiz	2	23951
metabolizma	2	23952
metaforik	2	23953
metallerde	2	23954
metamfetamin	2	23955
meteorolojik	2	23956
metninde	2	23957
metrekareye	2	23958
metreküpe	2	23959
metrelerce	2	23960
metreyi	2	23961
metrobüsün	2	23962
mevduatlar	2	23963
mevkisine	2	23964
mevsimin	2	23965
mevsimiyle	2	23966
mevsimlerin	2	23967
mevsimsellikten	2	23968
mevzuatlar	2	23969
mevzuatı	2	23970
meydanlara	2	23971
meyvede	2	23972
meyvelerinin	2	23973
meyvesini	2	23974
mezardaki	2	23975
mezarlar	2	23976
mezarlarını	2	23977
mezarlıklar	2	23978
mezarlığa	2	23979
mezarın	2	23980
mezarından	2	23981
mezhep	2	23982
meçhul	2	23983
meşale	2	23984
meşalelerle	2	23985
meşgul	2	23986
meşruiyetini	2	23987
mikroorganizmalar	2	23988
mikrop	2	23989
mikserle	2	23990
miktarına	2	23991
miktarını	2	23992
milattan	2	23993
milimetreden	2	23994
milis	2	23995
milislerin	2	23996
militan	2	23997
milletiz	2	23998
milletle	2	23999
milletvekilinden	2	24000
milletvekilinin	2	24001
milletvekillerine	2	24002
milletvekillerinin	2	24003
milletvekilleriyle	2	24004
milletvekilliği	2	24005
milyardan	2	24006
mimarisiyle	2	24007
mimarları	2	24008
minarelerden	2	24009
minnet	2	24010
minnettarız	2	24011
miraslardan	2	24012
mirasın	2	24013
mirasının	2	24014
misafirleri	2	24015
misafirlerimizin	2	24016
misilleme	2	24017
mistik	2	24018
misyonunda	2	24019
misyonunu	2	24020
mitingini	2	24021
mizah	2	24022
mod	2	24023
modelinde	2	24024
modifiye	2	24025
modunu	2	24026
montaj	2	24027
mor	2	24028
morarma	2	24029
morluklar	2	24030
morlukların	2	24031
mors	2	24032
motifleri	2	24033
motivasyonu	2	24034
motokurye	2	24035
motora	2	24036
motorcu	2	24037
motorla	2	24038
motorunda	2	24039
motorundan	2	24040
motosikletle	2	24041
motosikletleri	2	24042
mozaik	2	24043
mozaikleri	2	24044
muadillerine	2	24045
muafiyeti	2	24046
muayenede	2	24047
mucize	2	24048
muhabirlik	2	24049
muhakeme	2	24050
muhammen	2	24051
muhatabı	2	24052
muhtarlarımızın	2	24053
muhtarların	2	24054
muhtelif	2	24055
muhterem	2	24056
mukavemet	2	24057
multidisipliner	2	24058
multimedya	2	24059
mustarip	2	24060
mutabık	2	24061
mutfaklarda	2	24062
mutluluklarını	2	24063
mutluluğa	2	24064
muvaffak	2	24065
muzdarip	2	24066
mücadelesinin	2	24067
müdahaleler	2	24068
müdahalelerin	2	24069
müdahillik	2	24070
müdürlerine	2	24071
müdürlüğün	2	24072
müfredatla	2	24073
müfredatı	2	24074
mühimmatları	2	24075
mühlet	2	24076
mühürledi	2	24077
müjdeleyen	2	24078
müjdesini	2	24079
mükellef	2	24080
mükellefi	2	24081
mükellefiyeti	2	24082
mükellefleri	2	24083
mülakatta	2	24084
mülkiyeti	2	24085
mümin	2	24086
müminlerin	2	24087
mürettebatını	2	24088
mürettebatının	2	24089
mürüvvetini	2	24090
müsabakaları	2	24091
müsabakası	2	24092
müsait	2	24093
müspet	2	24094
müstakbel	2	24095
müstehcen	2	24096
müstehcenlik	2	24097
mütalaa	2	24098
mütalaasında	2	24099
müteahhidi	2	24100
müteakiben	2	24101
mütevazı	2	24102
müteşekkir	2	24103
müttefiklerini	2	24104
müttefikleriyle	2	24105
müvekkilinin	2	24106
müzakereleri	2	24107
müzakereye	2	24108
müzayedede	2	24109
müzesine	2	24110
müzeye	2	24111
müzikle	2	24112
müzikleri	2	24113
müzikseverler	2	24114
müzisyenlerin	2	24115
müziğe	2	24116
müziğine	2	24117
müşterileri	2	24118
müşterilerimize	2	24119
müşterilerimizin	2	24120
müşterilerin	2	24121
müşterilerinin	2	24122
müşteriyi	2	24123
naaşının	2	24124
nadiren	2	24125
nakliyle	2	24126
nal	2	24127
namaza	2	24128
namazlarının	2	24129
namütenahi	2	24130
namına	2	24131
nar	2	24132
navigasyon	2	24133
nazikçe	2	24134
ndan	2	24135
nedenden	2	24136
nedene	2	24137
nedenlerden	2	24138
nedenlerini	2	24139
nedenli	2	24140
nefesi	2	24141
nefesini	2	24142
nefreti	2	24143
nekropol	2	24144
nemlendirici	2	24145
nemlendirme	2	24146
nesneyi	2	24147
netice	2	24148
neticelenen	2	24149
neticesi	2	24150
netleşiyor	2	24151
netleşmediği	2	24152
netleşmiş	2	24153
ney	2	24154
nezaket	2	24155
nezaketen	2	24156
nezaretinde	2	24157
nezdindeki	2	24158
neşe	2	24159
ni	2	24160
nihayetinde	2	24161
nikahını	2	24162
nikel	2	24163
nispeten	2	24164
nitelediği	2	24165
nitelendirdiği	2	24166
nitelik	2	24167
nitelikleri	2	24168
niteliksiz	2	24169
niyeti	2	24170
niyetim	2	24171
niyetini	2	24172
niyetiyle	2	24173
niyetlerin	2	24174
niyetten	2	24175
niçin	2	24176
nişanlısı	2	24177
nişanı	2	24178
noksansız	2	24179
noktaladı	2	24180
noktalandı	2	24181
noktasındaki	2	24182
noktasından	2	24183
noktasının	2	24184
normalleşiyor	2	24185
normatif	2	24186
notlar	2	24187
notları	2	24188
notu	2	24189
notunun	2	24190
numarada	2	24191
numaralar	2	24192
numaraları	2	24193
numarasına	2	24194
numarayı	2	24195
nüfuslu	2	24196
nün	2	24197
nı	2	24198
objektiflere	2	24199
ocağında	2	24200
odaklandığı	2	24201
odaklanmak	2	24202
odaklanmalarını	2	24203
odaklanmalıyız	2	24204
odaklanmış	2	24205
odaklar	2	24206
odasını	2	24207
odağı	2	24208
odağına	2	24209
ofisine	2	24210
ofisinin	2	24211
ofislerinde	2	24212
ok	2	24213
okuduğum	2	24214
okullarında	2	24215
okullarını	2	24216
okumalar	2	24217
okumaları	2	24218
okumaya	2	24219
okunmasını	2	24220
okunur	2	24221
okunuşu	2	24222
okur	2	24223
okuyabilirsiniz	2	24224
ola	2	24225
olabileceğinden	2	24226
olabilirken	2	24227
olacakmış	2	24228
olamadık	2	24229
olamayacağı	2	24230
olanaklarını	2	24231
olandır	2	24232
olanlardır	2	24233
olanlarla	2	24234
olasılığına	2	24235
olasılığını	2	24236
olaylardan	2	24237
olaylarını	2	24238
olayına	2	24239
olduysa	2	24240
olduğumdan	2	24241
olduğun	2	24242
olduğunuzu	2	24243
olgulardan	2	24244
olgun	2	24245
olimpiyatlar	2	24246
olimpiyatta	2	24247
olmadık	2	24248
olmadım	2	24249
olmadığım	2	24250
olmadığımı	2	24251
olmadığımız	2	24252
olmadığının	2	24253
olmakta	2	24254
olmamalıdır	2	24255
olmamasına	2	24256
olmamızı	2	24257
olmamıştır	2	24258
olmanıza	2	24259
olmasıydı	2	24260
olmayanların	2	24261
olmayıp	2	24262
olmuşuzdur	2	24263
olsak	2	24264
olsalar	2	24265
olurlar	2	24266
oluyormuş	2	24267
oluyorsa	2	24268
oluyorsunuz	2	24269
oluş	2	24270
oluşmadığı	2	24271
oluşması	2	24272
oluşmasında	2	24273
oluşmasını	2	24274
oluşturacak	2	24275
oluşturacağını	2	24276
oluşturmadığı	2	24277
oluşturup	2	24278
oluştururlar	2	24279
oluştuğu	2	24280
oluşu	2	24281
oluşum	2	24282
oluşuyordu	2	24283
omurgayı	2	24284
omurlar	2	24285
omuza	2	24286
onaylanmasıyla	2	24287
onaysız	2	24288
onda	2	24289
onsu	2	24290
onuruna	2	24291
oolong	2	24292
operasyona	2	24293
operasyonlarının	2	24294
operasyonuna	2	24295
opsiyonu	2	24296
optimize	2	24297
oranlarına	2	24298
oranlarındaki	2	24299
orantısız	2	24300
oranındaki	2	24301
oranından	2	24302
ordusunda	2	24303
organizasyonlara	2	24304
organizasyonlarından	2	24305
organizasyonunda	2	24306
organizasyonuyla	2	24307
organizatör	2	24308
organlara	2	24309
organların	2	24310
organlarının	2	24311
ormancılık	2	24312
ormanlar	2	24313
ormanlarda	2	24314
ormanları	2	24315
ortaklardan	2	24316
ortaklarımızla	2	24317
ortaklığın	2	24318
ortaklığında	2	24319
ortalamasından	2	24320
ortalamasının	2	24321
ortamdan	2	24322
ortamlara	2	24323
ortamın	2	24324
ortamından	2	24325
ortasındaki	2	24326
ortağımız	2	24327
ortağının	2	24328
orucu	2	24329
otellere	2	24330
otizmli	2	24331
otluk	2	24332
otobüslerde	2	24333
otobüsleri	2	24334
otobüsleriyle	2	24335
otobüsten	2	24336
otogarda	2	24337
otomasyon	2	24338
otomobilden	2	24339
otomobiline	2	24340
otomobiliyle	2	24341
otomobillerde	2	24342
otomobillerin	2	24343
otomobillerle	2	24344
otomotive	2	24345
otopark	2	24346
otoparkta	2	24347
otoparkında	2	24348
otopsinin	2	24349
otorite	2	24350
otoyoldaki	2	24351
otunun	2	24352
oturacak	2	24353
oturacağım	2	24354
oturanlar	2	24355
oturarak	2	24356
oturdukları	2	24357
oturmak	2	24358
oturmaya	2	24359
oturumları	2	24360
otuz	2	24361
oylaması	2	24362
oylamayla	2	24363
oylarımız	2	24364
oyma	2	24365
oynadıkları	2	24366
oynaklığı	2	24367
oynamadı	2	24368
oynamamız	2	24369
oynanacağını	2	24370
oynatıp	2	24371
oynuyoruz	2	24372
oyuncularda	2	24373
oyuncularımın	2	24374
oyuncularına	2	24375
oyuncularının	2	24376
oyuncumuz	2	24377
oyunlardan	2	24378
oyunlarını	2	24379
oyununun	2	24380
oyununuzu	2	24381
oğlumuz	2	24382
paketinde	2	24383
paketini	2	24384
paketleri	2	24385
pakette	2	24386
pancar	2	24387
pandemide	2	24388
panel	2	24389
panelde	2	24390
pankart	2	24391
pansuman	2	24392
pantolon	2	24393
papatya	2	24394
papaya	2	24395
paralimpik	2	24396
paramı	2	24397
parantez	2	24398
parasının	2	24399
paravan	2	24400
parfüm	2	24401
parke	2	24402
parlaklık	2	24403
parlamentoyu	2	24404
parmağına	2	24405
parmağındaki	2	24406
parselleyip	2	24407
parsı	2	24408
partilerinden	2	24409
partilerle	2	24410
partimin	2	24411
partnerler	2	24412
parçalamaya	2	24413
parçalarının	2	24414
parçasına	2	24415
parçasının	2	24416
parçasıyla	2	24417
paslanmaz	2	24418
pastaneler	2	24419
pastırma	2	24420
pasını	2	24421
pasıyla	2	24422
patatesten	2	24423
patika	2	24424
patlamalara	2	24425
patlamamış	2	24426
patlattı	2	24427
patlayan	2	24428
patır	2	24429
pavyon	2	24430
paydaşların	2	24431
payların	2	24432
paylaşacağım	2	24433
paylaşmanın	2	24434
paylaşmaya	2	24435
paylaştığını	2	24436
paylaşılacağı	2	24437
paylaşılmıştı	2	24438
paylaşımdaki	2	24439
paylaşımdan	2	24440
paylaşımlara	2	24441
paylaşımların	2	24442
paylaşımlarının	2	24443
paylaşımıyla	2	24444
paylaşın	2	24445
payımız	2	24446
pazarcı	2	24447
pazarcıların	2	24448
pazardan	2	24449
pazarla	2	24450
pazarlara	2	24451
pazarları	2	24452
pazarlarında	2	24453
pazarlıkları	2	24454
pazarındaki	2	24455
pazarının	2	24456
paça	2	24457
paçasından	2	24458
pekiştirirken	2	24459
pekiştirmeyi	2	24460
pekmez	2	24461
penaltılarda	2	24462
pençesinden	2	24463
perdeyi	2	24464
performansa	2	24465
performanslarıyla	2	24466
performanslı	2	24467
performansından	2	24468
performansının	2	24469
periyodik	2	24470
periyodun	2	24471
perişan	2	24472
personelimize	2	24473
personeliyle	2	24474
perspektif	2	24475
perspektiften	2	24476
perşembeyi	2	24477
pet	2	24478
petrolü	2	24479
peşindeyiz	2	24480
pide	2	24481
pilates	2	24482
pillerinin	2	24483
pisti	2	24484
pistinde	2	24485
piyasanın	2	24486
pişirilen	2	24487
pişirilir	2	24488
pişirilmesi	2	24489
plakası	2	24490
plaketi	2	24491
planladı	2	24492
planladıkları	2	24493
planlamaları	2	24494
planlamalarımızı	2	24495
planlamalarının	2	24496
planlamasında	2	24497
planlandığı	2	24498
planlanmış	2	24499
planlanırken	2	24500
planlanıyordu	2	24501
planlarken	2	24502
plansız	2	24503
planına	2	24504
platformun	2	24505
podyumlu	2	24506
polemiğine	2	24507
polislere	2	24508
polisteki	2	24509
politikacılar	2	24510
politikamızın	2	24511
politikasında	2	24512
poliçesi	2	24513
pompa	2	24514
pop	2	24515
popülerliğini	2	24516
porselen	2	24517
portatif	2	24518
portföyüne	2	24519
potansiyelin	2	24520
potansiyellerini	2	24521
pozisyonlarda	2	24522
pozisyonlarında	2	24523
pozisyonunu	2	24524
pozisyonunun	2	24525
pozlarını	2	24526
pozu	2	24527
poşet	2	24528
poşetin	2	24529
problemlerden	2	24530
problemlerin	2	24531
problemlerine	2	24532
problemlerini	2	24533
profesörü	2	24534
profiline	2	24535
profilleri	2	24536
programlarda	2	24537
programımızın	2	24538
projeden	2	24539
projelerinde	2	24540
projemiz	2	24541
projesine	2	24542
projeyle	2	24543
propolis	2	24544
prostat	2	24545
protestocu	2	24546
protestolar	2	24547
protestoları	2	24548
protestolarını	2	24549
protestosu	2	24550
protezler	2	24551
protokolünü	2	24552
provokasyon	2	24553
psikiyatrik	2	24554
psikologlar	2	24555
psikolojisi	2	24556
puanlama	2	24557
puding	2	24558
pul	2	24559
pulu	2	24560
punto	2	24561
pusulası	2	24562
pürüzsüz	2	24563
pırıl	2	24564
radarında	2	24565
radyasyon	2	24566
raf	2	24567
rafineri	2	24568
raflarda	2	24569
rahatsızlandı	2	24570
rahatsızlıklarını	2	24571
rahatsızlıktan	2	24572
rahatsızlığını	2	24573
rahmetiyle	2	24574
rahmetler	2	24575
rakamlarına	2	24576
rakamının	2	24577
rakiplerinden	2	24578
rakiplerini	2	24579
rakı	2	24580
rakımlı	2	24581
rant	2	24582
raporlama	2	24583
raporundan	2	24584
rayları	2	24585
reaksiyon	2	24586
reaksiyonlara	2	24587
reaktörün	2	24588
reddedildi	2	24589
reddedilmişti	2	24590
reddediyor	2	24591
reddetmesinin	2	24592
reddetmişti	2	24593
reddettiğini	2	24594
reeskont	2	24595
refaha	2	24596
refakat	2	24597
refinansman	2	24598
reformlarla	2	24599
refüjdeki	2	24600
rehavete	2	24601
rehineyi	2	24602
rejime	2	24603
rejimin	2	24604
rejiminden	2	24605
rejimini	2	24606
rekabete	2	24607
rekabette	2	24608
reklamı	2	24609
rekoltesinde	2	24610
rekorlarla	2	24611
rengin	2	24612
renklerde	2	24613
renkleri	2	24614
renklerine	2	24615
renklerinin	2	24616
renkleriyle	2	24617
renkte	2	24618
resesyon	2	24619
resesyona	2	24620
restoranları	2	24621
restorasyonunu	2	24622
reva	2	24623
revaçta	2	24624
rezervler	2	24625
rezervlerinin	2	24626
rezil	2	24627
reçel	2	24628
reçeteli	2	24629
riayet	2	24630
ribaund	2	24631
ricada	2	24632
ricam	2	24633
ring	2	24634
riskimiz	2	24635
riskin	2	24636
riskinden	2	24637
riskiyle	2	24638
risklerin	2	24639
risklerine	2	24640
risklerini	2	24641
risklerinin	2	24642
risklerle	2	24643
ritim	2	24644
robotları	2	24645
roketatar	2	24646
roketlerin	2	24647
roller	2	24648
rolleriyle	2	24649
rolüne	2	24650
romanından	2	24651
romatizma	2	24652
ruble	2	24653
ruha	2	24654
ruhları	2	24655
ruhlu	2	24656
ruhsat	2	24657
ruhun	2	24658
ruhuna	2	24659
ruhunun	2	24660
ruhuyla	2	24661
rutini	2	24662
röportaj	2	24663
röportajında	2	24664
rüyadır	2	24665
rüzgara	2	24666
saatin	2	24667
saatiyle	2	24668
saatlere	2	24669
saatlerindeki	2	24670
sabahına	2	24671
sabitleme	2	24672
sabitlemek	2	24673
sabredecek	2	24674
sabrını	2	24675
sabırla	2	24676
sahadaydı	2	24677
sahalardan	2	24678
sahalarında	2	24679
sahasının	2	24680
sahibidir	2	24681
sahici	2	24682
sahilden	2	24683
sahilinde	2	24684
sahillerinde	2	24685
sahiplerinden	2	24686
sahnedeydi	2	24687
sahnelerine	2	24688
sahnesiyle	2	24689
sahneyi	2	24690
sahura	2	24691
sakat	2	24692
sakatlıklar	2	24693
sakinlerini	2	24694
sakinleriyle	2	24695
sakinlik	2	24696
sakladığını	2	24697
saklamak	2	24698
saklanıyor	2	24699
saklayıp	2	24700
saklıyorum	2	24701
saksı	2	24702
sakınca	2	24703
sakınmaktır	2	24704
salatası	2	24705
saldırdığını	2	24706
saldırganların	2	24707
saldırganlığı	2	24708
saldırılardan	2	24709
saldırılarla	2	24710
saldırılarıyla	2	24711
saldırıyla	2	24712
salladı	2	24713
sallamaya	2	24714
sallandı	2	24715
salondan	2	24716
salonları	2	24717
salonlarında	2	24718
salonunu	2	24719
salçası	2	24720
salındı	2	24721
samimiyetle	2	24722
sanarak	2	24723
sanatkarlara	2	24724
sanatseverlerin	2	24725
sanattan	2	24726
sanatçılara	2	24727
sanatçılarımız	2	24728
sanatını	2	24729
sanayimize	2	24730
sanayinin	2	24731
sanayisini	2	24732
sanayisinin	2	24733
sandıklara	2	24734
sandıklarda	2	24735
sansar	2	24736
santigrat	2	24737
santimetreye	2	24738
santralde	2	24739
santrası	2	24740
santrfor	2	24741
sanıklara	2	24742
sanıp	2	24743
sanıyorum	2	24744
sanığa	2	24745
saplandı	2	24746
sapları	2	24747
saptandı	2	24748
sapı	2	24749
saracağız	2	24750
saraydan	2	24751
sarfettiği	2	24752
sarmak	2	24753
sarmalından	2	24754
sarmaya	2	24755
sarsıldı	2	24756
sarsılmaz	2	24757
sarımsağı	2	24758
sarın	2	24759
satacak	2	24760
sathında	2	24761
satmaya	2	24762
sattı	2	24763
sattığını	2	24764
satıcı	2	24765
satıcılarının	2	24766
satıcısının	2	24767
satılacak	2	24768
satıldı	2	24769
satılması	2	24770
satır	2	24771
satışla	2	24772
satışlarda	2	24773
satışların	2	24774
satışlarına	2	24775
satışlarındaki	2	24776
satışlarını	2	24777
satışın	2	24778
satışının	2	24779
savaşan	2	24780
savaşlar	2	24781
savaşlarda	2	24782
savaşmaya	2	24783
savaştaki	2	24784
savaşımızın	2	24785
savaşındaki	2	24786
savcılığa	2	24787
savcılığın	2	24788
savcısına	2	24789
savcıya	2	24790
savrulup	2	24791
savunduğu	2	24792
savunmada	2	24793
savunur	2	24794
savunuyor	2	24795
savurdu	2	24796
savurduğu	2	24797
sayanlar	2	24798
saydığımı	2	24799
sayfada	2	24800
sayfalar	2	24801
sayfaları	2	24802
sayfası	2	24803
sayfasına	2	24804
sayfasından	2	24805
sayfasını	2	24806
sayılabilecek	2	24807
sayılar	2	24808
sayılık	2	24809
sayıma	2	24810
sayıyor	2	24811
sayıyoruz	2	24812
saçak	2	24813
saçların	2	24814
saçlarını	2	24815
saçlarınıza	2	24816
saçmalık	2	24817
saçılan	2	24818
sağcıların	2	24819
sağda	2	24820
sağduyu	2	24821
sağduyulu	2	24822
sağladıklarını	2	24823
sağladıktan	2	24824
sağlamaktadır	2	24825
sağlamaz	2	24826
sağlamlaştırarak	2	24827
sağlamıştı	2	24828
sağlanabiliyor	2	24829
sağlanabilmesi	2	24830
sağlanacağı	2	24831
sağlanamadı	2	24832
sağlanana	2	24833
sağlanmalıdır	2	24834
sağlanmasında	2	24835
sağlanmasını	2	24836
sağlanır	2	24837
sağlayabilirsiniz	2	24838
sağlayacağı	2	24839
sağlayıcı	2	24840
sağlıcakla	2	24841
sağlıksız	2	24842
sağlığımızı	2	24843
sağlığından	2	24844
sağlığınızı	2	24845
seans	2	24846
sebeplerden	2	24847
sebepleri	2	24848
sebeplerini	2	24849
sebepten	2	24850
sedan	2	24851
sefalet	2	24852
sefere	2	24853
seferini	2	24854
seferlerde	2	24855
seferlerini	2	24856
segmenti	2	24857
segmentinde	2	24858
sek	2	24859
seke	2	24860
seken	2	24861
sekteye	2	24862
sektörel	2	24863
sektörlere	2	24864
sektörleri	2	24865
sektörlerindeki	2	24866
sektöründen	2	24867
selamlayarak	2	24868
selefi	2	24869
selfie	2	24870
semalarında	2	24871
sembolize	2	24872
semboller	2	24873
seminer	2	24874
sempatizanları	2	24875
senaristi	2	24876
senaryoları	2	24877
senaryosu	2	24878
senaryoyu	2	24879
sendikal	2	24880
sendromlu	2	24881
senelerce	2	24882
senelik	2	24883
senenin	2	24884
senesi	2	24885
senesinde	2	24886
senet	2	24887
senetlerini	2	24888
sepet	2	24889
sepete	2	24890
sepsis	2	24891
seralarda	2	24892
serer	2	24893
sergilediklerini	2	24894
sergilemek	2	24895
sergilemeye	2	24896
sergileyerek	2	24897
sergisini	2	24898
sergisiyle	2	24899
seride	2	24900
serimi	2	24901
serinletici	2	24902
serisini	2	24903
sermayeli	2	24904
serpilir	2	24905
sertifikası	2	24906
sertifikasına	2	24907
sertifikasının	2	24908
sertlik	2	24909
serum	2	24910
serumları	2	24911
serveti	2	24912
servetinin	2	24913
servisler	2	24914
serüvenini	2	24915
seslendirdiği	2	24916
seslendirme	2	24917
sesleniyor	2	24918
sesleniyorum	2	24919
sesler	2	24920
seslerden	2	24921
seslerinden	2	24922
sessizliğini	2	24923
sevaba	2	24924
sevap	2	24925
sevdalısı	2	24926
sevdiklerini	2	24927
sevdiklerinizle	2	24928
sevdiren	2	24929
sevdiğim	2	24930
seve	2	24931
sevenler	2	24932
sevenlerini	2	24933
severlere	2	24934
sevgilerini	2	24935
sevgilisini	2	24936
sevincin	2	24937
sevinciyle	2	24938
sevindirecek	2	24939
seviyesindeki	2	24940
seviyordum	2	24941
sevki	2	24942
sevkiyat	2	24943
sevkiyatları	2	24944
sevkiyatını	2	24945
sevmiyor	2	24946
seyahatine	2	24947
seyircileri	2	24948
seyircilerin	2	24949
seyirciyi	2	24950
seyrederken	2	24951
seyreltme	2	24952
seyretti	2	24953
sezondan	2	24954
sezonuna	2	24955
sezonundan	2	24956
sezonuyla	2	24957
seçeneklerle	2	24958
seçenektir	2	24959
seçeneğimiz	2	24960
seçeneğiyle	2	24961
seçerdi	2	24962
seçerken	2	24963
seçildiği	2	24964
seçildiğini	2	24965
seçilirse	2	24966
seçilmesi	2	24967
seçilmesinin	2	24968
seçilmesiyle	2	24969
seçimle	2	24970
seçimlerdeki	2	24971
seçimlerindeki	2	24972
seçimleriyle	2	24973
seçimlerle	2	24974
seçimsiz	2	24975
seçin	2	24976
seçiyor	2	24977
si	2	24978
silahlardan	2	24979
silahlarının	2	24980
silindirli	2	24981
silmek	2	24982
simalarından	2	24983
simgeleyen	2	24984
sinagog	2	24985
sinemaya	2	24986
sini	2	24987
sinirlenen	2	24988
sinirleri	2	24989
sinsi	2	24990
siparişlerin	2	24991
sisin	2	24992
sistemimizde	2	24993
sisteminizi	2	24994
sistemlerimizde	2	24995
sistemlerinden	2	24996
siteden	2	24997
sitelerine	2	24998
sivilcelerin	2	24999
sivili	2	25000
siviller	2	25001
sivri	2	25002
siyahlı	2	25003
siyanür	2	25004
siyaseten	2	25005
siyasetle	2	25006
siyasetçilerini	2	25007
siyasiler	2	25008
siyasilerin	2	25009
sizde	2	25010
sizinki	2	25011
skandalı	2	25012
skandalına	2	25013
skandalında	2	25014
skandalından	2	25015
skorları	2	25016
sloganlar	2	25017
soba	2	25018
sofralarına	2	25019
sohbetler	2	25020
sokabilir	2	25021
sokakla	2	25022
sokaklarında	2	25023
sokaklarını	2	25024
sokan	2	25025
sokması	2	25026
sokmaya	2	25027
soktu	2	25028
sokuldu	2	25029
sokulması	2	25030
sokuyor	2	25031
solaryum	2	25032
solladı	2	25033
solundan	2	25034
sonbahar	2	25035
sonbaharın	2	25036
sonlandırmaları	2	25037
sonlandırmıştı	2	25038
sonlandığı	2	25039
sonrasındaki	2	25040
sonrasını	2	25041
sonucudur	2	25042
sonuncusu	2	25043
sonundan	2	25044
sonunun	2	25045
sonuçlanması	2	25046
sonuçlanmıştır	2	25047
sonuçlarında	2	25048
sonuçlarından	2	25049
sonuçsuz	2	25050
sopa	2	25051
soracak	2	25052
soracaktır	2	25053
sorarak	2	25054
sorduk	2	25055
sorduğu	2	25056
sorduğunu	2	25057
sorguladı	2	25058
sorguladığı	2	25059
sorgulaması	2	25060
sorgulanmaya	2	25061
sorgulanır	2	25062
sorguluyor	2	25063
sorgusunda	2	25064
sorgusunun	2	25065
sormadan	2	25066
sorması	2	25067
sorsun	2	25068
sorularla	2	25069
sorulduğu	2	25070
sorum	2	25071
sorumlulukla	2	25072
sorumlulukların	2	25073
sorumluluktan	2	25074
sorumluluğumuzu	2	25075
sorumluluğumuzun	2	25076
sorumluluğuna	2	25077
sorumsuz	2	25078
sorunla	2	25079
sorunlardan	2	25080
sorunlarım	2	25081
sorunlarımız	2	25082
sorunlarından	2	25083
sorunudur	2	25084
sorunuyla	2	25085
sorup	2	25086
soruyorlar	2	25087
soruyorsunuz	2	25088
soruyoruz	2	25089
soruşturmasının	2	25090
sos	2	25091
sosu	2	25092
sosyalleşiyor	2	25093
sosyalleşme	2	25094
soya	2	25095
soygunda	2	25096
soykırımla	2	25097
soykırımın	2	25098
soğanların	2	25099
soğukkanlı	2	25100
soğuklara	2	25101
soğuma	2	25102
soğutun	2	25103
spekülatif	2	25104
spesifik	2	25105
spikeri	2	25106
spiral	2	25107
sponsoru	2	25108
sporcularımıza	2	25109
sporcularını	2	25110
sporcumuz	2	25111
sporcunun	2	25112
sporlarına	2	25113
sporlarında	2	25114
sporudur	2	25115
staj	2	25116
standardını	2	25117
standartlarında	2	25118
standı	2	25119
standında	2	25120
stant	2	25121
start	2	25122
startını	2	25123
stat	2	25124
sterlinlik	2	25125
stil	2	25126
stop	2	25127
stoperi	2	25128
strain	2	25129
stratejisiyle	2	25130
stresinden	2	25131
streç	2	25132
stüdyosu	2	25133
subay	2	25134
sucuklar	2	25135
suikastı	2	25136
suikastın	2	25137
sukulent	2	25138
sulara	2	25139
sunabileceğini	2	25140
sunabilirsiniz	2	25141
sunarım	2	25142
sunduklarını	2	25143
sunma	2	25144
sunmaktadır	2	25145
sunmanın	2	25146
sunucu	2	25147
sunucusu	2	25148
sunulmuş	2	25149
sunulur	2	25150
sunumlar	2	25151
suyundan	2	25152
suyuyla	2	25153
suçla	2	25154
suçladığı	2	25155
suçlaması	2	25156
suçlanıyor	2	25157
suçlarda	2	25158
suçlayan	2	25159
suçlular	2	25160
suçlulara	2	25161
suçlularla	2	25162
suçtur	2	25163
suçuna	2	25164
sökerek	2	25165
söktürücü	2	25166
söylediklerine	2	25167
söylediklerini	2	25168
söylediğimiz	2	25169
söylem	2	25170
söylemenin	2	25171
söylemiyor	2	25172
söylemiştik	2	25173
söylemiştir	2	25174
söylemler	2	25175
söylemlere	2	25176
söylemleri	2	25177
söylemlerinde	2	25178
söylemlerini	2	25179
söylendi	2	25180
söylenenlere	2	25181
söyleyebileceğini	2	25182
söyleyeceğimi	2	25183
söyleyin	2	25184
söyleyince	2	25185
söyleşiler	2	25186
söylüyorlardı	2	25187
söylüyorsa	2	25188
sözcüklerini	2	25189
söze	2	25190
sözle	2	25191
sözleşmede	2	25192
sözleşmelerin	2	25193
sözleşmesinde	2	25194
sözüm	2	25195
sözümüz	2	25196
sürdürdük	2	25197
sürdürdüklerini	2	25198
sürdüreceği	2	25199
sürdüreceğine	2	25200
sürdürerek	2	25201
sürdürmektedir	2	25202
sürdürmesi	2	25203
sürdürmesini	2	25204
sürdürüldüğü	2	25205
sürdürüldüğünü	2	25206
sürdürülebilirliğini	2	25207
sürdürülmektedir	2	25208
sürdürülmesinin	2	25209
sürdüğüne	2	25210
sürebiliyor	2	25211
sürecektir	2	25212
sürecindeki	2	25213
süreciyle	2	25214
sürelerinin	2	25215
süresinden	2	25216
süreçler	2	25217
süreçleriyle	2	25218
süreçteki	2	25219
sürgün	2	25220
sürmeyi	2	25221
sürprizi	2	25222
sürücülerini	2	25223
sürücüsüne	2	25224
sürükledi	2	25225
sürükleniyor	2	25226
sürüklüyor	2	25227
sürülmesi	2	25228
sürülüyordu	2	25229
sürümünde	2	25230
sürün	2	25231
sürünerek	2	25232
sürüngen	2	25233
sütlü	2	25234
sütun	2	25235
sıcaklardan	2	25236
sıcakların	2	25237
sıcaklığın	2	25238
sıcakta	2	25239
sıcaktan	2	25240
sıcaktır	2	25241
sıfatı	2	25242
sıklette	2	25243
sıkmaları	2	25244
sıkılaşma	2	25245
sıkın	2	25246
sıkıntılarda	2	25247
sıkıntılarla	2	25248
sıkıntılarını	2	25249
sıkıntısının	2	25250
sıkıntıya	2	25251
sıkıştığı	2	25252
sınavda	2	25253
sınavla	2	25254
sınavları	2	25255
sınıfları	2	25256
sınıfında	2	25257
sınırlamaları	2	25258
sınırlamalarının	2	25259
sınırlandırılması	2	25260
sınırlardan	2	25261
sınırlarımızı	2	25262
sınırlarında	2	25263
sınırın	2	25264
sıradayız	2	25265
sıralamaya	2	25266
sıralarına	2	25267
sıralarından	2	25268
sıralayarak	2	25269
sırayı	2	25270
sırtlarında	2	25271
sıva	2	25272
sıvadı	2	25273
sızan	2	25274
sızdırdığı	2	25275
sızma	2	25276
sıçramaması	2	25277
sıçrayan	2	25278
sığ	2	25279
sığınak	2	25280
sığınarak	2	25281
sığınmacılar	2	25282
sığınmacıları	2	25283
sığınıyor	2	25284
taahhüdünü	2	25285
taahhütlerin	2	25286
tabancaya	2	25287
tabanda	2	25288
tabanının	2	25289
tabela	2	25290
tabelaların	2	25291
tablette	2	25292
tablolar	2	25293
tablosuna	2	25294
tabloya	2	25295
tabutunu	2	25296
tacizde	2	25297
tacize	2	25298
tahakkuk	2	25299
tahammül	2	25300
tahammülü	2	25301
tahin	2	25302
tahkikatın	2	25303
tahkir	2	25304
tahlil	2	25305
tahlili	2	25306
tahliyesi	2	25307
tahmininin	2	25308
tahsilat	2	25309
tahsisi	2	25310
takarak	2	25311
takibine	2	25312
takipten	2	25313
takma	2	25314
takmadığı	2	25315
takmak	2	25316
takoz	2	25317
taksiti	2	25318
taksiyle	2	25319
taktik	2	25320
takviminde	2	25321
takviyeler	2	25322
takviyelerle	2	25323
takı	2	25324
takılanlar	2	25325
takılması	2	25326
takımdaki	2	25327
takımlarda	2	25328
takımlarla	2	25329
takımlarına	2	25330
takımlarının	2	25331
takımlarıyla	2	25332
talan	2	25333
taleplerimizin	2	25334
taleplerin	2	25335
taleplerle	2	25336
talepteki	2	25337
talibim	2	25338
talimatlara	2	25339
taltif	2	25340
tamamladığını	2	25341
tamamlama	2	25342
tamamlaması	2	25343
tamamlanacaktır	2	25344
tamamlanarak	2	25345
tamamlandığında	2	25346
tamamlanmamış	2	25347
tamamlanmasını	2	25348
tamamlanmasıyla	2	25349
tamamlanmış	2	25350
tamamlanmıştır	2	25351
tamamlanıyor	2	25352
tamamlasın	2	25353
tamamlıyoruz	2	25354
tamamıyla	2	25355
tanesinin	2	25356
tanker	2	25357
tankeri	2	25358
tankları	2	25359
tankın	2	25360
tanzim	2	25361
tanıdık	2	25362
tanıdığım	2	25363
tanıkların	2	25364
tanımadıklarını	2	25365
tanımadığı	2	25366
tanımak	2	25367
tanımları	2	25368
tanımlıyor	2	25369
tanımıyorum	2	25370
tanımış	2	25371
tanındığı	2	25372
tanınması	2	25373
tanınmasını	2	25374
tanınmaya	2	25375
tanınırlar	2	25376
tanıttığı	2	25377
tanıtılacak	2	25378
tanıtılması	2	25379
tanıtılmasının	2	25380
tanıtımı	2	25381
tanıtımını	2	25382
tanıtıp	2	25383
tanıtıyoruz	2	25384
tanıyabilir	2	25385
tanıyacağını	2	25386
tanıyoruz	2	25387
tanığı	2	25388
tapa	2	25389
tapelere	2	25390
tarafları	2	25391
taraftarlara	2	25392
taraftarlarımız	2	25393
taraftarlarına	2	25394
taraftarını	2	25395
tarafıma	2	25396
tarafının	2	25397
taramalar	2	25398
taranıyor	2	25399
tarifeleri	2	25400
tarifesi	2	25401
tarihiyle	2	25402
tarihle	2	25403
tarihlenen	2	25404
tarihlerine	2	25405
tarihçi	2	25406
tarikat	2	25407
tarla	2	25408
tarladan	2	25409
tarlaları	2	25410
tarlaların	2	25411
tartışmak	2	25412
tartışmalı	2	25413
tartıştık	2	25414
tartıştıktan	2	25415
tartışılabilir	2	25416
tartışılacağı	2	25417
tartışılmaya	2	25418
tartışılırken	2	25419
tarımdan	2	25420
tasarladığı	2	25421
tasarrufuna	2	25422
tasarı	2	25423
tasarıma	2	25424
tasarımının	2	25425
tasarıyı	2	25426
taslağını	2	25427
tasvip	2	25428
tatbikatla	2	25429
tatbikatta	2	25430
tatilciler	2	25431
tatilleri	2	25432
tatlandırıcı	2	25433
tatlar	2	25434
tatlılarda	2	25435
tatlısı	2	25436
tava	2	25437
tavaf	2	25438
tavrını	2	25439
tavsiyede	2	25440
tavsiyelerde	2	25441
tavsiyesinde	2	25442
tavırlar	2	25443
tavırları	2	25444
tazminatın	2	25445
tazminatında	2	25446
taşlar	2	25447
taşları	2	25448
taşların	2	25449
taşlarındandır	2	25450
taşlarını	2	25451
taşıdıkları	2	25452
taşımanın	2	25453
taşımayan	2	25454
taşımayı	2	25455
taşımıştı	2	25456
taşına	2	25457
taşındığı	2	25458
taşındığını	2	25459
taşınma	2	25460
taşınmazların	2	25461
taşınmazı	2	25462
taşınımı	2	25463
taşınıyor	2	25464
taşıtları	2	25465
taşıtların	2	25466
taşıyabilir	2	25467
taşıyabilirler	2	25468
taşıyacağı	2	25469
taşıyanlar	2	25470
taşıyanların	2	25471
taşıyıcı	2	25472
tebrikleri	2	25473
tecrübeyi	2	25474
tedariki	2	25475
tedarikinin	2	25476
tedarikçilerin	2	25477
tedavilerini	2	25478
tedavilerle	2	25479
tedavinin	2	25480
tedavisini	2	25481
tedaviyi	2	25482
tedbirlere	2	25483
tedbirlerini	2	25484
tefrik	2	25485
tefsiri	2	25486
tehdide	2	25487
tehdinin	2	25488
tehditle	2	25489
tehditlerde	2	25490
tehditlerle	2	25491
tehlikeleri	2	25492
tehlikelerinin	2	25493
tehlikesinden	2	25494
tehlikesine	2	25495
tehlikesiyle	2	25496
tehlikeyi	2	25497
tekeli	2	25498
tekelinin	2	25499
teker	2	25500
tekeri	2	25501
tekerlekli	2	25502
teklifte	2	25503
tekneleri	2	25504
teknelerinin	2	25505
teknenin	2	25506
teknesi	2	25507
teknesinde	2	25508
tekniklerine	2	25509
tekniklerinin	2	25510
teknikleriyle	2	25511
teknolojilere	2	25512
teknolojilerinin	2	25513
teknolojileriyle	2	25514
teknolojimiz	2	25515
teknolojisinde	2	25516
teknolojisine	2	25517
teknolojiyle	2	25518
tekrarladı	2	25519
tekrarlanmaması	2	25520
tekrarlayarak	2	25521
tektonik	2	25522
telaffuz	2	25523
telafisi	2	25524
telaş	2	25525
telefona	2	25526
telefonlara	2	25527
telefonlarda	2	25528
telefonların	2	25529
telefonlarında	2	25530
telefonlarını	2	25531
telefonunda	2	25532
telekomünikasyon	2	25533
televizyonlarda	2	25534
telsiz	2	25535
temaslara	2	25536
temasların	2	25537
temaslarını	2	25538
temasının	2	25539
temeline	2	25540
temellerini	2	25541
temelsiz	2	25542
teminatı	2	25543
teminen	2	25544
temini	2	25545
temizledi	2	25546
temizleme	2	25547
temizlemeye	2	25548
temizlemeyin	2	25549
temizlendi	2	25550
temizlenen	2	25551
temizleyen	2	25552
temizleyerek	2	25553
tempo	2	25554
tempoda	2	25555
temsilcilerine	2	25556
temsilciliği	2	25557
temsilcisinin	2	25558
temsilen	2	25559
temsili	2	25560
temyiz	2	25561
tenezzül	2	25562
tenis	2	25563
tepeden	2	25564
tepkili	2	25565
tepkiye	2	25566
tepkiyle	2	25567
tepside	2	25568
ter	2	25569
tercihen	2	25570
tercihlerinde	2	25571
tercihlerini	2	25572
terhis	2	25573
teri	2	25574
terimdir	2	25575
termik	2	25576
terörden	2	25577
teröre	2	25578
teröristlere	2	25579
tesadüfi	2	25580
tesbih	2	25581
tescili	2	25582
tescillenmesi	2	25583
tesisimizin	2	25584
tesisinde	2	25585
tesislerimizde	2	25586
tesislerin	2	25587
teslimatların	2	25588
teslimatı	2	25589
tespitinde	2	25590
tespitine	2	25591
tespitleri	2	25592
tespitlerimiz	2	25593
testlerinde	2	25594
tetiklenen	2	25595
tetikliyor	2	25596
tevdi	2	25597
teveccühleri	2	25598
teyemmüm	2	25599
teyzesinin	2	25600
tezahüratları	2	25601
tezgah	2	25602
tezgahlarda	2	25603
tezi	2	25604
teçhizat	2	25605
teğmenlerin	2	25606
teşhisini	2	25607
teşkilatında	2	25608
teşviklerinin	2	25609
ticarete	2	25610
ticaretin	2	25611
ticaretinde	2	25612
ticaretine	2	25613
ticaretini	2	25614
ticarette	2	25615
ticaretten	2	25616
tilavetiyle	2	25617
timi	2	25618
tiye	2	25619
tohumlar	2	25620
tohumlarının	2	25621
tokalaşması	2	25622
tokalaştı	2	25623
toksinlerden	2	25624
tonajlı	2	25625
toparladık	2	25626
toparlanması	2	25627
topaç	2	25628
topladıkları	2	25629
toplanacağını	2	25630
toplanmıştır	2	25631
toplantılara	2	25632
toplantılarına	2	25633
toplantılarını	2	25634
toplantımızda	2	25635
toplantımızla	2	25636
toplantısındaki	2	25637
toplanıyor	2	25638
toplarken	2	25639
toplayacağız	2	25640
toplayarak	2	25641
topluca	2	25642
topluluklarından	2	25643
topluluklarının	2	25644
toplumdaki	2	25645
toplumdan	2	25646
toplumlarda	2	25647
toplumuna	2	25648
toptancı	2	25649
topuklu	2	25650
tozlu	2	25651
trafo	2	25652
trajedilerden	2	25653
traktörün	2	25654
trans	2	25655
transferinde	2	25656
transferle	2	25657
transferlerin	2	25658
transferlerinden	2	25659
transformasyon	2	25660
travmalar	2	25661
travmatik	2	25662
trend	2	25663
trenden	2	25664
trendleri	2	25665
trenle	2	25666
tribünündeki	2	25667
tropik	2	25668
tropikal	2	25669
tulum	2	25670
turistle	2	25671
turistleri	2	25672
turnesi	2	25673
turnike	2	25674
turnuvadaki	2	25675
turnuvalarda	2	25676
tutacağı	2	25677
tutam	2	25678
tutanakları	2	25679
tutanlar	2	25680
tutarın	2	25681
tutkunlarını	2	25682
tutmayı	2	25683
tutsak	2	25684
tutuklandığını	2	25685
tutuklanmalı	2	25686
tutuklanması	2	25687
tutuklanmasının	2	25688
tutukluk	2	25689
tutulma	2	25690
tutulmasını	2	25691
tutulmuş	2	25692
tutuluyor	2	25693
tutuluyordu	2	25694
tutumları	2	25695
tutumun	2	25696
tutumuyla	2	25697
tutunmasını	2	25698
tutuş	2	25699
tuzağa	2	25700
tuş	2	25701
tweet'i	2	25702
törenlerinde	2	25703
tövbesini	2	25704
tükendi	2	25705
tüketebileceğiniz	2	25706
tüketen	2	25707
tüketerek	2	25708
tüketilmemeli	2	25709
tüketiminden	2	25710
tüketirler	2	25711
tüketiyor	2	25712
tüketmeleri	2	25713
tüketmenin	2	25714
tüketmeye	2	25715
tükettiği	2	25716
tükettiğimiz	2	25717
tükürsen	2	25718
tümörü	2	25719
tümü	2	25720
tümüne	2	25721
tümüyle	2	25722
tünelin	2	25723
tüpgaz	2	25724
türbülans	2	25725
türde	2	25726
türevleri	2	25727
türkülerle	2	25728
türlerinde	2	25729
türün	2	25730
tüzüklerin	2	25731
tüzüğümüzün	2	25732
tüzüğünde	2	25733
tıbbın	2	25734
tıkanıklık	2	25735
tıklayın	2	25736
tıklayınız	2	25737
tıklım	2	25738
tırmandı	2	25739
tırmanma	2	25740
tırmanması	2	25741
tırmanmayı	2	25742
tırmanış	2	25743
tırnaktan	2	25744
tırıs	2	25745
ufaklı	2	25746
ufkunu	2	25747
ulaşabilecekler	2	25748
ulaşabiliriz	2	25749
ulaşabilmek	2	25750
ulaşacaktır	2	25751
ulaşacağı	2	25752
ulaşacağına	2	25753
ulaşamadan	2	25754
ulaşamadığı	2	25755
ulaşamayan	2	25756
ulaşmakta	2	25757
ulaşmalarını	2	25758
ulaşmasına	2	25759
ulaşmasının	2	25760
ulaşmasıyla	2	25761
ulaşmıştı	2	25762
ulaştırdı	2	25763
ulaştırmak	2	25764
ulaştırıldı	2	25765
ulaştığına	2	25766
ulaşılabilecek	2	25767
ulaşılabileceği	2	25768
ulaşılması	2	25769
ulaşımdan	2	25770
ulaşıp	2	25771
ulaşırken	2	25772
ulaşırız	2	25773
ultrason	2	25774
ultraviyole	2	25775
ulusa	2	25776
umre	2	25777
umuda	2	25778
umudunu	2	25779
umuduyla	2	25780
umursamaz	2	25781
umutların	2	25782
umutlu	2	25783
umuyoruz	2	25784
unsura	2	25785
unsurlara	2	25786
unsurlardan	2	25787
unsurlarınca	2	25788
unutan	2	25789
unutarak	2	25790
unutmadı	2	25791
unutmamak	2	25792
unuttuğu	2	25793
unuttuğunu	2	25794
unutulmaya	2	25795
unutulmuş	2	25796
unvanları	2	25797
unvanı	2	25798
unvanını	2	25799
ustalara	2	25800
utanılacak	2	25801
utanır	2	25802
uyan	2	25803
uyandırıyor	2	25804
uyardığı	2	25805
uyarmamıza	2	25806
uyarıcı	2	25807
uyarılara	2	25808
uyarılarını	2	25809
uyarılarıyla	2	25810
uyarıldığı	2	25811
uyarıyorum	2	25812
uygarlık	2	25813
uygulamadaki	2	25814
uygulamadır	2	25815
uygulamak	2	25816
uygulamalarda	2	25817
uygulamalarında	2	25818
uygulamalarıyla	2	25819
uygulamamız	2	25820
uygulamasında	2	25821
uygulamasıyla	2	25822
uygulamayla	2	25823
uygulanmasının	2	25824
uygulanmayacak	2	25825
uygulanmıştır	2	25826
uygulayacak	2	25827
uygulayacağı	2	25828
uykunun	2	25829
uykusundan	2	25830
uykusuzluğun	2	25831
uyluk	2	25832
uyulması	2	25833
uyup	2	25834
uyurken	2	25835
uyusun	2	25836
uyuz	2	25837
uzaklaşmak	2	25838
uzaklaştırma	2	25839
uzaklaştırmaya	2	25840
uzaklaştırılan	2	25841
uzaklıktaki	2	25842
uzamasını	2	25843
uzandı	2	25844
uzatarak	2	25845
uzatmalarda	2	25846
uzattığını	2	25847
uzatılacak	2	25848
uzatılmasını	2	25849
uzayda	2	25850
uzaydaki	2	25851
uzlaşmacı	2	25852
uzlaşı	2	25853
uzmanlarımız	2	25854
uzmanların	2	25855
uzmanına	2	25856
uzunca	2	25857
uzunluğundaki	2	25858
uzunluğuyla	2	25859
uçakların	2	25860
uçaklarını	2	25861
uçağında	2	25862
uçağını	2	25863
uçması	2	25864
uçta	2	25865
uçtan	2	25866
uçuşlar	2	25867
uçuşları	2	25868
uğramamış	2	25869
uğrattığı	2	25870
uğraştılar	2	25871
uğruyor	2	25872
uğurlanacak	2	25873
vaadini	2	25874
vaatlerde	2	25875
vaatlerine	2	25876
vadileri	2	25877
vagon	2	25878
vahşet	2	25879
vakaları	2	25880
vakaların	2	25881
vakalarına	2	25882
vakalarında	2	25883
vakalarını	2	25884
vakalarının	2	25885
vakitleri	2	25886
varili	2	25887
varlıklarda	2	25888
varlıkların	2	25889
varlıklarının	2	25890
varlığında	2	25891
varlığıyla	2	25892
varmadan	2	25893
varoluşsal	2	25894
varyantın	2	25895
varılan	2	25896
varılmıştır	2	25897
varıncaya	2	25898
varız	2	25899
varış	2	25900
varışlı	2	25901
vasiyet	2	25902
vatandaşlarımızdan	2	25903
vatandaşlığını	2	25904
vatandaştır	2	25905
vatandaşımızı	2	25906
vatandaşının	2	25907
vatandaşıyla	2	25908
vatanın	2	25909
vatanını	2	25910
vazgeçilmezlerinden	2	25911
vazgeçip	2	25912
vazgeçmesi	2	25913
vazgeçmeyeceğiz	2	25914
vazgeçtim	2	25915
vazgeçtiğini	2	25916
vefatıyla	2	25917
vektörle	2	25918
verdiniz	2	25919
verdiysek	2	25920
verdiğimizi	2	25921
verdiğinde	2	25922
verebilecek	2	25923
vereceksiniz	2	25924
verecektir	2	25925
veremeyen	2	25926
verenlerle	2	25927
vergileme	2	25928
vergilendirilmesi	2	25929
verginin	2	25930
vergisinden	2	25931
vergisini	2	25932
verildikten	2	25933
verileceğini	2	25934
verilerde	2	25935
verilerin	2	25936
verilerle	2	25937
verilir	2	25938
verilmelidir	2	25939
verilmeye	2	25940
verimliliğine	2	25941
verirsiniz	2	25942
veriyorsunuz	2	25943
vermediler	2	25944
vermediniz	2	25945
vermekten	2	25946
vermeleri	2	25947
vermeme	2	25948
vermemesi	2	25949
vermemiz	2	25950
vermesinden	2	25951
vermesinin	2	25952
vermeyeceği	2	25953
vermeyeceğim	2	25954
vermeyelim	2	25955
vermezken	2	25956
vermezlerse	2	25957
vermiyorsunuz	2	25958
vermiyoruz	2	25959
vermişiz	2	25960
vermişler	2	25961
versiyonunun	2	25962
veto	2	25963
vicdanın	2	25964
videolar	2	25965
videolarla	2	25966
videolarını	2	25967
villası	2	25968
virajda	2	25969
virajlı	2	25970
virüse	2	25971
viski	2	25972
vitaminleri	2	25973
viteste	2	25974
vizyonun	2	25975
vişne	2	25976
vudu	2	25977
vuracak	2	25978
vuracaksınız	2	25979
vurdukça	2	25980
vurdum	2	25981
vurguladık	2	25982
vurguladım	2	25983
vurgun	2	25984
vurgununda	2	25985
vurgusunu	2	25986
vursalar	2	25987
vurulduğunda	2	25988
vurulması	2	25989
vurumu	2	25990
vurup	2	25991
vuruşlarda	2	25992
vuruşu	2	25993
vuruşuyla	2	25994
vücudumuza	2	25995
vücudumuzun	2	25996
vücuduna	2	25997
vücudundaki	2	25998
vücutlarının	2	25999
vücuttan	2	26000
vız	2	26001
watt	2	26002
yabancılara	2	26003
yabancısı	2	26004
yabancıya	2	26005
yada	2	26006
yahut	2	26007
yaka	2	26008
yakalamalı	2	26009
yakalamaya	2	26010
yakalanamadı	2	26011
yakalayamadık	2	26012
yakalılar	2	26013
yakar	2	26014
yakarak	2	26015
yakasında	2	26016
yakasındaki	2	26017
yaklaştıkça	2	26018
yaklaştığı	2	26019
yaklaştığını	2	26020
yaklaşılan	2	26021
yaklaşımlar	2	26022
yaklaşımlarla	2	26023
yaklaşımların	2	26024
yaklaşımlarının	2	26025
yaklaşıyor	2	26026
yakmaya	2	26027
yakıcı	2	26028
yakılarak	2	26029
yakındaki	2	26030
yakınlarını	2	26031
yakınlık	2	26032
yakınlığıyla	2	26033
yakınsayana	2	26034
yakıyor	2	26035
yakışan	2	26036
yalandır	2	26037
yalanlama	2	26038
yalanlandı	2	26039
yalanlarla	2	26040
yalın	2	26041
yama	2	26042
yamaç	2	26043
yanayız	2	26044
yanaşırken	2	26045
yandaşlara	2	26046
yandığını	2	26047
yangınla	2	26048
yangınlarda	2	26049
yangınların	2	26050
yanlıştır	2	26051
yanlışı	2	26052
yanması	2	26053
yanmış	2	26054
yansımasıdır	2	26055
yansıtmamaktadır	2	26056
yansıtması	2	26057
yansıyacak	2	26058
yansıyacağı	2	26059
yanıltmak	2	26060
yanındadır	2	26061
yanını	2	26062
yanıtlamak	2	26063
yanıtlar	2	26064
yanıtları	2	26065
yapa	2	26066
yapabilecekleri	2	26067
yapabileceğimiz	2	26068
yapabileceğimizi	2	26069
yapabileceğine	2	26070
yapabilme	2	26071
yapacaklar	2	26072
yapacaksınız	2	26073
yapamadı	2	26074
yapamadığı	2	26075
yapamadığının	2	26076
yapamamanın	2	26077
yapamayacağı	2	26078
yapamayacağını	2	26079
yapamayan	2	26080
yapanlara	2	26081
yapanı	2	26082
yapanın	2	26083
yaparlarsa	2	26084
yaparsan	2	26085
yaparsınız	2	26086
yapmada	2	26087
yapmadıklarını	2	26088
yapmakla	2	26089
yapmamış	2	26090
yapmanıza	2	26091
yapmanızı	2	26092
yapmasında	2	26093
yapmasından	2	26094
yapmayacağını	2	26095
yapmayan	2	26096
yapmayın	2	26097
yapmaz	2	26098
yapmışlar	2	26099
yapmıştık	2	26100
yaprakları	2	26101
yaptıklarımızı	2	26102
yaptıklarının	2	26103
yaptıklarıyla	2	26104
yaptırarak	2	26105
yaptırma	2	26106
yaptırmaları	2	26107
yaptırması	2	26108
yaptırmayı	2	26109
yaptırıldığını	2	26110
yaptırımlara	2	26111
yaptırımların	2	26112
yapılabileceğini	2	26113
yapılamaması	2	26114
yapılamayacak	2	26115
yapılamıyor	2	26116
yapılandırma	2	26117
yapılandırılması	2	26118
yapılanmasında	2	26119
yapılarında	2	26120
yapılarından	2	26121
yapılarının	2	26122
yapılmamasına	2	26123
yapılmamasının	2	26124
yapılmamış	2	26125
yapılmasıyla	2	26126
yapılmıyor	2	26127
yapılmıştır	2	26128
yapılsa	2	26129
yapılsaydı	2	26130
yapılı	2	26131
yapımlarla	2	26132
yapımız	2	26133
yapınca	2	26134
yapısalları	2	26135
yapıyorsun	2	26136
yaralanamayacak	2	26137
yaralananların	2	26138
yaralananın	2	26139
yaralanmış	2	26140
yaralanmıştır	2	26141
yaralar	2	26142
yaralıları	2	26143
yaralılarımıza	2	26144
yaralıyor	2	26145
yaramaz	2	26146
yarardan	2	26147
yararlanacak	2	26148
yararlanma	2	26149
yararlanmayı	2	26150
yararlanıyor	2	26151
yarası	2	26152
yaratabileceği	2	26153
yaratabileceğini	2	26154
yaratması	2	26155
yaratmaya	2	26156
yaratmayı	2	26157
yarattık	2	26158
yaratıcılarından	2	26159
yaratıcılığını	2	26160
yaratılması	2	26161
yaratır	2	26162
yarayı	2	26163
yardımcılığını	2	26164
yardımlara	2	26165
yardımsever	2	26166
yardımında	2	26167
yargılanması	2	26168
yargıyı	2	26169
yarılanma	2	26170
yarına	2	26171
yarışan	2	26172
yarışlarda	2	26173
yarışmacılara	2	26174
yarışmalar	2	26175
yarıştı	2	26176
yarışını	2	26177
yarışıyor	2	26178
yasaklandı	2	26179
yasaklandığı	2	26180
yasaklanmasına	2	26181
yasakçı	2	26182
yasalarını	2	26183
yasalaşması	2	26184
yasasının	2	26185
yasağın	2	26186
yasağına	2	26187
yastık	2	26188
yastıklara	2	26189
yatacağı	2	26190
yataklık	2	26191
yatağa	2	26192
yatağı	2	26193
yatmadan	2	26194
yatıran	2	26195
yatıranın	2	26196
yatırdıkları	2	26197
yatırılacak	2	26198
yatırılan	2	26199
yatırılması	2	26200
yatırıma	2	26201
yatırımcılarına	2	26202
yatırımlarımızla	2	26203
yatırımlarımızı	2	26204
yatırımlarıyla	2	26205
yatırımımız	2	26206
yatırımın	2	26207
yavaşlama	2	26208
yavaşlamaya	2	26209
yavaşlatmaya	2	26210
yavaşlayan	2	26211
yavruları	2	26212
yavrusuna	2	26213
yayalara	2	26214
yayaların	2	26215
yayaya	2	26216
yaygınlaşan	2	26217
yaygınlaştırma	2	26218
yayılabilir	2	26219
yayılacağını	2	26220
yayıldığını	2	26221
yayılma	2	26222
yayılmasına	2	26223
yayılmaya	2	26224
yayımlanacak	2	26225
yayımlanacaktır	2	26226
yayımlanması	2	26227
yayımlayan	2	26228
yayımlayarak	2	26229
yayıncısı	2	26230
yayınla	2	26231
yayınladıkları	2	26232
yayınlar	2	26233
yayınlarda	2	26234
yayınlarla	2	26235
yayınlayan	2	26236
yayıyor	2	26237
yazarken	2	26238
yazarlık	2	26239
yazarlığı	2	26240
yazdım	2	26241
yazdırmayı	2	26242
yazlık	2	26243
yazmıştı	2	26244
yazılar	2	26245
yazıları	2	26246
yazılır	2	26247
yazımda	2	26248
yazının	2	26249
yazısının	2	26250
yazısıyla	2	26251
yazıya	2	26252
yağacak	2	26253
yağdır	2	26254
yağdıran	2	26255
yağdırdığı	2	26256
yağları	2	26257
yağmura	2	26258
yağmuru	2	26259
yağın	2	26260
yağışa	2	26261
yağışlara	2	26262
yaşamadı	2	26263
yaşamadığı	2	26264
yaşamamak	2	26265
yaşamaması	2	26266
yaşamda	2	26267
yaşamlarına	2	26268
yaşamlarında	2	26269
yaşamındaki	2	26270
yaşamının	2	26271
yaşamıyor	2	26272
yaşamıştı	2	26273
yaşanabileceği	2	26274
yaşanabileceğini	2	26275
yaşandığının	2	26276
yaşanmamasını	2	26277
yaşanmasına	2	26278
yaşantının	2	26279
yaşantısında	2	26280
yaşanılması	2	26281
yaşartıcı	2	26282
yaşasa	2	26283
yaşatmasın	2	26284
yaşatılması	2	26285
yaşatıyor	2	26286
yaşayabilecekleri	2	26287
yaşayacağına	2	26288
yaşayarak	2	26289
yaşayıp	2	26290
yaşla	2	26291
yaşlanmasını	2	26292
yaşlarına	2	26293
yaşlarından	2	26294
yaşlılara	2	26295
yaşlılarda	2	26296
yaşımda	2	26297
yaşındaydı	2	26298
yaşıt	2	26299
yaşıyordu	2	26300
yediler	2	26301
yedinci	2	26302
yediğimiz	2	26303
yediğini	2	26304
yegane	2	26305
yelken	2	26306
yelpazesi	2	26307
yelpazeye	2	26308
yem	2	26309
yemekhane	2	26310
yemeklerde	2	26311
yemeye	2	26312
yemeğin	2	26313
yemeğinde	2	26314
yemini	2	26315
yemiş	2	26316
yenildi	2	26317
yeniledi	2	26318
yenilemenin	2	26319
yenilen	2	26320
yenilenecek	2	26321
yenilenmesini	2	26322
yenilerini	2	26323
yenilgisi	2	26324
yenilgisine	2	26325
yenilgisini	2	26326
yenilgiyle	2	26327
yenilikleri	2	26328
yenilince	2	26329
yeniliği	2	26330
yenir	2	26331
yenisini	2	26332
yerdeyiz	2	26333
yerlerin	2	26334
yerlerindeki	2	26335
yerleşen	2	26336
yerleşkesi	2	26337
yerleşkesinde	2	26338
yerleşkesindeki	2	26339
yerleşkesine	2	26340
yerleştirilip	2	26341
yerleştirip	2	26342
yerleştirmeye	2	26343
yeryüzünde	2	26344
yeteneğinizi	2	26345
yeteri	2	26346
yeterliliğe	2	26347
yeterliliğini	2	26348
yetinmeyen	2	26349
yetişeceği	2	26350
yetişip	2	26351
yetişir	2	26352
yetişiyor	2	26353
yetişkinden	2	26354
yetişkinler	2	26355
yetişkinlerde	2	26356
yetişmesi	2	26357
yetişmesine	2	26358
yetişmiş	2	26359
yetişti	2	26360
yetiştiricileri	2	26361
yetiştirmektir	2	26362
yetkilendirilmiş	2	26363
yetkiler	2	26364
yetkililerimizden	2	26365
yetkililerinden	2	26366
yetkililerle	2	26367
yetkilisine	2	26368
yetkim	2	26369
yetkin	2	26370
yetkisine	2	26371
yetkisiz	2	26372
yetmezmiş	2	26373
yeğen	2	26374
yineliyoruz	2	26375
yitirecek	2	26376
yitirmişti	2	26377
yiyeceklere	2	26378
yla	2	26379
yokluğunda	2	26380
yokmuş	2	26381
yokuz	2	26382
yolculuklarında	2	26383
yollarında	2	26384
yolsuzlukla	2	26385
yolumuzu	2	26386
yorulur	2	26387
yoruma	2	26388
yorumcu	2	26389
yorumcuları	2	26390
yorumda	2	26391
yorumladı	2	26392
yorumlanmaktadır	2	26393
yorumlanıyor	2	26394
yoğum	2	26395
yoğunluklu	2	26396
yoğunlukta	2	26397
yoğunluktan	2	26398
yoğunluğun	2	26399
yoğurdun	2	26400
yoğurun	2	26401
yukarıya	2	26402
yumrukla	2	26403
yumruklu	2	26404
yumurtaların	2	26405
yumurtayı	2	26406
yurda	2	26407
yurtdışı	2	26408
yurtdışından	2	26409
yurtiçi	2	26410
yurtta	2	26411
yurttaşlara	2	26412
yurttaşlarımıza	2	26413
yutmak	2	26414
yuvarlağı	2	26415
yuvasına	2	26416
yuvasını	2	26417
yuvaya	2	26418
yöneldiğini	2	26419
yönelirken	2	26420
yönelmek	2	26421
yöneltmiştir	2	26422
yöneteceği	2	26423
yöneteceğini	2	26424
yöneteceğiz	2	26425
yöneticileriyle	2	26426
yöneticilerle	2	26427
yöneticiliği	2	26428
yöneticisinin	2	26429
yönetildiğini	2	26430
yönetimden	2	26431
yönetimiyle	2	26432
yönetimlerdeki	2	26433
yönetimlere	2	26434
yönetimleri	2	26435
yönetimsel	2	26436
yönetiyoruz	2	26437
yönetmekten	2	26438
yönetmelikle	2	26439
yönetmeliğin	2	26440
yönetmenlik	2	26441
yönlendirerek	2	26442
yönlendirmesiyle	2	26443
yönleri	2	26444
yönleriyle	2	26445
yöntemde	2	26446
yöntemin	2	26447
yöntemini	2	26448
yöntemlerini	2	26449
yöntemlerinin	2	26450
yöntemlerle	2	26451
yönünü	2	26452
yörenin	2	26453
yöresi	2	26454
yörüngede	2	26455
yörüngesinde	2	26456
yörüngesine	2	26457
yüklenen	2	26458
yüklenmeye	2	26459
yükler	2	26460
yüklerini	2	26461
yükseklerinde	2	26462
yüksekliğindeki	2	26463
yüksekten	2	26464
yükseleceğini	2	26465
yükseliyor	2	26466
yükselişine	2	26467
yükselmesinde	2	26468
yükselmeyi	2	26469
yükselmiş	2	26470
yükseltildi	2	26471
yükseltilmesi	2	26472
yükseltilmişti	2	26473
yükseltiyor	2	26474
yükümlülüklerini	2	26475
yükümlülüğüne	2	26476
yükün	2	26477
yüreklerin	2	26478
yüreğimizi	2	26479
yüreğinin	2	26480
yürüdüklerini	2	26481
yürüdüğü	2	26482
yürürlükte	2	26483
yürüteceğiz	2	26484
yürüttüğümüz	2	26485
yürüttüğünü	2	26486
yürütüldü	2	26487
yürütüldüğü	2	26488
yürütüldüğünü	2	26489
yürütülmesine	2	26490
yürütülür	2	26491
yürütüyordu	2	26492
yürüye	2	26493
yürüyor	2	26494
yürüyoruz	2	26495
yüzeyde	2	26496
yüzeyi	2	26497
yüzeyinde	2	26498
yüzeyinden	2	26499
yüzleri	2	26500
yüzleşen	2	26501
yüzlü	2	26502
yüzmek	2	26503
yüzyıldan	2	26504
yüzyılının	2	26505
yüzükler	2	26506
yüzüncü	2	26507
yüzüp	2	26508
yüzüğü	2	26509
yıkamanın	2	26510
yıkamanız	2	26511
yıkan	2	26512
yıkanabilir	2	26513
yıkanma	2	26514
yıkarken	2	26515
yıktığı	2	26516
yıktığını	2	26517
yıkılacak	2	26518
yıkılacağını	2	26519
yıkılma	2	26520
yıkılmasının	2	26521
yıkılışını	2	26522
yıkımın	2	26523
yılanı	2	26524
yılbaşına	2	26525
yıldönümü	2	26526
yıldırımın	2	26527
yıldızlarını	2	26528
yıldızını	2	26529
yılla	2	26530
yıllarından	2	26531
yıllıklandırılmış	2	26532
yılmadan	2	26533
yırtık	2	26534
yığın	2	26535
yığınak	2	26536
yığınları	2	26537
zaferin	2	26538
zahmet	2	26539
zalim	2	26540
zalimlere	2	26541
zamanlaması	2	26542
zamanları	2	26543
zamanınız	2	26544
zamda	2	26545
zamlandı	2	26546
zamlara	2	26547
zamlarla	2	26548
zammına	2	26549
zammının	2	26550
zanlısının	2	26551
zannediyorum	2	26552
zaptı	2	26553
zarafet	2	26554
zararların	2	26555
zararlarını	2	26556
zararsız	2	26557
zarflarını	2	26558
zayıflama	2	26559
zayıflatır	2	26560
zayıflatıyor	2	26561
zayıflığının	2	26562
zedelendiği	2	26563
zedeleyen	2	26564
zehirlenmeleri	2	26565
zehirlenmesine	2	26566
zehri	2	26567
zekat	2	26568
zeminden	2	26569
zemini	2	26570
zemininin	2	26571
zengini	2	26572
zenginlerin	2	26573
zenginleşme	2	26574
zenginliklerini	2	26575
zerdeçal	2	26576
zevk	2	26577
zihin	2	26578
zihniyete	2	26579
zikrini	2	26580
zincirlenmiş	2	26581
zincirlerinden	2	26582
zirvedeki	2	26583
zirveden	2	26584
zirvelere	2	26585
zirvelerine	2	26586
zirvesine	2	26587
zirvesini	2	26588
ziyan	2	26589
ziyaretimizi	2	26590
ziyaretinden	2	26591
ziyaretine	2	26592
ziyaretlerine	2	26593
ziyaretçilerden	2	26594
ziyaretçilerine	2	26595
zora	2	26596
zordu	2	26597
zordur	2	26598
zorladı	2	26599
zorlanacak	2	26600
zorlandı	2	26601
zorlanma	2	26602
zorlaştırdı	2	26603
zorluklarına	2	26604
zorluklarını	2	26605
zorundadır	2	26606
zorundadırlar	2	26607
zorunludur	2	26608
zorunluluk	2	26609
zorunluluktur	2	26610
zorunluluğunun	2	26611
zoruyla	2	26612
zulümler	2	26613
çks	2	26614
çalışkur	2	26615
çalıştayı	2	26616
çamlıca	2	26617
çamlık	2	26618
çanak'ın	2	26619
çanakkale'den	2	26620
çanakkale'nin	2	26621
çanakkale'ye	2	26622
çandır	2	26623
çanta	2	26624
çapan'ın	2	26625
çapkını	2	26626
çarşısı	2	26627
çarşısı'nın	2	26628
çat	2	26629
çatalca	2	26630
çatalca'da	2	26631
çayırovalı	2	26632
çağatay	2	26633
çekimleri	2	26634
çelik'in	2	26635
çeltik	2	26636
çerkezköy	2	26637
çevik'in	2	26638
çeçen	2	26639
çiler	2	26640
çimen	2	26641
çimento	2	26642
çin'deki	2	26643
çin'den	2	26644
çin'i	2	26645
çobanoğlu	2	26646
çocuğumun	2	26647
çokçetin	2	26648
çolak	2	26649
çoluk	2	26650
çoruh	2	26651
çoğaç	2	26652
çubuk	2	26653
çölleşme	2	26654
çınar'ın	2	26655
çınarlı	2	26656
ösym'nin	2	26657
öcal	2	26658
öcalan'a	2	26659
öcalan'ın	2	26660
ödülleri'nde	2	26661
öksüz	2	26662
öktem	2	26663
ökten	2	26664
ölüdeniz	2	26665
ömer'in	2	26666
önderoğlu'nun	2	26667
öner	2	26668
örencik	2	26669
örgütlü	2	26670
örgütü'ne	2	26671
örgütü'nün	2	26672
örümcer	2	26673
öyleyse	2	26674
özal	2	26675
özalan	2	26676
özcan'a	2	26677
özdoğan	2	26678
özel'den	2	26679
özelmacıklı	2	26680
özerden	2	26681
özgül	2	26682
özkul'un	2	26683
öznur	2	26684
özsoy	2	26685
öztekin	2	26686
özvar	2	26687
özyurt	2	26688
öğrencilik	2	26689
ülkücü	2	26690
ümran	2	26691
ünitenin	2	26692
üniversitesinin	2	26693
ünlüer	2	26694
üstat	2	26695
ütü	2	26696
üyelerimize	2	26697
çabalarımızı	2	26698
çabasının	2	26699
çabaya	2	26700
çabayı	2	26701
çabukluk	2	26702
çadırlarını	2	26703
çalacak	2	26704
çalılar	2	26705
çalınmasıyla	2	26706
çalınmış	2	26707
çalışacaklarını	2	26708
çalışacağı	2	26709
çalışalım	2	26710
çalışana	2	26711
çalışanlarımız	2	26712
çalışanının	2	26713
çalışmadığını	2	26714
çalışmakta	2	26715
çalışmaktan	2	26716
çalışmalardan	2	26717
çalışmalarımızın	2	26718
çalışmalarından	2	26719
çalışmıyor	2	26720
çalıştığım	2	26721
çalıştığımız	2	26722
çalıştığınızı	2	26723
çalışılan	2	26724
çalışıldı	2	26725
çalışıldığı	2	26726
çalışılması	2	26727
çalışılsa	2	26728
çalışılır	2	26729
çalışırız	2	26730
çalışıyordum	2	26731
çalışıyorsunuz	2	26732
çamaşırları	2	26733
çamurlu	2	26734
çanak	2	26735
çanları	2	26736
çantayı	2	26737
çaprazda	2	26738
çaresizce	2	26739
çarpma	2	26740
çarptırmıştı	2	26741
çarptırılmıştı	2	26742
çarpıyor	2	26743
çarşıya	2	26744
çatal	2	26745
çatlakların	2	26746
çattı	2	26747
çatıdan	2	26748
çatılarında	2	26749
çatısından	2	26750
çatıya	2	26751
çatışmayı	2	26752
çavuşu	2	26753
çayla	2	26754
çayları	2	26755
çayını	2	26756
çağa	2	26757
çağrılarda	2	26758
çağrıldı	2	26759
çağrısının	2	26760
çağırdığı	2	26761
çehresini	2	26762
çekebilecek	2	26763
çeki	2	26764
çekicidir	2	26765
çekiciye	2	26766
çekildiğine	2	26767
çekilecek	2	26768
çekilip	2	26769
çekilir	2	26770
çekilirken	2	26771
çekilişinde	2	26772
çekilişle	2	26773
çekilmediği	2	26774
çekilmek	2	26775
çekilmenin	2	26776
çekilmişti	2	26777
çekiminde	2	26778
çekimine	2	26779
çekimlerde	2	26780
çekimlerin	2	26781
çekinmezler	2	26782
çekirdeksiz	2	26783
çekirdeğine	2	26784
çekirdeğinin	2	26785
çekmekte	2	26786
çekmeli	2	26787
çektiler	2	26788
çektirdiler	2	26789
çerçevesinin	2	26790
çevirdiği	2	26791
çeviri	2	26792
çevirme	2	26793
çevirmek	2	26794
çevredekiler	2	26795
çevrelerini	2	26796
çevrenin	2	26797
çevrilmesinin	2	26798
çevrilmiş	2	26799
çevrim	2	26800
çeyreğindeki	2	26801
çeşide	2	26802
çeşitleri	2	26803
çeşitlilik	2	26804
çeşitliliğe	2	26805
çeşitliliğin	2	26806
çeşitliliğini	2	26807
çeşmenin	2	26808
çiftlere	2	26809
çiftçileri	2	26810
çiftçilerimize	2	26811
çiftçilik	2	26812
çiftçinin	2	26813
çile	2	26814
çileden	2	26815
çilesini	2	26816
çimler	2	26817
çipli	2	26818
çivi	2	26819
çizelim	2	26820
çizgi	2	26821
çizgisi	2	26822
çizgisine	2	26823
çizildi	2	26824
çizilmesi	2	26825
çizim	2	26826
çobanlık	2	26827
çocukla	2	26828
çocuklarım	2	26829
çocuktan	2	26830
çocuğumuzun	2	26831
çocuğundan	2	26832
çocuğunuzun	2	26833
çocuğuyla	2	26834
çokluğu	2	26835
çorap	2	26836
çorbalar	2	26837
çoğaltılması	2	26838
çoğulcu	2	26839
çoğunda	2	26840
çoğunluğunu	2	26841
çukura	2	26842
çukurdan	2	26843
çökmeye	2	26844
çöktüğünü	2	26845
çöküyor	2	26846
çöl	2	26847
çöpe	2	26848
çöplük	2	26849
çöpten	2	26850
çözeceğini	2	26851
çözeceğiz	2	26852
çözme	2	26853
çözmemiz	2	26854
çözülecek	2	26855
çözülme	2	26856
çözülsün	2	26857
çözümlerine	2	26858
çözümünü	2	26859
çözümünün	2	26860
çık	2	26861
çıkabiliyor	2	26862
çıkacaklarını	2	26863
çıkacaktır	2	26864
çıkacağım	2	26865
çıkalım	2	26866
çıkamaz	2	26867
çıkanlar	2	26868
çıkardığına	2	26869
çıkarların	2	26870
çıkarmakla	2	26871
çıkarmasını	2	26872
çıkartan	2	26873
çıkartma	2	26874
çıkarttı	2	26875
çıkartılması	2	26876
çıkarıldıktan	2	26877
çıkarılırken	2	26878
çıkmadığı	2	26879
çıkmadığını	2	26880
çıkmaları	2	26881
çıkmalı	2	26882
çıkmasın	2	26883
çıkmayın	2	26884
çıksa	2	26885
çıktığım	2	26886
çıkılacak	2	26887
çıkılan	2	26888
çıkın	2	26889
çıkıyorlar	2	26890
çırpındığını	2	26891
çığlıkları	2	26892
çığlıklarını	2	26893
çığır	2	26894
öbür	2	26895
ödedim	2	26896
ödemeden	2	26897
ödemelere	2	26898
ödemesiyle	2	26899
ödemeyen	2	26900
ödenecektir	2	26901
ödeneceğini	2	26902
ödev	2	26903
ödeyebilir	2	26904
ödeyeceğiz	2	26905
ödeyelim	2	26906
ödeyemez	2	26907
ödeyerek	2	26908
ödülden	2	26909
ödüllerle	2	26910
öldürerek	2	26911
öldürmeyi	2	26912
öldürmüyor	2	26913
öldürmüştü	2	26914
öldürüldükten	2	26915
öldürülmesinin	2	26916
öldürülmüş	2	26917
öldürülmüştür	2	26918
öldürürse	2	26919
öldüğünün	2	26920
ölsem	2	26921
ölçen	2	26922
ölçü	2	26923
ölçüm	2	26924
ölümlerin	2	26925
ölümlerine	2	26926
ölümlü	2	26927
ölümünde	2	26928
ölümünden	2	26929
ölüyor	2	26930
ömrü	2	26931
ömrünün	2	26932
öncede	2	26933
önceleyen	2	26934
önceliklerimiz	2	26935
önceliği	2	26936
öncesinin	2	26937
önderleri	2	26938
önderliğinde	2	26939
önderliğindeki	2	26940
önemin	2	26941
önemsiz	2	26942
öneren	2	26943
önergesi	2	26944
önerilere	2	26945
önerilerin	2	26946
önerilerine	2	26947
önerisine	2	26948
önerisini	2	26949
önerisiyle	2	26950
öneriyoruz	2	26951
öngören	2	26952
öngörülebilirlik	2	26953
öngörülemez	2	26954
öngörülmesi	2	26955
öngörülüyordu	2	26956
öngörüsünde	2	26957
önlemede	2	26958
önlemeyi	2	26959
önlemlere	2	26960
önlenebilir	2	26961
önlenmesinde	2	26962
önlenmeye	2	26963
önlerinde	2	26964
önleyemedi	2	26965
önleyerek	2	26966
önlisans	2	26967
önümüzden	2	26968
öptü	2	26969
öpüyorum	2	26970
örgü	2	26971
örgün	2	26972
örgüsü	2	26973
örgütler	2	26974
örgütlerin	2	26975
örgütleriyle	2	26976
örnekle	2	26977
örneklerinden	2	26978
örneğidir	2	26979
örneğini	2	26980
örtbas	2	26981
örtülü	2	26982
örtüsü	2	26983
öteki	2	26984
ötenazi	2	26985
ötesi	2	26986
övdü	2	26987
öve	2	26988
övgüyle	2	26989
öyleydi	2	26990
özelde	2	26991
özelliklerinin	2	26992
özellikte	2	26993
özelliğine	2	26994
özelliğinin	2	26995
özeni	2	26996
özetledi	2	26997
özetlersek	2	26998
özetleyelim	2	26999
özgürlükler	2	27000
özgürlüklerini	2	27001
özgürlüğe	2	27002
özgürlüğün	2	27003
özgüveni	2	27004
özlemi	2	27005
özlemle	2	27006
özne	2	27007
özveri	2	27008
özçekim	2	27009
özüdür	2	27010
özünü	2	27011
öğrencilerimiz	2	27012
öğrencilerle	2	27013
öğrendikleri	2	27014
öğrendiklerini	2	27015
öğrendiği	2	27016
öğrendiğimiz	2	27017
öğrenebilirler	2	27018
öğrenilecek	2	27019
öğrenilir	2	27020
öğrenilmeyen	2	27021
öğrenince	2	27022
öğrenmeden	2	27023
öğrenmeleri	2	27024
öğrenmenin	2	27025
öğrenmeye	2	27026
öğretici	2	27027
öğretir	2	27028
öğretiyor	2	27029
öğretmenlerimiz	2	27030
öğretmenlerle	2	27031
öğretmenliği	2	27032
ü	2	27033
ücretler	2	27034
ücretlere	2	27035
ücretlerinde	2	27036
ücretleriyle	2	27037
ücretliler	2	27038
ücretlinin	2	27039
ülkesini	2	27040
ünite	2	27041
ünitesinden	2	27042
ünitesine	2	27043
ünitesinin	2	27044
üniversiteden	2	27045
üniversitelerin	2	27046
üniversitelerinin	2	27047
üniversiteyi	2	27048
ünlüler	2	27049
üretebilir	2	27050
üreteceğiz	2	27051
üreticilerimizin	2	27052
üreticiliği	2	27053
üretildi	2	27054
üretildiğini	2	27055
üretilmesini	2	27056
üretilmeye	2	27057
üretilmiş	2	27058
üretimindeki	2	27059
üretip	2	27060
üretmekle	2	27061
üretmesi	2	27062
üretmesine	2	27063
ürkek	2	27064
ürkütücü	2	27065
ürünlerden	2	27066
ürünlerindeki	2	27067
ürünlerinden	2	27068
üstlendi	2	27069
üstleniyor	2	27070
üstlenmiş	2	27071
üstümüze	2	27072
üstündeki	2	27073
üstünlükle	2	27074
üyeden	2	27075
üyelerimizin	2	27076
üyelerle	2	27077
üyenin	2	27078
üzecek	2	27079
üzereyken	2	27080
üzerime	2	27081
üzerinin	2	27082
üzgün	2	27083
üçe	2	27084
üçten	2	27085
üçü	2	27086
ibb'de	2	27087
ihh	2	27088
iski'nin	2	27089
ibn	2	27090
idlib	2	27091
idlib'de	2	27092
ihracatçıları	2	27093
ihracatımızı	2	27094
ikizce	2	27095
ikra	2	27096
ilgezdi	2	27097
iliç'te	2	27098
imamoğlu'nu	2	27099
inanır'ın	2	27100
ince'ye	2	27101
incil'den	2	27102
ingilizler	2	27103
ingiltere'deki	2	27104
inisiyatifi	2	27105
inter	2	27106
internetteki	2	27107
ipek'in	2	27108
ipekyolu	2	27109
ipsala	2	27110
iran'daki	2	27111
iranlıların	2	27112
iskilip	2	27113
islam'ı	2	27114
islamiyet	2	27115
ismil	2	27116
ispanya'nın	2	27117
israilliler	2	27118
istanbul'la	2	27119
istanbullular	2	27120
istanbulspor'u	2	27121
istasyonu	2	27122
isteğinize	2	27123
istinye	2	27124
isveç'e	2	27125
isveç'te	2	27126
isveçli	2	27127
italya'daki	2	27128
ittifakı'nda	2	27129
izbbşt	2	27130
izmitlilere	2	27131
izzeddin	2	27132
ılıman	2	27133
ılımlı	2	27134
ıslah	2	27135
ısrarlı	2	27136
ısrarıyla	2	27137
ısıda	2	27138
ısınan	2	27139
ısınarak	2	27140
ısınmanın	2	27141
ısıtan	2	27142
ışkın	2	27143
ışıkları	2	27144
ışınlar	2	27145
ışığın	2	27146
ışığından	2	27147
şbs	2	27148
şaban	2	27149
şadan	2	27150
şahan'ın	2	27151
şalom	2	27152
şam'da	2	27153
şansalan	2	27154
şardan	2	27155
şefik	2	27156
şekere	2	27157
şekib	2	27158
şenay'ın	2	27159
şenel	2	27160
şengör	2	27161
şenler	2	27162
şentürk'ün	2	27163
şerafettin	2	27164
şeria'daki	2	27165
şeriatı	2	27166
şerif	2	27167
şerife	2	27168
şerifi'nde	2	27169
şevval	2	27170
şeybani'nin	2	27171
şimşek'le	2	27172
şirketi'nin	2	27173
şişecam	2	27174
şişli'de	2	27175
şişlili	2	27176
şoförler	2	27177
şuanda	2	27178
şubat'a	2	27179
şule	2	27180
şura	2	27181
şükran	2	27182
şiö	2	27183
şık'ın	2	27184
şaha	2	27185
şahsiyet	2	27186
şahıslardan	2	27187
şahısları	2	27188
şahıstan	2	27189
şampiyonada	2	27190
şampiyonlukta	2	27191
şansına	2	27192
şansınız	2	27193
şapka	2	27194
şarjda	2	27195
şarjlı	2	27196
şarkıların	2	27197
şarkının	2	27198
şarkısını	2	27199
şartlara	2	27200
şartlarında	2	27201
şartlarının	2	27202
şartlı	2	27203
şarttır	2	27204
şasi	2	27205
şayan	2	27206
şaşkınlıkla	2	27207
şaşıranlar	2	27208
şaşırmıyoruz	2	27209
şaşırtan	2	27210
şaşırıyorum	2	27211
şebeke	2	27212
şebekesi	2	27213
şeffaflığı	2	27214
şefkatiyle	2	27215
şefler	2	27216
şehirlerden	2	27217
şehirlere	2	27218
şehirlerimizden	2	27219
şehirlerimizi	2	27220
şehirlerinde	2	27221
şehirlerinden	2	27222
şehitlerin	2	27223
şehrimizi	2	27224
şehrinden	2	27225
şekerin	2	27226
şekillendirme	2	27227
şekillendirmiştir	2	27228
şekillenen	2	27229
şekilleri	2	27230
şekliyle	2	27231
şemsiyeli	2	27232
şerbet	2	27233
şeriata	2	27234
şeridine	2	27235
şeyde	2	27236
şeyimizle	2	27237
şeytan	2	27238
şifreleme	2	27239
şifreler	2	27240
şifreleri	2	27241
şifresiz	2	27242
şiirin	2	27243
şiirleri	2	27244
şiirlerinin	2	27245
şikayetimizi	2	27246
şikayetlerin	2	27247
şikayetlerine	2	27248
şimdiki	2	27249
şirketinden	2	27250
şirketine	2	27251
şirketlerimiz	2	27252
şirketlerine	2	27253
şirketleriyle	2	27254
şirketleşme	2	27255
şirkette	2	27256
şişlikler	2	27257
şoförleri	2	27258
şoförlerin	2	27259
şov	2	27260
şova	2	27261
şubesine	2	27262
şudur	2	27263
şut	2	27264
şutta	2	27265
şuurundan	2	27266
şöleni	2	27267
şöyleydi	2	27268
şüphelenen	2	27269
şüphesi	2	27270
şımarıklar	2	27271
