# Kaynak: hermitdave/FrequencyWords, OpenSubtitles 2018 tr — CC BY-SA 4.0. Sütunlar: kelime, sayı, sıra
bir	6039421	1
bu	3529532	2
ne	2550646	3
ve	2544175	4
için	1799146	5
mi	1713934	6
de	1647867	7
o	1639226	8
ben	1597395	9
çok	1572658	10
ama	1542025	11
evet	1417688	12
var	1390158	13
da	1312839	14
mı	1265915	15
değil	1249188	16
şey	1170061	17
iyi	1111489	18
hayır	1108187	19
daha	1066302	20
sen	1030230	21
kadar	860259	22
bana	840369	23
gibi	793124	24
yok	790521	25
bunu	783805	26
onu	778287	27
tamam	764134	28
beni	762902	29
seni	761274	30
her	727898	31
benim	718438	32
sana	653316	33
ki	646219	34
ya	602619	35
neden	601606	36
zaman	596373	37
sadece	593487	38
senin	579334	39
burada	563006	40
olduğunu	539416	41
nasıl	538007	42
hiç	504324	43
sonra	504287	44
şimdi	488223	45
en	478155	46
öyle	464405	47
mu	449876	48
şu	426436	49
misin	421563	50
önce	418497	51
biraz	411789	52
hadi	408741	53
güzel	390290	54
musun	382395	55
oldu	371667	56
yani	368481	57
böyle	361994	58
ona	360976	59
lütfen	338212	60
işte	337179	61
onun	336977	62
bile	336794	63
bak	324902	64
çünkü	321641	65
peki	321176	66
eğer	320439	67
artık	320030	68
gerçekten	315213	69
geri	313035	70
biliyorum	308420	71
istiyorum	306800	72
kim	300430	73
olarak	298541	74
başka	297810	75
iki	295601	76
belki	294394	77
tek	283839	78
doğru	279991	79
büyük	272494	80
olan	269950	81
biri	267564	82
olur	263716	83
buraya	262977	84
in	261060	85
bay	260798	86
olacak	250486	87
ile	250301	88
adam	250194	89
hiçbir	243810	90
biz	241179	91
yardım	240535	92
demek	238317	93
hey	238158	94
sanırım	235298	95
ın	231990	96
bilmiyorum	228269	97
bunun	227215	98
tüm	225349	99
teşekkürler	224510	100
yeni	223043	101
fazla	222611	102
gün	222383	103
ederim	222057	104
nerede	221011	105
tanrım	220531	106
a	220467	107
şeyi	219997	108
merhaba	218209	109
efendim	217448	110
orada	216773	111
son	213881	112
kötü	212444	113
şeyler	211586	114
gece	210334	115
biliyor	206533	116
sorun	203650	117
harika	202321	118
gerek	200847	119
et	198892	120
ilk	196153	121
tam	196143	122
bütün	193805	123
diye	188683	124
hemen	185520	125
siz	184880	126
i	184114	127
üzgünüm	182876	128
ol	182869	129
olabilir	182439	130
olsun	181003	131
iş	180970	132
küçük	179380	133
size	176618	134
yüzden	176466	135
bayan	176225	136
aynı	175915	137
teşekkür	175419	138
hakkında	174269	139
tabii	174122	140
gel	173227	141
onları	173104	142
izin	172286	143
kendi	169455	144
nin	168070	145
kız	167955	146
devam	167361	147
bize	165213	148
e	164618	149
oluyor	161621	150
ver	159640	151
bizi	156178	152
buna	153744	153
içinde	152518	154
anne	151890	155
selam	151289	156
vardı	151175	157
geldi	150376	158
bizim	149991	159
sizi	148006	160
dur	146862	161
kimse	146385	162
göre	146191	163
asla	146065	164
özür	145809	165
seninle	145308	166
baba	145174	167
değilim	145041	168
aslında	144787	169
önemli	143522	170
tekrar	143512	171
git	143207	172
nın	142978	173
yoksa	142465	174
hala	142402	175
oh	141682	176
benimle	140834	177
mısın	139985	178
yine	139539	179
mü	139497	180
bence	139058	181
şekilde	138736	182
olmak	138450	183
bugün	138407	184
söyle	136182	185
birlikte	135594	186
olmaz	134665	187
pekala	134658	188
uzun	134423	189
lazım	133762	190
biliyorsun	133301	191
zaten	133010	192
para	132949	193
geliyor	132840	194
onunla	132611	195
ister	132049	196
gerçek	131504	197
dostum	131422	198
al	131224	199
bakalım	131104	200
onlar	130791	201
haydi	130659	202
birkaç	130150	203
emin	130087	204
işe	130031	205
üç	129850	206
herkes	129047	207
dakika	128262	208
ı	127653	209
söyledi	127610	210
istiyorsun	127571	211
pek	125903	212
saat	125739	213
yapıyorsun	125270	214
eve	124805	215
yıl	124257	216
miyim	123864	217
çocuk	122690	218
yer	122504	219
hep	121931	220
şunu	121511	221
neler	120900	222
dilerim	120604	223
bekle	119262	224
sizin	118010	225
bırak	117879	226
istemiyorum	117483	227
ilgili	117100	228
olduğu	116940	229
gidelim	116251	230
yere	115936	231
etmek	115746	232
an	114907	233
dan	114865	234
nedir	114253	235
un	113453	236
nereye	112981	237
hepsi	112915	238
insanlar	112297	239
olmalı	112182	240
buradan	112143	241
lanet	112065	242
karşı	111516	243
kaç	111218	244
az	110998	245
burası	109961	246
hazır	107801	247
fakat	107607	248
eski	107211	249
çocuklar	107130	250
işi	106961	251
kendini	106560	252
ediyorum	106145	253
gerekiyor	106141	254
benden	104022	255
yapmak	103574	256
kadın	103201	257
söz	103184	258
kesinlikle	103043	259
zor	102882	260
anda	101294	261
tane	101091	262
diğer	100105	263
dinle	98198	264
bunlar	98148	265
kişi	97455	266
insan	97071	267
görmek	96551	268
istiyor	96495	269
kabul	96227	270
niye	95696	271
seviyorum	94673	272
aman	93795	273
sağ	93621	274
zorunda	93389	275
misiniz	93323	276
tanrı	93202	277
yarın	92790	278
kez	92618	279
bundan	92611	280
elbette	91683	281
falan	90595	282
gidip	90398	283
hem	90339	284
içeri	90026	285
yanlış	89341	286
onlara	89108	287
senden	88439	288
hoş	87825	289
doktor	87634	290
tatlım	87469	291
yapma	87202	292
özel	87125	293
yemek	86534	294
hafta	86361	295
kontrol	86304	296
ediyor	86135	297
gereken	85832	298
yerde	85564	299
oraya	85374	300
hâlâ	84314	301
geç	84225	302
dedim	84126	303
mutlu	84110	304
ye	83440	305
bazı	83117	306
birini	82638	307
ayrıca	82552	308
ondan	82439	309
eminim	82332	310
nereden	81257	311
ihtiyacım	80402	312
etti	80372	313
dışarı	80159	314
beri	80091	315
gitti	79777	316
yalan	79736	317
edin	79480	318
bakın	79373	319
yalnız	79314	320
gördüm	78932	321
değildi	78676	322
polis	78667	323
merak	78206	324
erkek	77096	325
görüşürüz	77007	326
dün	76905	327
ah	76747	328
haber	76328	329
la	76201	330
musunuz	75977	331
babam	75779	332
gidiyor	75087	333
pekâlâ	74550	334
yi	74018	335
olmuş	72767	336
akşam	72695	337
den	72034	338
geçen	71871	339
sakin	71858	340
ha	71815	341
sanki	71595	342
beş	70969	343
karar	70950	344
nefret	70932	345
sabah	70717	346
dikkat	70717	347
yaptım	70604	348
veya	70482	349
umarım	70248	350
yerine	69773	351
çabuk	68856	352
etme	68767	353
olması	68682	354
farklı	68674	355
değilsin	68665	356
ay	68373	357
sonunda	68140	358
istediğim	68034	359
gördün	67880	360
ettim	67659	361
sence	67460	362
fark	67415	363
üzerinde	67244	364
aptal	67135	365
kendimi	66534	366
tamamen	66164	367
oldukça	65993	368
su	65882	369
işin	65870	370
boyunca	65755	371
kendine	65749	372
tarafından	65687	373
yeter	65627	374
dünya	65608	375
u	65580	376
yı	65560	377
olduğumu	65408	378
bunları	65155	379
vardır	64796	380
öldü	64674	381
olursa	64443	382
iyiyim	64337	383
açık	64125	384
neyse	63987	385
annem	63791	386
kes	63391	387
adı	62958	388
yaptın	62631	389
yap	62569	390
hangi	62465	391
olamaz	62199	392
ancak	62169	393
söyledim	62146	394
görünüyor	62107	395
dört	62102	396
yüzünden	61800	397
aldım	61666	398
olsa	61421	399
birşey	61182	400
birisi	61155	401
be	60951	402
yoktu	60608	403
kolay	60499	404
dolar	60368	405
dedi	59889	406
sahip	59627	407
ise	59454	408
olmadığını	59391	409
yanında	59387	410
gelecek	59223	411
adamı	59220	412
bende	59150	413
buldum	59131	414
yol	59033	415
geldim	58907	416
bazen	58870	417
konuşmak	58797	418
başına	58708	419
gitmek	58441	420
anlıyorum	58396	421
beraber	58344	422
henüz	58238	423
yapıyor	58222	424
yolu	58171	425
bitti	58061	426
onların	57905	427
cevap	57869	428
evde	57618	429
yardımcı	57586	430
zamanı	57340	431
almak	57127	432
konusunda	56849	433
genç	56750	434
oldum	56510	435
nun	56404	436
takip	56330	437
kal	56119	438
öyleyse	56006	439
kahretsin	55826	440
durum	55826	441
tabi	55745	442
günü	55643	443
ateş	55608	444
istedim	55547	445
adamın	55406	446
muhtemelen	55358	447
adım	55354	448
söylemek	54888	449
azından	54869	450
düşündüm	54770	451
le	54619	452
yaptı	54490	453
neredeyse	54473	454
eder	54264	455
olun	54107	456
yeniden	53896	457
düşünüyorsun	53887	458
ciddi	53882	459
vay	53598	460
herhangi	53421	461
ev	53316	462
hızlı	53304	463
sanmıyorum	53057	464
süre	53020	465
altında	52893	466
mükemmel	52844	467
göz	52835	468
kan	52822	469
düşünüyorum	52751	470
ara	52716	471
boş	52689	472
miyiz	52519	473
konuda	51996	474
halde	51921	475
duydum	51804	476
oğlum	51767	477
şeyin	51627	478
uzak	51600	479
gelen	51533	480
aç	51511	481
hayatta	51492	482
çıktı	50904	483
sakın	50689	484
saniye	50552	485
yakın	50494	486
anladım	50460	487
garip	50386	488
çeviri	50095	489
john	50076	490
olduğuna	49925	491
insanların	49815	492
on	49749	493
arada	49651	494
hayal	49552	495
gidiyorum	49485	496
araba	49407	497
çalışıyorum	49274	498
jack	49036	499
söylüyor	49035	500
sürü	48961	501
hepimiz	48871	502
ikinci	48777	503
kaldı	48756	504
galiba	48488	505
canım	48478	506
hayatım	48475	507
rahat	48389	508
kimin	48323	509
alo	48273	510
olacağım	47953	511
güçlü	47859	512
savaş	47850	513
verdi	47704	514
ta	47616	515
ortaya	47586	516
şeye	47494	517
bebeğim	47464	518
başladı	47159	519
dersin	47029	520
gelip	47009	521
hayat	46946	522
bilirsin	46756	523
çalışıyor	46686	524
durumda	46378	525
hatta	46306	526
geldin	46248	527
yaptığını	46234	528
sende	46076	529
olay	45917	530
şeyleri	45862	531
ihtiyacı	45806	532
adamım	45783	533
kesin	45766	534
arasında	45627	535
arkadaşım	45375	536
hareket	45292	537
altı	45279	538
bebek	45204	539
kardeşim	45110	540
çocuğu	45104	541
silah	45096	542
böylece	45002	543
acaba	45000	544
sürekli	44894	545
bin	44879	546
haklısın	44831	547
soru	44830	548
olmadan	44739	549
hava	44679	550
terk	44561	551
olacağını	44488	552
yapacağım	44472	553
gelir	44387	554
varsa	44345	555
komik	44323	556
kısa	44315	557
aynen	44246	558
etmeye	44215	559
üzerine	44130	560
el	44031	561
zarar	43956	562
şaka	43880	563
birinin	43868	564
güle	43782	565
gizli	43770	566
içine	43705	567
zamanda	43610	568
siktir	43585	569
daki	43530	570
acele	43524	571
telefon	43503	572
ait	43446	573
oyun	43416	574
istersen	43310	575
kızı	43279	576
şuna	43246	577
diyorsun	43197	578
yeterince	42925	579
verdim	42764	580
istediğin	42616	581
evlat	42421	582
geçti	42329	583
baban	42300	584
olmayacak	42255	585
dışında	42206	586
yolunda	42203	587
hepsini	42168	588
uygun	42095	589
dans	42093	590
günaydın	41743	591
kapıyı	41738	592
olurdu	41612	593
tuhaf	41553	594
memnun	41528	595
hissediyorum	41455	596
fikir	41408	597
yüksek	41306	598
new	41284	599
olmadı	41232	600
beyler	41176	601
tür	41093	602
verin	40909	603
değildir	40896	604
korkunç	40818	605
rahatsız	40784	606
gidiyoruz	40661	607
işler	40393	608
gerektiğini	40382	609
geceler	40337	610
aldı	40252	611
gidiyorsun	40221	612
kere	40054	613
sanıyordum	39969	614
eden	39958	615
gelin	39879	616
veriyorum	39753	617
edecek	39695	618
beyaz	39657	619
yaşlı	39652	620
mümkün	39584	621
neyi	39568	622
istediğini	39544	623
dolu	39530	624
ihtiyacın	39463	625
çıkar	39388	626
ölüm	39239	627
sensin	39204	628
nasılsın	39131	629
bilmek	39123	630
belli	39030	631
sanıyorsun	39013	632
sevindim	39003	633
yakında	38906	634
varmış	38894	635
tahmin	38742	636
sam	38735	637
herif	38681	638
durun	38564	639
parayı	38557	640
şöyle	38546	641
yalnızca	38541	642
vermek	38475	643
biliyordum	38352	644
ediyorsun	38326	645
ihtiyacımız	38251	646
acı	38229	647
yapamam	38137	648
mısınız	37988	649
yapmaya	37897	650
neydi	37820	651
hasta	37567	652
üzere	37546	653
yapacağız	37517	654
güvenlik	37462	655
istedi	37429	656
insanları	37358	657
çeneni	37268	658
inanamıyorum	37183	659
berbat	37100	660
annen	37099	661
bizimle	37063	662
geliyorum	37053	663
yapacak	36835	664
dair	36833	665
başkan	36795	666
dedin	36744	667
neyin	36742	668
sizinle	36626	669
dikkatli	36548	670
anladın	36443	671
yapıyorum	36397	672
olmayan	36273	673
ölü	36228	674
aile	36215	675
bırakın	36148	676
birine	36113	677
tatlı	35833	678
deli	35820	679
milyon	35783	680
normal	35712	681
söyledin	35709	682
dışarıda	35701	683
diyorum	35630	684
sefer	35423	685
olup	35299	686
pardon	35234	687
otur	35167	688
yemin	35161	689
içki	35147	690
ana	35138	691
te	35119	692
keşke	35104	693
ettin	35028	694
dünyanın	34706	695
iç	34629	696
şans	34607	697
baş	34516	698
affedersiniz	34512	699
evine	34506	700
biliyoruz	34334	701
aşağı	34314	702
isterim	34263	703
yeri	34156	704
millet	34077	705
aşk	34017	706
bununla	33957	707
çık	33955	708
kapa	33936	709
miydi	33894	710
at	33809	711
durumu	33744	712
bilmem	33736	713
arkadaş	33703	714
kendisi	33683	715
herkesin	33600	716
kusura	33581	717
doğum	33486	718
yapar	33477	719
charlie	33449	720
yaşında	33293	721
michael	33257	722
cidden	33183	723
oradan	33163	724
the	33111	725
kahve	33002	726
hata	32946	727
seks	32861	728
kızlar	32851	729
kaptan	32781	730
yavaş	32747	731
alıp	32724	732
bakma	32695	733
hayatını	32674	734
dek	32572	735
yeterli	32570	736
mıydı	32394	737
zamandır	32310	738
asıl	32290	739
bunların	32262	740
hoşça	32220	741
önünde	32217	742
sessiz	32031	743
kızım	32025	744
frank	31997	745
erken	31960	746
aldın	31932	747
york	31910	748
sıcak	31832	749
tehlikeli	31799	750
amerika	31798	751
düşünüyor	31764	752
dön	31726	753
bilgi	31667	754
getir	31655	755
işim	31633	756
güç	31592	757
hak	31587	758
ufak	31536	759
buradayım	31505	760
bilmiyor	31503	761
cinayet	31458	762
diyor	31422	763
gelmiş	31405	764
üstüne	31402	765
mesaj	31358	766
nefes	31345	767
işini	31265	768
evi	31219	769
ele	31164	770
birçok	31155	771
olmasını	31106	772
yüz	31104	773
basit	30979	774
yukarı	30976	775
çek	30950	776
olduğum	30941	777
köpek	30939	778
duydun	30921	779
edeceğim	30912	780
gayet	30817	781
inanılmaz	30776	782
şarkı	30751	783
tıpkı	30724	784
benziyor	30704	785
anlaşıldı	30658	786
müzik	30595	787
olduğun	30546	788
bulmak	30543	789
söylüyorum	30527	790
kızın	30522	791
vakit	30495	792
n	30485	793
yıldır	30472	794
görüyorum	30440	795
haklı	30399	796
ses	30398	797
olsaydı	30376	798
sonraki	30361	799
konu	30346	800
ikimiz	30345	801
almaya	30334	802
gitmem	30274	803
muhteşem	30223	804
görünüyorsun	30208	805
film	30135	806
gidin	30092	807
ilginç	30013	808
olacaksın	29965	809
neye	29956	810
dalga	29876	811
adını	29850	812
kimsenin	29835	813
ikiniz	29789	814
bi	29747	815
yerinde	29733	816
bayım	29688	817
bilmiyordum	29677	818
yapmam	29627	819
yapacaksın	29621	820
koca	29510	821
yu	29481	822
buldun	29437	823
olmalısın	29400	824
acil	29355	825
anlamıyorum	29345	826
hatırlıyor	29194	827
noel	29138	828
mike	29005	829
parti	28975	830
george	28892	831
lan	28860	832
sebebi	28825	833
fena	28787	834
söylemiştim	28718	835
istiyorsan	28685	836
yedi	28624	837
tom	28608	838
joe	28552	839
özellikle	28523	840
zamanlar	28491	841
yaptığı	28482	842
bilir	28460	843
yaparım	28419	844
alabilir	28384	845
birden	28368	846
ajan	28343	847
yanına	28341	848
sebep	28340	849
eğlenceli	28338	850
dedektif	28288	851
adına	28244	852
düşün	28232	853
rağmen	28230	854
olmaya	28199	855
tut	28163	856
görünüşe	28137	857
herhalde	28128	858
söylüyorsun	28120	859
yapalım	28057	860
buradaki	28033	861
yoktur	28023	862
zavallı	28010	863
david	27948	864
yemeği	27845	865
baksana	27828	866
temiz	27779	867
babası	27762	868
arkadaşın	27742	869
söyleme	27726	870
burda	27712	871
allah	27650	872
parçası	27633	873
s	27626	874
biriyle	27563	875
üstünde	27518	876
şeyden	27518	877
uyuşturucu	27442	878
konuşma	27405	879
olduğundan	27363	880
öldürmek	27345	881
sesini	27335	882
bekliyor	27316	883
suç	27238	884
görüyor	27173	885
gerçeği	27159	886
alın	27148	887
katil	27142	888
sevgili	27117	889
peter	27112	890
yerini	27078	891
defa	27070	892
gerekir	27001	893
kayıp	26807	894
güvenli	26801	895
tercih	26730	896
geldiniz	26689	897
patron	26659	898
sayın	26659	899
gerekiyordu	26637	900
çoğu	26632	901
değiliz	26620	902
geldik	26593	903
kimseye	26587	904
çoktan	26570	905
dürüst	26568	906
alacağım	26559	907
eskiden	26479	908
teklif	26455	909
arkadaşı	26440	910
dolayı	26392	911
işleri	26379	912
numara	26374	913
sonsuza	26370	914
bilemiyorum	26346	915
sonu	26329	916
olma	26271	917
unutma	26249	918
kırmızı	26247	919
teslim	26230	920
canlı	26207	921
oda	26198	922
sesi	26154	923
yapan	26150	924
saçma	26043	925
babamın	25950	926
yaptığın	25914	927
soğuk	25858	928
verir	25783	929
kimsin	25769	930
bahsediyorsun	25754	931
istemiyor	25754	932
bağlı	25731	933
yapabilirim	25701	934
onlardan	25640	935
bizden	25578	936
süper	25551	937
bulduk	25543	938
hanımefendi	25543	939
herşey	25443	940
seviyor	25433	941
alan	25389	942
yaşıyor	25331	943
olmasın	25252	944
onlarla	25150	945
iyisi	25091	946
davet	25086	947
yapmış	25065	948
ölmüş	25032	949
yürü	24968	950
sahibi	24917	951
kalk	24867	952
elinde	24862	953
umurumda	24760	954
sıra	24720	955
çalışıyorsun	24708	956
çocukları	24694	957
tanıyor	24676	958
burayı	24649	959
görmeye	24612	960
kalan	24610	961
istiyoruz	24592	962
sert	24581	963
tamamdır	24570	964
olası	24554	965
fikrim	24539	966
aşık	24525	967
günler	24510	968
adamlar	24469	969
dava	24461	970
sene	24459	971
çekil	24456	972
sağol	24373	973
insanlara	24365	974
bakayım	24357	975
zorundayım	24295	976
anlat	24292	977
kavga	24286	978
anlamı	24258	979
alır	24209	980
ikisi	24161	981
görmedim	24140	982
kendime	24134	983
isim	24133	984
kral	24127	985
kalmak	24116	986
geldiğini	24102	987
okul	24073	988
şehir	24059	989
ikna	24049	990
gitsin	24036	991
park	23948	992
bekleyin	23898	993
gelmek	23859	994
istemedim	23806	995
kapı	23784	996
yaptığım	23757	997
iğrenç	23722	998
anlamına	23663	999
takım	23657	1000
yola	23635	1001
altına	23628	1002
kendim	23619	1003
çocuğun	23618	1004
kara	23563	1005
ifade	23549	1006
hatırlıyorum	23515	1007
söyleyeyim	23485	1008
edebilir	23467	1009
canına	23462	1010
mesela	23414	1011
güneş	23394	1012
orası	23370	1013
herkese	23333	1014
olayı	23189	1015
şimdiye	23159	1016
pislik	23126	1017
önceki	23095	1018
ağır	23087	1019
yarım	23063	1020
sık	23046	1021
adama	23027	1022
düşünüyordum	23000	1023
vereceğim	22939	1024
paul	22921	1025
henry	22912	1026
hale	22890	1027
anlaşma	22877	1028
öğrenmek	22851	1029
etmiş	22807	1030
aşkına	22797	1031
anlıyor	22780	1032
duruyor	22771	1033
olabilirim	22739	1034
getirdim	22732	1035
affedersin	22710	1036
gurur	22659	1037
deki	22583	1038
demektir	22568	1039
sırada	22532	1040
aferin	22483	1041
l	22475	1042
sıkı	22438	1043
max	22432	1044
bölüm	22429	1045
siyah	22427	1046
yazık	22416	1047
kalp	22383	1048
arka	22372	1049
verici	22359	1050
iyilik	22355	1051
m	22344	1052
suçlu	22338	1053
kadının	22335	1054
oldun	22335	1055
düşünmüştüm	22327	1056
yapmayı	22325	1057
kalın	22295	1058
herşeyi	22199	1059
başıma	22119	1060
şef	22113	1061
telefonu	22092	1062
silahı	22084	1063
annesi	22076	1064
edeyim	22076	1065
resmi	22046	1066
itiraf	22033	1067
gittim	22031	1068
hoşuma	22027	1069
vakti	22014	1070
veriyor	21935	1071
hepiniz	21906	1072
gider	21897	1073
serbest	21883	1074
üst	21883	1075
göster	21853	1076
kaldım	21852	1077
kadınlar	21842	1078
yla	21837	1079
kitap	21814	1080
istemem	21803	1081
kelime	21791	1082
dünyada	21777	1083
orospu	21761	1084
olman	21746	1085
birileri	21724	1086
günün	21719	1087
gidecek	21712	1088
istiyorsunuz	21678	1089
arabayı	21598	1090
sürece	21553	1091
satın	21484	1092
zengin	21464	1093
sona	21430	1094
tehdit	21362	1095
bira	21339	1096
sekiz	21308	1097
söyleyeceğim	21301	1098
ettiğini	21298	1099
üçüncü	21294	1100
james	21279	1101
söylemiştin	21271	1102
b	21213	1103
almış	21200	1104
hayatı	21189	1105
alex	21106	1106
olmayı	21083	1107
na	21082	1108
tarafa	21072	1109
bayanlar	21052	1110
yıllar	21025	1111
olanlar	20989	1112
verdin	20988	1113
aptalca	20982	1114
mıyım	20965	1115
nedeni	20954	1116
danny	20952	1117
zamanlarda	20949	1118
altın	20914	1119
çalışan	20889	1120
öldürdü	20874	1121
yaklaşık	20869	1122
yapıyoruz	20866	1123
kendin	20826	1124
mantıklı	20808	1125
konuş	20788	1126
değer	20762	1127
taraftan	20745	1128
niçin	20733	1129
gideceğim	20731	1130
dua	20687	1131
dinleyin	20670	1132
deniz	20664	1133
duymak	20663	1134
okula	20645	1135
istediği	20564	1136
yolunu	20561	1137
içeride	20559	1138
yaşam	20530	1139
general	20448	1140
olacağız	20398	1141
herkesi	20375	1142
mary	20366	1143
güvende	20356	1144
yapabilir	20349	1145
yapıyorsunuz	20325	1146
edelim	20312	1147
karanlık	20277	1148
ayak	20252	1149
yapmadım	20244	1150
isteyen	20233	1151
alıyor	20230	1152
iyidir	20213	1153
görev	20208	1154
kimseyi	20175	1155
sigara	20149	1156
yaşamak	20141	1157
çıkıp	20139	1158
hediye	20125	1159
çeşit	20112	1160
ortak	20107	1161
edip	20099	1162
aşırı	20088	1163
önceden	20068	1164
bok	20064	1165
güven	20016	1166
polisi	20011	1167
ismi	19979	1168
duyuyor	19953	1169
elde	19941	1170
gitmiş	19908	1171
sarah	19908	1172
amerikan	19886	1173
bey	19855	1174
teki	19848	1175
gerekecek	19841	1176
severim	19826	1177
alıyorum	19790	1178
geldiğinde	19784	1179
sahte	19782	1180
ee	19774	1181
duyuyorum	19761	1182
sizden	19759	1183
muydu	19742	1184
jimmy	19734	1185
isa	19729	1186
kalacak	19719	1187
ahbap	19697	1188
parça	19694	1189
ortadan	19661	1190
mavi	19642	1191
saçmalık	19564	1192
kalmadı	19562	1193
çift	19554	1194
d	19552	1195
isterdim	19541	1196
endişelenme	19540	1197
hayatımı	19534	1198
dışı	19534	1199
rica	19527	1200
kişisel	19521	1201
kadını	19504	1202
yo	19494	1203
elini	19483	1204
derece	19477	1205
salak	19474	1206
inan	19469	1207
fbi	19458	1208
kimi	19457	1209
biliyorsunuz	19447	1210
bul	19412	1211
tan	19407	1212
hani	19398	1213
erkekler	19390	1214
saygı	19385	1215
birazdan	19378	1216
kulak	19376	1217
elimden	19369	1218
evin	19348	1219
ön	19338	1220
tanıyorum	19332	1221
döndü	19298	1222
zorundasın	19291	1223
gücü	19288	1224
zeki	19277	1225
çalıştım	19258	1226
gitme	19256	1227
seksi	19251	1228
gördüğüm	19218	1229
nick	19207	1230
verme	19192	1231
tebrikler	19177	1232
farkında	19174	1233
arıyor	19160	1234
etmez	19126	1235
söyleyin	19109	1236
söyler	19080	1237
balık	19068	1238
ten	19066	1239
harry	19021	1240
ileri	18989	1241
ellerini	18978	1242
destek	18938	1243
yüzbaşı	18937	1244
olurum	18936	1245
yanımda	18932	1246
kutsal	18925	1247
ray	18896	1248
alt	18886	1249
yaz	18883	1250
gibiydi	18875	1251
kapat	18832	1252
karım	18830	1253
jim	18809	1254
alacak	18803	1255
ilgisi	18795	1256
bayağı	18766	1257
grup	18765	1258
annemin	18740	1259
inanıyorum	18737	1260
öylece	18721	1261
türlü	18711	1262
gerekli	18709	1263
korumak	18657	1264
yolda	18600	1265
olmadığı	18587	1266
geriye	18586	1267
hayatın	18571	1268
yaptık	18571	1269
verecek	18541	1270
çıkmak	18509	1271
işten	18507	1272
epey	18497	1273
hoşuna	18467	1274
adın	18444	1275
gerekirse	18441	1276
gelmedi	18440	1277
ediyoruz	18418	1278
peder	18392	1279
bildiğim	18379	1280
tony	18363	1281
iptal	18347	1282
olduğumuzu	18339	1283
anlamadım	18335	1284
ders	18332	1285
gelmiyor	18323	1286
şanslı	18315	1287
adamla	18309	1288
sarhoş	18305	1289
insanın	18302	1290
defol	18288	1291
kalmış	18267	1292
jane	18265	1293
haline	18255	1294
mesele	18224	1295
istediğimi	18167	1296
gir	18126	1297
dahil	18120	1298
koy	18106	1299
arama	18088	1300
baştan	18085	1301
hikaye	18063	1302
olduğunda	18046	1303
buydu	18030	1304
sıradan	18029	1305
geleni	18016	1306
derin	18006	1307
kalsın	18005	1308
yiyecek	17988	1309
paris	17985	1310
imkansız	17976	1311
bob	17973	1312
bill	17966	1313
buralarda	17947	1314
birinci	17938	1315
söylemişti	17937	1316
lee	17934	1317
götür	17924	1318
önemi	17917	1319
babanın	17884	1320
yıldız	17882	1321
etmeyi	17843	1322
olmam	17832	1323
iyice	17827	1324
muydun	17826	1325
arıyorum	17819	1326
oyunu	17783	1327
kaza	17771	1328
ailesi	17768	1329
şimdilik	17751	1330
başladım	17727	1331
giden	17711	1332
sorunu	17704	1333
plan	17659	1334
araya	17642	1335
bilmiyorsun	17620	1336
kafa	17620	1337
gördünüz	17612	1338
yapman	17584	1339
buradasın	17556	1340
aradı	17545	1341
yerden	17527	1342
test	17478	1343
yaramaz	17458	1344
evinde	17456	1345
yoluna	17451	1346
edersin	17448	1347
unut	17441	1348
korkarım	17440	1349
hayvan	17439	1350
geçmiş	17414	1351
olanları	17397	1352
gösteriyor	17339	1353
çay	17333	1354
olabilirsin	17294	1355
buyurun	17284	1356
kapalı	17255	1357
neredesin	17219	1358
şuraya	17195	1359
zorundayız	17188	1360
yardıma	17170	1361
kahrolası	17150	1362
sanmıştım	17147	1363
yoldan	17142	1364
aklıma	17135	1365
zamana	17108	1366
doğal	17089	1367
tarafta	17085	1368
nesi	17070	1369
miydin	17067	1370
edildi	17046	1371
birşeyler	17039	1372
çıkıyor	17025	1373
sevdim	16997	1374
değerli	16996	1375
sürpriz	16985	1376
gitmeliyim	16977	1377
konuyu	16976	1378
parmak	16946	1379
iyiydi	16915	1380
amca	16906	1381
hamile	16900	1382
genelde	16895	1383
ziyaret	16893	1384
işine	16885	1385
başarılı	16863	1386
dünyayı	16853	1387
sevgilim	16846	1388
üzgün	16812	1389
richard	16807	1390
akşamlar	16804	1391
tedavi	16799	1392
oğlu	16798	1393
korkuyorum	16786	1394
arkasında	16777	1395
albay	16775	1396
düzgün	16769	1397
mark	16764	1398
istersin	16755	1399
seyirler	16734	1400
ayağa	16677	1401
ciddiyim	16630	1402
çalışmak	16615	1403
yargıç	16589	1404
avukat	16588	1405
ilaç	16576	1406
edebilirim	16542	1407
cehenneme	16535	1408
alayım	16532	1409
majesteleri	16519	1410
sevdiğim	16517	1411
arabaya	16514	1412
bekliyorum	16488	1413
başlıyor	16481	1414
konuşmaya	16480	1415
gittiğini	16478	1416
sol	16453	1417
kat	16452	1418
söylemem	16433	1419
sahi	16431	1420
çekilin	16417	1421
baylar	16399	1422
diyeceğim	16388	1423
kafayı	16355	1424
yapabilirsin	16345	1425
veririm	16331	1426
çalışma	16307	1427
can	16296	1428
akıllı	16296	1429
istiyorlar	16294	1430
sonuçta	16252	1431
buldu	16241	1432
kanıt	16237	1433
londra	16237	1434
yle	16225	1435
hapse	16223	1436
yatak	16192	1437
şeker	16191	1438
şarap	16189	1439
muyum	16180	1440
yarısı	16162	1441
kurtarmak	16156	1442
değildim	16134	1443
olanı	16130	1444
olduğunuzu	16130	1445
mal	16124	1446
evden	16115	1447
güzeldi	16101	1448
elimizde	16097	1449
evli	16092	1450
çocukların	16086	1451
asker	16085	1452
elimde	16078	1453
öldürmeye	16077	1454
olmasına	16073	1455
dünyaya	16067	1456
olduklarını	16065	1457
dene	16059	1458
sağlam	16059	1459
demiştim	16051	1460
kadarıyla	16048	1461
yüce	16043	1462
oturup	16018	1463
müthiş	16007	1464
günde	16001	1465
şeytan	15987	1466
ederiz	15968	1467
steve	15962	1468
aramızda	15926	1469
olsam	15913	1470
pis	15910	1471
kaybettim	15905	1472
yazıyor	15900	1473
gözlerini	15886	1474
aldık	15885	1475
profesör	15878	1476
bazıları	15876	1477
billy	15852	1478
sever	15850	1479
konuşabilir	15846	1480
tommy	15814	1481
bilim	15775	1482
olacaktır	15745	1483
mıyız	15721	1484
geçiyor	15707	1485
yada	15701	1486
girdi	15691	1487
odasında	15680	1488
sonuna	15666	1489
süredir	15654	1490
daima	15644	1491
etmeyin	15638	1492
ailem	15596	1493
haberi	15573	1494
ettik	15571	1495
sayılmaz	15533	1496
arıyorsun	15522	1497
t	15512	1498
of	15498	1499
kulağa	15492	1500
kime	15484	1501
çalış	15478	1502
şanslar	15467	1503
idare	15453	1504
yemeğe	15451	1505
söylediler	15448	1506
masum	15431	1507
aradım	15429	1508
istedin	15418	1509
özgür	15418	1510
teğmen	15395	1511
sorunun	15391	1512
kuzey	15378	1513
konuşuyor	15375	1514
ryan	15363	1515
sayesinde	15335	1516
gelebilir	15332	1517
diğerleri	15328	1518
kurban	15308	1519
alırım	15305	1520
yaşayan	15292	1521
deme	15281	1522
buz	15272	1523
etmem	15270	1524
önüne	15259	1525
zayıf	15257	1526
söyleyecek	15251	1527
alman	15238	1528
zamanında	15233	1529
adamları	15224	1530
sandım	15222	1531
şurada	15217	1532
kişinin	15211	1533
sırasında	15208	1534
gelmez	15196	1535
konuştum	15174	1536
yabancı	15127	1537
birazcık	15123	1538
abi	15122	1539
not	15114	1540
johnny	15078	1541
madem	15063	1542
yeşil	15060	1543
fazlasını	15049	1544
hoşçakal	15040	1545
söylemeye	15036	1546
memur	15028	1547
şerif	15014	1548
giriş	15014	1549
mektup	14994	1550
fotoğraf	14973	1551
elinden	14964	1552
güney	14950	1553
ünlü	14950	1554
zamandan	14949	1555
hallederim	14946	1556
bakmayın	14945	1557
uyan	14940	1558
işaret	14940	1559
bomba	14939	1560
etrafta	14937	1561
gemi	14917	1562
adil	14914	1563
nde	14907	1564
resmen	14885	1565
çıkmış	14884	1566
hizmet	14884	1567
çin	14881	1568
ölmek	14872	1569
jake	14861	1570
yapayım	14860	1571
başa	14859	1572
daniel	14857	1573
görmüş	14856	1574
bilmiyoruz	14848	1575
dönmek	14847	1576
kardeşin	14820	1577
hastaneye	14779	1578
anlama	14765	1579
düştü	14739	1580
will	14733	1581
işimiz	14733	1582
sıkıcı	14723	1583
söylediğim	14716	1584
olmuyor	14715	1585
kızgın	14706	1586
yan	14704	1587
öğle	14690	1588
evlilik	14647	1589
ararım	14637	1590
çekici	14637	1591
hazırım	14637	1592
yüzünü	14631	1593
metre	14627	1594
intihar	14615	1595
başlayalım	14604	1596
çavuş	14590	1597
you	14568	1598
şüpheli	14541	1599
bunlardan	14537	1600
olabileceğini	14525	1601
beyin	14516	1602
sırf	14511	1603
şansı	14506	1604
söylemedim	14476	1605
kenara	14463	1606
bulmaya	14460	1607
geleceğim	14458	1608
bıraktım	14454	1609
hedef	14449	1610
söylemedin	14441	1611
saldırı	14423	1612
gibisin	14403	1613
ruh	14381	1614
yakışıklı	14358	1615
seçim	14357	1616
yağmur	14338	1617
çıkan	14335	1618
koş	14327	1619
rüya	14299	1620
başı	14297	1621
bakmak	14283	1622
bıraktı	14275	1623
açın	14270	1624
cinsel	14252	1625
fırsat	14224	1626
kısmı	14215	1627
meşgul	14192	1628
başında	14184	1629
chris	14182	1630
göstermek	14175	1631
saatte	14159	1632
yaptığımı	14137	1633
resim	14128	1634
edeceğiz	14124	1635
karısı	14109	1636
ışık	14101	1637
hatırlamıyorum	14095	1638
peşinde	14080	1639
sor	14056	1640
don	14038	1641
robert	14035	1642
diyelim	14021	1643
parasını	14016	1644
derhal	14010	1645
veren	13994	1646
sınıf	13989	1647
getirdi	13977	1648
askeri	13977	1649
yana	13968	1650
zamanki	13961	1651
gideceğiz	13956	1652
kardeş	13940	1653
getirin	13935	1654
ingiliz	13929	1655
piç	13919	1656
engel	13909	1657
etmiyor	13901	1658
olmuştu	13898	1659
annenin	13887	1660
zevk	13880	1661
vur	13875	1662
hayatımın	13875	1663
inanmıyorum	13871	1664
müdür	13867	1665
ihtiyaç	13857	1666
uh	13833	1667
sorumlu	13809	1668
bobby	13800	1669
hanım	13778	1670
öğrendim	13774	1671
savaşı	13773	1672
suyu	13769	1673
uzakta	13765	1674
spor	13757	1675
oturun	13754	1676
kevin	13751	1677
ettiğim	13747	1678
ayrı	13746	1679
izi	13741	1680
mutluyum	13738	1681
gelince	13734	1682
ters	13716	1683
kocam	13694	1684
cep	13693	1685
araştırma	13680	1686
kate	13680	1687
çalışıyoruz	13655	1688
dünyadaki	13648	1689
iyisin	13643	1690
ortada	13638	1691
işimi	13630	1692
kaldır	13623	1693
odasına	13612	1694
yapabiliriz	13602	1695
öldürdün	13597	1696
dna	13579	1697
nasıldı	13558	1698
arkadaşlar	13553	1699
verdiği	13553	1700
budur	13548	1701
birbirimize	13525	1702
bölge	13524	1703
charles	13513	1704
derken	13497	1705
tutmak	13496	1706
brian	13492	1707
biliyordu	13484	1708
bilgisayar	13483	1709
domuz	13479	1710
konusu	13475	1711
numaralı	13437	1712
düğün	13437	1713
binlerce	13428	1714
iyisini	13426	1715
olursun	13407	1716
bırakıp	13378	1717
martin	13347	1718
dokuz	13329	1719
fazlası	13321	1720
odası	13317	1721
değiller	13292	1722
arasındaki	13289	1723
ettiği	13277	1724
konuşalım	13271	1725
kişiyi	13270	1726
tarafı	13268	1727
gitmeliyiz	13266	1728
başla	13260	1729
şükür	13258	1730
gittin	13240	1731
bahse	13234	1732
polisler	13224	1733
ihanet	13214	1734
şeyim	13189	1735
girmek	13186	1736
ardından	13182	1737
yapın	13180	1738
ceset	13170	1739
filmi	13163	1740
tamir	13158	1741
özledim	13152	1742
başından	13143	1743
orda	13132	1744
eddie	13116	1745
uçak	13087	1746
iz	13086	1747
başlıyoruz	13079	1748
nda	13065	1749
afedersiniz	13061	1750
kocaman	13052	1751
babamı	13051	1752
birer	13051	1753
odada	13050	1754
bol	13048	1755
insanı	13048	1756
kuş	13046	1757
kahraman	13042	1758
çılgın	13021	1759
geçiyorsun	13019	1760
havaya	12986	1761
aklını	12975	1762
yapmamız	12972	1763
karın	12965	1764
yarı	12965	1765
gerekmiyor	12961	1766
eric	12956	1767
bakıyorum	12951	1768
üzerinden	12950	1769
hariç	12949	1770
polise	12949	1771
nerde	12947	1772
isterseniz	12924	1773
kedi	12923	1774
geride	12922	1775
taş	12911	1776
arayıp	12908	1777
girip	12903	1778
merkezi	12900	1779
yapacağımı	12887	1780
amy	12878	1781
anna	12869	1782
edemem	12867	1783
problem	12863	1784
nasılsınız	12848	1785
dönüp	12840	1786
sormak	12826	1787
aşağıda	12824	1788
anlaştık	12823	1789
harekete	12817	1790
ediyorlar	12816	1791
canavar	12809	1792
kendisini	12809	1793
rapor	12799	1794
değilse	12787	1795
başkanı	12785	1796
tutun	12778	1797
konuşmayı	12774	1798
kurt	12773	1799
dediğim	12762	1800
söylerim	12753	1801
kıza	12743	1802
kayıt	12740	1803
adında	12738	1804
döneceğim	12737	1805
kaçtı	12735	1806
geleceğini	12733	1807
yerlerde	12733	1808
sır	12706	1809
birbirimizi	12704	1810
maalesef	12694	1811
orta	12693	1812
fikrin	12692	1813
oradaki	12655	1814
benzer	12632	1815
kiminle	12628	1816
tavsiye	12627	1817
çalışıyordum	12620	1818
rachel	12617	1819
alalım	12610	1820
farkındayım	12608	1821
canını	12606	1822
itibaren	12602	1823
hayalet	12601	1824
sıradaki	12601	1825
pazar	12595	1826
hayatımda	12561	1827
doğu	12537	1828
yaptığımız	12534	1829
yaparken	12528	1830
değilmiş	12517	1831
çıplak	12513	1832
der	12511	1833
walter	12510	1834
mücadele	12508	1835
görüşmek	12499	1836
kör	12496	1837
kardeşi	12475	1838
üzüldüm	12468	1839
yapamazsın	12465	1840
şimdiden	12463	1841
oynamak	12457	1842
kitabı	12449	1843
cesur	12436	1844
dönüyor	12429	1845
silahını	12423	1846
buradayız	12421	1847
bunca	12401	1848
bebeği	12391	1849
veremem	12387	1850
enerji	12384	1851
top	12377	1852
bağlantı	12373	1853
savunma	12370	1854
hangisi	12364	1855
hissettim	12361	1856
anlaşılan	12358	1857
andy	12352	1858
sayılır	12313	1859
sinir	12305	1860
yasal	12301	1861
yapılan	12286	1862
yapıp	12279	1863
çalıştı	12274	1864
hatırladın	12264	1865
umut	12262	1866
suçu	12260	1867
edilmiş	12257	1868
söylemiş	12244	1869
ilişki	12240	1870
biriydi	12232	1871
okulda	12224	1872
gördü	12214	1873
neymiş	12206	1874
içindeki	12202	1875
unuttum	12199	1876
jerry	12194	1877
şeylerin	12190	1878
görüyorsun	12183	1879
sağlık	12183	1880
annemi	12161	1881
ün	12159	1882
bırakmak	12140	1883
sizce	12135	1884
barış	12117	1885
cuma	12113	1886
girecek	12111	1887
yapmamı	12109	1888
eee	12100	1889
uzay	12095	1890
yaparsın	12092	1891
ödeme	12090	1892
yıllık	12079	1893
edeceksin	12074	1894
topu	12070	1895
san	12047	1896
açıkçası	12033	1897
kar	12031	1898
olacaktı	12019	1899
vermeye	12019	1900
filan	12017	1901
aşağıya	12010	1902
şeydi	12003	1903
söylediği	11994	1904
ettiler	11993	1905
kırıklığına	11989	1906
numarası	11980	1907
istemiştim	11969	1908
bilirim	11968	1909
sistemi	11967	1910
scott	11964	1911
claire	11964	1912
yapacağını	11963	1913
doğruyu	11950	1914
emir	11946	1915
alakası	11945	1916
nihayet	11940	1917
kazanmak	11935	1918
onca	11913	1919
los	11899	1920
vereyim	11899	1921
demiştin	11887	1922
mahkeme	11864	1923
nasıi	11864	1924
konuşmam	11858	1925
gözden	11854	1926
uyuyor	11849	1927
düşman	11813	1928
iletişim	11806	1929
olmaktan	11787	1930
yapıyorlar	11787	1931
konuşuyorsun	11786	1932
bulunan	11781	1933
düşündün	11774	1934
çıkarın	11773	1935
yıllardır	11773	1936
eline	11768	1937
göremiyorum	11765	1938
ingiltere	11753	1939
hayatının	11746	1940
baskı	11740	1941
akıl	11739	1942
şirket	11732	1943
ismini	11727	1944
hepimizin	11719	1945
sus	11708	1946
kızla	11702	1947
gerekirdi	11698	1948
ihtiyacınız	11695	1949
çalıştığını	11693	1950
sonuç	11693	1951
bizde	11677	1952
çıkın	11674	1953
sanat	11668	1954
söyleyebilirim	11647	1955
söylemedi	11635	1956
nazik	11625	1957
parası	11621	1958
it	11607	1959
başlangıç	11593	1960
binbaşı	11591	1961
kurşun	11589	1962
baktım	11588	1963
öldüğünü	11578	1964
nedenle	11571	1965
yarar	11566	1966
doğrusu	11562	1967
prenses	11559	1968
batı	11558	1969
arabada	11557	1970
otel	11532	1971
boşa	11529	1972
kalıyor	11523	1973
boktan	11523	1974
tavuk	11496	1975
jason	11490	1976
vermeyeceğim	11482	1977
parlak	11479	1978
lisa	11477	1979
banka	11475	1980
hay	11473	1981
peşinden	11472	1982
sevdiğini	11470	1983
duygusal	11469	1984
karışık	11466	1985
vermiş	11466	1986
alma	11455	1987
vahşi	11451	1988
konuşmamız	11451	1989
yüzde	11434	1990
di	11433	1991
bulmuş	11431	1992
çirkin	11422	1993
bulundu	11418	1994
fransız	11415	1995
istediğiniz	11415	1996
kyle	11413	1997
pete	11409	1998
çıkış	11405	1999
kilo	11392	2000
dokunma	11388	2001
sakıncası	11385	2002
dahi	11377	2003
söylediğin	11367	2004
insanlarla	11361	2005
yangın	11354	2006
yolculuk	11344	2007
dönerim	11343	2008
etrafında	11342	2009
tanışmak	11340	2010
sosyal	11340	2011
luke	11336	2012
ameliyat	11334	2013
çıkarmak	11301	2014
inşa	11300	2015
geçirdim	11293	2016
girin	11280	2017
şeylere	11272	2018
kredi	11272	2019
çıkacak	11269	2020
kamera	11259	2021
olduğumuz	11258	2022
olsaydım	11239	2023
üstelik	11225	2024
çalışmaya	11213	2025
bulacağım	11209	2026
şansımız	11198	2027
thomas	11184	2028
istiyordum	11179	2029
birisin	11156	2030
gönderdi	11154	2031
unuttun	11153	2032
elektrik	11147	2033
başarısız	11137	2034
tv	11137	2035
and	11130	2036
ni	11122	2037
eğitim	11118	2038
öğleden	11116	2039
onda	11105	2040
imdat	11101	2041
yüzüne	11100	2042
madam	11098	2043
acayip	11094	2044
kalma	11093	2045
ulusal	11085	2046
gösteri	11081	2047
şehirde	11072	2048
söylesene	11067	2049
intikam	11062	2050
inanıyor	11059	2051
değişti	11052	2052
zamanımız	11050	2053
tespit	11038	2054
fransa	11034	2055
yukarıda	11027	2056
sevimli	11024	2057
duruma	11023	2058
varken	11022	2059
şansın	11022	2060
bunda	11006	2061
aniden	11000	2062
olmanın	10998	2063
şehri	10995	2064
getirmek	10992	2065
param	10991	2066
ortasında	10988	2067
geçirmek	10983	2068
degil	10973	2069
gene	10973	2070
yalancı	10966	2071
tanık	10966	2072
emri	10965	2073
kadınla	10963	2074
emily	10957	2075
koruma	10954	2076
cesaret	10954	2077
attı	10951	2078
öldür	10945	2079
cumartesi	10932	2080
gecesi	10930	2081
alice	10916	2082
mutlaka	10911	2083
televizyon	10900	2084
saç	10895	2085
olmanı	10882	2086
clark	10881	2087
genel	10874	2088
varım	10864	2089
söylediğini	10861	2090
angeles	10859	2091
dediğini	10858	2092
yaparız	10855	2093
öldürüldü	10830	2094
şirketi	10821	2095
fikri	10809	2096
çekip	10808	2097
ilgi	10805	2098
kalır	10803	2099
kokuyor	10800	2100
söyleyebilir	10798	2101
şerefe	10795	2102
ailen	10795	2103
getirdin	10792	2104
arthur	10770	2105
eli	10769	2106
gecenin	10768	2107
öldürecek	10758	2108
edici	10749	2109
düşük	10743	2110
diyorlar	10737	2111
indir	10736	2112
ted	10734	2113
aşkım	10733	2114
ed	10718	2115
evime	10712	2116
gerçi	10695	2117
tadını	10692	2118
almam	10691	2119
teknik	10689	2120
kimdi	10683	2121
olmalıyım	10680	2122
gitmeye	10673	2123
aramaya	10670	2124
korku	10664	2125
bakar	10664	2126
söyleyemem	10661	2127
iddia	10659	2128
emma	10657	2129
yerel	10656	2130
görevi	10636	2131
buranın	10636	2132
gitmemiz	10636	2133
takımı	10627	2134
kendinizi	10626	2135
hatam	10626	2136
ettiğin	10626	2137
beyefendi	10622	2138
kullan	10622	2139
tecavüz	10622	2140
bilirsiniz	10621	2141
nedenini	10619	2142
yapılmış	10619	2143
şeyle	10613	2144
etmesi	10612	2145
tehlikeye	10610	2146
dave	10608	2147
carter	10607	2148
ım	10606	2149
cesedi	10605	2150
günlük	10596	2151
olunca	10593	2152
düşünmek	10563	2153
larry	10559	2154
kalacağım	10555	2155
örnek	10552	2156
yoğun	10536	2157
matt	10536	2158
bakıyorsun	10533	2159
zamanın	10515	2160
simon	10502	2161
oluyorum	10501	2162
annie	10486	2163
futbol	10483	2164
ülke	10481	2165
dediğin	10478	2166
tren	10468	2167
arayacağım	10466	2168
çiçek	10455	2169
düşünüyorsunuz	10451	2170
içmek	10451	2171
roma	10444	2172
çocuklara	10437	2173
yolun	10433	2174
planı	10430	2175
pişman	10428	2176
gideyim	10427	2177
tarih	10424	2178
başlar	10418	2179
yerin	10410	2180
ediyordum	10410	2181
kahvaltı	10407	2182
eh	10404	2183
bulacağız	10400	2184
kaldın	10387	2185
kadına	10380	2186
umurunda	10377	2187
yapmayın	10377	2188
konuşuruz	10368	2189
tarihi	10368	2190
um	10364	2191
sonrasında	10361	2192
avrupa	10360	2193
utanç	10359	2194
arabanın	10358	2195
hakkındaki	10357	2196
zorla	10355	2197
bilen	10352	2198
partisi	10350	2199
ceza	10345	2200
izle	10339	2201
etmeliyiz	10337	2202
eğlence	10327	2203
yatağa	10326	2204
kayboldu	10322	2205
sevgi	10319	2206
çekmek	10316	2207
demedim	10313	2208
başını	10304	2209
gelirim	10303	2210
şehrin	10301	2211
tepki	10299	2212
yaptınız	10283	2213
ölecek	10276	2214
durma	10266	2215
tanesi	10263	2216
geliyorlar	10258	2217
taksi	10255	2218
nerden	10249	2219
öldüreceğim	10248	2220
chuck	10238	2221
bizler	10237	2222
müsaade	10236	2223
boyu	10233	2224
ucuz	10232	2225
oy	10226	2226
gidebilir	10224	2227
izlemek	10223	2228
vermem	10217	2229
anahtarı	10201	2230
ihtimalle	10198	2231
washington	10197	2232
gören	10196	2233
araç	10195	2234
edersen	10192	2235
pes	10189	2236
koç	10189	2237
endişe	10188	2238
etmelisin	10179	2239
derler	10174	2240
oluruz	10173	2241
gitmiyor	10169	2242
rol	10168	2243
istemez	10157	2244
açıkça	10156	2245
hissediyorsun	10151	2246
karşılık	10143	2247
ordu	10142	2248
etkileyici	10130	2249
ekibi	10125	2250
servis	10123	2251
önümüzdeki	10123	2252
olabilirdi	10114	2253
muyuz	10108	2254
sürer	10107	2255
öyledir	10101	2256
kraliçe	10100	2257
yılda	10098	2258
düşünmüyorum	10093	2259
mıydın	10089	2260
havalı	10085	2261
paraya	10074	2262
devlet	10070	2263
tanımıyorum	10068	2264
yat	10067	2265
sordum	10065	2266
hayata	10065	2267
kullanmak	10064	2268
lucy	10053	2269
dev	10051	2270
ekip	10045	2271
william	10036	2272
sendin	10036	2273
elbise	10034	2274
yirmi	10032	2275
dersiniz	10029	2276
hiçbiri	10024	2277
heyecan	10021	2278
pahalı	10016	2279
getireyim	10005	2280
ingilizce	10004	2281
sean	9997	2282
emredersiniz	9995	2283
sefere	9991	2284
büyü	9989	2285
bil	9970	2286
fikrini	9967	2287
yaşıyorum	9960	2288
kullanıyor	9958	2289
tim	9955	2290
lar	9947	2291
etmiyorum	9945	2292
sürtük	9941	2293
huzur	9935	2294
sokak	9933	2295
öncelikle	9929	2296
yakaladım	9926	2297
usta	9923	2298
üstü	9921	2299
eşlik	9920	2300
verdik	9919	2301
aksi	9918	2302
kimsiniz	9916	2303
içinden	9916	2304
derecede	9912	2305
gaz	9909	2306
şeylerden	9904	2307
keresinde	9903	2308
denen	9896	2309
yapmalıyız	9883	2310
giderim	9878	2311
genellikle	9874	2312
verebilir	9858	2313
üyesi	9846	2314
ailenin	9846	2315
çalışıyordu	9843	2316
alakalı	9820	2317
görünce	9818	2318
silahlı	9812	2319
kaba	9799	2320
giderken	9799	2321
yapılacak	9796	2322
olmasa	9785	2323
işkence	9784	2324
gizlice	9769	2325
dert	9764	2326
gördüğün	9763	2327
hastanede	9761	2328
saati	9754	2329
profesyonel	9748	2330
yardımı	9730	2331
bakıyor	9729	2332
kendisine	9726	2333
lord	9725	2334
vurdu	9723	2335
karşılığında	9717	2336
denedim	9715	2337
bulup	9715	2338
şansım	9713	2339
anahtar	9706	2340
halt	9701	2341
ödünç	9696	2342
okuldan	9695	2343
aklına	9690	2344
dediğimi	9688	2345
derdi	9688	2346
to	9686	2347
sezon	9681	2348
meselesi	9678	2349
yapması	9676	2350
şişe	9671	2351
romantik	9670	2352
kıçını	9670	2353
sağlıklı	9665	2354
adalet	9665	2355
ödül	9664	2356
çocuğum	9658	2357
dahaki	9658	2358
maria	9654	2359
düşündüğüm	9647	2360
efendi	9647	2361
çocuğa	9646	2362
kaldık	9638	2363
c	9637	2364
telefonda	9636	2365
ölümü	9628	2366
götürün	9627	2367
onur	9622	2368
fahişe	9615	2369
girerim	9614	2370
geliyorsun	9591	2371
eksik	9585	2372
çocukken	9582	2373
aşağılık	9579	2374
verdiğin	9575	2375
bari	9573	2376
günlerde	9573	2377
veda	9572	2378
gözüküyor	9570	2379
şuradaki	9567	2380
arabası	9563	2381
güzelmiş	9561	2382
joey	9560	2383
ayakta	9547	2384
öldüren	9546	2385
görebiliyorum	9544	2386
kağıt	9543	2387
adamsın	9540	2388
mısır	9539	2389
leo	9536	2390
buyur	9535	2391
bileyim	9532	2392
yahudi	9529	2393
ü	9525	2394
anneme	9524	2395
şüphe	9524	2396
etmeliyim	9524	2397
yasak	9518	2398
istemezsin	9517	2399
harikaydı	9506	2400
benimki	9499	2401
öğrenci	9496	2402
fiziksel	9490	2403
atmak	9486	2404
saf	9482	2405
diş	9480	2406
jeff	9479	2407
yahu	9471	2408
neresi	9470	2409
kalıp	9468	2410
gerçekte	9468	2411
sorabilir	9458	2412
yapabileceğim	9458	2413
söyleyen	9455	2414
öyleydi	9450	2415
bekliyorsun	9446	2416
tanıdığım	9442	2417
olmuştur	9441	2418
carl	9439	2419
bıçak	9438	2420
olağanüstü	9427	2421
süt	9423	2422
riske	9416	2423
kendinden	9414	2424
babasının	9413	2425
kelly	9410	2426
çıkma	9403	2427
birinde	9400	2428
ediyordu	9393	2429
okudum	9391	2430
kartı	9388	2431
rus	9388	2432
gelmişti	9384	2433
annemle	9383	2434
bildiğin	9374	2435
ayı	9368	2436
hakkı	9359	2437
seyahat	9357	2438
â	9356	2439
hayir	9346	2440
nokta	9329	2441
değilsiniz	9322	2442
adamların	9316	2443
tıbbi	9315	2444
dışına	9307	2445
başta	9305	2446
tıp	9304	2447
olmazsa	9302	2448
serseri	9300	2449
gücünü	9293	2450
his	9289	2451
biter	9286	2452
anlamıyorsun	9274	2453
tanıştığımıza	9262	2454
kararı	9261	2455
km	9250	2456
geniş	9247	2457
boşver	9241	2458
döndüm	9238	2459
hmm	9236	2460
uyku	9231	2461
evlenmek	9228	2462
çeviren	9227	2463
tuzak	9224	2464
kanı	9223	2465
kızıl	9222	2466
evim	9217	2467
geldiler	9203	2468
odaya	9200	2469
ihtiyar	9198	2470
afrika	9197	2471
gelmeden	9194	2472
prens	9194	2473
zamanım	9186	2474
görmüştüm	9182	2475
tarafında	9176	2476
bölümü	9166	2477
yardımcısı	9165	2478
haberim	9162	2479
anlattı	9158	2480
sarı	9158	2481
sahne	9157	2482
dost	9155	2483
çöp	9154	2484
temel	9154	2485
kızları	9148	2486
kullanarak	9148	2487
yara	9145	2488
hele	9144	2489
sanıyor	9133	2490
yanı	9133	2491
okulu	9129	2492
gelsin	9122	2493
seviyorsun	9113	2494
federal	9101	2495
kapıdan	9100	2496
mil	9099	2497
amına	9092	2498
geceleri	9089	2499
kalbi	9086	2500
duydunuz	9086	2501
aldığını	9084	2502
gördüğüme	9084	2503
abby	9083	2504
almayı	9078	2505
gitmeden	9073	2506
üzücü	9072	2507
ettiniz	9064	2508
kilometre	9062	2509
geldiği	9059	2510
kuralları	9055	2511
andan	9049	2512
gör	9044	2513
alışveriş	9042	2514
hakkımda	9039	2515
hemşire	9035	2516
yumurta	9027	2517
bahsediyorum	9027	2518
geceyi	9025	2519
rose	9024	2520
birbirine	9023	2521
kendilerini	9023	2522
arası	9023	2523
adi	9020	2524
louis	9009	2525
phil	9002	2526
ipucu	8992	2527
yapmaz	8991	2528
bırakma	8990	2529
bozuk	8986	2530
li	8978	2531
ediyorsunuz	8974	2532
hakim	8974	2533
bardak	8973	2534
babama	8969	2535
no	8963	2536
doğrudan	8959	2537
geçici	8958	2538
meksika	8943	2539
alanı	8942	2540
ikisini	8941	2541
karmaşık	8940	2542
koyayım	8938	2543
verdiğim	8935	2544
olduk	8931	2545
yaşındaki	8931	2546
yerlere	8927	2547
görelim	8923	2548
bıktım	8922	2549
çıkıyorum	8917	2550
görünen	8908	2551
derdin	8907	2552
olamazsın	8899	2553
derim	8895	2554
karşısında	8891	2555
kafanı	8890	2556
susan	8888	2557
sadık	8887	2558
üstesinden	8887	2559
söylemeliyim	8886	2560
katı	8883	2561
unutmayın	8876	2562
gibidir	8874	2563
toplantı	8859	2564
göze	8858	2565
arkadaşlarım	8856	2566
gözleri	8856	2567
kaybetti	8852	2568
hükümet	8845	2569
dinlemek	8841	2570
jackson	8837	2571
geçerli	8833	2572
dönün	8819	2573
izninizle	8815	2574
alacağız	8814	2575
sevdiğin	8814	2576
nden	8803	2577
basın	8802	2578
hırsız	8798	2579
haftada	8795	2580
bakarım	8786	2581
birisini	8785	2582
çalışırken	8784	2583
anı	8782	2584
diğeri	8778	2585
yaş	8773	2586
atış	8771	2587
hafif	8767	2588
kutu	8756	2589
etsin	8753	2590
sipariş	8751	2591
çıktım	8749	2592
gelene	8748	2593
anlatmak	8747	2594
programı	8746	2595
jenny	8746	2596
sizde	8744	2597
bas	8743	2598
öldürdüm	8734	2599
kişiler	8734	2600
yetişkin	8727	2601
kendimizi	8723	2602
olmazdı	8720	2603
ekmek	8715	2604
takdir	8709	2605
olduğunun	8708	2606
sanıyorum	8707	2607
sola	8707	2608
yardımına	8697	2609
söylüyorlar	8696	2610
roger	8694	2611
afedersin	8687	2612
birliği	8682	2613
grace	8677	2614
tanrıya	8675	2615
vermiyor	8675	2616
içerisinde	8674	2617
ilgilendirmez	8672	2618
korkuyor	8670	2619
bitmedi	8668	2620
edemezsin	8668	2621
çekti	8666	2622
izleri	8654	2623
tip	8653	2624
tak	8651	2625
tehlike	8651	2626
dean	8648	2627
hastalık	8633	2628
görünmüyor	8624	2629
sizler	8616	2630
çıkalım	8604	2631
hiçbirşey	8600	2632
bunlara	8598	2633
etmedi	8594	2634
partiye	8594	2635
olmadığına	8593	2636
sonrası	8589	2637
dediği	8588	2638
farkına	8573	2639
hassas	8568	2640
dolarlık	8567	2641
ikimizin	8567	2642
verdiler	8566	2643
hissediyor	8566	2644
oğlun	8565	2645
bakacağım	8564	2646
ateşi	8562	2647
çıkardın	8561	2648
edebilirsin	8560	2649
kaybettik	8553	2650
olmalıyız	8545	2651
göreceksin	8545	2652
buldunuz	8543	2653
hayatında	8542	2654
göreceğiz	8542	2655
şehre	8534	2656
çekiyor	8534	2657
telefonunu	8532	2658
başım	8531	2659
adımı	8529	2660
olduğunuz	8527	2661
sürdü	8525	2662
yaptıklarını	8522	2663
gündür	8520	2664
gönder	8513	2665
halk	8511	2666
neredeydin	8500	2667
randevu	8499	2668
etmen	8496	2669
şok	8495	2670
anlamıyor	8491	2671
kalbim	8491	2672
kişilik	8486	2673
julia	8484	2674
gidebilirsin	8481	2675
ölen	8480	2676
başlamak	8479	2677
soruyorum	8474	2678
göstereceğim	8471	2679
günden	8470	2680
faydası	8463	2681
annene	8463	2682
belediye	8460	2683
kafasını	8455	2684
bedava	8452	2685
kontrolü	8452	2686
şeydir	8451	2687
video	8451	2688
görmemiştim	8447	2689
yapmıyorum	8446	2690
olmaması	8445	2691
cia	8444	2692
ler	8443	2693
maggie	8441	2694
yaşa	8439	2695
önceydi	8436	2696
konuştun	8436	2697
yumuşak	8435	2698
haberler	8435	2699
yüzü	8433	2700
kokusu	8430	2701
cam	8427	2702
nakit	8420	2703
açıklama	8415	2704
kafası	8412	2705
aslına	8411	2706
yılın	8410	2707
gelirse	8408	2708
değişiklik	8404	2709
biliyordun	8400	2710
aldığım	8398	2711
banyo	8396	2712
ilan	8389	2713
kıpırdama	8387	2714
etmedim	8383	2715
josh	8382	2716
vaktim	8380	2717
taze	8379	2718
paramı	8373	2719
köpeği	8372	2720
karen	8370	2721
kafana	8367	2722
düşündüğünü	8367	2723
yaparsan	8354	2724
tanıyorsun	8352	2725
delik	8351	2726
aber	8347	2727
sürede	8346	2728
aynısını	8346	2729
üzerindeki	8345	2730
etkisi	8343	2731
sevdiği	8343	2732
amerikalı	8342	2733
kafam	8341	2734
kaltak	8340	2735
düşünüyoruz	8324	2736
taki	8317	2737
korkma	8312	2738
olmalısınız	8310	2739
kirli	8306	2740
gideceksin	8305	2741
taylor	8303	2742
temsil	8301	2743
bulun	8301	2744
duyduğuma	8294	2745
howard	8281	2746
grubu	8281	2747
bişey	8277	2748
im	8274	2749
katılıyorum	8273	2750
sağa	8273	2751
suya	8272	2752
çılgınca	8269	2753
mutluluk	8267	2754
komutan	8253	2755
lily	8253	2756
ağaç	8251	2757
gizemli	8250	2758
seven	8247	2759
komiser	8242	2760
smith	8239	2761
biriyim	8233	2762
ateşli	8231	2763
istiyordu	8231	2764
girmiş	8228	2765
kalbini	8226	2766
alacaksın	8223	2767
bendim	8222	2768
göstereyim	8220	2769
jackie	8220	2770
gerekmez	8212	2771
nathan	8209	2772
dış	8209	2773
şirin	8209	2774
yapmalıyım	8208	2775
getirir	8208	2776
testi	8207	2777
gerektiği	8204	2778
morgan	8201	2779
bildiğini	8201	2780
yapıyordum	8199	2781
açığa	8194	2782
koyun	8191	2783
ağzını	8186	2784
kurtarmaya	8184	2785
aklından	8183	2786
pizza	8181	2787
babanı	8180	2788
ederek	8171	2789
gergin	8170	2790
aydır	8169	2791
aramak	8162	2792
heyecanlı	8160	2793
içimde	8156	2794
taraf	8153	2795
tahliye	8149	2796
cehennem	8145	2797
anneni	8140	2798
buçuk	8137	2799
bakarsan	8129	2800
durdur	8120	2801
geldiğin	8119	2802
fırsatı	8118	2803
yavaşça	8117	2804
yazı	8115	2805
planın	8109	2806
izini	8108	2807
arayan	8107	2808
elimi	8103	2809
nı	8101	2810
haberin	8095	2811
içi	8093	2812
çalışmıyor	8092	2813
sara	8091	2814
ince	8089	2815
ufaklık	8088	2816
ölümcül	8087	2817
çalıştığım	8078	2818
şunları	8078	2819
ikinizin	8077	2820
arayın	8075	2821
veriyorsun	8068	2822
sonucu	8057	2823
ederken	8056	2824
hesap	8056	2825
yeteri	8050	2826
bulmalıyız	8049	2827
duymadım	8046	2828
sözü	8046	2829
gelmesini	8042	2830
sahiden	8039	2831
olmasaydı	8038	2832
birleşik	8037	2833
gönüllü	8035	2834
kurbanın	8030	2835
sey	8020	2836
yarısını	8018	2837
geçer	8015	2838
yaşasın	8011	2839
umrumda	8009	2840
doktora	8009	2841
yokmuş	8009	2842
başkası	8008	2843
yatakta	8007	2844
pazartesi	8007	2845
yüzlerce	8003	2846
dayan	7996	2847
duş	7992	2848
chloe	7974	2849
bakış	7973	2850
gary	7972	2851
kısmını	7970	2852
kadınların	7968	2853
gelme	7964	2854
rock	7959	2855
kasaba	7957	2856
geçirdi	7952	2857
işlerini	7943	2858
vücut	7940	2859
unutmuşum	7937	2860
bekliyoruz	7932	2861
aldığı	7929	2862
bekliyordum	7928	2863
dönüş	7927	2864
kart	7924	2865
anlamak	7919	2866
içecek	7914	2867
rahip	7912	2868
sorular	7908	2869
geleceği	7907	2870
hindistan	7903	2871
hastane	7902	2872
peşine	7895	2873
dövüş	7888	2874
yazar	7887	2875
öbür	7882	2876
düşünmeye	7880	2877
düşündüğün	7878	2878
milyonlarca	7868	2879
alabilirsin	7865	2880
yorgun	7863	2881
yapmayacağım	7862	2882
seninki	7861	2883
lezzetli	7858	2884
tuvalete	7852	2885
havada	7849	2886
halinde	7846	2887
etmeden	7846	2888
dönecek	7845	2889
davayı	7844	2890
ndan	7844	2891
kralı	7840	2892
yapmanı	7836	2893
gideriz	7836	2894
zenci	7826	2895
talep	7824	2896
victor	7819	2897
oğlumu	7814	2898
verelim	7809	2899
yaşıyorsun	7808	2900
olayın	7806	2901
sordu	7805	2902
er	7802	2903
yapamaz	7790	2904
doug	7785	2905
demiş	7784	2906
gitmiyorum	7781	2907
tutuyor	7780	2908
temin	7779	2909
vegas	7779	2910
rüzgar	7778	2911
gibiyim	7778	2912
günah	7778	2913
elizabeth	7777	2914
denemek	7756	2915
beklemek	7754	2916
açıdan	7753	2917
paranın	7752	2918
ışığı	7750	2919
canımı	7748	2920
burdan	7746	2921
barry	7744	2922
krizi	7742	2923
yaptıkları	7742	2924
elimizden	7741	2925
canın	7740	2926
etmiştim	7739	2927
hank	7737	2928
red	7736	2929
kocası	7734	2930
katta	7733	2931
anlarsın	7732	2932
oğlan	7725	2933
süreliğine	7724	2934
sorunumuz	7719	2935
gemisi	7717	2936
geçmişte	7717	2937
konuşuyorum	7717	2938
hepsinin	7715	2939
öne	7713	2940
bilet	7706	2941
bizzat	7705	2942
ayakkabı	7704	2943
bilmeni	7701	2944
patrick	7696	2945
gitmedi	7693	2946
oluyorsun	7691	2947
kırık	7687	2948
biridir	7686	2949
kalacaksın	7685	2950
sürecek	7682	2951
sinyal	7682	2952
hızla	7681	2953
otobüs	7681	2954
laura	7681	2955
çalışacağım	7680	2956
bilemezsin	7679	2957
minnettarım	7678	2958
şaşırdım	7674	2959
hepimizi	7670	2960
istemiyorsun	7669	2961
çaldı	7665	2962
özgürlük	7663	2963
hapiste	7657	2964
çıkardı	7657	2965
şaşırtıcı	7652	2966
verirsen	7649	2967
geçecek	7647	2968
olabiliriz	7646	2969
jesse	7645	2970
masa	7643	2971
dikkatini	7643	2972
tatil	7643	2973
öğretmen	7640	2974
şikayet	7635	2975
stan	7635	2976
kuru	7635	2977
nükleer	7635	2978
konuşacağım	7629	2979
ross	7627	2980
sandın	7626	2981
yaptılar	7626	2982
tebrik	7620	2983
olsan	7619	2984
konuşacak	7617	2985
babana	7612	2986
net	7611	2987
tanıdık	7606	2988
julie	7606	2989
yakından	7603	2990
aşkın	7603	2991
ölür	7601	2992
sorum	7598	2993
jones	7598	2994
kural	7597	2995
anlayamadım	7596	2996
almanya	7593	2997
çözüm	7591	2998
müşteri	7591	2999
mahkemeye	7591	3000
dik	7587	3001
bırakalım	7581	3002
arıyoruz	7580	3003
sesleri	7580	3004
büyükanne	7572	3005
düşünmemiştim	7568	3006
üniversite	7565	3007
geçmek	7563	3008
bela	7562	3009
yetenekli	7559	3010
kazandım	7557	3011
olmamış	7557	3012
kibar	7551	3013
duymuştum	7548	3014
trafik	7547	3015
yapmadı	7544	3016
dönmüş	7544	3017
olalım	7543	3018
duyduğum	7542	3019
olmayabilir	7539	3020
eş	7536	3021
tanıştım	7535	3022
evini	7535	3023
kapıya	7531	3024
yaşındayken	7530	3025
teyze	7530	3026
aldılar	7527	3027
eyalet	7526	3028
oyuncu	7525	3029
tadı	7516	3030
arkadaşları	7515	3031
kadeh	7515	3032
renk	7510	3033
öldürürüm	7509	3034
orayı	7506	3035
başladın	7503	3036
kusursuz	7501	3037
gösterir	7494	3038
kazandı	7493	3039
kadınları	7490	3040
öldürdüğünü	7488	3041
getireceğim	7486	3042
arkasına	7484	3043
kişiye	7484	3044
hayatına	7481	3045
şiddet	7479	3046
maç	7478	3047
eşyalarını	7477	3048
seçenek	7475	3049
gözü	7471	3050
vereceksin	7470	3051
arkada	7469	3052
sohbet	7468	3053
emekli	7467	3054
denir	7466	3055
tarz	7466	3056
eşim	7466	3057
mektubu	7464	3058
bulamadım	7462	3059
bebeğin	7458	3060
değiştirmek	7458	3061
bravo	7458	3062
yarıyor	7453	3063
uğruna	7452	3064
oynuyor	7452	3065
durdu	7452	3066
keskin	7447	3067
gördüğünü	7446	3068
sorunum	7445	3069
ölüyor	7439	3070
görmezden	7436	3071
chicago	7435	3072
davranıyorsun	7431	3073
sokakta	7430	3074
alıyorsun	7429	3075
takma	7427	3076
seferinde	7422	3077
rick	7419	3078
mucize	7416	3079
atın	7413	3080
bakıp	7406	3081
babamla	7402	3082
ağzına	7402	3083
amacı	7401	3084
internet	7400	3085
şükürler	7395	3086
çizgi	7393	3087
kötüsü	7384	3088
görüşme	7379	3089
normalde	7379	3090
koku	7376	3091
bekleyen	7376	3092
garanti	7374	3093
güne	7374	3094
laf	7373	3095
acıyor	7369	3096
uçuş	7366	3097
arabadan	7363	3098
girdim	7361	3099
görünüyordu	7360	3100
atla	7359	3101
hâlde	7356	3102
mahkum	7355	3103
korkuyorsun	7352	3104
gördük	7352	3105
inanmak	7348	3106
van	7346	3107
dördüncü	7343	3108
edemez	7338	3109
dondurma	7335	3110
molly	7335	3111
olmamız	7331	3112
idi	7327	3113
götürmek	7321	3114
meyve	7317	3115
müfettiş	7312	3116
kardeşini	7309	3117
gittiler	7309	3118
japon	7308	3119
hissetmiyorum	7304	3120
arkadaşını	7303	3121
kimlik	7300	3122
içindi	7296	3123
zafer	7294	3124
han	7293	3125
rahibe	7289	3126
öylesine	7284	3127
ruhu	7283	3128
tehlikede	7282	3129
bar	7282	3130
arıyordum	7280	3131
diyorsunuz	7280	3132
seri	7279	3133
istediğimiz	7279	3134
yaradı	7277	3135
kendinize	7270	3136
robin	7269	3137
minik	7261	3138
ihtiyaçları	7260	3139
sorunları	7259	3140
oyuncak	7259	3141
madde	7257	3142
görmüyor	7255	3143
si	7247	3144
yanıma	7247	3145
birisinin	7247	3146
toprak	7243	3147
cenaze	7243	3148
gelmeye	7241	3149
demir	7240	3150
tuttum	7240	3151
görür	7240	3152
içelim	7239	3153
öldürür	7238	3154
anlayamıyorum	7236	3155
hazırız	7235	3156
olursan	7235	3157
belaya	7232	3158
umuyorum	7231	3159
götüreceğim	7227	3160
anlamaya	7223	3161
patlama	7220	3162
buyrun	7216	3163
cadı	7213	3164
vaktimiz	7211	3165
bırakmış	7210	3166
beğendim	7208	3167
farkı	7207	3168
saldırıya	7206	3169
kaçmak	7202	3170
adli	7199	3171
verildi	7198	3172
ülkenin	7197	3173
biliyorlar	7196	3174
eşi	7196	3175
hasar	7193	3176
hikâye	7191	3177
motor	7181	3178
döner	7178	3179
yürüyün	7172	3180
kapının	7171	3181
dönelim	7169	3182
yemeğini	7169	3183
uzağa	7168	3184
merkez	7168	3185
oku	7168	3186
sağlamak	7166	3187
neyle	7166	3188
istemedi	7164	3189
düşünün	7164	3190
yaralı	7163	3191
gözünü	7162	3192
gösterdi	7159	3193
yedin	7157	3194
helen	7155	3195
patates	7155	3196
viski	7151	3197
göğüs	7148	3198
bakılırsa	7144	3199
kaybettin	7144	3200
herkesten	7134	3201
elveda	7133	3202
güzelsin	7130	3203
soruşturma	7128	3204
kalmaz	7122	3205
korkak	7118	3206
fazladan	7115	3207
maymun	7110	3208
öyleyim	7109	3209
amanda	7103	3210
risk	7100	3211
oydu	7099	3212
savaşa	7097	3213
edebiliriz	7096	3214
katili	7091	3215
haftaya	7090	3216
yılan	7089	3217
alkol	7082	3218
fare	7080	3219
melek	7079	3220
bilinen	7076	3221
benzin	7074	3222
ali	7074	3223
birinden	7065	3224
paket	7064	3225
kurtulmak	7062	3226
eşcinsel	7059	3227
yerim	7057	3228
charlotte	7056	3229
yemeğine	7056	3230
koydum	7054	3231
konuşurken	7052	3232
yapardım	7048	3233
kira	7047	3234
sırası	7041	3235
sevmiyorum	7040	3236
arkadaşının	7035	3237
müziği	7027	3238
bulurum	7026	3239
olaylar	7026	3240
gitmen	7026	3241
olmadığımı	7026	3242
yerinden	7026	3243
çalıyor	7020	3244
miydim	7020	3245
bayıldım	7017	3246
yakala	7010	3247
haberleri	7007	3248
borç	7005	3249
kurtardı	6994	3250
durup	6993	3251
manyak	6991	3252
sayı	6990	3253
ısrar	6987	3254
nu	6985	3255
tuvalet	6971	3256
istiyorsanız	6968	3257
içindir	6967	3258
altından	6964	3259
kilise	6962	3260
sigorta	6960	3261
lordum	6951	3262
sonuçları	6948	3263
işlerin	6948	3264
abd	6945	3265
girer	6942	3266
olacağı	6939	3267
tyler	6936	3268
bahsetti	6933	3269
saçmalama	6928	3270
bayılıyorum	6925	3271
başardık	6922	3272
bırakıyorum	6921	3273
makine	6920	3274
yumruk	6918	3275
fred	6917	3276
evimde	6916	3277
fırtına	6915	3278
silahları	6915	3279
topla	6909	3280
oliver	6903	3281
geldiğiniz	6901	3282
gitmesine	6896	3283
arkadaşların	6896	3284
görebilir	6895	3285
senatör	6895	3286
geliyoruz	6891	3287
saate	6891	3288
atıyor	6889	3289
kaynağı	6886	3290
komutanım	6886	3291
rahatla	6874	3292
ertesi	6871	3293
kalabalık	6867	3294
delilik	6865	3295
pasta	6864	3296
söylemeyi	6862	3297
açmak	6861	3298
sıkıntı	6861	3299
itiraz	6856	3300
yapmalısın	6853	3301
yapıyordu	6847	3302
bugünkü	6842	3303
çıkmaya	6841	3304
kaydı	6838	3305
bıraktın	6837	3306
olabilirler	6834	3307
gidiyorsunuz	6828	3308
yaptığınız	6828	3309
getiren	6819	3310
kardeşinin	6816	3311
posta	6812	3312
geçip	6807	3313
gittikçe	6801	3314
suçun	6798	3315
marcus	6798	3316
bakan	6797	3317
raporu	6796	3318
mesajı	6794	3319
aziz	6792	3320
oldukları	6790	3321
kılıç	6789	3322
edemiyorum	6788	3323
kızların	6787	3324
korumaya	6784	3325
hoşgeldiniz	6784	3326
kolayca	6781	3327
nate	6775	3328
öldüğü	6773	3329
katılmak	6771	3330
sonsuz	6770	3331
kadarı	6769	3332
oğlunu	6768	3333
gördüğünüz	6768	3334
insanlardan	6767	3335
düşmüş	6765	3336
gerekiyorsa	6764	3337
yıldan	6762	3338
eskisi	6762	3339
sevdiğimi	6760	3340
verebilirim	6757	3341
greg	6757	3342
başın	6755	3343
meydan	6748	3344
dersi	6741	3345
demişti	6741	3346
sensiz	6739	3347
aracı	6739	3348
adresi	6735	3349
maçı	6735	3350
donna	6733	3351
yazdım	6731	3352
kanun	6730	3353
soracağım	6723	3354
mac	6723	3355
şişman	6720	3356
annesinin	6719	3357
ciddiye	6717	3358
diyebilirim	6716	3359
çalışıyorlar	6716	3360
hayvanlar	6714	3361
olayım	6709	3362
deneme	6709	3363
çağır	6709	3364
edeceğini	6708	3365
olanlardan	6704	3366
golf	6703	3367
roman	6703	3368
konuştuk	6699	3369
belada	6696	3370
fazlasıyla	6693	3371
düşünme	6693	3372
attım	6690	3373
düz	6687	3374
verip	6687	3375
makinesi	6685	3376
hitler	6681	3377
yokken	6678	3378
haklıydın	6678	3379
gördüğümde	6676	3380
kaçırdın	6675	3381
izni	6673	3382
gerekeni	6673	3383
alarm	6669	3384
olmamı	6669	3385
öğlen	6666	3386
anladınız	6665	3387
öğrendin	6663	3388
ormanda	6661	3389
içmeye	6660	3390
gitmelisin	6657	3391
bulur	6655	3392
vampir	6654	3393
anlamda	6651	3394
insana	6649	3395
kaybetmek	6647	3396
dakikada	6646	3397
yüzüme	6644	3398
akıllıca	6637	3399
tanrının	6634	3400
tarzı	6630	3401
olamam	6628	3402
gitmeyi	6627	3403
andrew	6626	3404
bakmaya	6622	3405
kilitli	6622	3406
cooper	6621	3407
cezası	6618	3408
hatırladım	6618	3409
rebecca	6615	3410
vincent	6613	3411
leydi	6610	3412
birilerini	6602	3413
açlıktan	6599	3414
çekim	6598	3415
oyuna	6598	3416
gününü	6597	3417
sabit	6594	3418
kaçak	6593	3419
verdiğini	6593	3420
kulübü	6590	3421
yaşamaya	6589	3422
döndün	6588	3423
hukuk	6588	3424
bina	6586	3425
polisin	6583	3426
demeye	6581	3427
arabayla	6578	3428
model	6573	3429
aşkı	6572	3430
çığlık	6572	3431
kızımı	6572	3432
vermedi	6569	3433
yakalamak	6565	3434
parayla	6559	3435
isterse	6559	3436
korkutucu	6558	3437
canı	6553	3438
öpücük	6553	3439
paranı	6552	3440
olabilecek	6550	3441
paran	6548	3442
kimseyle	6546	3443
h	6546	3444
tur	6545	3445
harvey	6544	3446
etmemi	6541	3447
şarkıyı	6541	3448
suçum	6541	3449
justin	6540	3450
tesadüf	6539	3451
görmeyi	6539	3452
tatmin	6538	3453
aksine	6531	3454
sihirli	6531	3455
savaşta	6530	3456
giriyor	6529	3457
güveniyorum	6528	3458
city	6527	3459
katie	6527	3460
k	6523	3461
johnson	6523	3462
bilmen	6522	3463
yıldızı	6521	3464
çikolata	6519	3465
durdurmak	6513	3466
görmüyorum	6512	3467
gümüş	6506	3468
sandviç	6501	3469
annenle	6501	3470
affet	6500	3471
ölüme	6499	3472
böylesi	6498	3473
modern	6497	3474
angela	6496	3475
ettiğimi	6492	3476
kimden	6490	3477
salı	6488	3478
götürdü	6484	3479
metal	6484	3480
mevcut	6483	3481
oturuyor	6482	3482
ederdim	6479	3483
kalabilir	6478	3484
hoşlanıyorum	6478	3485
rezil	6476	3486
erkeklerin	6476	3487
klasik	6475	3488
ayrıldı	6472	3489
çıktın	6468	3490
güvenliği	6468	3491
değildin	6467	3492
noktası	6466	3493
olsaydın	6465	3494
yaşadığını	6462	3495
iste	6460	3496
saattir	6455	3497
gündüz	6453	3498
program	6453	3499
yetecek	6453	3500
alıyoruz	6452	3501
kafasına	6451	3502
icabına	6447	3503
başardın	6441	3504
sessizlik	6440	3505
ölmeden	6438	3506
kamp	6433	3507
savaşın	6431	3508
karşıya	6430	3509
şişko	6430	3510
etmesini	6428	3511
gittik	6428	3512
fotoğrafı	6428	3513
çocuklarla	6426	3514
uçağı	6426	3515
bruce	6424	3516
yılında	6421	3517
toz	6420	3518
jo	6420	3519
he	6418	3520
bahsediyoruz	6415	3521
yaklaşıyor	6415	3522
beğendin	6412	3523
olana	6411	3524
öldürme	6411	3525
erkeğin	6410	3526
alırsın	6409	3527
acımasız	6409	3528
görmedin	6408	3529
senle	6400	3530
yaparak	6399	3531
uyu	6393	3532
terry	6392	3533
kızını	6388	3534
japonya	6388	3535
seve	6387	3536
aylık	6387	3537
göt	6383	3538
şanslısın	6379	3539
suyun	6378	3540
kalmayacak	6377	3541
sally	6370	3542
vermez	6369	3543
sistem	6368	3544
roy	6365	3545
aldınız	6365	3546
gelmedim	6363	3547
hile	6360	3548
halka	6359	3549
günleri	6358	3550
dinliyorum	6356	3551
alay	6355	3552
frankie	6355	3553
sağlayacak	6352	3554
korktum	6347	3555
bildiğimiz	6347	3556
yaşadım	6347	3557
todd	6344	3558
kalanını	6342	3559
moda	6342	3560
silahlar	6340	3561
kocan	6335	3562
oluşan	6333	3563
yarış	6331	3564
lucas	6331	3565
deniyor	6330	3566
duran	6326	3567
verilen	6323	3568
gemiye	6323	3569
görüntü	6317	3570
ayda	6312	3571
olurdum	6306	3572
kazanan	6305	3573
yorgunum	6301	3574
erdi	6295	3575
radyo	6295	3576
jamie	6290	3577
cole	6287	3578
ziyarete	6285	3579
kumar	6280	3580
olacaksınız	6279	3581
linda	6278	3582
geçmişi	6272	3583
bitir	6272	3584
çıkarma	6266	3585
duruyorsun	6265	3586
olmalıydı	6264	3587
olaya	6264	3588
sıfır	6263	3589
giderse	6261	3590
hastalığı	6259	3591
saray	6258	3592
gösteren	6257	3593
ilham	6257	3594
duvara	6255	3595
bakabilir	6254	3596
mermi	6254	3597
buluruz	6254	3598
sözünü	6253	3599
etrafa	6251	3600
yapmadın	6248	3601
üvey	6248	3602
askerler	6244	3603
daire	6241	3604
mezun	6239	3605
deri	6237	3606
felaket	6233	3607
barda	6229	3608
dediler	6223	3609
duygu	6219	3610
istifa	6219	3611
davranıyor	6218	3612
balığı	6207	3613
biçimde	6205	3614
girdin	6204	3615
içeriye	6204	3616
ailesinin	6203	3617
neyden	6202	3618
önemsiz	6202	3619
geçin	6201	3620
ların	6201	3621
etmişti	6200	3622
vince	6200	3623
edilen	6200	3624
işiniz	6191	3625
başlayacak	6190	3626
kardeşimi	6189	3627
gitmesi	6188	3628
kalıyorum	6181	3629
ellerinde	6180	3630
olacaklar	6177	3631
pembe	6176	3632
düşünce	6173	3633
teklifi	6173	3634
istememiştim	6170	3635
götürecek	6170	3636
işime	6168	3637
mahkemede	6162	3638
kalacağız	6162	3639
yedek	6161	3640
söylersin	6161	3641
dışarıya	6156	3642
noktada	6155	3643
kimliğini	6151	3644
kanlı	6150	3645
sordun	6147	3646
anlatacağım	6141	3647
gemiyi	6141	3648
ihtimal	6140	3649
milyar	6138	3650
gününde	6137	3651
imza	6136	3652
hop	6135	3653
hanımlar	6135	3654
arkanı	6135	3655
çekin	6134	3656
lois	6131	3657
bırakır	6131	3658
derek	6131	3659
sophie	6128	3660
başladık	6128	3661
bırakayım	6127	3662
vermeyi	6126	3663
rusya	6124	3664
uzaktan	6121	3665
sür	6119	3666
marie	6119	3667
davranış	6116	3668
sevmem	6116	3669
başlıyorum	6115	3670
cevabı	6114	3671
miktarda	6111	3672
bitmiş	6109	3673
catherine	6107	3674
parçaları	6105	3675
öldürmüş	6103	3676
etrafı	6102	3677
ailemi	6101	3678
kaybı	6100	3679
imkânsız	6099	3680
uzman	6097	3681
noktaya	6095	3682
haksız	6091	3683
italyan	6091	3684
adamdan	6086	3685
jessica	6086	3686
yedim	6085	3687
carol	6085	3688
dr	6080	3689
bildiği	6079	3690
ayın	6079	3691
hissettiğini	6079	3692
tabiki	6075	3693
dile	6074	3694
brad	6072	3695
söyleyebilirsin	6071	3696
etmekten	6069	3697
ambulans	6065	3698
jüri	6062	3699
şuan	6059	3700
üzerime	6054	3701
adamdı	6053	3702
satış	6050	3703
peynir	6049	3704
memnunum	6048	3705
soruyu	6046	3706
çalışır	6044	3707
yakalayın	6044	3708
başlamadan	6036	3709
işbirliği	6033	3710
lu	6032	3711
uyar	6031	3712
elena	6030	3713
söylemen	6030	3714
hikayesi	6030	3715
düzenli	6029	3716
kış	6029	3717
bulmamız	6028	3718
jay	6025	3719
ölümüne	6021	3720
cennet	6016	3721
arasına	6013	3722
tarif	6009	3723
meydana	6006	3724
iyiyiz	6004	3725
tekisin	5997	3726
etkili	5996	3727
istemiyorsan	5993	3728
anında	5992	3729
söyleyip	5990	3730
hapishane	5989	3731
gelmesi	5988	3732
sorumluluk	5987	3733
yönetim	5986	3734
duvar	5982	3735
icin	5982	3736
gidebiliriz	5978	3737
boşuna	5975	3738
açtı	5971	3739
gerekti	5969	3740
babanla	5967	3741
çıkmaz	5967	3742
çalıştığı	5965	3743
wilson	5965	3744
geceki	5963	3745
güzellik	5961	3746
eller	5960	3747
önde	5958	3748
ederler	5954	3749
yaratık	5954	3750
müsün	5949	3751
şerefsiz	5948	3752
feda	5945	3753
jess	5944	3754
jordan	5943	3755
operasyon	5942	3756
kek	5942	3757
şampanya	5941	3758
hollywood	5940	3759
yağ	5938	3760
yerler	5936	3761
etmeyeceğim	5935	3762
gus	5935	3763
müdürü	5934	3764
kötüye	5933	3765
günüm	5930	3766
kore	5929	3767
geldiğimde	5928	3768
çocukla	5924	3769
vali	5923	3770
gelsene	5921	3771
görmem	5921	3772
ödülü	5920	3773
carlos	5917	3774
dişi	5912	3775
kasabada	5912	3776
yapıldı	5911	3777
ihtimali	5905	3778
ayrılmak	5905	3779
vermelisin	5901	3780
oradaydı	5901	3781
güzelim	5899	3782
dolara	5898	3783
elime	5897	3784
bilerek	5896	3785
perşembe	5896	3786
çıkmadı	5891	3787
küçükken	5890	3788
yanıyor	5890	3789
olmalılar	5889	3790
etmeni	5885	3791
değişir	5885	3792
kaybetmiş	5884	3793
ötürü	5883	3794
değeri	5882	3795
hain	5880	3796
kayıtları	5879	3797
hoşlanıyor	5879	3798
numarayı	5877	3799
kafamı	5875	3800
anlam	5872	3801
gazete	5872	3802
haftadır	5870	3803
telafi	5868	3804
getiriyor	5867	3805
durumun	5866	3806
sabırsızlanıyorum	5865	3807
vergi	5864	3808
sağolun	5864	3809
yılı	5864	3810
yapmadan	5864	3811
söylemesi	5860	3812
kapatın	5858	3813
herifin	5856	3814
carrie	5853	3815
yerime	5852	3816
dakikaya	5852	3817
güvenilir	5847	3818
lise	5845	3819
aa	5845	3820
hannah	5844	3821
uluslararası	5844	3822
bittiğinde	5841	3823
birbirlerine	5838	3824
baya	5838	3825
yapamayız	5836	3826
yaşıyoruz	5835	3827
bayılırım	5835	3828
yapsın	5834	3829
bölgede	5831	3830
vereceğiz	5826	3831
diz	5825	3832
hal	5821	3833
hoşgeldin	5818	3834
uyum	5818	3835
uçağa	5816	3836
amin	5815	3837
doktorlar	5812	3838
cinayeti	5810	3839
böcek	5809	3840
halen	5808	3841
yatıyor	5807	3842
koymak	5807	3843
kalmaya	5807	3844
üniversiteye	5806	3845
edward	5804	3846
soruyorsun	5799	3847
delil	5799	3848
kanser	5798	3849
geminin	5797	3850
yüzük	5796	3851
kazandın	5796	3852
yaptığına	5793	3853
yandan	5792	3854
sabaha	5790	3855
haberdar	5790	3856
girebilir	5788	3857
otelde	5786	3858
âşık	5784	3859
bulalım	5783	3860
pilot	5780	3861
anlar	5779	3862
umuyordum	5776	3863
betty	5775	3864
alabilirim	5771	3865
istemiyoruz	5768	3866
brown	5767	3867
sun	5766	3868
young	5766	3869
düşünmüyor	5759	3870
merhamet	5758	3871
yük	5757	3872
temas	5757	3873
kardeşimin	5757	3874
darbe	5755	3875
gerçekleri	5754	3876
tutan	5754	3877
zahmet	5754	3878
king	5753	3879
ho	5752	3880
nedeniyle	5752	3881
kurtardın	5751	3882
deneyelim	5748	3883
beth	5747	3884
müdahale	5742	3885
gordon	5739	3886
ani	5738	3887
öteki	5733	3888
miller	5731	3889
söyleyeceksin	5729	3890
ağzından	5728	3891
rengi	5727	3892
resmini	5727	3893
ederse	5727	3894
bilgileri	5727	3895
tutmaya	5725	3896
direk	5725	3897
idam	5724	3898
ulan	5720	3899
karımı	5717	3900
almadan	5711	3901
hatan	5710	3902
görecek	5709	3903
hikayeyi	5709	3904
geçelim	5708	3905
korusun	5706	3906
almıştım	5705	3907
tuttu	5704	3908
direkt	5703	3909
me	5702	3910
ağlama	5700	3911
tavşan	5700	3912
sanmam	5700	3913
numarasını	5698	3914
ateşe	5696	3915
olacağına	5695	3916
kraliyet	5695	3917
önem	5695	3918
üstün	5691	3919
kurtarma	5691	3920
zordur	5687	3921
tutar	5684	3922
boston	5681	3923
parker	5678	3924
yiyelim	5676	3925
etmemiz	5670	3926
yatırım	5667	3927
versene	5667	3928
denize	5667	3929
çeker	5662	3930
ikiye	5662	3931
önemlisi	5661	3932
esas	5656	3933
izledim	5653	3934
gençler	5652	3935
niyetim	5652	3936
şirketin	5651	3937
başının	5649	3938
çıkıyoruz	5649	3939
sınır	5647	3940
alet	5646	3941
çanta	5645	3942
türden	5645	3943
gelmeyecek	5644	3944
uyarı	5643	3945
devre	5643	3946
nişan	5641	3947
çalmak	5641	3948
anlatmaya	5639	3949
listesi	5639	3950
vermeden	5639	3951
borçluyum	5638	3952
bugüne	5638	3953
tekne	5636	3954
anasını	5630	3955
buradaydı	5627	3956
dosya	5626	3957
kurmak	5626	3958
söylemiyorum	5626	3959
anlamsız	5624	3960
wayne	5623	3961
zamanla	5622	3962
doktoru	5621	3963
sebebini	5620	3964
karıştı	5618	3965
burnunu	5618	3966
lik	5618	3967
ot	5614	3968
popüler	5612	3969
izliyor	5612	3970
çağrı	5609	3971
herneyse	5609	3972
nesin	5606	3973
robot	5604	3974
cok	5602	3975
etmenin	5601	3976
bulmam	5601	3977
kanka	5599	3978
zehir	5599	3979
ian	5598	3980
ileride	5598	3981
kenny	5597	3982
katilin	5594	3983
değiştirdi	5594	3984
amaç	5593	3985
kimler	5591	3986
kadarını	5590	3987
dennis	5590	3988
casey	5590	3989
okulun	5588	3990
bugünlerde	5584	3991
panik	5582	3992
oscar	5581	3993
artı	5579	3994
liz	5577	3995
jeremy	5575	3996
taşı	5575	3997
olivia	5575	3998
teşhis	5575	3999
marty	5574	4000
tae	5570	4001
giy	5569	4002
gittiği	5568	4003
bıçağı	5566	4004
bekleyeceğim	5565	4005
eğlenceler	5565	4006
değişik	5561	4007
gereksiz	5559	4008
özlüyorum	5558	4009
uslu	5557	4010
olmayacağım	5556	4011
kader	5556	4012
steven	5551	4013
benzemiyor	5549	4014
duymadın	5549	4015
sue	5547	4016
sesle	5544	4017
bilgiler	5544	4018
yapabileceğini	5541	4019
homer	5540	4020
oğlumun	5539	4021
jin	5535	4022
planım	5534	4023
naber	5533	4024
kokusunu	5532	4025
oğlunun	5532	4026
inek	5530	4027
cadılar	5527	4028
adlı	5525	4029
randy	5523	4030
çaresine	5522	4031
arabasını	5520	4032
bulunduğu	5519	4033
nina	5519	4034
kemik	5516	4035
inkar	5513	4036
matthew	5511	4037
ethan	5509	4038
gitmiyorsun	5507	4039
yaşadığı	5503	4040
bitecek	5502	4041
arkaya	5502	4042
merkezinde	5500	4043
kaldırın	5498	4044
mola	5497	4045
miami	5493	4046
çeken	5492	4047
vaktin	5484	4048
reklam	5484	4049
yanılıyorsun	5479	4050
açıp	5478	4051
başımdan	5478	4052
misafir	5478	4053
odayı	5473	4054
büyükbaba	5473	4055
davası	5472	4056
sapık	5469	4057
vurmak	5465	4058
koru	5464	4059
kod	5464	4060
meşgulüm	5463	4061
alçak	5463	4062
buldular	5462	4063
yasa	5461	4064
hız	5459	4065
boy	5457	4066
görürsün	5457	4067
geçiriyor	5456	4068
söylemeyeceğim	5454	4069
dylan	5452	4070
gideceğini	5452	4071
kımıldama	5451	4072
kaçmaya	5451	4073
kıyafet	5448	4074
isteyeceğim	5447	4075
bulamıyorum	5445	4076
ordusu	5443	4077
sikeyim	5442	4078
gibiler	5436	4079
davis	5436	4080
bağlantısı	5436	4081
is	5434	4082
kurtar	5433	4083
zorlu	5432	4084
aranızda	5431	4085
yapardı	5431	4086
uzaylı	5431	4087
otuz	5431	4088
önden	5426	4089
kol	5426	4090
lafı	5426	4091
yüzümden	5421	4092
lerin	5419	4093
bekledim	5417	4094
kimmiş	5416	4095
söylerdi	5415	4096
yıllarca	5414	4097
yalvarıyorum	5413	4098
yüzüğü	5412	4099
bahsettiğini	5411	4100
veri	5410	4101
cihazı	5409	4102
olmana	5408	4103
mıdır	5407	4104
yoruldum	5407	4105
karı	5403	4106
işle	5402	4107
şapka	5401	4108
istemezdim	5398	4109
gezegen	5398	4110
ron	5398	4111
derdim	5398	4112
başlamış	5397	4113
cüret	5394	4114
dilemek	5392	4115
birilerinin	5392	4116
öncesi	5389	4117
başımıza	5388	4118
etki	5387	4119
yazan	5385	4120
koydu	5385	4121
bahsediyor	5385	4122
temizlik	5384	4123
hali	5384	4124
ilişkisi	5382	4125
alırız	5382	4126
birlik	5381	4127
başkasının	5379	4128
yapabileceğimiz	5378	4129
lider	5377	4130
etmiyorsun	5376	4131
öte	5376	4132
görüş	5374	4133
üstüme	5372	4134
şeylerle	5372	4135
çabucak	5372	4136
servisi	5370	4137
kafalı	5368	4138
haklısınız	5364	4139
zoe	5364	4140
görünüyorum	5363	4141
puan	5363	4142
ibaret	5362	4143
çıktığını	5361	4144
okumak	5360	4145
söylediğimi	5359	4146
walker	5359	4147
hırsızlık	5357	4148
sakinleş	5356	4149
çocuğunu	5354	4150
yaramıyor	5351	4151
anahtarları	5351	4152
kolunu	5350	4153
ikincisi	5349	4154
kamyon	5348	4155
aklında	5347	4156
istersiniz	5344	4157
ikinizi	5344	4158
ülkede	5342	4159
telefona	5342	4160
giderek	5341	4161
halkın	5339	4162
şükran	5339	4163
endişeleniyorum	5338	4164
teddy	5337	4165
üstünü	5335	4166
gitmeni	5335	4167
sınırı	5334	4168
öldürmedim	5332	4169
nadir	5330	4170
çete	5328	4171
örümcek	5326	4172
düşüyor	5321	4173
bitirmek	5321	4174
ellen	5320	4175
bağ	5318	4176
gelmiştim	5317	4177
noeller	5316	4178
dar	5314	4179
yanındaki	5312	4180
gürültü	5311	4181
bakacak	5310	4182
gelişme	5310	4183
inanabiliyor	5310	4184
alındı	5306	4185
shawn	5304	4186
boyun	5304	4187
anlatayım	5304	4188
dana	5303	4189
başlayın	5302	4190
sahneye	5300	4191
öylesin	5299	4192
başkalarının	5295	4193
benziyorsun	5295	4194
örneğin	5295	4195
sarışın	5294	4196
ulaşmak	5293	4197
anlattım	5291	4198
işinde	5288	4199
vermişti	5286	4200
martha	5284	4201
anladığım	5284	4202
yerleri	5284	4203
hapis	5284	4204
yolla	5283	4205
üstünden	5281	4206
yapacaksınız	5279	4207
ailemin	5278	4208
zekice	5278	4209
kaçmış	5277	4210
konuşmalıyız	5272	4211
maruz	5270	4212
edilemez	5270	4213
kalanı	5268	4214
beşinci	5266	4215
yapamıyorum	5263	4216
dağ	5263	4217
sağlıyor	5260	4218
çıkarsa	5260	4219
gemide	5257	4220
caroline	5255	4221
boya	5254	4222
geliyordu	5251	4223
oysa	5249	4224
dil	5249	4225
midir	5247	4226
sorma	5244	4227
arkasından	5243	4228
aldığın	5243	4229
sabahın	5242	4230
bilgiyi	5241	4231
olabildiğince	5240	4232
michelle	5238	4233
ortalıkta	5237	4234
altındaki	5237	4235
vermiştim	5236	4236
terörist	5236	4237
buysa	5234	4238
konuşan	5231	4239
evvel	5231	4240
lı	5228	4241
çıkarmaya	5228	4242
jennifer	5227	4243
eşit	5227	4244
gay	5226	4245
arkadan	5220	4246
köle	5220	4247
ahmak	5219	4248
kang	5219	4249
seç	5218	4250
sınıfta	5214	4251
istemediğini	5214	4252
toplantısı	5211	4253
av	5209	4254
albert	5208	4255
yapılması	5207	4256
tuzağa	5205	4257
savaşçı	5204	4258
yetmez	5204	4259
gibbs	5203	4260
geçirmiş	5203	4261
iyiymiş	5203	4262
geçtim	5202	4263
sesli	5200	4264
sanıyorsunuz	5199	4265
istihbarat	5197	4266
olurlar	5196	4267
töreni	5196	4268
başardım	5193	4269
getirecek	5193	4270
etmedin	5192	4271
diane	5191	4272
bitiyor	5191	4273
oyunun	5190	4274
soygun	5188	4275
davran	5188	4276
işimize	5187	4277
teknoloji	5186	4278
alana	5184	4279
korkmuyorum	5183	4280
nancy	5182	4281
francis	5181	4282
ömür	5181	4283
ölüyorum	5181	4284
halkı	5181	4285
dediğine	5180	4286
hepinize	5180	4287
yarına	5180	4288
audrey	5180	4289
huh	5179	4290
sizlere	5178	4291
durdurun	5177	4292
anlamıyla	5175	4293
incil	5175	4294
sivil	5173	4295
zorundaydım	5173	4296
düşünüyorlar	5167	4297
sürüyor	5165	4298
bırakacağım	5163	4299
buluşma	5163	4300
hakkın	5160	4301
sağladı	5160	4302
kadınlara	5158	4303
konuştu	5157	4304
lou	5157	4305
aaron	5156	4306
meşhur	5155	4307
yanıt	5155	4308
hakkını	5152	4309
lideri	5148	4310
joseph	5146	4311
almadım	5146	4312
delirdin	5144	4313
ödemek	5144	4314
doldu	5144	4315
yazmış	5143	4316
kapıları	5142	4317
kaçırdım	5141	4318
merkezine	5138	4319
mösyö	5137	4320
duyabiliyor	5136	4321
devamlı	5136	4322
ailesini	5136	4323
kalbimi	5135	4324
sinirli	5135	4325
amma	5135	4326
memuru	5131	4327
duymuş	5129	4328
satmak	5122	4329
uyanık	5122	4330
hepinizin	5121	4331
simdi	5121	4332
kurallar	5121	4333
inanın	5117	4334
gördüğü	5116	4335
angel	5115	4336
iğne	5111	4337
sessizce	5110	4338
kokain	5107	4339
herhâlde	5107	4340
petrol	5106	4341
abla	5105	4342
bittiğini	5103	4343
kiliseye	5102	4344
yaşına	5099	4345
masaya	5097	4346
yapmaktan	5093	4347
istedikleri	5093	4348
binanın	5091	4349
eti	5091	4350
şahane	5089	4351
mecbur	5087	4352
karanlıkta	5086	4353
konuya	5085	4354
delikanlı	5084	4355
sevmiyor	5083	4356
gidemezsin	5083	4357
yazılı	5079	4358
gönderdim	5079	4359
çektim	5078	4360
hissettiriyor	5077	4361
şüphesiz	5076	4362
öfke	5069	4363
muazzam	5068	4364
aktif	5065	4365
babasını	5064	4366
bildin	5062	4367
aklı	5060	4368
başarı	5060	4369
vermedim	5059	4370
politik	5059	4371
dolusu	5056	4372
çekiyorum	5053	4373
müsait	5053	4374
toby	5050	4375
gözlerin	5049	4376
aklımdan	5047	4377
muydunuz	5047	4378
döndüğünü	5047	4379
öldürüyor	5046	4380
benimkini	5046	4381
barbara	5045	4382
kanada	5045	4383
alması	5044	4384
r	5039	4385
verdiniz	5034	4386
zamanını	5033	4387
oturma	5030	4388
sesler	5030	4389
ruhunu	5030	4390
tanıştığıma	5030	4391
sayfa	5030	4392
hatırlamıyor	5029	4393
herifler	5029	4394
avcı	5025	4395
hepinizi	5025	4396
anlaşmayı	5024	4397
marshall	5023	4398
hı	5019	4399
veriyoruz	5018	4400
birbirlerini	5017	4401
dinliyor	5014	4402
avukatı	5012	4403
raymond	5011	4404
saçlı	5011	4405
porno	5010	4406
yaparlar	5009	4407
işareti	5005	4408
ağrıyor	5004	4409
ederdi	5003	4410
odama	5002	4411
yetenek	5002	4412
karısını	4995	4413
yasadışı	4993	4414
zehirli	4993	4415
yemiş	4992	4416
sayıda	4991	4417
olayını	4991	4418
aday	4991	4419
ton	4991	4420
kum	4990	4421
arkadaşımın	4990	4422
yardımın	4990	4423
bilimsel	4989	4424
sıraya	4985	4425
maya	4984	4426
olumlu	4983	4427
hakkım	4981	4428
yakaladık	4981	4429
pencereden	4980	4430
arabam	4980	4431
şekli	4978	4432
bulabilirim	4978	4433
istediler	4977	4434
sevgilisi	4974	4435
bölgesi	4973	4436
düşünür	4973	4437
gitsem	4970	4438
otele	4970	4439
sürmez	4969	4440
jean	4969	4441
jacob	4966	4442
minnettar	4966	4443
bekleme	4961	4444
evlenme	4961	4445
doğruca	4961	4446
kızının	4957	4447
hatırla	4952	4448
kasabaya	4951	4449
içerde	4950	4450
zar	4946	4451
gözle	4944	4452
görünmez	4944	4453
seviyoruz	4943	4454
şeyini	4943	4455
içten	4943	4456
mars	4942	4457
kızımın	4942	4458
eva	4941	4459
oynamaya	4941	4460
içini	4941	4461
kendilerine	4939	4462
hatası	4939	4463
borçlu	4939	4464
istemiş	4936	4465
öldüğünde	4934	4466
aradın	4933	4467
hong	4933	4468
orman	4932	4469
durumunu	4930	4470
birisiyle	4927	4471
uçan	4926	4472
sağlar	4925	4473
elma	4925	4474
fotoğrafını	4925	4475
logan	4924	4476
italya	4922	4477
miydiniz	4919	4478
bedelini	4919	4479
hediyesi	4918	4480
pazarlık	4917	4481
ötesinde	4915	4482
hocam	4915	4483
bildiğiniz	4911	4484
gitmesini	4910	4485
bulana	4907	4486
koruyucu	4906	4487
şov	4906	4488
bakanlığı	4896	4489
haberlerim	4895	4490
keser	4895	4491
yöne	4894	4492
sonradan	4894	4493
adres	4894	4494
kanıtı	4892	4495
riley	4892	4496
öğren	4888	4497
vurdum	4887	4498
oksijen	4886	4499
ofisi	4884	4500
gönderin	4883	4501
sakla	4881	4502
vuruldu	4880	4503
çıkardım	4878	4504
çalışması	4876	4505
hazırla	4874	4506
verirseniz	4871	4507
yarayacak	4871	4508
izlemeye	4870	4509
söylediniz	4869	4510
yapmasını	4869	4511
margaret	4868	4512
istediklerini	4868	4513
sağlayan	4867	4514
görgü	4867	4515
yavrum	4867	4516
yaşındasın	4867	4517
woo	4866	4518
çalışıyorsunuz	4865	4519
yemekten	4865	4520
evinin	4864	4521
ihbar	4863	4522
öz	4860	4523
sesin	4859	4524
yanından	4859	4525
söylüyorsunuz	4858	4526
yüze	4855	4527
televizyonda	4853	4528
eşyaları	4851	4529
çıkarken	4848	4530
bozucu	4846	4531
izleyin	4845	4532
öp	4844	4533
tarafına	4844	4534
wendy	4844	4535
keith	4843	4536
söylediklerini	4840	4537
girmeye	4839	4538
üzülme	4839	4539
döndüğünde	4838	4540
terfi	4838	4541
mutfakta	4837	4542
plastik	4835	4543
devasa	4835	4544
kalem	4832	4545
hoşlanmıyorum	4832	4546
çocuklarım	4832	4547
ooh	4831	4548
olursak	4827	4549
süren	4826	4550
bitince	4824	4551
yapıyordun	4823	4552
sırrı	4822	4553
kent	4818	4554
olayları	4812	4555
mickey	4811	4556
düşündü	4811	4557
hesabı	4809	4558
görevim	4807	4559
duman	4806	4560
vurdun	4805	4561
ok	4805	4562
edebilecek	4804	4563
dönmem	4802	4564
kaçıyor	4802	4565
şahsen	4799	4566
annesini	4798	4567
kararını	4797	4568
eylül	4794	4569
yapmıyor	4794	4570
kalmayı	4794	4571
başkaları	4791	4572
çoğunlukla	4790	4573
kalması	4790	4574
rüşvet	4789	4575
soruyor	4788	4576
kalmasını	4788	4577
kalırsa	4787	4578
cesedini	4786	4579
sorunlar	4786	4580
ip	4785	4581
ağacı	4784	4582
spencer	4783	4583
cehennemde	4783	4584
kullanma	4781	4585
üniversitesi	4781	4586
fikrimi	4778	4587
florida	4778	4588
yürüyüşe	4776	4589
dönüyorum	4776	4590
garson	4775	4591
victoria	4774	4592
dı	4774	4593
aykırı	4773	4594
köprü	4773	4595
malcolm	4772	4596
renkli	4771	4597
berlin	4769	4598
virüs	4766	4599
ek	4766	4600
gözler	4765	4601
edersiniz	4763	4602
büyüleyici	4763	4603
dönem	4763	4604
lewis	4762	4605
derse	4762	4606
gözlerimi	4761	4607
olmasının	4761	4608
emniyet	4760	4609
çıkarıp	4759	4610
tanıklık	4759	4611
kaplan	4759	4612
atıp	4758	4613
bahane	4757	4614
gül	4757	4615
penny	4750	4616
kutlu	4750	4617
holly	4750	4618
ağrı	4750	4619
söylememi	4746	4620
stephen	4746	4621
yavru	4745	4622
giren	4743	4623
seçeneğim	4742	4624
yemeye	4737	4625
kullanmayı	4736	4626
olabilirsiniz	4736	4627
çalıştın	4736	4628
açar	4735	4629
istiyorsa	4735	4630
arkadaşız	4734	4631
dertte	4732	4632
arkadaşımı	4730	4633
olmanız	4729	4634
kimliği	4728	4635
herifi	4725	4636
gitmişti	4721	4637
kurulu	4716	4638
anlıyorsun	4716	4639
fakir	4714	4640
duruyorum	4713	4641
iri	4712	4642
siktiğimin	4711	4643
bekliyorlar	4711	4644
etmeyecek	4709	4645
malı	4706	4646
dinleme	4706	4647
miles	4705	4648
telefonun	4705	4649
neil	4703	4650
bunlarla	4701	4651
şefi	4701	4652
mutsuz	4700	4653
ekstra	4699	4654
leonard	4696	4655
matematik	4696	4656
ann	4695	4657
diyeceksin	4689	4658
dizi	4687	4659
çarşamba	4686	4660
bonnie	4685	4661
bensiz	4685	4662
düşünsene	4683	4663
kilit	4682	4664
hayran	4682	4665
elindeki	4680	4666
gücün	4679	4667
yazmak	4679	4668
sözler	4679	4669
do	4678	4670
babacığım	4678	4671
yem	4675	4672
harold	4675	4673
uydu	4675	4674
aynısı	4674	4675
saçını	4674	4676
pat	4673	4677
ada	4673	4678
beklemiyordum	4672	4679
örneği	4669	4680
dostlarım	4667	4681
altını	4667	4682
gidiyorlar	4665	4683
öldükten	4663	4684
taciz	4661	4685
çoğunu	4659	4686
şiddetli	4658	4687
kullandığı	4656	4688
yapmana	4655	4689
aptallık	4655	4690
gidemem	4653	4691
jonathan	4653	4692
almaz	4652	4693
ortalığı	4649	4694
aralar	4649	4695
connor	4644	4696
kutlama	4644	4697
nehir	4644	4698
tanımıyorsun	4642	4699
attın	4641	4700
çaba	4640	4701
nasılsa	4638	4702
takdirde	4638	4703
harikasın	4638	4704
hakaret	4637	4705
çekmeye	4635	4706
bakım	4633	4707
şansını	4631	4708
monica	4630	4709
dediniz	4630	4710
göreve	4629	4711
ilacı	4629	4712
salonu	4628	4713
kaybolmuş	4628	4714
tina	4625	4715
şeklinde	4625	4716
duruyordu	4621	4717
kaçış	4620	4718
istediğinizi	4620	4719
sözleri	4619	4720
orijinal	4618	4721
jung	4617	4722
konuşuyoruz	4613	4723
russell	4613	4724
versin	4613	4725
düşündük	4611	4726
iyiliği	4610	4727
grant	4609	4728
köpekler	4608	4729
konuşurum	4608	4730
mutfak	4608	4731
bulacak	4607	4732
başardı	4607	4733
allison	4604	4734
olmayacağını	4603	4735
tahta	4602	4736
kendimden	4602	4737
ima	4600	4738
iniş	4600	4739
düzen	4598	4740
şeyde	4598	4741
bitirdim	4598	4742
nasil	4597	4743
çıkacağım	4597	4744
başladılar	4594	4745
böylesine	4593	4746
devletler	4592	4747
defalarca	4589	4748
yaşındayım	4587	4749
içimden	4587	4750
aklımı	4586	4751
ölümünden	4584	4752
owen	4584	4753
julian	4583	4754
önemlidir	4582	4755
haklıydı	4580	4756
rolü	4580	4757
fotoğrafları	4580	4758
bulabiliriz	4576	4759
başlama	4575	4760
gelecekte	4575	4761
kafan	4571	4762
ofis	4571	4763
olmadım	4570	4764
severdi	4570	4765
dansı	4568	4766
arkadaşlarını	4566	4767
sayede	4565	4768
gelemem	4564	4769
papa	4563	4770
beden	4563	4771
vermen	4562	4772
sammy	4562	4773
altyazı	4559	4774
değiştirdim	4559	4775
belirsiz	4558	4776
ettiğiniz	4556	4777
oldugunu	4552	4778
silahın	4552	4779
vermedin	4551	4780
değişim	4549	4781
adet	4548	4782
bahar	4547	4783
tanırım	4546	4784
çiçekler	4546	4785
boku	4544	4786
bağla	4544	4787
gözlerim	4544	4788
olumsuz	4542	4789
gabriel	4539	4790
gelirken	4538	4791
caddesi	4536	4792
aramızdaki	4534	4793
düşen	4534	4794
dick	4533	4795
gördüğümü	4533	4796
önünden	4533	4797
kahverengi	4531	4798
götürür	4530	4799
mason	4530	4800
okuma	4528	4801
konuşmalıyım	4528	4802
atmaya	4527	4803
filmin	4526	4804
ölümden	4523	4805
elli	4521	4806
ken	4520	4807
lazımdı	4519	4808
veriyorlar	4519	4809
vermiyorsun	4518	4810
elleri	4514	4811
genetik	4514	4812
kaçıp	4511	4813
kardeşler	4510	4814
sırt	4509	4815
duyduk	4506	4816
teker	4506	4817
savcı	4505	4818
doktorun	4504	4819
demin	4500	4820
ticaret	4500	4821
erkenden	4497	4822
keyfini	4495	4823
durmadan	4494	4824
işçi	4494	4825
bulduğumuz	4493	4826
paylaşmak	4492	4827
sıkıldım	4489	4828
bulunuyor	4488	4829
williams	4486	4830
verirsin	4485	4831
bencil	4481	4832
uzmanı	4480	4833
travis	4477	4834
düşünmedim	4475	4835
yiyor	4475	4836
şiir	4474	4837
dükkanı	4473	4838
yakaladı	4473	4839
gösterin	4472	4840
edilecek	4472	4841
diyeyim	4471	4842
kullandım	4471	4843
ispanya	4466	4844
sayısı	4463	4845
arıyorlar	4462	4846
hapisten	4462	4847
kurabiye	4461	4848
sör	4459	4849
kaldığını	4459	4850
anlarım	4458	4851
arkadaşına	4454	4852
bilmez	4454	4853
babanız	4453	4854
açıldı	4452	4855
eninde	4452	4856
iade	4452	4857
diyordum	4451	4858
sokağa	4449	4859
çıkacağız	4446	4860
yapmıştım	4442	4861
azıcık	4441	4862
konuşur	4441	4863
dinlen	4440	4864
diğerlerini	4438	4865
olmamalı	4436	4866
görevlisi	4435	4867
baktı	4435	4868
dünyadan	4435	4869
tanesini	4434	4870
koltuk	4432	4871
çamaşır	4430	4872
earl	4429	4873
that	4428	4874
kalbin	4427	4875
durumunda	4427	4876
başkasına	4427	4877
toplum	4425	4878
öldürün	4424	4879
ortağı	4424	4880
aradığını	4423	4881
çocuklarını	4423	4882
şahit	4421	4883
kötülük	4419	4884
benle	4419	4885
bakarak	4416	4886
gittiğinde	4415	4887
oldunuz	4415	4888
işinin	4413	4889
isimleri	4413	4890
aklımda	4412	4891
evrenin	4412	4892
yapabileceğin	4411	4893
gösterecek	4410	4894
düşmanı	4410	4895
dakikalığına	4410	4896
karşınızda	4408	4897
otomatik	4408	4898
jules	4408	4899
elle	4407	4900
virginia	4406	4901
uyumak	4403	4902
kuvvetli	4403	4903
bense	4403	4904
istasyonu	4403	4905
blake	4401	4906
kapandı	4401	4907
durmak	4401	4908
kullandı	4401	4909
booth	4398	4910
özleyeceğim	4398	4911
getiririm	4396	4912
buluşalım	4394	4913
diyebilirsin	4393	4914
tersine	4392	4915
yapabilecek	4392	4916
yolumdan	4389	4917
yapımı	4388	4918
düzine	4388	4919
anlatacak	4388	4920
bire	4387	4921
randevum	4385	4922
deneyeceğim	4385	4923
ji	4384	4924
çıktığında	4384	4925
evinden	4381	4926
geçiş	4380	4927
yorum	4380	4928
lâzım	4380	4929
bulabilir	4380	4930
sizsiniz	4380	4931
düzelecek	4379	4932
dostlar	4378	4933
kaya	4378	4934
kimyasal	4378	4935
taşıyor	4374	4936
ibne	4373	4937
yolladı	4368	4938
oldular	4368	4939
kutusu	4367	4940
kuvvetleri	4365	4941
makul	4362	4942
masanın	4362	4943
kaybedecek	4361	4944
kalıcı	4360	4945
şehirdeki	4358	4946
üzereyim	4357	4947
kitty	4356	4948
oturmak	4356	4949
kesip	4355	4950
bilmiyordu	4355	4951
savaşmak	4354	4952
şampiyon	4354	4953
izlerini	4354	4954
haksızlık	4353	4955
almıyor	4352	4956
alamıyorum	4351	4957
pas	4350	4958
ruth	4347	4959
christine	4346	4960
istersem	4346	4961
hallederiz	4345	4962
bağışlayın	4344	4963
bahset	4341	4964
tartışma	4340	4965
zorundasınız	4339	4966
öğretti	4338	4967
birisine	4338	4968
anlamını	4335	4969
düştüm	4331	4970
dong	4331	4971
sağır	4330	4972
söylüyordu	4329	4973
dışarıdan	4329	4974
aah	4328	4975
çatlak	4328	4976
tanıştık	4328	4977
california	4327	4978
belirli	4326	4979
sabırlı	4324	4980
okudun	4322	4981
iblis	4322	4982
koyu	4321	4983
benzeyen	4319	4984
ilerleme	4319	4985
espri	4318	4986
konuşması	4318	4987
tadına	4317	4988
olmasından	4315	4989
eşek	4315	4990
bulursun	4313	4991
samimi	4311	4992
bart	4309	4993
oturan	4308	4994
masada	4307	4995
duyarım	4307	4996
liste	4306	4997
sokaklarda	4306	4998
kanıtlar	4306	4999
diyoruz	4306	5000
ikisinin	4300	5001
kralın	4299	5002
norman	4299	5003
megan	4298	5004
bara	4298	5005
kızarmış	4298	5006
şartlı	4298	5007
keyif	4297	5008
rory	4296	5009
phoebe	4295	5010
demiyorum	4293	5011
kata	4293	5012
travma	4293	5013
zekalı	4292	5014
gelmeni	4292	5015
söylersen	4290	5016
olmadığından	4288	5017
geçtiğini	4288	5018
arasından	4287	5019
paige	4287	5020
kaynak	4287	5021
kişiyle	4286	5022
icat	4285	5023
söylemiyorsun	4285	5024
döndüğümde	4284	5025
sandalye	4284	5026
çantayı	4283	5027
indirin	4283	5028
harris	4281	5029
barney	4280	5030
dayak	4279	5031
hayali	4276	5032
aileden	4274	5033
bırakacak	4272	5034
anki	4271	5035
ediliyor	4270	5036
komuta	4268	5037
black	4267	5038
elliot	4266	5039
sin	4265	5040
açıklaması	4264	5041
yaşadığım	4264	5042
bulduğunu	4264	5043
işimizi	4263	5044
başkasını	4262	5045
öldürülmüş	4262	5046
yaşama	4260	5047
kolu	4258	5048
fıstık	4257	5049
çıkabilir	4256	5050
white	4256	5051
seçti	4254	5052
uğradım	4253	5053
güneşin	4252	5054
dahası	4251	5055
alamam	4249	5056
tara	4248	5057
dikkate	4246	5058
biçim	4245	5059
endişeli	4244	5060
kullanılan	4244	5061
razı	4243	5062
yazdı	4243	5063
liam	4243	5064
geçit	4242	5065
bo	4241	5066
vermeyin	4241	5067
oynayalım	4240	5068
house	4239	5069
eğitimi	4238	5070
lincoln	4237	5071
şunun	4237	5072
my	4237	5073
uzaklara	4236	5074
ülkeyi	4233	5075
walt	4232	5076
açma	4231	5077
yararı	4231	5078
kalkıp	4231	5079
gözüm	4230	5080
adamımız	4228	5081
buradasınız	4228	5082
shane	4228	5083
buradalar	4228	5084
yapmanın	4227	5085
savaştan	4227	5086
dayanamıyorum	4225	5087
francisco	4225	5088
piyano	4225	5089
kızlara	4223	5090
çıkarıyor	4223	5091
yolcu	4222	5092
bulacaksın	4221	5093
girme	4219	5094
kendimize	4217	5095
sonunu	4217	5096
amcam	4217	5097
muhtemel	4216	5098
ofiste	4215	5099
hatırladığım	4214	5100
geçirdik	4213	5101
alanında	4212	5102
haftalık	4212	5103
alphahff	4212	5104
anladık	4211	5105
çalar	4209	5106
listesini	4209	5107
olabiliyor	4208	5108
düşünmeden	4207	5109
kendisinin	4207	5110
alamazsın	4206	5111
çaresiz	4206	5112
vermiştin	4205	5113
oğlunuz	4202	5114
sersem	4201	5115
hitap	4200	5116
imha	4200	5117
kıçına	4198	5118
büyücü	4198	5119
konuşacağız	4198	5120
arkadaşlık	4198	5121
biziz	4196	5122
aslan	4196	5123
seth	4195	5124
çalışmış	4193	5125
görebiliyor	4191	5126
saatten	4191	5127
kiralık	4190	5128
çalmaya	4190	5129
aralarında	4190	5130
gerçekçi	4189	5131
görme	4189	5132
şart	4188	5133
vücudu	4186	5134
beynini	4186	5135
nerelerdeydin	4186	5136
yaptığınızı	4185	5137
diliyorum	4183	5138
kardeşine	4182	5139
eğlenceliydi	4182	5140
saldırdı	4181	5141
stanley	4180	5142
eleman	4180	5143
miktar	4179	5144
burun	4179	5145
tamamıyla	4178	5146
kaybol	4178	5147
çatı	4177	5148
tekrardan	4175	5149
olmaları	4173	5150
elden	4173	5151
kapıda	4169	5152
kurusu	4169	5153
riskli	4167	5154
kurallara	4164	5155
çaldın	4163	5156
bulamadık	4163	5157
yayın	4162	5158
avuç	4162	5159
diyeceğimi	4162	5160
kuzenim	4160	5161
korkmuş	4160	5162
izler	4160	5163
ulaşmaya	4159	5164
görevin	4159	5165
karl	4157	5166
bakarız	4156	5167
içer	4154	5168
dönme	4153	5169
göreceğim	4152	5170
başlamıştı	4151	5171
bekar	4151	5172
blok	4150	5173
birimiz	4149	5174
boşanma	4149	5175
bahis	4149	5176
kurbanı	4149	5177
erkekleri	4148	5178
şehirden	4148	5179
sevgilin	4146	5180
malzeme	4145	5181
quinn	4145	5182
görüp	4143	5183
kulüp	4141	5184
çalışmayı	4140	5185
etkisiz	4140	5186
yaptığımızı	4139	5187
belası	4139	5188
bayramı	4139	5189
kabus	4139	5190
iyiye	4139	5191
saygısızlık	4138	5192
konsantre	4138	5193
yoldaş	4136	5194
stres	4135	5195
mıydınız	4133	5196
ilgileniyor	4131	5197
yazın	4129	5198
bağışla	4129	5199
teksas	4128	5200
jen	4127	5201
çalan	4126	5202
x	4126	5203
çelik	4126	5204
clay	4125	5205
veremeyiz	4125	5206
odamda	4124	5207
papaz	4123	5208
sorayım	4123	5209
kaliforniya	4123	5210
gidiyordu	4122	5211
almıştı	4121	5212
göndermek	4121	5213
neredeler	4120	5214
kasa	4120	5215
kontrolden	4120	5216
patronun	4120	5217
anthony	4119	5218
oynamayı	4118	5219
ailesine	4113	5220
flört	4113	5221
saatlik	4111	5222
çağırın	4111	5223
şerefine	4111	5224
hakları	4110	5225
diyen	4109	5226
olanların	4109	5227
allahım	4109	5228
jersey	4108	5229
çalışın	4106	5230
imkanı	4106	5231
ismim	4105	5232
zararı	4104	5233
silahla	4102	5234
arabamı	4101	5235
kızlarla	4101	5236
soruları	4100	5237
bilseydim	4100	5238
hayatıma	4100	5239
resimleri	4100	5240
aklım	4099	5241
çorba	4099	5242
personel	4099	5243
açıklıyor	4098	5244
çalışacak	4095	5245
yapardın	4094	5246
taklit	4094	5247
hoşçakalın	4094	5248
borçlusun	4094	5249
nedenmiş	4093	5250
salla	4090	5251
şeytani	4090	5252
dışarda	4088	5253
uzaklaş	4084	5254
bağlantılı	4084	5255
mm	4084	5256
röportaj	4082	5257
sudan	4081	5258
dünyası	4080	5259
hap	4079	5260
ismin	4079	5261
kanal	4078	5262
nerdeyse	4078	5263
tracy	4078	5264
buluyorum	4077	5265
aramayı	4077	5266
yatmak	4073	5267
kayıtlarını	4073	5268
gelmen	4072	5269
pratik	4072	5270
etsem	4072	5271
yıldızlar	4072	5272
kısım	4071	5273
finn	4070	5274
anlayabiliyorum	4070	5275
kazası	4069	5276
partide	4069	5277
bitirelim	4068	5278
ricky	4065	5279
dolayısıyla	4064	5280
endişelenmeyin	4063	5281
yönetici	4063	5282
mitch	4063	5283
mulder	4062	5284
hill	4061	5285
sinemaya	4061	5286
götüreyim	4060	5287
çıkart	4059	5288
almalıyız	4058	5289
ardında	4056	5290
ameliyatı	4055	5291
edecekler	4055	5292
şantaj	4053	5293
geleyim	4053	5294
şuradan	4052	5295
christopher	4052	5296
göründüğü	4049	5297
aileni	4049	5298
bozuldu	4048	5299
delice	4047	5300
kulübe	4047	5301
kalkın	4046	5302
philip	4045	5303
kalmıştı	4045	5304
düşünecek	4043	5305
deniyorum	4042	5306
işık	4040	5307
yapmıyorsun	4039	5308
güçleri	4038	5309
transfer	4038	5310
natalie	4036	5311
ekselansları	4032	5312
bilemedim	4032	5313
yaşamayı	4031	5314
april	4030	5315
mesafe	4030	5316
yapacağı	4028	5317
defolun	4027	5318
hareketi	4027	5319
kasabanın	4025	5320
yaramadı	4024	5321
mudur	4024	5322
holmes	4021	5323
sapan	4021	5324
sayende	4019	5325
konuştuğunu	4019	5326
twitter	4019	5327
ajanı	4018	5328
g	4018	5329
bakıma	4014	5330
geldiğim	4013	5331
kullanıyorsun	4012	5332
geciktim	4010	5333
olduğunca	4010	5334
duyamıyorum	4006	5335
cinayetten	4006	5336
paramız	4005	5337
operasyonu	4004	5338
dawson	4004	5339
deyin	4004	5340
vermesi	4004	5341
öğrenmeye	4004	5342
istemek	4004	5343
köşeye	4003	5344
neyim	4003	5345
gloria	4001	5346
yakıt	4001	5347
açıklamak	4000	5348
dayanarak	3999	5349
açısından	3998	5350
birdenbire	3998	5351
konuşup	3996	5352
bahsetmiyorum	3995	5353
muayene	3994	5354
oradaydım	3992	5355
denemeye	3992	5356
öleceksin	3990	5357
saklamak	3986	5358
biyolojik	3985	5359
düşündüğümü	3985	5360
tanımak	3984	5361
internette	3983	5362
devreye	3979	5363
alınmış	3978	5364
hazine	3978	5365
gri	3977	5366
akşama	3977	5367
hafıza	3976	5368
alfa	3975	5369
pisliği	3975	5370
ölmesini	3973	5371
doğa	3973	5372
konuşayım	3973	5373
alev	3971	5374
karımın	3970	5375
gelirdi	3970	5376
tatile	3969	5377
şimdiki	3969	5378
saatin	3968	5379
gidersen	3967	5380
ettiğimiz	3966	5381
sihir	3965	5382
gitmemi	3965	5383
olmamıştı	3965	5384
kullanıyorum	3965	5385
istiyormuş	3964	5386
kriz	3964	5387
şeytanın	3964	5388
sent	3964	5389
sıvı	3963	5390
hüküm	3963	5391
kalmamış	3962	5392
beyzbol	3961	5393
yollar	3961	5394
bulma	3961	5395
şık	3959	5396
hallettim	3959	5397
günlüğüne	3959	5398
ürkütücü	3958	5399
sevmez	3956	5400
asil	3956	5401
almalıyım	3955	5402
hücre	3955	5403
desem	3954	5404
söyledikleri	3954	5405
çalışmıyorum	3951	5406
bekler	3951	5407
suçluluk	3951	5408
çıkaracağım	3950	5409
çıkmam	3949	5410
casus	3947	5411
olacağımı	3946	5412
ederseniz	3946	5413
eğil	3944	5414
bedeli	3943	5415
eseri	3943	5416
doları	3943	5417
birincisi	3942	5418
yolları	3942	5419
bağımsız	3942	5420
yeteneği	3941	5421
patronum	3941	5422
yaratıcı	3939	5423
neşeli	3939	5424
kaçırdı	3938	5425
temmuz	3938	5426
belkide	3938	5427
bilmiyorlar	3938	5428
bulduğum	3937	5429
kullandın	3936	5430
sok	3935	5431
öldürdüler	3934	5432
yemekte	3933	5433
amerikalılar	3931	5434
efsane	3930	5435
ölmüştü	3930	5436
uygunsuz	3929	5437
aradığın	3928	5438
pantolon	3927	5439
bakınca	3926	5440
arkadaşımla	3926	5441
odana	3925	5442
insanlık	3925	5443
kuşu	3924	5444
yönünde	3924	5445
gündü	3921	5446
alicia	3921	5447
riski	3921	5448
mezar	3919	5449
yüzün	3918	5450
öğrendi	3918	5451
istemeyiz	3917	5452
elmas	3917	5453
psikolojik	3916	5454
almanı	3915	5455
yaşta	3914	5456
duygularını	3914	5457
ilişkimiz	3914	5458
star	3912	5459
onlarda	3912	5460
edemeyiz	3911	5461
başladığında	3911	5462
fiyat	3910	5463
carla	3910	5464
surat	3910	5465
çevir	3910	5466
gitmedim	3909	5467
kendiniz	3909	5468
geleneksel	3909	5469
diğerlerine	3908	5470
uğraşıyorum	3908	5471
oynuyorsun	3907	5472
santa	3906	5473
warren	3905	5474
hastası	3904	5475
bulmuşlar	3904	5476
kong	3904	5477
anlatırım	3902	5478
lana	3902	5479
hissetmek	3901	5480
arkanda	3901	5481
oyna	3901	5482
dilini	3900	5483
getirebilir	3899	5484
moskova	3899	5485
olursam	3898	5486
hâle	3898	5487
y	3897	5488
getirmiş	3897	5489
kaçık	3896	5490
buluyor	3895	5491
suçlama	3894	5492
ölmedi	3893	5493
girelim	3892	5494
aptallar	3891	5495
rita	3891	5496
görüyorsunuz	3891	5497
isimli	3890	5498
elinizde	3889	5499
sandy	3889	5500
kenarında	3888	5501
öleceğim	3888	5502
analiz	3887	5503
kullanabilir	3887	5504
delisin	3887	5505
ölümün	3886	5506
lakin	3886	5507
olduğuma	3885	5508
hedefi	3883	5509
mitchell	3883	5510
açtım	3882	5511
nora	3881	5512
vuruş	3878	5513
jenna	3878	5514
çifte	3877	5515
etkilendim	3876	5516
gitmez	3875	5517
yalvarırım	3875	5518
yapmanız	3875	5519
iyiler	3875	5520
bisiklet	3874	5521
fincan	3872	5522
wow	3871	5523
gölge	3870	5524
yemeğinde	3869	5525
beyni	3869	5526
karşısına	3867	5527
gereği	3867	5528
yepyeni	3866	5529
filmde	3865	5530
yakınında	3865	5531
işti	3864	5532
dul	3863	5533
standart	3862	5534
tatlısın	3862	5535
bal	3861	5536
may	3861	5537
çal	3861	5538
davrandım	3860	5539
kafama	3860	5540
onsuz	3859	5541
anneciğim	3858	5542
fiyatı	3858	5543
pencere	3856	5544
acilen	3855	5545
borcu	3855	5546
ezik	3855	5547
düşünüyordu	3852	5548
çıktık	3852	5549
almamız	3850	5550
diana	3850	5551
kovboy	3847	5552
çarptı	3847	5553
kaçın	3847	5554
edilebilir	3845	5555
alarak	3845	5556
düşünüyorsan	3845	5557
koşun	3844	5558
atar	3841	5559
çekmiş	3838	5560
işlerim	3836	5561
imparator	3836	5562
geçerken	3835	5563
kuşlar	3834	5564
deliği	3834	5565
sanatçı	3834	5566
görünüyorsunuz	3834	5567
tokyo	3834	5568
olaydan	3833	5569
vic	3833	5570
kırk	3833	5571
maaş	3832	5572
merkeze	3832	5573
birader	3831	5574
takas	3828	5575
söylendi	3827	5576
konuşabiliriz	3825	5577
irak	3824	5578
arkasındaki	3824	5579
görün	3822	5580
bulunmuş	3822	5581
gerisini	3821	5582
kaçırma	3821	5583
seçeneğimiz	3821	5584
birbirinize	3820	5585
elimizdeki	3820	5586
kesmek	3819	5587
gözümün	3817	5588
ellie	3817	5589
denk	3817	5590
ikimizde	3817	5591
güveniyor	3816	5592
yukarıya	3815	5593
kocamın	3815	5594
sizleri	3814	5595
ellerinizi	3814	5596
olmadığım	3812	5597
yönetmen	3812	5598
yiyip	3811	5599
görevini	3809	5600
af	3807	5601
atma	3807	5602
kafamda	3807	5603
lara	3806	5604
çalışırım	3806	5605
etrafına	3805	5606
dönüyoruz	3805	5607
civarında	3804	5608
ölmeyi	3804	5609
heather	3804	5610
diğerlerinin	3801	5611
kazaydı	3801	5612
ağlıyor	3800	5613
gözlerinin	3800	5614
gelecektir	3800	5615
sinyali	3799	5616
istedik	3797	5617
man	3795	5618
leslie	3795	5619
durumdan	3794	5620
kılıcı	3794	5621
craig	3791	5622
treni	3791	5623
esir	3791	5624
solucan	3791	5625
olursunuz	3787	5626
düşünen	3787	5627
ofisine	3787	5628
adası	3786	5629
atmış	3784	5630
troy	3783	5631
gecede	3783	5632
emirleri	3783	5633
lex	3782	5634
olanlara	3781	5635
vaftiz	3781	5636
taşıyan	3779	5637
hatun	3778	5638
gidersin	3778	5639
sağla	3778	5640
bağış	3778	5641
prova	3778	5642
buluşuruz	3777	5643
cadde	3776	5644
damon	3775	5645
bilinmeyen	3775	5646
mmm	3774	5647
kelimeler	3774	5648
yoo	3774	5649
üzerimde	3774	5650
yazılmış	3774	5651
çiftlik	3773	5652
meclis	3772	5653
sorumlusu	3772	5654
yapabileceğimi	3772	5655
ralph	3772	5656
adamlara	3770	5657
hee	3769	5658
kötüydü	3768	5659
çıkıyorsun	3768	5660
ofise	3768	5661
göreyim	3768	5662
giriyorum	3766	5663
sürücü	3765	5664
ma	3765	5665
ned	3765	5666
yaşayacak	3764	5667
düşer	3764	5668
olmuşsun	3763	5669
green	3762	5670
dini	3762	5671
ofisinde	3760	5672
ronnie	3759	5673
gelmiştir	3758	5674
erkeği	3758	5675
hattı	3758	5676
dili	3758	5677
umutsuz	3757	5678
sahnede	3757	5679
yapılır	3756	5680
arazi	3756	5681
hapishanede	3754	5682
kayıtlı	3754	5683
hazırladım	3753	5684
çılgınlık	3752	5685
nicole	3751	5686
problemi	3749	5687
şayet	3749	5688
odasını	3748	5689
beklenmedik	3748	5690
çözmek	3747	5691
ava	3746	5692
hangisini	3746	5693
hazırlayın	3746	5694
çöpe	3746	5695
cameron	3745	5696
motoru	3744	5697
etmeme	3744	5698
ortağım	3742	5699
polisleri	3740	5700
ölene	3740	5701
oğluma	3738	5702
seçtim	3738	5703
rüyalar	3736	5704
ilgilenmiyorum	3736	5705
gelişmiş	3735	5706
yanındayım	3735	5707
sahipsin	3734	5708
takımın	3733	5709
yeah	3732	5710
ilerliyor	3732	5711
kazanır	3730	5712
konuşmuştuk	3729	5713
harper	3729	5714
hector	3729	5715
melissa	3728	5716
etmesine	3728	5717
erkekle	3728	5718
salim	3728	5719
herşeyin	3727	5720
yerli	3727	5721
murphy	3726	5722
şeyimiz	3726	5723
adresini	3725	5724
adamlarım	3725	5725
organize	3724	5726
diyecek	3724	5727
geceden	3723	5728
deney	3723	5729
aldığımız	3723	5730
göremedim	3720	5731
sid	3720	5732
kaçtım	3718	5733
anlatır	3718	5734
köpeğin	3717	5735
çıksın	3717	5736
vietnam	3717	5737
döneceğiz	3717	5738
hassiktir	3715	5739
kurdu	3715	5740
kontrolünü	3714	5741
peri	3714	5742
kont	3713	5743
durumlar	3711	5744
hissedebiliyorum	3711	5745
kalkma	3711	5746
yarışı	3708	5747
atı	3708	5748
z	3708	5749
kurtardım	3707	5750
soo	3707	5751
istediğine	3707	5752
kitabın	3706	5753
doğdu	3706	5754
isterdi	3706	5755
yang	3705	5756
kuralı	3704	5757
kamu	3704	5758
leydim	3702	5759
gina	3701	5760
çalıştığın	3700	5761
yanlışlıkla	3700	5762
kalabilirsin	3699	5763
olabileceği	3697	5764
kale	3696	5765
tarafını	3695	5766
bırakıyor	3694	5767
vanessa	3693	5768
hepsine	3693	5769
bileti	3692	5770
simpson	3692	5771
inşaat	3692	5772
jill	3691	5773
kullanmaya	3691	5774
kalırım	3690	5775
bahçe	3689	5776
kuzeye	3689	5777
lauren	3689	5778
varsın	3688	5779
alsın	3688	5780
west	3686	5781
tetiği	3684	5782
saldırgan	3684	5783
hayvanat	3684	5784
getirmeye	3683	5785
alarmı	3682	5786
helikopter	3681	5787
harita	3680	5788
düşünürdüm	3679	5789
planları	3679	5790
düzeltmek	3679	5791
söylediğine	3679	5792
ağrısı	3678	5793
şunlara	3678	5794
lane	3678	5795
makyaj	3678	5796
kullanan	3678	5797
bakmam	3677	5798
tedavisi	3676	5799
kanıtlamak	3676	5800
kalıyorsun	3675	5801
tersi	3675	5802
edilmesi	3675	5803
bahsettiğim	3673	5804
deneyin	3672	5805
söylemeden	3672	5806
birbirinizi	3672	5807
sinema	3672	5808
mide	3671	5809
çalışmam	3671	5810
çeşitli	3669	5811
tutuyorum	3669	5812
benziyordu	3668	5813
gelmemi	3664	5814
pam	3664	5815
inatçı	3664	5816
gökyüzü	3663	5817
hiçbirini	3662	5818
çağırıyor	3661	5819
sydney	3661	5820
gözlerine	3660	5821
değiştir	3660	5822
evinize	3659	5823
arkadaşlarının	3657	5824
kraliçesi	3656	5825
geleceğin	3656	5826
heyecanlıyım	3656	5827
tutacak	3655	5828
durdum	3655	5829
tutup	3654	5830
ilgilenirim	3654	5831
du	3652	5832
elim	3650	5833
uçakta	3650	5834
mali	3650	5835
yürüyüş	3649	5836
kocanız	3649	5837
devriye	3648	5838
biftek	3647	5839
ödeyeceğim	3646	5840
halledeceğim	3645	5841
sokağı	3644	5842
söylediğinde	3644	5843
meg	3643	5844
düşününce	3643	5845
bekleyeceğiz	3642	5846
eşyalarımı	3642	5847
şeref	3640	5848
çıkmadan	3639	5849
nehri	3637	5850
üyeleri	3635	5851
çalıntı	3634	5852
memnuniyetle	3633	5853
dede	3632	5854
sik	3630	5855
bakire	3628	5856
boşluk	3628	5857
din	3628	5858
odanın	3627	5859
janet	3627	5860
patladı	3625	5861
konuyla	3623	5862
christian	3622	5863
gitmiyoruz	3622	5864
şartlar	3620	5865
pirinç	3620	5866
sahibim	3619	5867
değmez	3618	5868
zeyna	3618	5869
bakanı	3617	5870
hastanesi	3617	5871
yerle	3616	5872
ndeki	3614	5873
kur	3613	5874
şifre	3612	5875
uykuya	3612	5876
çıkması	3611	5877
samantha	3611	5878
anlamış	3610	5879
yapmıştı	3610	5880
hastanın	3610	5881
askerleri	3609	5882
bugünün	3608	5883
buluşmak	3608	5884
ölürsün	3606	5885
neredeyiz	3606	5886
brooke	3605	5887
gelmedin	3605	5888
nisan	3604	5889
joan	3603	5890
kutuyu	3602	5891
geleceksin	3602	5892
hazırlanın	3602	5893
watson	3600	5894
katherine	3599	5895
öldürüp	3599	5896
değişiyor	3598	5897
annesine	3598	5898
kaçta	3598	5899
buda	3598	5900
izinsiz	3598	5901
alıcı	3596	5902
willie	3595	5903
başbakan	3595	5904
durdurmaya	3594	5905
durumdayım	3592	5906
oluyordu	3592	5907
satan	3591	5908
kadınlarla	3591	5909
fotoğraflar	3589	5910
zack	3588	5911
geçirdin	3587	5912
keşif	3587	5913
won	3587	5914
evren	3585	5915
monk	3583	5916
biliyormusun	3583	5917
tanıştırayım	3583	5918
sevdin	3582	5919
yaşadı	3579	5920
hayli	3579	5921
isteği	3579	5922
erkeğe	3577	5923
durur	3577	5924
gitmene	3577	5925
bacaklarını	3577	5926
zamanlama	3576	5927
gördüğümüz	3575	5928
köy	3575	5929
baktın	3574	5930
ışıkları	3571	5931
piper	3571	5932
gözlü	3571	5933
proje	3571	5934
mayıs	3571	5935
almanlar	3570	5936
daisy	3570	5937
manhattan	3569	5938
sokmak	3569	5939
yürümeye	3568	5940
vurulmuş	3567	5941
evan	3566	5942
eşsiz	3566	5943
çocuklardan	3566	5944
castle	3566	5945
binayı	3563	5946
dönmeye	3562	5947
yüzünde	3562	5948
kazandık	3562	5949
öldün	3561	5950
nelson	3561	5951
hizmetçi	3561	5952
düşünüp	3561	5953
vereceğini	3559	5954
yemekleri	3558	5955
itaat	3558	5956
big	3557	5957
görmemiş	3557	5958
tiyatro	3556	5959
mart	3556	5960
kaçırmak	3553	5961
akşamı	3552	5962
gey	3552	5963
adınız	3552	5964
kül	3552	5965
içiyor	3552	5966
go	3551	5967
wade	3551	5968
şüpheliyim	3551	5969
karısının	3551	5970
ölümünü	3550	5971
saatler	3546	5972
fransızca	3546	5973
çekilmiş	3546	5974
yemekler	3545	5975
yetki	3544	5976
min	3544	5977
salonunda	3544	5978
unutmuş	3541	5979
tamamlandı	3541	5980
aslı	3541	5981
peşini	3540	5982
gösterisi	3540	5983
kızıma	3540	5984
cennete	3540	5985
gördüğünde	3539	5986
altıncı	3538	5987
komplo	3537	5988
amiral	3537	5989
koydun	3535	5990
görünür	3534	5991
doğrudur	3534	5992
filme	3533	5993
grubun	3532	5994
hyun	3531	5995
allen	3531	5996
arıyorsunuz	3531	5997
kamerayı	3530	5998
bölümünde	3530	5999
bulmalıyım	3529	6000
yetkili	3529	6001
şekil	3529	6002
yakaladın	3528	6003
ilişkiye	3526	6004
binada	3526	6005
yazıyorum	3526	6006
kelimeyi	3525	6007
yaşar	3525	6008
odaklan	3524	6009
doğruysa	3524	6010
geçme	3523	6011
çinli	3523	6012
öfkeli	3523	6013
ayrılma	3522	6014
hatalı	3520	6015
aramış	3519	6016
bulunur	3519	6017
baktığımda	3519	6018
aradığım	3514	6019
detayları	3514	6020
arar	3513	6021
antik	3512	6022
bilmediğim	3512	6023
haziran	3511	6024
isyan	3510	6025
doğuştan	3509	6026
rob	3508	6027
inanmıyor	3508	6028
karakter	3507	6029
kızınız	3507	6030
ashley	3505	6031
olurdun	3504	6032
stefan	3503	6033
söylersem	3503	6034
borcum	3503	6035
dehşet	3503	6036
öleceğiz	3502	6037
oturmuş	3501	6038
biriniz	3501	6039
gülümse	3501	6040
içtim	3496	6041
alınan	3495	6042
ejderha	3494	6043
kasım	3494	6044
sonuçlar	3493	6045
alabiliriz	3492	6046
ford	3492	6047
ahh	3491	6048
cin	3490	6049
hayvanları	3490	6050
senedir	3490	6051
öğrendik	3489	6052
alanda	3489	6053
sebepten	3489	6054
telefonla	3488	6055
kanını	3488	6056
paraları	3488	6057
seferde	3488	6058
elektronik	3487	6059
yarası	3487	6060
aradığımız	3485	6061
hissi	3485	6062
vermeliyiz	3484	6063
hayatlarını	3483	6064
pisliğin	3482	6065
vazgeç	3482	6066
ilişkiler	3482	6067
basketbol	3480	6068
gülünç	3480	6069
edecektir	3480	6070
duyunca	3480	6071
güzeldir	3480	6072
bombası	3479	6073
birimi	3478	6074
söylemelisin	3478	6075
ülkeye	3477	6076
bitki	3476	6077
cevabını	3476	6078
suda	3475	6079
eger	3475	6080
servet	3475	6081
kesildi	3474	6082
ilişkin	3474	6083
lloyd	3473	6084
elin	3472	6085
inşallah	3471	6086
uyurken	3469	6087
geçmişe	3469	6088
nöbet	3469	6089
ağabey	3466	6090
yapamadım	3465	6091
üstündeki	3463	6092
yanımızda	3463	6093
emanet	3463	6094
telefonum	3462	6095
almalısın	3461	6096
sınıfı	3459	6097
olduysa	3459	6098
kalamam	3459	6099
konuşun	3457	6100
kapısı	3457	6101
etmene	3456	6102
götürüp	3456	6103
yatağına	3456	6104
dikiş	3455	6105
aradığınız	3454	6106
parçalara	3453	6107
oteli	3452	6108
geçmeden	3452	6109
hayati	3452	6110
çocuksun	3452	6111
sı	3452	6112
konuşamam	3452	6113
dale	3452	6114
görmedi	3451	6115
sahil	3451	6116
cömert	3451	6117
gitmiştim	3451	6118
masaj	3450	6119
louise	3450	6120
arkadaşınız	3450	6121
defteri	3450	6122
işgal	3450	6123
hallet	3449	6124
clara	3449	6125
manny	3448	6126
atan	3447	6127
kola	3446	6128
restoran	3445	6129
üçlü	3445	6130
ettiğinde	3445	6131
güzelce	3444	6132
görmeden	3443	6133
pişmanlık	3442	6134
başkanın	3441	6135
dileriz	3440	6136
çekecek	3438	6137
kuzen	3437	6138
görüşmeye	3436	6139
crane	3435	6140
davada	3435	6141
yapacağın	3435	6142
götürürüm	3434	6143
katolik	3433	6144
bölgeyi	3433	6145
konuşmuyor	3433	6146
söylesem	3433	6147
yanınızda	3432	6148
karışma	3432	6149
kızsın	3432	6150
chase	3432	6151
kendimiz	3432	6152
kitabını	3432	6153
bakıyordum	3431	6154
hızlıca	3431	6155
budala	3429	6156
stark	3427	6157
komşu	3427	6158
gidiyordum	3427	6159
götürüyor	3426	6160
büyüdüm	3426	6161
ayarladım	3425	6162
çıktığı	3424	6163
kastediyorsun	3424	6164
açım	3424	6165
mia	3423	6166
küçücük	3423	6167
gitmeyeceğim	3422	6168
lastik	3422	6169
durumuna	3422	6170
hataydı	3421	6171
bahsediyorsunuz	3421	6172
öneririm	3420	6173
dosyaları	3420	6174
kırılmış	3419	6175
leon	3417	6176
dedikodu	3417	6177
öğrenirse	3416	6178
istediniz	3415	6179
wallace	3414	6180
kongre	3414	6181
basıncı	3414	6182
geldiğine	3414	6183
brooklyn	3414	6184
düşündüğü	3411	6185
yokum	3411	6186
birim	3411	6187
veronica	3411	6188
ıslak	3410	6189
bombayı	3410	6190
ulaştı	3410	6191
drew	3410	6192
mikey	3410	6193
yapacaklar	3409	6194
inanır	3408	6195
çeki	3408	6196
seçme	3408	6197
üzerimden	3406	6198
derde	3406	6199
kızlardan	3405	6200
iyileşecek	3405	6201
avustralya	3403	6202
karını	3403	6203
kayda	3402	6204
evimiz	3402	6205
dediklerini	3401	6206
basınç	3401	6207
baskın	3400	6208
ilgileniyorum	3398	6209
nazi	3397	6210
plana	3397	6211
arkadaşlarına	3396	6212
ayağını	3396	6213
çıkarır	3396	6214
dakikan	3395	6215
ayrılmış	3395	6216
seçimi	3395	6217
unutmayacağım	3394	6218
alıyorlar	3392	6219
lüks	3392	6220
büyülü	3390	6221
istemişti	3389	6222
kırıldı	3389	6223
sormam	3388	6224
kazanıyor	3388	6225
bakacağız	3387	6226
kendileri	3384	6227
çıkınca	3383	6228
odadan	3382	6229
tıraş	3382	6230
söylerken	3380	6231
yapmadık	3380	6232
geldiğince	3380	6233
karışmış	3380	6234
neal	3379	6235
kapatmak	3379	6236
favori	3379	6237
whoa	3379	6238
ucube	3379	6239
saklı	3377	6240
yapmıyoruz	3377	6241
vermeyecek	3377	6242
yazdığı	3376	6243
keyifli	3376	6244
çıkmasını	3374	6245
ispanyol	3374	6246
bitmek	3374	6247
hatırlatıyor	3373	6248
anlatıyor	3373	6249
yapıldığını	3373	6250
devrim	3373	6251
amber	3372	6252
shaw	3372	6253
blair	3372	6254
toplu	3372	6255
yakınlarda	3370	6256
olmama	3370	6257
hat	3370	6258
şimdiyse	3370	6259
franklin	3370	6260
sın	3369	6261
gidebilirim	3369	6262
oyunda	3369	6263
gittiğimde	3369	6264
çalıştık	3368	6265
bölgeye	3367	6266
kızdı	3367	6267
resimler	3365	6268
dedik	3365	6269
kaldırmak	3364	6270
belgeleri	3364	6271
saha	3364	6272
öğrencisi	3363	6273
yiyeceğim	3363	6274
ormana	3363	6275
kardeşlerim	3362	6276
choi	3362	6277
aramıza	3362	6278
konusunu	3361	6279
atıyorum	3361	6280
veririz	3359	6281
layık	3359	6282
gitsek	3359	6283
acıyı	3359	6284
ikimizi	3359	6285
kalmam	3358	6286
aleti	3357	6287
planımız	3356	6288
kalanlar	3356	6289
ağzı	3354	6290
mcgee	3354	6291
güce	3353	6292
bağı	3351	6293
tanımıyor	3351	6294
dostun	3351	6295
noah	3351	6296
kullanacağım	3350	6297
hükümeti	3350	6298
bilemem	3350	6299
bitene	3350	6300
oynama	3348	6301
okyanus	3348	6302
evimi	3348	6303
aklın	3347	6304
edilir	3345	6305
hastaneden	3345	6306
patty	3344	6307
benny	3344	6308
zamankinden	3343	6309
yaklaşma	3342	6310
bud	3341	6311
yönde	3340	6312
bölgesinde	3340	6313
edemedim	3339	6314
anladı	3339	6315
eşya	3338	6316
öldürmeyi	3338	6317
aileye	3338	6318
ekim	3337	6319
marge	3336	6320
bilgiye	3335	6321
değersiz	3334	6322
teşvik	3334	6323
anderson	3333	6324
göreceksiniz	3333	6325
partisine	3330	6326
sokağın	3330	6327
olmakla	3329	6328
diego	3328	6329
hamle	3328	6330
ocak	3327	6331
mel	3327	6332
gitmeyecek	3326	6333
sevgililer	3326	6334
haricinde	3325	6335
köşede	3325	6336
doğmuş	3325	6337
fikirde	3324	6338
birbirini	3323	6339
gitmeme	3322	6340
döndük	3322	6341
hatırlıyorsun	3321	6342
dövme	3320	6343
emre	3320	6344
hazırlıklı	3319	6345
vardım	3319	6346
pahasına	3319	6347
uyumlu	3319	6348
atacağım	3319	6349
parkta	3317	6350
kaldığı	3316	6351
adamlardan	3316	6352
tahrik	3315	6353
kodu	3314	6354
we	3313	6355
akşamki	3313	6356
sorumluluğu	3312	6357
göstermeye	3310	6358
ucunda	3309	6359
şarkısı	3308	6360
istiyordun	3308	6361
lezbiyen	3308	6362
gidince	3308	6363
göndereceğim	3308	6364
sistemini	3308	6365
ivan	3308	6366
tanıştın	3307	6367
curtis	3307	6368
seviye	3306	6369
başınıza	3306	6370
tamamı	3306	6371
öldürecekler	3306	6372
denizci	3305	6373
poker	3304	6374
çantası	3304	6375
dışarıdaki	3303	6376
gelmeyi	3303	6377
sınav	3302	6378
kirk	3301	6379
ndaki	3300	6380
stone	3299	6381
pamuk	3299	6382
evimize	3298	6383
babalık	3298	6384
meryem	3297	6385
tüfek	3296	6386
naomi	3296	6387
ateşin	3296	6388
günümüz	3295	6389
saçları	3294	6390
işinden	3294	6391
bebekler	3293	6392
kalktı	3292	6393
parmağını	3291	6394
senindir	3291	6395
söylediklerimi	3290	6396
elaine	3289	6397
gücüm	3289	6398
clyde	3288	6399
büyükannem	3288	6400
sözde	3288	6401
bilgisi	3288	6402
kana	3285	6403
manzara	3285	6404
uğramış	3285	6405
herkesle	3285	6406
korsan	3284	6407
pound	3284	6408
parçalar	3284	6409
arabanı	3284	6410
marco	3284	6411
konser	3283	6412
bailey	3283	6413
kağıdı	3283	6414
tanığı	3282	6415
takdim	3281	6416
seattle	3280	6417
duyar	3280	6418
alison	3278	6419
alanına	3278	6420
eroin	3278	6421
dönüştü	3277	6422
düğünü	3277	6423
gerçekler	3277	6424
konuştuğumuz	3276	6425
siyasi	3274	6426
tuz	3273	6427
verdiğiniz	3273	6428
doktorum	3272	6429
yaparsam	3271	6430
aya	3270	6431
getirdik	3269	6432
açılış	3268	6433
lindsay	3268	6434
felix	3267	6435
duke	3266	6436
tenis	3266	6437
yaşamın	3266	6438
yüzme	3264	6439
yapmasına	3264	6440
davranmaya	3264	6441
evdeki	3263	6442
faydalı	3263	6443
bağlayın	3263	6444
ortalık	3262	6445
atışı	3261	6446
toplamak	3260	6447
bekleyebilir	3260	6448
uyarıyorum	3260	6449
kocamı	3260	6450
kullanmış	3259	6451
üniversitede	3259	6452
geçtik	3259	6453
yeme	3259	6454
ey	3258	6455
seçtin	3258	6456
yatın	3257	6457
vermemi	3257	6458
negatif	3257	6459
hesaba	3257	6460
gelebilirsin	3256	6461
colin	3255	6462
antonio	3254	6463
edebilirsiniz	3254	6464
dwight	3254	6465
silahlarınızı	3254	6466
başlayacağım	3253	6467
kaçırmış	3253	6468
aileme	3252	6469
tereddüt	3251	6470
telsiz	3251	6471
soruya	3250	6472
yapacağımızı	3250	6473
adrian	3250	6474
olduğumdan	3249	6475
keçi	3249	6476
inanç	3249	6477
felç	3248	6478
say	3248	6479
kuruş	3248	6480
güneye	3248	6481
yürümek	3246	6482
dikkatlice	3246	6483
zombi	3245	6484
gözüne	3244	6485
meme	3244	6486
öğretmenim	3244	6487
otopsi	3243	6488
farz	3243	6489
otobüse	3241	6490
ümit	3240	6491
durumdayız	3238	6492
zorlama	3238	6493
kopya	3237	6494
havlu	3236	6495
aylardır	3236	6496
başımı	3236	6497
suratına	3235	6498
zorluk	3235	6499
dairesi	3235	6500
tanrılar	3234	6501
tavan	3234	6502
içim	3234	6503
ihlal	3233	6504
yaşamış	3233	6505
hazırlık	3232	6506
ofisime	3231	6507
stuart	3231	6508
davranma	3230	6509
kıçımı	3230	6510
kay	3230	6511
kesik	3229	6512
yaşamı	3229	6513
seversin	3228	6514
telefonumu	3228	6515
dağı	3227	6516
bölümlerinde	3227	6517
kitapları	3227	6518
otursana	3226	6519
miras	3226	6520
inin	3226	6521
açıklığa	3225	6522
aralık	3225	6523
bıraktığı	3224	6524
senaryo	3224	6525
temizlemek	3223	6526
söyleyeceğimi	3223	6527
diğerlerinden	3223	6528
eşin	3223	6529
görüşmesi	3222	6530
çekme	3222	6531
diyordu	3221	6532
tutacağım	3220	6533
aşığım	3220	6534
bırakmayacağım	3220	6535
kadınsın	3220	6536
daphne	3220	6537
zordu	3219	6538
dostu	3217	6539
gazeteci	3217	6540
ata	3216	6541
kritik	3216	6542
denilen	3215	6543
söylemiyor	3215	6544
beklerken	3215	6545
yazıyordu	3214	6546
esnasında	3214	6547
görüyoruz	3214	6548
sabahı	3213	6549
yakınlarında	3213	6550
yaşındaydım	3212	6551
geldiğimi	3212	6552
anlamlı	3211	6553
ilaçlar	3211	6554
debbie	3210	6555
etmeli	3208	6556
kapılar	3207	6557
göründü	3207	6558
nedense	3207	6559
bel	3206	6560
yaşındaydı	3205	6561
dışındaki	3205	6562
ayrıldım	3205	6563
benjamin	3204	6564
dışarısı	3203	6565
yapılıyor	3202	6566
çıkmıyor	3202	6567
batman	3201	6568
atıyorsun	3201	6569
çaldım	3199	6570
koyup	3198	6571
okuluna	3196	6572
işlem	3196	6573
gelenin	3192	6574
sade	3192	6575
rehin	3191	6576
saniyede	3191	6577
sefil	3191	6578
ağustos	3189	6579
zamanları	3188	6580
korkutuyor	3188	6581
girdiğini	3188	6582
görünmek	3187	6583
onay	3186	6584
uğradı	3185	6585
harcadım	3185	6586
gittiğim	3184	6587
gecelik	3183	6588
kaliteli	3182	6589
okuyorum	3182	6590
bilmelisin	3181	6591
uyumaya	3181	6592
bakarsak	3180	6593
şakaydı	3180	6594
ücret	3180	6595
olmuştum	3178	6596
bekliyordun	3178	6597
geyik	3177	6598
döneceksin	3176	6599
başlayacağız	3176	6600
edeceksiniz	3176	6601
araban	3176	6602
karşılığını	3175	6603
evrak	3174	6604
trene	3174	6605
esrar	3173	6606
feci	3172	6607
kennedy	3172	6608
ayıp	3171	6609
kelimeleri	3171	6610
pozitif	3171	6611
haley	3171	6612
kaçan	3170	6613
götürelim	3170	6614
benzeri	3168	6615
ölmesi	3167	6616
sözümü	3167	6617
tamamını	3167	6618
havaalanına	3167	6619
ları	3166	6620
palmer	3165	6621
almasını	3164	6622
kadınım	3163	6623
duruşma	3163	6624
gitsen	3162	6625
gözünde	3162	6626
kurtaracak	3161	6627
portakal	3161	6628
tekerlekli	3161	6629
yapmışsın	3160	6630
dibine	3160	6631
yetersiz	3159	6632
evsiz	3159	6633
babasına	3159	6634
kazara	3159	6635
bulmayı	3159	6636
beklerim	3158	6637
korkuttun	3157	6638
korkutmak	3156	6639
kurbağa	3155	6640
afiyet	3154	6641
paramparça	3154	6642
kurmaya	3151	6643
evimden	3151	6644
çök	3151	6645
bırakırım	3151	6646
çağırdı	3150	6647
türü	3149	6648
düşünüyordun	3149	6649
ötede	3149	6650
ellerine	3148	6651
güzeller	3147	6652
isteriz	3146	6653
las	3146	6654
göl	3145	6655
gittikten	3142	6656
kaplı	3141	6657
babamız	3140	6658
kızdan	3140	6659
susun	3139	6660
düşüneceğim	3139	6661
eğlenmek	3139	6662
insansın	3139	6663
tucker	3138	6664
dedikleri	3137	6665
anlaşması	3136	6666
gidebilirsiniz	3135	6667
açıklar	3135	6668
öncesinde	3135	6669
incitmek	3134	6670
başımın	3133	6671
durumlarda	3133	6672
geçiyorum	3133	6673
bırakamam	3132	6674
yaşadığımız	3132	6675
macera	3129	6676
avcısı	3128	6677
yapacağımız	3128	6678
anlaşmaya	3127	6679
öğrenmiş	3127	6680
söylemeni	3126	6681
öğretmeni	3126	6682
ruby	3125	6683
anneniz	3124	6684
kişiden	3124	6685
olacaksa	3123	6686
hayalini	3123	6687
düşünürsek	3123	6688
yarattı	3121	6689
çevre	3121	6690
halini	3120	6691
çapında	3120	6692
saçmalığı	3119	6693
giyin	3117	6694
lydia	3117	6695
mick	3116	6696
yaratmak	3116	6697
juliet	3116	6698
meredith	3115	6699
sharon	3114	6700
aileler	3113	6701
arkadaşımız	3112	6702
götürüyorum	3112	6703
okuyor	3112	6704
farkettim	3112	6705
buffy	3112	6706
vermeni	3112	6707
pierre	3112	6708
miranda	3112	6709
nevi	3110	6710
aylar	3110	6711
bitmiştir	3109	6712
kitaplar	3109	6713
gücüne	3109	6714
yeraltı	3109	6715
vaktinde	3107	6716
arzu	3107	6717
dönen	3105	6718
lisede	3104	6719
leri	3102	6720
partiyi	3101	6721
arkamda	3101	6722
çörek	3100	6723
görünmüyorsun	3100	6724
graham	3099	6725
gazı	3099	6726
gelmiyorsun	3099	6727
kıç	3099	6728
sonuca	3098	6729
duvarı	3098	6730
ilgileneceğim	3098	6731
seviyede	3097	6732
arkamdan	3097	6733
güvenmiyorum	3096	6734
yönden	3095	6735
görünüyorlar	3095	6736
ördek	3095	6737
üstümden	3094	6738
kelimesini	3094	6739
taşımak	3093	6740
cezasını	3093	6741
kaybeden	3093	6742
seferki	3093	6743
oyunları	3092	6744
üçü	3091	6745
oturuyorum	3091	6746
inceleme	3091	6747
yıi	3089	6748
dır	3089	6749
zalim	3088	6750
hanna	3088	6751
iflas	3088	6752
sikik	3087	6753
edersek	3087	6754
burke	3086	6755
iletişime	3086	6756
olmadığın	3086	6757
yöntem	3085	6758
yapmama	3085	6759
rastgele	3084	6760
oluyorlar	3083	6761
görevli	3083	6762
vefat	3083	6763
buluyorsun	3083	6764
başkalarına	3082	6765
sıcaklık	3082	6766
gelmelisin	3082	6767
göründüğünü	3081	6768
yanan	3081	6769
erkeklerle	3081	6770
temizle	3081	6771
gözün	3081	6772
içip	3080	6773
projesi	3080	6774
yön	3080	6775
kilisede	3080	6776
neredeyim	3079	6777
gireceğim	3079	6778
von	3079	6779
kartını	3079	6780
donmuş	3078	6781
ayaklarını	3078	6782
bugünlük	3078	6783
yaşadık	3077	6784
söylememiş	3076	6785
saldırısı	3075	6786
anlaşmamız	3075	6787
patronu	3074	6788
kızılderili	3073	6789
takılmak	3073	6790
canavarı	3073	6791
söylemekten	3071	6792
kalbinin	3071	6793
kapısını	3071	6794
hisse	3070	6795
bilmeden	3070	6796
cd	3069	6797
hah	3069	6798
üste	3069	6799
yiyorsun	3069	6800
gelecekler	3068	6801
sir	3067	6802
diyebiliriz	3066	6803
yarayabilir	3066	6804
tanıştığım	3065	6805
cesedin	3064	6806
annesiyle	3064	6807
kullanır	3064	6808
açabilir	3064	6809
ikinize	3064	6810
hepsinden	3063	6811
gezegenin	3062	6812
bahçede	3062	6813
caleb	3062	6814
izninle	3059	6815
atalım	3058	6816
em	3057	6817
tanır	3057	6818
böyledir	3056	6819
paketi	3055	6820
affedin	3055	6821
oğul	3055	6822
donanma	3055	6823
nicky	3055	6824
isabet	3055	6825
kariyer	3054	6826
rosa	3053	6827
bürosu	3052	6828
diyecektim	3052	6829
sorusu	3052	6830
kır	3050	6831
toplantıya	3050	6832
adamlarını	3050	6833
vurma	3048	6834
times	3048	6835
depo	3047	6836
kutlamak	3046	6837
değiştirir	3046	6838
saygın	3045	6839
notu	3045	6840
kesti	3044	6841
bulunmak	3044	6842
doldur	3042	6843
işlere	3042	6844
öldürüldüğü	3042	6845
ulu	3041	6846
mahvettin	3041	6847
kumandan	3040	6848
radyasyon	3040	6849
şansa	3040	6850
sevmedim	3039	6851
duncan	3039	6852
cindy	3038	6853
lady	3038	6854
brandon	3038	6855
imparatorluk	3038	6856
düşünerek	3037	6857
bulduğu	3037	6858
güçlerini	3037	6859
isteyecek	3037	6860
gelirler	3037	6861
sheldon	3036	6862
arabasına	3036	6863
çamur	3036	6864
göndermiş	3035	6865
damla	3034	6866
judy	3034	6867
başladığı	3033	6868
ra	3033	6869
gelenler	3033	6870
tutuklama	3033	6871
gezegeni	3032	6872
sebastian	3032	6873
tess	3030	6874
içime	3030	6875
sormaya	3028	6876
ucu	3028	6877
adamlarla	3028	6878
yatağın	3028	6879
psikopat	3027	6880
buradayken	3026	6881
iltifat	3026	6882
joy	3025	6883
başlasın	3023	6884
bakarsanız	3023	6885
duyan	3023	6886
bilmiyorsunuz	3022	6887
vücudun	3022	6888
yatan	3021	6889
balo	3021	6890
yiyen	3020	6891
unutmak	3020	6892
çektin	3020	6893
dilim	3019	6894
vererek	3018	6895
alamadım	3018	6896
şarabı	3018	6897
almışsın	3017	6898
sebeple	3017	6899
dönüşü	3017	6900
yapay	3017	6901
ceket	3017	6902
mutfağa	3015	6903
selamlar	3013	6904
uyandım	3013	6905
anlatın	3011	6906
fikriniz	3011	6907
atarım	3011	6908
ari	3010	6909
gelirsin	3010	6910
kırdı	3009	6911
çıkmayı	3008	6912
afganistan	3008	6913
umrunda	3007	6914
mezuniyet	3006	6915
ölmeye	3006	6916
poirot	3005	6917
vurmuş	3005	6918
kesilmiş	3004	6919
karıma	3004	6920
değilsen	3004	6921
ödeyecek	3002	6922
dünyasında	2999	6923
juan	2999	6924
üzgünüz	2999	6925
gol	2999	6926
öncesine	2999	6927
düşmanın	2997	6928
içeriden	2997	6929
okuldaki	2996	6930
avukatım	2996	6931
bacak	2995	6932
yas	2995	6933
boka	2995	6934
meseleyi	2994	6935
dersen	2993	6936
freddie	2992	6937
öderim	2992	6938
turner	2992	6939
görebilirsin	2991	6940
dolaşıyor	2990	6941
kararlar	2990	6942
bolca	2990	6943
hergün	2989	6944
gerekebilir	2988	6945
kaset	2987	6946
atlar	2987	6947
gençlik	2987	6948
elektrikli	2986	6949
ruslar	2986	6950
hissettiğimi	2986	6951
marka	2985	6952
kaybetme	2985	6953
romeo	2984	6954
geleceğiz	2984	6955
tanış	2984	6956
koymuş	2984	6957
bakmayı	2983	6958
cinayete	2982	6959
şoför	2981	6960
kartal	2980	6961
muhammed	2980	6962
anca	2980	6963
davanın	2979	6964
bell	2979	6965
varlığını	2979	6966
trajik	2979	6967
amirim	2978	6968
kaçma	2977	6969
becky	2977	6970
hafife	2977	6971
engellemek	2976	6972
bırakmaya	2976	6973
düşündüğümden	2976	6974
toplayıp	2975	6975
dosyayı	2974	6976
çocukluk	2974	6977
masası	2974	6978
söylerler	2974	6979
hayret	2971	6980
medya	2970	6981
gerisi	2970	6982
oralarda	2968	6983
çalışıp	2968	6984
kokuyorsun	2968	6985
iddiaya	2967	6986
düşünmüyorsun	2966	6987
şahsi	2966	6988
isimlerini	2966	6989
biliyorsundur	2965	6990
vaka	2965	6991
kalbine	2964	6992
etsen	2964	6993
dönmeliyim	2964	6994
adının	2963	6995
ellerin	2963	6996
görmen	2963	6997
mor	2962	6998
potansiyel	2962	6999
düşünemiyorum	2961	7000
geleceğe	2961	7001
teselli	2961	7002
olayların	2960	7003
geçtiğimiz	2960	7004
araştırdım	2959	7005
kazanacak	2957	7006
collins	2955	7007
çıkaralım	2954	7008
long	2954	7009
subay	2952	7010
kazanmaya	2952	7011
pierce	2951	7012
hunter	2951	7013
geçiriyorum	2951	7014
adams	2951	7015
ayakkabılar	2950	7016
korktun	2950	7017
cevaplar	2949	7018
bırakmam	2948	7019
adada	2948	7020
beynin	2948	7021
düşünmem	2948	7022
joel	2946	7023
getirip	2946	7024
önümde	2945	7025
uçağın	2945	7026
harrison	2945	7027
palyaço	2945	7028
izleme	2945	7029
ikiz	2945	7030
ayrıldık	2943	7031
tembel	2943	7032
dilek	2943	7033
koyacağım	2943	7034
evladım	2942	7035
havuz	2941	7036
filmleri	2940	7037
inip	2940	7038
çıkaracak	2938	7039
hükümetin	2937	7040
toplam	2937	7041
bilin	2936	7042
sal	2936	7043
rüyamda	2936	7044
rahatsızlık	2935	7045
alexander	2935	7046
yoksun	2935	7047
dişlerini	2934	7048
görmesini	2934	7049
yetti	2934	7050
zach	2933	7051
camdan	2933	7052
izliyorum	2933	7053
lawrence	2933	7054
kampı	2932	7055
song	2932	7056
zarif	2932	7057
istemedin	2932	7058
bilmesini	2931	7059
bilmesi	2931	7060
çiçekleri	2931	7061
kararlı	2931	7062
ilgimi	2930	7063
katıl	2929	7064
biliyorduk	2929	7065
reese	2929	7066
mum	2928	7067
görüşeceğiz	2928	7068
kaderi	2927	7069
diğerine	2927	7070
kıyafetler	2927	7071
scully	2927	7072
bahsettiğin	2926	7073
ikram	2925	7074
saatlerce	2925	7075
gömlek	2924	7076
ilgilen	2924	7077
giderdi	2924	7078
guy	2923	7079
karının	2923	7080
hatırlayamıyorum	2923	7081
alınma	2923	7082
alacağını	2922	7083
donald	2922	7084
gps	2921	7085
çalıştır	2921	7086
onurlu	2921	7087
davranmak	2921	7088
listede	2920	7089
düşünmüş	2919	7090
sıkışmış	2918	7091
kayıtlarına	2918	7092
sürebilir	2918	7093
hazırlan	2918	7094
garcia	2918	7095
arıyordu	2918	7096
uğraşmak	2917	7097
saçlarını	2917	7098
ölmesine	2917	7099
çözmeye	2917	7100
geçirme	2917	7101
adeta	2917	7102
fil	2916	7103
uç	2916	7104
korkuyordum	2916	7105
değerini	2916	7106
çalışacağız	2916	7107
angie	2915	7108
çağırdım	2915	7109
tipik	2913	7110
diri	2912	7111
bishop	2912	7112
verebilirsin	2911	7113
alırken	2911	7114
mantıksız	2910	7115
çalmış	2908	7116
anlamadın	2908	7117
artıyor	2907	7118
flynn	2906	7119
dee	2906	7120
rehine	2904	7121
votka	2904	7122
etmemiştim	2903	7123
kardeşime	2903	7124
amacım	2903	7125
başlamıştım	2902	7126
edeceğimi	2901	7127
değiştirecek	2901	7128
yapamazsınız	2900	7129
çalışıyormuş	2900	7130
street	2900	7131
girdik	2900	7132
bulabilirsin	2899	7133
ayrılıyor	2898	7134
aktör	2897	7135
istesem	2897	7136
yolculuğu	2896	7137
meraklı	2896	7138
anahtarlar	2895	7139
köpekleri	2895	7140
mo	2895	7141
çıkmıştı	2894	7142
anlattın	2894	7143
arkadaşıma	2892	7144
süresi	2892	7145
dansa	2892	7146
kocasının	2892	7147
dinledim	2891	7148
huzurlu	2891	7149
kalkan	2891	7150
hikayenin	2891	7151
asya	2891	7152
yanılıyor	2891	7153
üçte	2890	7154
gözetim	2890	7155
görevimiz	2889	7156
bahsetmek	2889	7157
anlatamam	2888	7158
kayıtlara	2887	7159
düşüp	2887	7160
yavaşla	2887	7161
arı	2886	7162
buzlu	2886	7163
yüzümü	2886	7164
kamyonu	2886	7165
harvard	2885	7166
veremezsin	2885	7167
lance	2884	7168
öğrenciler	2883	7169
dolaşıp	2883	7170
davrandı	2882	7171
görüntüleri	2882	7172
kel	2882	7173
söylerdim	2881	7174
değiştirme	2881	7175
maden	2880	7176
tören	2879	7177
violet	2879	7178
patlamış	2877	7179
bitirdin	2877	7180
yarışma	2875	7181
yaratıklar	2874	7182
duracak	2874	7183
yararlı	2873	7184
bilgin	2873	7185
as	2873	7186
teori	2871	7187
gil	2871	7188
kopyasını	2871	7189
all	2871	7190
oo	2870	7191
çıkarım	2869	7192
kovuldun	2869	7193
tekme	2868	7194
sabahtan	2868	7195
yunan	2867	7196
abim	2867	7197
gaza	2866	7198
nabız	2866	7199
verirler	2865	7200
sınırlı	2865	7201
kadardır	2865	7202
endişeliyim	2864	7203
chen	2864	7204
böylelikle	2864	7205
yattın	2863	7206
brick	2862	7207
yapabilirsiniz	2862	7208
reed	2862	7209
tipi	2862	7210
kırmak	2861	7211
karımla	2861	7212
içiyorsun	2860	7213
alec	2860	7214
çaylak	2859	7215
savunmasız	2859	7216
yaşadığın	2859	7217
kas	2857	7218
ruhlar	2857	7219
kafaya	2856	7220
lemon	2855	7221
yarbay	2854	7222
kızımız	2854	7223
başladığını	2854	7224
oynarken	2854	7225
dir	2854	7226
duyabiliyorum	2853	7227
söylemiştiniz	2853	7228
kızına	2851	7229
dinler	2851	7230
küba	2850	7231
nefesini	2849	7232
hapı	2849	7233
öğrenecek	2848	7234
tecrübe	2848	7235
kürek	2848	7236
patlayıcı	2847	7237
dikkatimi	2846	7238
çocuklarının	2846	7239
yağı	2846	7240
bedeni	2846	7241
bauer	2846	7242
boks	2845	7243
bebeğe	2845	7244
öneriyorum	2845	7245
yalnızım	2845	7246
tutma	2845	7247
binin	2844	7248
giymiş	2843	7249
mini	2843	7250
saklıyor	2843	7251
görülüyor	2842	7252
adamdır	2842	7253
babamdan	2840	7254
atacak	2839	7255
düşüneyim	2839	7256
anlamıştım	2839	7257
gwen	2839	7258
iken	2837	7259
ekonomik	2836	7260
jae	2835	7261
yiyeceğiz	2835	7262
koruyun	2835	7263
yakalandı	2835	7264
koruyor	2834	7265
veremez	2832	7266
açıyor	2832	7267
yarınki	2831	7268
so	2831	7269
yuva	2831	7270
gözüme	2831	7271
bulması	2830	7272
freddy	2830	7273
bildiğimi	2828	7274
demeli	2828	7275
ağız	2827	7276
beter	2827	7277
geçtin	2826	7278
duyguları	2826	7279
reddetti	2825	7280
demem	2825	7281
morris	2825	7282
joon	2824	7283
kıymetli	2824	7284
sil	2823	7285
deyince	2823	7286
diğerini	2822	7287
hepimize	2822	7288
sevdi	2822	7289
sense	2822	7290
keyfine	2822	7291
winston	2822	7292
kurtul	2821	7293
okumaya	2819	7294
yaralandı	2818	7295
fizik	2817	7296
geçir	2815	7297
cassie	2815	7298
dönmesi	2813	7299
yürüyor	2813	7300
vücudunu	2813	7301
açıktı	2813	7302
for	2813	7303
yapmayacak	2812	7304
görüştüm	2812	7305
fox	2811	7306
zamanımı	2811	7307
anlamam	2811	7308
ameliyata	2811	7309
kadınlardan	2811	7310
grey	2809	7311
rosie	2809	7312
aptalım	2809	7313
cal	2808	7314
almamı	2807	7315
hızı	2807	7316
kullandığını	2807	7317
hakikaten	2807	7318
içtin	2807	7319
girmeden	2806	7320
yazmaya	2806	7321
hawaii	2805	7322
görevde	2804	7323
konuşuyorduk	2804	7324
kadından	2804	7325
iütfen	2804	7326
yaver	2804	7327
gitar	2803	7328
jeffrey	2803	7329
kalmanı	2803	7330
ürünü	2802	7331
ailesiyle	2802	7332
bastır	2802	7333
irlanda	2801	7334
önümüzde	2801	7335
doyle	2801	7336
malzemeleri	2801	7337
dibinde	2801	7338
edebiliyor	2800	7339
ruhun	2800	7340
ücreti	2800	7341
olamadım	2800	7342
yürüyerek	2799	7343
orduya	2799	7344
umalım	2799	7345
konuşman	2799	7346
tutuyorsun	2799	7347
vermiyorum	2799	7348
çeyrek	2798	7349
etmeniz	2798	7350
arabalar	2798	7351
karşıma	2798	7352
mıymış	2797	7353
verilmiş	2797	7354
koridorda	2797	7355
israil	2796	7356
brenda	2796	7357
ilki	2796	7358
dürüstçe	2795	7359
kanıtları	2795	7360
artik	2795	7361
gerçeğini	2794	7362
maske	2794	7363
hikayesini	2793	7364
hayatımızı	2792	7365
one	2792	7366
çocuğunun	2792	7367
açan	2792	7368
papel	2792	7369
söyleyerek	2792	7370
connie	2791	7371
formu	2791	7372
bekliyordu	2790	7373
turta	2790	7374
beğenmiş	2789	7375
soktu	2788	7376
sağlayacağım	2787	7377
sözüm	2787	7378
kalırsın	2787	7379
clip	2786	7380
oğluna	2786	7381
koruması	2785	7382
oynayan	2785	7383
olmayacaksın	2785	7384
boyd	2785	7385
başkasıyla	2785	7386
seçilmiş	2784	7387
istediğinde	2784	7388
tekmeyi	2783	7389
sonuçlarını	2783	7390
edersem	2783	7391
ödedim	2783	7392
muz	2782	7393
olgun	2782	7394
aradılar	2782	7395
geçsin	2782	7396
milli	2781	7397
aileyi	2781	7398
hissettin	2781	7399
ilahi	2780	7400
sırtını	2779	7401
serena	2779	7402
yaklaş	2778	7403
ayakları	2778	7404
burdayım	2778	7405
intikamını	2778	7406
rekabet	2777	7407
konuştunuz	2777	7408
benzediğini	2777	7409
ücretsiz	2775	7410
üye	2775	7411
adıma	2772	7412
yerlerini	2772	7413
müslüman	2772	7414
gözlem	2772	7415
egzersiz	2772	7416
ilaçları	2772	7417
baker	2771	7418
dorothy	2769	7419
sezar	2768	7420
düş	2767	7421
ortam	2767	7422
açacak	2766	7423
bitmez	2766	7424
sürmek	2766	7425
arabaları	2765	7426
polislerin	2765	7427
seninkini	2764	7428
wyatt	2764	7429
tuvalette	2764	7430
sattım	2764	7431
görüşmem	2764	7432
paula	2763	7433
üzülüyorum	2763	7434
numaraları	2763	7435
hikayeler	2763	7436
çikolatalı	2762	7437
bozulmuş	2762	7438
hatırlattı	2762	7439
arayayım	2761	7440
yüklü	2761	7441
diyebilir	2760	7442
oyuncağı	2760	7443
gibiyiz	2760	7444
yaptığının	2759	7445
nihayetinde	2759	7446
uzat	2759	7447
hamburger	2758	7448
duygular	2758	7449
söylemez	2757	7450
olağan	2757	7451
alışverişe	2757	7452
öğrendiğim	2756	7453
haftasonu	2756	7454
dönmedi	2756	7455
satranç	2754	7456
yandı	2753	7457
borcunu	2753	7458
alfred	2752	7459
ödemeyi	2752	7460
güvendesin	2752	7461
gelmem	2752	7462
hareketli	2752	7463
polisle	2751	7464
dükkan	2751	7465
şanslıyım	2751	7466
mona	2751	7467
geçmeye	2750	7468
yanılmışım	2749	7469
düşecek	2747	7470
evlenir	2747	7471
artie	2747	7472
tanıyorsunuz	2746	7473
kullanın	2746	7474
aptalsın	2746	7475
baksanıza	2746	7476
huysuz	2745	7477
iyiydin	2744	7478
getirdiği	2743	7479
bernard	2743	7480
zannetmiyorum	2742	7481
geçmedi	2742	7482
çıkmalıyız	2742	7483
yazdın	2742	7484
okuyorsun	2741	7485
ayakkabılarını	2741	7486
acınası	2741	7487
karşılığı	2741	7488
uzaklıkta	2740	7489
gittiniz	2740	7490
isviçre	2740	7491
gelse	2740	7492
evcil	2739	7493
buradaymış	2739	7494
davaya	2737	7495
banyoda	2737	7496
kollarını	2737	7497
olamazdı	2736	7498
güzeli	2736	7499
göremiyor	2735	7500
metro	2735	7501
öldüler	2735	7502
trevor	2734	7503
cüce	2733	7504
lisesi	2733	7505
gülüyorsun	2733	7506
kişilerin	2732	7507
ağabeyim	2732	7508
yatağı	2732	7509
demedi	2732	7510
ellerim	2732	7511
belge	2731	7512
adıyla	2731	7513
deneyim	2731	7514
binaya	2731	7515
mühim	2730	7516
mantar	2729	7517
alamaz	2729	7518
mücevher	2729	7519
midem	2728	7520
kıyafetleri	2728	7521
klaus	2727	7522
buralara	2727	7523
hindi	2727	7524
deyip	2726	7525
kanama	2724	7526
komünist	2724	7527
bankaya	2724	7528
karşılaştım	2723	7529
korkudan	2723	7530
kaybolan	2723	7531
haftanın	2722	7532
ortasına	2720	7533
karşılıklı	2719	7534
içlerinden	2719	7535
acısını	2718	7536
flash	2718	7537
geçiyoruz	2718	7538
severdim	2717	7539
evleniyor	2716	7540
salonuna	2716	7541
ilgisini	2716	7542
elvis	2716	7543
ortalama	2715	7544
kaldığım	2714	7545
satıyor	2714	7546
cebinde	2713	7547
bilecek	2713	7548
tel	2713	7549
sevmek	2713	7550
georgia	2712	7551
giriyoruz	2712	7552
ispanyolca	2712	7553
yağıyor	2712	7554
ufacık	2712	7555
kararımı	2711	7556
sıkıca	2709	7557
bacağını	2709	7558
süslü	2708	7559
hayatımız	2708	7560
sıralar	2708	7561
lerde	2707	7562
monroe	2706	7563
getiriyorum	2706	7564
gözünün	2705	7565
denedin	2705	7566
babasıyla	2705	7567
sevişmek	2705	7568
mesai	2704	7569
ini	2704	7570
ayna	2703	7571
kullanılmış	2703	7572
griffin	2703	7573
geceye	2702	7574
söyleyemezsin	2702	7575
hamileyim	2701	7576
koyuyorum	2701	7577
yattım	2700	7578
reid	2700	7579
almadın	2699	7580
nün	2699	7581
sağlığı	2699	7582
varız	2699	7583
zira	2697	7584
kaçınılmaz	2697	7585
şeyimi	2697	7586
dostumuz	2697	7587
boylu	2696	7588
satmaya	2696	7589
hesabını	2696	7590
şaşırmadım	2696	7591
istemediğimi	2696	7592
okumayı	2696	7593
oradalar	2695	7594
v	2695	7595
fikriydi	2695	7596
terör	2695	7597
isimsiz	2695	7598
bahçesi	2694	7599
kap	2694	7600
amacıyla	2694	7601
evlendi	2694	7602
mekan	2694	7603
bahşiş	2693	7604
your	2693	7605
amanın	2693	7606
detektif	2693	7607
arkana	2692	7608
dâhil	2692	7609
douglas	2692	7610
oyuncusu	2692	7611
yolculuğa	2690	7612
edebiliyorum	2688	7613
arayacak	2688	7614
evlatlık	2688	7615
oynar	2685	7616
what	2685	7617
hoşlandığını	2684	7618
erkeklerden	2684	7619
kesici	2684	7620
archer	2683	7621
çare	2683	7622
telefonuna	2682	7623
sanal	2681	7624
indi	2681	7625
gölü	2680	7626
dallas	2680	7627
ölürse	2680	7628
houston	2680	7629
maça	2680	7630
sonny	2679	7631
yaşı	2679	7632
insanlığın	2679	7633
gabrielle	2678	7634
kuvvet	2678	7635
sörf	2676	7636
salata	2676	7637
çekimi	2674	7638
kaseti	2674	7639
bulan	2673	7640
ziyade	2673	7641
yen	2673	7642
birilerine	2673	7643
sırrını	2673	7644
patlayacak	2672	7645
arkadaşıyım	2672	7646
odasından	2672	7647
randall	2671	7648
fotoğraflarını	2670	7649
öldüm	2669	7650
nakil	2669	7651
kazan	2669	7652
yaptıklarından	2669	7653
peggy	2668	7654
desteği	2667	7655
istemiyordum	2667	7656
mesajını	2666	7657
mafya	2666	7658
theo	2665	7659
etsene	2664	7660
isaac	2664	7661
hâline	2664	7662
acıktım	2664	7663
kamerası	2663	7664
isimler	2663	7665
kıyafeti	2662	7666
vuran	2662	7667
yemeğin	2662	7668
kalmıyor	2662	7669
görmelisin	2660	7670
yapıyormuş	2660	7671
harbiden	2660	7672
re	2659	7673
duymuyorum	2659	7674
tartışmak	2659	7675
asansör	2659	7676
jang	2659	7677
yaramayacak	2658	7678
verdiğimiz	2656	7679
carson	2656	7680
nehrin	2655	7681
ışıklar	2654	7682
stella	2654	7683
büyükbabam	2653	7684
vermesini	2653	7685
adayı	2652	7686
verirdim	2652	7687
taşındı	2652	7688
üzereyiz	2652	7689
richie	2652	7690
ardı	2651	7691
yedinci	2650	7692
matmazel	2650	7693
saniyeliğine	2650	7694
çantamı	2649	7695
diyorsan	2649	7696
yılbaşı	2649	7697
yak	2648	7698
yataktan	2647	7699
hissettiğim	2647	7700
merdivenlerden	2646	7701
gelmezdi	2646	7702
drake	2646	7703
isterler	2646	7704
hayatından	2646	7705
içme	2646	7706
rüzgâr	2645	7707
roket	2645	7708
zevkti	2645	7709
birşeyi	2644	7710
harcama	2644	7711
dönene	2644	7712
valla	2643	7713
kanın	2643	7714
filmler	2643	7715
cesetleri	2642	7716
merdiven	2642	7717
geber	2641	7718
haberlerde	2640	7719
ailene	2639	7720
eğleniyor	2639	7721
çamaşırı	2637	7722
kartları	2637	7723
akla	2636	7724
amcan	2635	7725
kemiği	2634	7726
üçe	2634	7727
içeren	2634	7728
bugünden	2634	7729
edildiğini	2634	7730
ileriye	2634	7731
korkmuştum	2633	7732
söylememe	2633	7733
erkeklere	2633	7734
fikirleri	2633	7735
girdiğinde	2633	7736
endişelendim	2633	7737
hâkim	2632	7738
gizem	2632	7739
yatağında	2632	7740
geçmişini	2631	7741
tura	2631	7742
dünkü	2631	7743
gök	2630	7744
mr	2629	7745
düzey	2629	7746
üzereydim	2629	7747
hint	2628	7748
cesareti	2628	7749
köyü	2628	7750
brezilya	2627	7751
yaparsak	2626	7752
insanım	2626	7753
filmini	2626	7754
burnu	2625	7755
ydi	2624	7756
jan	2623	7757
dönünce	2623	7758
ayağı	2623	7759
efendimiz	2622	7760
yaşıyordu	2622	7761
erik	2622	7762
içindeydi	2622	7763
eşiniz	2621	7764
sakınca	2620	7765
suratını	2620	7766
etmişler	2619	7767
korkunçtu	2619	7768
dikkatle	2619	7769
oturuyorsun	2619	7770
görebilirsiniz	2619	7771
görmekten	2618	7772
ürün	2618	7773
açılıyor	2617	7774
öğrenmem	2616	7775
tabanca	2616	7776
gazetede	2616	7777
ailemle	2615	7778
ayakkabıları	2615	7779
anneler	2615	7780
perry	2615	7781
ağacın	2614	7782
bekleyelim	2614	7783
küresel	2613	7784
konuşmasını	2613	7785
ohh	2612	7786
söylemeyin	2612	7787
alabilirsiniz	2612	7788
temasa	2612	7789
borcun	2608	7790
füze	2607	7791
porter	2607	7792
fiona	2607	7793
bilmeyen	2607	7794
kimle	2607	7795
love	2607	7796
şovu	2606	7797
ormanın	2606	7798
endişelenecek	2605	7799
dolaşan	2605	7800
katına	2605	7801
imkan	2604	7802
zamanlı	2603	7803
hatıra	2602	7804
numaram	2602	7805
teyit	2602	7806
yapmalı	2601	7807
melanie	2601	7808
carmen	2601	7809
kaldırıp	2600	7810
kaldınız	2600	7811
saatlerde	2599	7812
sakat	2599	7813
bölümüne	2598	7814
internetten	2598	7815
yoluyla	2597	7816
bıraktığını	2596	7817
herzaman	2596	7818
infaz	2596	7819
yaban	2595	7820
düğmeye	2595	7821
denizde	2595	7822
sıçan	2594	7823
boğa	2594	7824
kargo	2594	7825
lester	2594	7826
düzeni	2594	7827
kafanda	2594	7828
baska	2594	7829
yurt	2593	7830
hoşlanmam	2593	7831
hope	2593	7832
kalpli	2592	7833
arkadaşlarından	2591	7834
hulk	2591	7835
farkındasın	2591	7836
gönderiyorum	2591	7837
peg	2591	7838
demeyi	2590	7839
nolan	2590	7840
takıma	2589	7841
yanlız	2588	7842
amaçlı	2588	7843
normale	2587	7844
geçirmeye	2587	7845
sosis	2587	7846
antrenman	2587	7847
söylediğimde	2587	7848
halledelim	2586	7849
adındaki	2586	7850
kapatmam	2586	7851
leke	2586	7852
istekli	2586	7853
rezalet	2585	7854
karşılaştık	2585	7855
hapishaneye	2585	7856
planını	2585	7857
gençken	2584	7858
çocuktu	2583	7859
toplama	2583	7860
delirmiş	2583	7861
uğrayıp	2583	7862
geçidi	2582	7863
söyleyecektim	2582	7864
oyununu	2581	7865
üçümüz	2581	7866
yatmaya	2581	7867
barnes	2581	7868
hunt	2580	7869
işlerine	2580	7870
giyiyor	2579	7871
özgü	2579	7872
yazacağım	2578	7873
nikki	2578	7874
olduğumda	2578	7875
vurun	2577	7876
doğan	2576	7877
yerimi	2576	7878
shin	2575	7879
seçkin	2575	7880
yapmışlar	2575	7881
terapi	2575	7882
banyoya	2575	7883
çiçeği	2575	7884
çekiyorsun	2574	7885
yemeyi	2574	7886
pablo	2574	7887
evlerine	2574	7888
oynayacak	2574	7889
çıkışı	2573	7890
konuşmanın	2573	7891
değiştirmiş	2572	7892
ölürüm	2571	7893
soyunma	2571	7894
çıkmayacak	2571	7895
çekildi	2571	7896
parçasını	2571	7897
açmış	2571	7898
büyüdü	2570	7899
gerçekleşti	2570	7900
yüzündeki	2570	7901
okumuştum	2570	7902
açıkla	2569	7903
bekleyip	2569	7904
ayarla	2569	7905
doluydu	2569	7906
j	2569	7907
einstein	2568	7908
konularda	2567	7909
görüşmeyi	2567	7910
gezi	2567	7911
tanıdığın	2567	7912
talihsiz	2567	7913
kapatıyorum	2567	7914
oranı	2567	7915
dj	2566	7916
yaşanan	2566	7917
ydı	2565	7918
yerken	2565	7919
thor	2564	7920
kazanmış	2564	7921
miguel	2564	7922
şüphem	2564	7923
yaşayamam	2564	7924
açmaya	2563	7925
öldüreceksin	2563	7926
tabak	2563	7927
farklıydı	2563	7928
kameraya	2562	7929
zil	2561	7930
erişim	2561	7931
çektiğini	2561	7932
niles	2561	7933
görürsem	2561	7934
sanırdım	2560	7935
yaşından	2560	7936
konuşuyordum	2560	7937
korkusu	2559	7938
andre	2559	7939
almışlar	2558	7940
yedik	2557	7941
gelmişken	2557	7942
sabahları	2556	7943
sıradışı	2556	7944
arap	2556	7945
vururum	2556	7946
döneceğini	2556	7947
tahammül	2556	7948
arkadaşıyla	2555	7949
edgar	2555	7950
meslek	2555	7951
izlerken	2555	7952
yaparsa	2555	7953
robbie	2555	7954
brennan	2554	7955
anahtarını	2554	7956
çıkaran	2554	7957
anlamıyorsunuz	2554	7958
kafanın	2554	7959
aramam	2553	7960
evliliği	2553	7961
oluyoruz	2553	7962
görürsen	2553	7963
yöntemi	2553	7964
bilgisayarı	2553	7965
değilimdir	2552	7966
kıyafetlerini	2552	7967
seviyesi	2551	7968
doz	2551	7969
virüsü	2551	7970
açıklayabilirim	2551	7971
junior	2550	7972
doğdum	2549	7973
güvenmek	2549	7974
gerginim	2548	7975
ally	2547	7976
kardeşimle	2547	7977
sistemine	2547	7978
götürdüm	2547	7979
bölümünü	2546	7980
çağıracağım	2546	7981
jonas	2546	7982
kahramanı	2546	7983
giymek	2545	7984
olsak	2544	7985
küfür	2544	7986
kıyamet	2544	7987
olayla	2544	7988
bırakabilir	2544	7989
polislere	2544	7990
etmelisiniz	2543	7991
diken	2543	7992
değişmiş	2543	7993
hoşlanmıyor	2543	7994
sahilde	2543	7995
tanrısı	2543	7996
aşağıdaki	2543	7997
sormadım	2542	7998
p	2542	7999
götürebilir	2542	8000
erica	2541	8001
sullivan	2541	8002
saygıdeğer	2540	8003
araştırmaya	2540	8004
kafasında	2540	8005
kelimesi	2539	8006
isteyebilirsin	2539	8007
madison	2539	8008
dixon	2539	8009
zihinsel	2539	8010
yüzüstü	2538	8011
ordan	2538	8012
yanıp	2538	8013
geçiyordu	2538	8014
taktik	2538	8015
kanalı	2538	8016
kapatıp	2537	8017
dogru	2537	8018
kapattı	2537	8019
buck	2537	8020
tutarım	2536	8021
soracaktım	2534	8022
zannediyorsun	2533	8023
kalbinde	2533	8024
bazılarını	2533	8025
çıkarmış	2532	8026
dönerken	2532	8027
bakarken	2532	8028
birlikteyiz	2530	8029
neredeydi	2530	8030
sanıyorlar	2529	8031
kapağı	2529	8032
problemin	2528	8033
scotty	2528	8034
çatışma	2527	8035
yolculuklar	2527	8036
ikili	2527	8037
edebileceğini	2526	8038
nefis	2526	8039
kostüm	2526	8040
yoon	2526	8041
atları	2525	8042
cathy	2525	8043
şanslıyız	2525	8044
çiftliği	2524	8045
kıdemli	2524	8046
verilecek	2524	8047
çalışarak	2523	8048
helena	2523	8049
olmalıydım	2523	8050
güvenin	2523	8051
yorucu	2523	8052
bağımlı	2522	8053
rex	2522	8054
blue	2522	8055
bilebilir	2522	8056
ipi	2521	8057
kaderin	2520	8058
vermeliyim	2520	8059
hedefe	2519	8060
muamele	2519	8061
aradan	2519	8062
teklifini	2518	8063
mağara	2518	8064
beysbol	2517	8065
solunum	2517	8066
havai	2516	8067
çorap	2515	8068
dexter	2515	8069
işinize	2515	8070
mahvetti	2514	8071
olayda	2514	8072
çizgiyi	2513	8073
programını	2513	8074
dakikalık	2512	8075
birbirinden	2512	8076
bulabildin	2512	8077
hiçbirimiz	2512	8078
gerizekalı	2512	8079
büyümüş	2511	8080
yürürken	2511	8081
avery	2511	8082
arkadaşınla	2510	8083
inanma	2509	8084
rocky	2509	8085
kasabayı	2509	8086
dersleri	2509	8087
koyma	2508	8088
istemiştin	2508	8089
başlangıcı	2508	8090
bulacağını	2508	8091
konuk	2507	8092
uçup	2507	8093
bernie	2505	8094
sınıfa	2504	8095
ellerimle	2504	8096
ekibin	2504	8097
aptalın	2504	8098
görürse	2503	8099
yarışması	2503	8100
güçsüz	2503	8101
yapmadığını	2503	8102
rakip	2503	8103
getirdiğin	2502	8104
seçeneğin	2502	8105
alınca	2502	8106
çetesi	2501	8107
santim	2501	8108
birde	2500	8109
gibisiniz	2500	8110
kurtarın	2500	8111
komikti	2499	8112
hissetmiyor	2499	8113
yanmış	2499	8114
ağaca	2499	8115
bones	2498	8116
karışıklık	2498	8117
dawn	2497	8118
utanıyorum	2497	8119
yerlerden	2497	8120
duydu	2497	8121
hayatları	2497	8122
fazlasına	2497	8123
başımız	2495	8124
yürüyen	2495	8125
satıcısı	2495	8126
koyalım	2495	8127
departmanı	2495	8128
şahin	2495	8129
ellerimi	2494	8130
başlayan	2494	8131
uğraşıyor	2493	8132
asılı	2492	8133
gelmene	2492	8134
gerektirir	2491	8135
goa	2491	8136
arkadaşlarımla	2491	8137
hall	2491	8138
aileleri	2491	8139
içkiyi	2490	8140
merlin	2489	8141
olursanız	2489	8142
kâğıt	2488	8143
chi	2487	8144
kullanabiliriz	2487	8145
otelin	2487	8146
yağlı	2487	8147
kapana	2486	8148
hatırlamak	2486	8149
gösteririm	2486	8150
uzan	2486	8151
oturur	2486	8152
cerrahi	2485	8153
kendinde	2485	8154
bankası	2484	8155
denise	2484	8156
kafamın	2484	8157
kaçmayı	2484	8158
sorarsan	2484	8159
duyduğunu	2484	8160
orleans	2483	8161
raj	2483	8162
liderlik	2483	8163
batıya	2482	8164
paralı	2482	8165
etkisini	2482	8166
kampa	2482	8167
getirme	2482	8168
burt	2481	8169
peynirli	2481	8170
tanışmıştık	2480	8171
gitmedin	2480	8172
cerrah	2480	8173
inanmam	2480	8174
kalanında	2480	8175
bulman	2480	8176
lenny	2480	8177
işinizi	2480	8178
günkü	2479	8179
açılan	2478	8180
beklediğim	2478	8181
anlayacaksın	2478	8182
yeriz	2477	8183
değiştirdin	2477	8184
sonuncusu	2477	8185
yakalamaya	2477	8186
görsel	2476	8187
teslimat	2476	8188
teresa	2476	8189
hayattan	2476	8190
yerdi	2476	8191
gözlerimin	2475	8192
yapamayacağım	2475	8193
pislikler	2475	8194
kalkıyor	2474	8195
şansınız	2474	8196
bedel	2474	8197
indirim	2474	8198
bahsetme	2473	8199
kurtuldu	2472	8200
katiller	2472	8201
maurice	2472	8202
herşeye	2471	8203
tanıştınız	2471	8204
inanıyoruz	2471	8205
noktasına	2471	8206
dvd	2470	8207
boynunu	2469	8208
derine	2469	8209
müsaadenizle	2469	8210
payı	2469	8211
kısaca	2469	8212
birbirimizin	2469	8213
hisset	2468	8214
seferlik	2468	8215
hoşlanıyorsun	2468	8216
kendisiyle	2467	8217
bırakmalısın	2467	8218
planlar	2467	8219
penis	2466	8220
sandığın	2466	8221
gününe	2465	8222
oğlumuz	2465	8223
koruyacak	2465	8224
illa	2465	8225
odam	2464	8226
numaranı	2464	8227
bakıyoruz	2463	8228
bekliyorsunuz	2463	8229
yeğenim	2462	8230
hoşlandım	2462	8231
biliyordur	2462	8232
deyişle	2462	8233
sıkışıp	2461	8234
gelmişsin	2461	8235
bennett	2461	8236
yapılacağını	2460	8237
aldığımı	2460	8238
değildik	2460	8239
saçımı	2460	8240
yalanlar	2459	8241
parmağı	2458	8242
durmuş	2457	8243
samuel	2456	8244
elbiseyi	2456	8245
gönderiyor	2456	8246
alacaksınız	2456	8247
alternatif	2455	8248
çöl	2455	8249
bölümde	2454	8250
içe	2454	8251
uçakla	2453	8252
doğanın	2452	8253
gözüküyorsun	2452	8254
manyetik	2452	8255
bayılır	2452	8256
hediyem	2452	8257
velet	2451	8258
gerektiğine	2451	8259
çaldığını	2451	8260
çıktılar	2451	8261
yaşıyorlar	2450	8262
eğitimli	2450	8263
finansal	2450	8264
odadaki	2449	8265
değiştirmeye	2449	8266
almayayım	2448	8267
oyunlar	2448	8268
tanıdım	2448	8269
silahım	2448	8270
ödedi	2447	8271
gidemez	2447	8272
olduktan	2447	8273
çalıp	2446	8274
duyuyoruz	2445	8275
saçmalıyorsun	2445	8276
uzayda	2445	8277
binmek	2444	8278
kristal	2444	8279
özelliği	2444	8280
istemiyorlar	2442	8281
paradan	2442	8282
sınavı	2441	8283
ahlaki	2441	8284
dönemde	2441	8285
rahatça	2440	8286
campbell	2440	8287
üssü	2440	8288
lizzie	2439	8289
enfeksiyon	2439	8290
tuvaleti	2439	8291
ifşa	2439	8292
kullanıp	2439	8293
kullanıyorlar	2438	8294
rudy	2438	8295
geçmesi	2437	8296
içmem	2436	8297
anlatsana	2436	8298
oz	2435	8299
merhabalar	2435	8300
ölüler	2435	8301
dosyası	2434	8302
onbaşı	2434	8303
tünel	2434	8304
saçı	2434	8305
frasier	2433	8306
şapşal	2433	8307
gelmedik	2433	8308
hayvanı	2432	8309
has	2432	8310
buddy	2431	8311
azalıyor	2431	8312
kımılda	2431	8313
geleceğimi	2431	8314
çöz	2430	8315
suçlar	2430	8316
doğrusunu	2430	8317
conrad	2430	8318
kasabadan	2429	8319
hans	2429	8320
varlık	2429	8321
joo	2428	8322
çevresinde	2428	8323
kanunu	2427	8324
tanıyan	2427	8325
nicholas	2427	8326
giyen	2427	8327
muhabbet	2427	8328
inci	2427	8329
pay	2426	8330
saatini	2426	8331
başınız	2425	8332
vuracak	2425	8333
gözlerinde	2424	8334
şansımı	2423	8335
aşçı	2423	8336
beklemede	2422	8337
dönebilir	2422	8338
kendiliğinden	2422	8339
örtbas	2422	8340
anla	2422	8341
ölümle	2422	8342
sarıl	2421	8343
sosu	2420	8344
defasında	2420	8345
kapak	2419	8346
cevabım	2419	8347
açısı	2417	8348
akıyor	2417	8349
bilmediğin	2417	8350
düşünelim	2416	8351
sonrasını	2416	8352
kaçtın	2415	8353
elimize	2415	8354
yapmamızı	2415	8355
cody	2414	8356
bıraktılar	2413	8357
buluşmaya	2413	8358
ödüyor	2413	8359
atom	2413	8360
şampiyonu	2412	8361
vardık	2412	8362
sos	2411	8363
girmesine	2411	8364
asit	2411	8365
gözümü	2411	8366
gittiğin	2411	8367
kanseri	2410	8368
çıkmasına	2410	8369
yerdir	2410	8370
ipek	2410	8371
söylesin	2409	8372
konuşuyorsunuz	2408	8373
başlangıçta	2408	8374
sheila	2407	8375
andrea	2407	8376
söyleyelim	2406	8377
tutmuş	2406	8378
chandler	2406	8379
perde	2406	8380
ruhsal	2406	8381
inanıyorsun	2405	8382
komiksin	2405	8383
zekâlı	2405	8384
ayırt	2404	8385
ellerinden	2404	8386
texas	2403	8387
koyar	2403	8388
kanat	2403	8389
gösterebilir	2402	8390
organik	2401	8391
sistemleri	2401	8392
sesimi	2400	8393
peşimden	2400	8394
chang	2400	8395
diyordun	2400	8396
şubat	2400	8397
dinlemeye	2399	8398
öğrenince	2399	8399
tanner	2399	8400
soylu	2399	8401
malum	2396	8402
evans	2396	8403
öldürebilir	2396	8404
zeka	2394	8405
mahkûm	2394	8406
havası	2394	8407
seviyordum	2393	8408
gezegende	2393	8409
makale	2393	8410
tuttun	2393	8411
gemileri	2393	8412
sevmiyorsun	2392	8413
doğdun	2391	8414
alırlar	2390	8415
kimim	2390	8416
öldürmekten	2390	8417
şarj	2390	8418
inkâr	2390	8419
iyileşeceksin	2390	8420
konferans	2389	8421
boru	2389	8422
philadelphia	2389	8423
gelecekteki	2388	8424
vallahi	2387	8425
dolap	2386	8426
kocanın	2385	8427
nazikçe	2385	8428
sorunlu	2385	8429
polisim	2385	8430
dinlemiyorsun	2385	8431
tokat	2383	8432
duyduğu	2382	8433
geldiğinden	2381	8434
bayrak	2380	8435
sınırları	2380	8436
olmayacaktır	2380	8437
girişi	2380	8438
kızgınım	2379	8439
bakıyorsunuz	2378	8440
yapsak	2378	8441
perişan	2378	8442
sherlock	2378	8443
ahlak	2378	8444
sorguya	2377	8445
yaparsınız	2377	8446
havayı	2377	8447
sis	2377	8448
inanmıyorsun	2376	8449
warp	2376	8450
dersem	2376	8451
ilişkileri	2376	8452
sebze	2375	8453
ettikten	2374	8454
kasten	2374	8455
dizlerinin	2374	8456
söyleniyor	2374	8457
lanetli	2373	8458
yıldırım	2373	8459
almıyorsun	2373	8460
mümkünse	2372	8461
gram	2372	8462
final	2372	8463
sinek	2372	8464
teklifim	2372	8465
ilgini	2372	8466
gülüyor	2371	8467
biletleri	2371	8468
bambaşka	2371	8469
görmez	2371	8470
ziyaretçi	2370	8471
dönmesini	2370	8472
ödeyeceksin	2370	8473
yolladım	2370	8474
mario	2369	8475
gelmesine	2369	8476
evlenecek	2369	8477
kalıyoruz	2368	8478
cha	2368	8479
bebeğini	2368	8480
kaçmasına	2368	8481
kazadan	2367	8482
içmeyi	2367	8483
yuvarlak	2366	8484
ölümsüz	2366	8485
bağlantıyı	2365	8486
söyleyeceğin	2365	8487
silaha	2365	8488
bye	2365	8489
kırıklığı	2365	8490
başlarına	2364	8491
aracın	2364	8492
boğazını	2363	8493
gelirsen	2363	8494
gelelim	2363	8495
öldürdüğü	2363	8496
şekerim	2362	8497
sonrada	2362	8498
sahada	2361	8499
etmiştir	2361	8500
saatinde	2361	8501
şakası	2361	8502
ağaçlar	2361	8503
dişleri	2361	8504
sasha	2361	8505
civarı	2360	8506
sandra	2360	8507
büyüyor	2360	8508
günümü	2359	8509
geçirdiğim	2359	8510
buluş	2359	8511
açacağım	2358	8512
chad	2358	8513
polonya	2357	8514
marilyn	2357	8515
danışman	2357	8516
spike	2356	8517
götürdüler	2355	8518
çocuklarına	2355	8519
oynuyorum	2355	8520
facebook	2355	8521
dibe	2355	8522
kampanya	2354	8523
çıkana	2354	8524
beverly	2353	8525
bozukluğu	2353	8526
cennette	2353	8527
toprağa	2353	8528
odun	2352	8529
fu	2352	8530
biber	2352	8531
ağırlık	2351	8532
saygılı	2351	8533
belirtisi	2351	8534
etmekle	2350	8535
ölümüyle	2350	8536
hakkına	2350	8537
kokteyl	2349	8538
etrafındaki	2349	8539
up	2348	8540
enteresan	2348	8541
lena	2348	8542
eser	2348	8543
delta	2348	8544
zararsız	2347	8545
saklıyorsun	2347	8546
çekeceğim	2347	8547
barı	2346	8548
niyetli	2346	8549
gardiyan	2346	8550
oranın	2346	8551
komedi	2346	8552
jefferson	2346	8553
düğüne	2346	8554
karara	2346	8555
olabilirdim	2344	8556
kızgınsın	2344	8557
finch	2344	8558
vera	2343	8559
ter	2342	8560
gösterdim	2342	8561
çiftçi	2341	8562
pekâla	2341	8563
bulamazsın	2341	8564
eyvah	2340	8565
şarkılar	2340	8566
dolapta	2340	8567
adaya	2339	8568
ayırma	2339	8569
paralar	2339	8570
dönemi	2338	8571
vaktini	2338	8572
işsiz	2338	8573
zemin	2337	8574
bingo	2337	8575
moore	2337	8576
siyahi	2336	8577
düşüncesi	2336	8578
art	2336	8579
bekleyecek	2336	8580
günümüzde	2335	8581
ölme	2335	8582
kameralar	2334	8583
görevden	2334	8584
ailesinden	2334	8585
reynolds	2333	8586
filosu	2333	8587
işığı	2332	8588
amigo	2332	8589
kablo	2332	8590
görmesi	2332	8591
kalman	2332	8592
başkalarını	2332	8593
içimi	2332	8594
arkadaşlarıyla	2331	8595
tanıdığını	2331	8596
hissediyordum	2331	8597
atlayıp	2330	8598
tutku	2330	8599
parkı	2329	8600
bıraktığın	2329	8601
çağırayım	2327	8602
diyemem	2327	8603
hugo	2327	8604
web	2327	8605
ilkel	2327	8606
bakıyordu	2326	8607
kaz	2325	8608
kurdum	2325	8609
cliff	2325	8610
amelia	2325	8611
grayson	2325	8612
götüreceğiz	2325	8613
kargaşa	2324	8614
ticari	2324	8615
evlendim	2323	8616
müydü	2323	8617
thompson	2323	8618
vurup	2323	8619
listesinde	2323	8620
çocuktan	2323	8621
yukarıdan	2323	8622
nişancı	2323	8623
fikirler	2323	8624
öpmek	2322	8625
kast	2322	8626
sosisli	2321	8627
fasulye	2321	8628
kibirli	2321	8629
ideal	2321	8630
köşe	2320	8631
yaygın	2320	8632
denedik	2320	8633
madalya	2320	8634
duygusu	2320	8635
yıldızları	2320	8636
foster	2319	8637
jessie	2319	8638
çektiği	2319	8639
müşteriler	2319	8640
yaşlarında	2318	8641
erin	2318	8642
öl	2317	8643
sözleşme	2316	8644
güvenebilirsin	2316	8645
terslik	2315	8646
öldürmedi	2315	8647
kapatma	2313	8648
dokunmak	2313	8649
sakız	2313	8650
kısmında	2313	8651
çıkacağını	2313	8652
koridorun	2312	8653
sığır	2312	8654
güvenliğini	2312	8655
hastings	2312	8656
soluk	2312	8657
binası	2312	8658
daim	2312	8659
çağırdın	2312	8660
detaylı	2312	8661
kilidi	2311	8662
değerinde	2311	8663
olmadın	2311	8664
geceydi	2310	8665
gidersem	2310	8666
böyleydi	2309	8667
bölgedeki	2309	8668
ülkedeki	2309	8669
sahile	2308	8670
dansçı	2308	8671
sırlarını	2308	8672
yanık	2307	8673
öldürmeden	2307	8674
yiyin	2307	8675
june	2307	8676
emirler	2307	8677
yalnızlık	2307	8678
ettiğine	2306	8679
gavin	2306	8680
aaa	2306	8681
kane	2305	8682
çocuklarımı	2305	8683
görüntüler	2304	8684
uzaya	2304	8685
yil	2304	8686
aramda	2304	8687
dediğimde	2303	8688
denerim	2303	8689
sebebim	2303	8690
kırdın	2303	8691
yarısına	2302	8692
türk	2302	8693
acemi	2302	8694
ağzıma	2302	8695
gerekiyormuş	2302	8696
elimdeki	2302	8697
bekleyemem	2302	8698
düzenleme	2301	8699
çantada	2301	8700
kilisenin	2301	8701
jet	2301	8702
kaçar	2301	8703
geçireceğim	2301	8704
kaybediyoruz	2300	8705
arizona	2300	8706
by	2299	8707
isterdin	2298	8708
halledebilirim	2298	8709
lola	2298	8710
çılgına	2298	8711
gizlilik	2298	8712
deb	2297	8713
tutuklandı	2297	8714
kalbimin	2297	8715
kesme	2297	8716
çalıştığımı	2297	8717
wally	2297	8718
içkiye	2297	8719
ettikleri	2296	8720
yiyorum	2296	8721
laurel	2296	8722
sovyet	2295	8723
hikâyesi	2295	8724
başlattı	2295	8725
dersini	2295	8726
edene	2295	8727
kocasını	2293	8728
britanya	2293	8729
bariz	2292	8730
hareketleri	2292	8731
little	2290	8732
isteğim	2290	8733
öldürürler	2290	8734
kocanızın	2289	8735
söyleyeceğini	2289	8736
makarna	2289	8737
ihmal	2288	8738
çene	2288	8739
içiyorum	2286	8740
biten	2285	8741
komutanı	2285	8742
lazer	2285	8743
arkadaşlarımı	2285	8744
cleveland	2285	8745
geçirecek	2284	8746
uyuyamıyorum	2284	8747
kolum	2284	8748
şövalye	2284	8749
yönelik	2284	8750
olamıyorum	2284	8751
yakmak	2284	8752
efsanevi	2284	8753
soda	2283	8754
karınız	2283	8755
başkanlık	2282	8756
evleri	2281	8757
görene	2281	8758
kıl	2280	8759
hoşlanmadım	2280	8760
duymuyor	2280	8761
kalmıştım	2280	8762
duvarın	2280	8763
politika	2280	8764
bulduğun	2280	8765
stevie	2279	8766
emrini	2279	8767
arabama	2279	8768
televizyonu	2279	8769
ofisimde	2279	8770
nadiren	2278	8771
gerzek	2278	8772
sözlerini	2278	8773
parmaklarını	2276	8774
yapmazsan	2276	8775
söyleyince	2276	8776
aramadın	2276	8777
sekreter	2276	8778
meşguldüm	2275	8779
dergi	2275	8780
isveç	2275	8781
ustası	2273	8782
haklarını	2273	8783
kâr	2272	8784
insanla	2272	8785
uyudun	2271	8786
denebilir	2271	8787
tartışmaya	2271	8788
vücudunun	2270	8789
doku	2269	8790
kameraları	2269	8791
öğreneceğim	2269	8792
kaybediyor	2269	8793
baktığını	2269	8794
olacağından	2268	8795
gelebilirim	2268	8796
ediyordun	2268	8797
planlıyorsun	2267	8798
verirsem	2267	8799
chan	2267	8800
çorbası	2266	8801
yapabilirdim	2266	8802
harcıyorsun	2266	8803
bodrum	2266	8804
tanıyoruz	2264	8805
blöf	2264	8806
köpeğim	2264	8807
otobüsü	2263	8808
ilgim	2263	8809
bölgesine	2263	8810
gökyüzüne	2263	8811
haftalar	2262	8812
naziksiniz	2262	8813
eun	2262	8814
vurmaya	2262	8815
kızma	2262	8816
programa	2261	8817
mıydım	2261	8818
miymiş	2261	8819
sanma	2261	8820
geberteceğim	2261	8821
hikâyeyi	2261	8822
ilaçlarını	2261	8823
hayvanların	2260	8824
olasılıkla	2260	8825
testler	2259	8826
ediyorduk	2259	8827
dayanıklı	2258	8828
gittiğimi	2258	8829
data	2258	8830
zekisin	2258	8831
çocuğumuz	2256	8832
kutunun	2256	8833
almadı	2255	8834
yükseliyor	2255	8835
desene	2255	8836
hokey	2255	8837
söylediklerine	2255	8838
kıskanç	2255	8839
olamayız	2254	8840
zorundalar	2254	8841
olamayacak	2254	8842
schmidt	2253	8843
aracılığıyla	2252	8844
yönetimi	2252	8845
katılacak	2252	8846
düşünürüm	2251	8847
atladı	2251	8848
zorunlu	2250	8849
saklanıyor	2250	8850
kaptanı	2250	8851
yüzyıl	2249	8852
cevapları	2249	8853
nine	2249	8854
aşka	2249	8855
sonucunda	2249	8856
broadway	2248	8857
büyükelçi	2248	8858
ablam	2248	8859
konsey	2248	8860
olasılığı	2248	8861
karısına	2248	8862
rolünü	2248	8863
aldığında	2246	8864
brody	2246	8865
aksini	2244	8866
defolup	2243	8867
ayrılıyorum	2243	8868
şeymiş	2243	8869
istemişimdir	2243	8870
düşüncelerini	2243	8871
birbirimizden	2243	8872
istek	2243	8873
iris	2242	8874
gürültülü	2242	8875
görkemli	2242	8876
imzala	2242	8877
sopa	2241	8878
arnold	2241	8879
yaptıysa	2241	8880
pantolonunu	2241	8881
arkadaşımdı	2241	8882
eldiven	2241	8883
mektupları	2240	8884
verecekler	2240	8885
laboratuvar	2239	8886
içerim	2239	8887
dediğiniz	2239	8888
karıştırma	2239	8889
söylenemez	2239	8890
açıyorum	2238	8891
bruno	2238	8892
seyirci	2238	8893
çıldırmış	2238	8894
ayık	2238	8895
almıyorum	2238	8896
gözetleme	2237	8897
ayında	2237	8898
kelebek	2237	8899
geliriz	2236	8900
bildiklerini	2236	8901
kansas	2236	8902
davrandın	2236	8903
yapmıştık	2236	8904
yardim	2236	8905
kişileri	2235	8906
ninja	2235	8907
sunmak	2235	8908
yapıyorduk	2235	8909
habersiz	2235	8910
jon	2234	8911
şarkıcı	2234	8912
tilki	2234	8913
geçeceğiz	2234	8914
seçmek	2233	8915
savaşmaya	2233	8916
naziksin	2232	8917
kaplumbağa	2232	8918
ucundan	2231	8919
geliyorsunuz	2230	8920
kurtaran	2230	8921
stephanie	2230	8922
yazısı	2229	8923
harikaydın	2229	8924
verirse	2229	8925
yapabileceği	2229	8926
oyuncular	2229	8927
nasıldır	2229	8928
edilmek	2228	8929
kattaki	2228	8930
çalışalım	2227	8931
utangaç	2227	8932
değişecek	2227	8933
açlık	2227	8934
acelem	2226	8935
etmiyoruz	2226	8936
with	2226	8937
saul	2225	8938
mazeret	2225	8939
şifreyi	2225	8940
murray	2224	8941
kömür	2224	8942
ışığında	2224	8943
pozisyon	2224	8944
getirdiler	2224	8945
gösterdin	2223	8946
olmalıdır	2223	8947
havaalanı	2222	8948
öğreneceğiz	2222	8949
kültür	2221	8950
suikast	2221	8951
yaptığında	2221	8952
yarasa	2220	8953
sırları	2220	8954
ilgilenir	2220	8955
donnie	2219	8956
haberiniz	2219	8957
oynuyoruz	2219	8958
haydut	2219	8959
gözyaşı	2219	8960
planlıyor	2219	8961
dakikadan	2219	8962
öğreneceksin	2219	8963
melekler	2218	8964
sayısız	2218	8965
kaos	2218	8966
telgraf	2218	8967
kaldıralım	2216	8968
gerçeğe	2216	8969
suçlamıyorum	2216	8970
tecavüze	2215	8971
böldüğüm	2215	8972
yerimiz	2215	8973
ejder	2214	8974
bahsetmedi	2214	8975
ardına	2214	8976
yazarım	2214	8977
sinsi	2214	8978
olmayacaktı	2213	8979
takılıp	2213	8980
inanılmazdı	2213	8981
cinayetle	2212	8982
cehennemin	2212	8983
yöneticisi	2212	8984
yoluma	2212	8985
balina	2212	8986
yolundan	2212	8987
işliyor	2212	8988
belgeler	2212	8989
tanya	2212	8990
gücünün	2211	8991
dinlemiyor	2210	8992
getirdiniz	2210	8993
köye	2210	8994
dengesiz	2210	8995
gıda	2209	8996
yazarı	2209	8997
ella	2209	8998
boşaltın	2208	8999
halledeceğiz	2208	9000
kalırsam	2207	9001
gönderdin	2207	9002
mahalle	2206	9003
fabrika	2206	9004
hatalar	2206	9005
reggie	2206	9006
fırsatım	2205	9007
zamandı	2205	9008
soracak	2205	9009
oynadı	2204	9010
geçirdiğini	2203	9011
acıtıyor	2203	9012
hazretleri	2203	9013
partinin	2202	9014
unutun	2202	9015
farketmez	2202	9016
çalışıyordun	2202	9017
kin	2202	9018
gray	2202	9019
kabalık	2201	9020
kung	2201	9021
battaniye	2201	9022
ağ	2200	9023
bakışı	2200	9024
beckett	2200	9025
yaklaşan	2199	9026
kalmıştık	2199	9027
numaramı	2199	9028
wells	2198	9029
göbek	2198	9030
sattı	2198	9031
silver	2198	9032
toplamaya	2198	9033
this	2198	9034
basına	2197	9035
görülen	2197	9036
geciktin	2195	9037
masasında	2195	9038
oynadın	2195	9039
güzelliği	2195	9040
amir	2195	9041
yapı	2194	9042
öde	2194	9043
belle	2194	9044
alırsan	2193	9045
çocuklarımız	2193	9046
öldürülen	2193	9047
kadındı	2193	9048
kurbanlar	2192	9049
dövüşmek	2191	9050
uyandığımda	2190	9051
koltukta	2190	9052
annemden	2190	9053
harap	2190	9054
meksikalı	2190	9055
iyiliğin	2190	9056
girmem	2190	9057
videoyu	2190	9058
ismimi	2190	9059
şarkıları	2189	9060
ifadesi	2189	9061
çevirdi	2189	9062
tarafın	2189	9063
tanıştırmak	2189	9064
başlayınca	2188	9065
ila	2188	9066
gittiğimiz	2188	9067
basitçe	2188	9068
bang	2188	9069
dönmeyi	2188	9070
bulundum	2188	9071
izledin	2187	9072
deliye	2186	9073
gireceğiz	2186	9074
dijital	2186	9075
gibiydim	2186	9076
mahvetmek	2186	9077
isteyerek	2186	9078
tepeden	2185	9079
f	2185	9080
ilerleyin	2185	9081
çayı	2184	9082
yahudiler	2184	9083
seveceğim	2184	9084
pedro	2184	9085
anlayacak	2184	9086
endişelenmene	2184	9087
açtın	2183	9088
oturabilir	2183	9089
claudia	2183	9090
süreci	2182	9091
balon	2182	9092
latin	2181	9093
korktuğunu	2181	9094
konuşmalısın	2180	9095
zevkle	2180	9096
raporunu	2179	9097
görmeni	2179	9098
şurası	2178	9099
durduk	2178	9100
dokundu	2178	9101
temize	2177	9102
kaçıran	2177	9103
olmasaydın	2176	9104
görürüz	2176	9105
hücum	2175	9106
kullanacak	2175	9107
söyledik	2175	9108
bond	2174	9109
pasifik	2174	9110
ruhumu	2174	9111
çıkmamız	2174	9112
isteyip	2173	9113
konuşmadan	2173	9114
dediklerimi	2173	9115
efendisi	2173	9116
ebeveyn	2173	9117
yeteneğin	2173	9118
peyton	2172	9119
ailenle	2171	9120
avı	2171	9121
iran	2171	9122
miss	2170	9123
tümüyle	2170	9124
rodney	2170	9125
olasıca	2170	9126
öldürüldüğünü	2169	9127
götürüyorsun	2169	9128
cm	2168	9129
yatma	2168	9130
cheryl	2168	9131
üzerimize	2168	9132
sahibiz	2168	9133
duymamıştım	2168	9134
yaraları	2167	9135
girmeyi	2167	9136
köşesinde	2167	9137
işıkları	2167	9138
korkacak	2167	9139
muhabir	2165	9140
leziz	2165	9141
kendisinden	2165	9142
fikirdi	2164	9143
dağınık	2164	9144
soyadı	2164	9145
sandalyeye	2163	9146
görmeliyim	2163	9147
protesto	2163	9148
phillip	2163	9149
çalışman	2162	9150
uçmak	2162	9151
biliyormuş	2162	9152
yaptığından	2161	9153
gökyüzünde	2161	9154
gitmiştir	2161	9155
kolumu	2161	9156
wes	2160	9157
ash	2160	9158
listesine	2160	9159
gördüğüne	2159	9160
anahtarlarını	2159	9161
sorumluluğunu	2159	9162
laurie	2158	9163
striptiz	2158	9164
olmanızı	2158	9165
konuşmamı	2158	9166
düşürdü	2157	9167
isteyebilir	2157	9168
parçayı	2157	9169
halletmek	2157	9170
şirkete	2157	9171
üzüm	2156	9172
hissetmeye	2155	9173
çıkarıyorum	2155	9174
kazık	2155	9175
kullanabilirsin	2155	9176
bilmediğini	2154	9177
biriymiş	2154	9178
atılgan	2154	9179
kolye	2154	9180
se	2154	9181
bebeğimi	2153	9182
köyde	2153	9183
tablo	2152	9184
düşündünüz	2152	9185
istemediğim	2152	9186
kaynakları	2151	9187
nerelisin	2151	9188
bulursan	2151	9189
başkanım	2151	9190
resimlerini	2151	9191
deriz	2150	9192
istermisin	2150	9193
istediğimizi	2150	9194
val	2149	9195
kalmasına	2149	9196
hakkınızda	2148	9197
eleanor	2148	9198
limon	2148	9199
yakıp	2148	9200
söylediğiniz	2147	9201
vaat	2147	9202
koşu	2146	9203
baron	2146	9204
tutuklusun	2145	9205
bilmediğimi	2145	9206
salonda	2145	9207
gidemeyiz	2145	9208
yarattığı	2145	9209
şarkısını	2145	9210
edildim	2145	9211
içindeyim	2144	9212
sorgulama	2144	9213
harcamak	2144	9214
marvin	2144	9215
dakikadır	2144	9216
gerilim	2144	9217
dönmeliyiz	2143	9218
inanırım	2143	9219
takıldı	2143	9220
erkeğim	2142	9221
cümle	2142	9222
bişeyler	2142	9223
kimde	2142	9224
hatamdı	2142	9225
girerken	2142	9226
bilgim	2142	9227
sophia	2142	9228
uyuyamadım	2142	9229
hevesli	2141	9230
geçirip	2141	9231
wu	2141	9232
karma	2141	9233
itfaiye	2141	9234
ingilizler	2140	9235
açıklayayım	2140	9236
glenn	2140	9237
pahalıya	2140	9238
sürmeyecek	2139	9239
kopyası	2139	9240
yapmıştır	2139	9241
üzereydi	2138	9242
disiplin	2138	9243
yaralar	2138	9244
bulmalısın	2138	9245
sidney	2137	9246
gruba	2135	9247
etmenizi	2135	9248
seveceksin	2134	9249
sırayla	2133	9250
turu	2133	9251
shirley	2133	9252
haftalardır	2133	9253
eşyalar	2133	9254
sahneyi	2132	9255
karına	2132	9256
olanın	2132	9257
baktık	2132	9258
tutmayı	2132	9259
bölgenin	2132	9260
restoranda	2131	9261
denemelisin	2131	9262
olsaydık	2131	9263
istediğinden	2131	9264
sevinirim	2131	9265
yardımıyla	2131	9266
shakespeare	2130	9267
olabilmek	2130	9268
değiştirmez	2130	9269
bilmediği	2130	9270
kaçacak	2129	9271
köpekbalığı	2129	9272
island	2128	9273
bizimki	2128	9274
duyarlı	2128	9275
programına	2128	9276
gözükmüyor	2128	9277
kullanacağız	2128	9278
emirdir	2127	9279
çalışmaktan	2127	9280
dursun	2127	9281
tutabilir	2127	9282
kalacağını	2126	9283
yim	2126	9284
bilmenizi	2126	9285
bulursak	2125	9286
amatör	2125	9287
toplanın	2125	9288
düştün	2125	9289
müvekkilim	2124	9290
katıldı	2124	9291
reddedildi	2124	9292
anlatma	2124	9293
yaşayacağım	2123	9294
bırakacaksın	2123	9295
alışık	2123	9296
kravat	2123	9297
olasılık	2123	9298
sunuyorum	2122	9299
eziyet	2122	9300
işlemi	2122	9301
organ	2121	9302
sistemin	2121	9303
austin	2120	9304
kurnaz	2120	9305
klinik	2120	9306
gitmeli	2120	9307
sıkıyor	2120	9308
düşeni	2120	9309
günlerden	2120	9310
duyduğun	2120	9311
anlaşılıyor	2119	9312
öleceğini	2119	9313
programın	2119	9314
kutuda	2119	9315
kayak	2119	9316
olabiliyorsun	2119	9317
görürüm	2119	9318
şirketinin	2119	9319
hayaletler	2119	9320
bilge	2118	9321
gömülü	2118	9322
vücudunda	2118	9323
yanlışlık	2118	9324
almanın	2118	9325
kaldılar	2118	9326
ediyormuş	2118	9327
hizmeti	2117	9328
önlemek	2117	9329
marc	2117	9330
kırdım	2117	9331
vaz	2116	9332
canavarlar	2116	9333
aldıktan	2115	9334
süreç	2115	9335
sisteme	2115	9336
gönderildi	2115	9337
mahsuru	2114	9338
kanaması	2114	9339
düşünmeni	2114	9340
gönderdiler	2113	9341
bağlantıları	2113	9342
bez	2112	9343
maddi	2111	9344
tarafsız	2111	9345
isabel	2111	9346
yerdeki	2111	9347
yaptıkların	2110	9348
kutup	2110	9349
döneriz	2110	9350
ohio	2109	9351
karaya	2109	9352
ilişkim	2109	9353
emlak	2109	9354
ruhları	2108	9355
gidersek	2107	9356
söyleyebileceğim	2107	9357
çıkarız	2107	9358
gerçeklik	2106	9359
onla	2106	9360
düzene	2106	9361
toplantıda	2105	9362
hiçkimse	2104	9363
aşama	2104	9364
vakası	2104	9365
verimli	2104	9366
tir	2103	9367
vicdan	2103	9368
olurduk	2103	9369
şoförü	2103	9370
arabasının	2102	9371
yüzeye	2101	9372
oynadım	2101	9373
işimin	2101	9374
odur	2100	9375
arkadaşlarınla	2100	9376
ahlaksız	2099	9377
sular	2099	9378
bulaşmış	2099	9379
kumanda	2098	9380
karakola	2098	9381
performans	2098	9382
masayı	2098	9383
ooo	2098	9384
arkasını	2097	9385
yudum	2097	9386
gideceğimi	2097	9387
gelmemiş	2096	9388
deliğe	2096	9389
hüzünlü	2096	9390
inceledim	2096	9391
ilişkiyi	2096	9392
büro	2096	9393
yangını	2095	9394
kulesi	2095	9395
yıla	2095	9396
luis	2095	9397
korkutuyorsun	2095	9398
çevirmek	2095	9399
söylentiler	2094	9400
sorgu	2094	9401
olduğumuza	2094	9402
almasına	2093	9403
denli	2093	9404
camı	2093	9405
yemini	2093	9406
suçlular	2092	9407
yıllarda	2092	9408
calvin	2091	9409
anladığını	2091	9410
hayatımdan	2091	9411
tişört	2091	9412
yapacaktım	2091	9413
paramızı	2091	9414
harikulade	2091	9415
lin	2091	9416
çapraz	2090	9417
güçler	2090	9418
etmemiş	2090	9419
dal	2090	9420
hayatımdaki	2088	9421
leş	2088	9422
taç	2088	9423
aids	2087	9424
çalıştığımız	2087	9425
köylü	2086	9426
gabe	2086	9427
otto	2086	9428
birileriyle	2086	9429
düşünmen	2086	9430
süreli	2085	9431
mercedes	2085	9432
ilgilendirmiyor	2085	9433
satılık	2085	9434
eşini	2084	9435
seviyordu	2084	9436
dairesinde	2084	9437
sadakat	2084	9438
denizi	2084	9439
değiştiren	2083	9440
festivali	2083	9441
tekiydi	2083	9442
geçiyordum	2083	9443
ti	2083	9444
doğuya	2082	9445
kazasında	2082	9446
çıkarıyorsun	2081	9447
şafak	2081	9448
spock	2081	9449
göçmen	2080	9450
kitapta	2080	9451
denizin	2080	9452
zihin	2080	9453
gibisi	2079	9454
sığınak	2079	9455
birgün	2079	9456
işıklar	2079	9457
hayranı	2079	9458
kısmen	2078	9459
clarke	2078	9460
zevkli	2078	9461
değişimi	2077	9462
sarayı	2077	9463
vuruyor	2077	9464
varlığı	2077	9465
summer	2077	9466
yapmayacaksın	2077	9467
düşünmeyi	2077	9468
kalırsan	2076	9469
durmuyor	2076	9470
ülkeden	2076	9471
bedenini	2076	9472
içimdeki	2076	9473
çıkardık	2075	9474
kare	2075	9475
kısmına	2075	9476
tanı	2075	9477
lere	2075	9478
belirgin	2075	9479
köstebek	2074	9480
bittikten	2074	9481
kaybedersin	2074	9482
tarama	2074	9483
öncelikli	2074	9484
ateşle	2074	9485
tutuklu	2074	9486
del	2074	9487
kafatası	2073	9488
kilitle	2073	9489
geçebilir	2073	9490
hediyeler	2073	9491
pakistan	2073	9492
aradığı	2071	9493
kanıyor	2071	9494
davranmayı	2071	9495
uğraştım	2071	9496
alışkanlık	2071	9497
kokuyu	2070	9498
lynn	2070	9499
götürmeye	2070	9500
emindim	2070	9501
aynaya	2070	9502
brady	2070	9503
konuşmuyorsun	2070	9504
yaşadın	2069	9505
neşe	2069	9506
hatırlamaya	2069	9507
binadan	2069	9508
tuzlu	2068	9509
toplumun	2068	9510
khan	2068	9511
çıkartmak	2068	9512
olmuyorsun	2068	9513
olmamın	2067	9514
sıran	2066	9515
gelmiyorum	2066	9516
modeli	2066	9517
hastasın	2066	9518
bitirdi	2066	9519
hastayı	2066	9520
göremezsin	2065	9521
azgın	2065	9522
sandık	2065	9523
kukla	2064	9524
olmasaydım	2064	9525
bıçakla	2064	9526
beceriksiz	2064	9527
çıkartın	2064	9528
bacakları	2063	9529
herşeyden	2063	9530
çalmayı	2063	9531
argo	2063	9532
hoşlanır	2063	9533
silahımı	2062	9534
kala	2062	9535
vermemiz	2062	9536
alamayız	2062	9537
ellis	2062	9538
haç	2062	9539
ettiklerini	2062	9540
çalışıyorduk	2061	9541
moral	2060	9542
alacaklar	2059	9543
domates	2059	9544
gençsin	2059	9545
konuşabilirsin	2059	9546
sperm	2059	9547
roll	2059	9548
time	2058	9549
tanışmış	2058	9550
yüzünün	2058	9551
alkış	2058	9552
turuncu	2058	9553
çekmiyor	2057	9554
geçireceğiz	2057	9555
atlantis	2057	9556
değiştirebilir	2057	9557
fisher	2057	9558
evliyim	2057	9559
suyunu	2057	9560
aradık	2056	9561
kullanırım	2056	9562
cynthia	2056	9563
kestim	2056	9564
yaparsanız	2055	9565
plak	2055	9566
kuzu	2055	9567
açılmış	2054	9568
değişmedi	2054	9569
partisinde	2054	9570
yazdığını	2054	9571
bakabilirim	2053	9572
kazanma	2053	9573
bıraktığım	2053	9574
şişeyi	2053	9575
günlerini	2053	9576
katılıyor	2053	9577
karşın	2052	9578
oyundan	2052	9579
verirken	2052	9580
gemiden	2052	9581
buluşacağım	2052	9582
yapmazdım	2052	9583
hayırlı	2052	9584
mantık	2051	9585
grip	2051	9586
south	2051	9587
bum	2051	9588
bizimkiler	2051	9589
dayım	2050	9590
parasız	2050	9591
mutluluğu	2050	9592
geçirmez	2050	9593
kutuya	2050	9594
dururken	2050	9595
bebekleri	2049	9596
anlatıyorsun	2049	9597
alıntı	2049	9598
alırsınız	2049	9599
mektuplar	2048	9600
izleyen	2048	9601
babanızın	2048	9602
değiştiriyor	2047	9603
verdiğimi	2047	9604
tekiyim	2047	9605
antika	2046	9606
dramatik	2046	9607
singh	2045	9608
pop	2044	9609
kimya	2044	9610
hazırlanıyor	2044	9611
sung	2044	9612
sonun	2044	9613
yaralanmış	2044	9614
üretim	2043	9615
bush	2043	9616
çalışmaları	2043	9617
muhteşemdi	2043	9618
arkamı	2043	9619
öldüreceğini	2043	9620
giyiyorsun	2042	9621
kalacaksınız	2042	9622
yazmayı	2042	9623
kullanmam	2042	9624
harikalar	2041	9625
güvenini	2041	9626
ucuna	2041	9627
özlüyor	2041	9628
anlarsınız	2041	9629
yollardan	2041	9630
teorisi	2041	9631
giysi	2041	9632
dokunmayın	2041	9633
istasyon	2041	9634
alışılmadık	2040	9635
yapsam	2040	9636
central	2040	9637
aramadı	2040	9638
havadan	2040	9639
belgesi	2039	9640
hatayı	2039	9641
yemem	2039	9642
bastı	2038	9643
sorarım	2038	9644
shepherd	2038	9645
ilet	2038	9646
zorladı	2038	9647
pişmiş	2038	9648
bulayım	2038	9649
verdikleri	2038	9650
adamlarından	2038	9651
karısıyla	2037	9652
çölde	2037	9653
süpermen	2037	9654
hastam	2037	9655
etmekte	2037	9656
demiştiniz	2037	9657
vermekten	2037	9658
trende	2036	9659
tarihin	2036	9660
ikisine	2036	9661
birleşmiş	2035	9662
cihaz	2035	9663
gözlerime	2035	9664
başlayabiliriz	2035	9665
yetkililer	2035	9666
sterlin	2034	9667
yattı	2034	9668
etkileri	2034	9669
kalanları	2034	9670
ward	2034	9671
bağırma	2033	9672
jared	2033	9673
becca	2033	9674
cat	2033	9675
karakteri	2032	9676
damar	2032	9677
soran	2031	9678
kapatır	2031	9679
ağaçların	2031	9680
etkiliyor	2031	9681
çekelim	2031	9682
oral	2031	9683
kalamaz	2031	9684
takmış	2031	9685
kararları	2030	9686
hazırlamak	2029	9687
regina	2029	9688
edemezsiniz	2029	9689
joshua	2028	9690
ilgilenecek	2028	9691
sakladım	2028	9692
bam	2028	9693
karnım	2028	9694
düşünürsün	2028	9695
parka	2028	9696
kafasının	2027	9697
irtibata	2026	9698
sıska	2026	9699
geçiren	2026	9700
seviyorlar	2026	9701
derisi	2025	9702
kolaydır	2025	9703
acıdı	2025	9704
enjekte	2025	9705
odanda	2025	9706
ölçüde	2025	9707
kızımla	2024	9708
adamlarının	2024	9709
devletin	2023	9710
aşkını	2023	9711
apaçık	2023	9712
kaçtığını	2023	9713
hudson	2023	9714
çıkaracağız	2022	9715
böcekler	2022	9716
yersin	2022	9717
müsade	2022	9718
uçuyor	2022	9719
sa	2021	9720
çıkardınız	2021	9721
yenisini	2021	9722
tozu	2020	9723
çürük	2020	9724
ortağın	2020	9725
sigortası	2020	9726
bilmeniz	2020	9727
bayanın	2020	9728
barmen	2019	9729
sebebiyle	2019	9730
grand	2019	9731
casusluk	2019	9732
lafını	2019	9733
hastayım	2019	9734
yakıyor	2019	9735
binip	2019	9736
kavgaya	2018	9737
ekibini	2018	9738
arayalım	2018	9739
ilgilendirir	2018	9740
cinayetler	2017	9741
dedem	2017	9742
toprağı	2017	9743
tüh	2017	9744
yelken	2017	9745
ikinizde	2017	9746
valerie	2016	9747
gidene	2016	9748
önündeki	2016	9749
çak	2015	9750
uzaylılar	2015	9751
öpücüğü	2014	9752
kimseden	2014	9753
agnes	2014	9754
caddenin	2014	9755
ceketini	2014	9756
tümör	2013	9757
kullanılır	2013	9758
ormanı	2013	9759
yapmamış	2013	9760
muhtaç	2013	9761
tanıdığı	2013	9762
yönü	2012	9763
beklediğini	2012	9764
hakkınız	2012	9765
am	2011	9766
dağın	2011	9767
birbirleriyle	2011	9768
ayni	2011	9769
taburcu	2011	9770
çekebilir	2010	9771
ağı	2010	9772
öldürdünüz	2010	9773
kasayı	2010	9774
zamanların	2010	9775
taşınmak	2009	9776
beraberiz	2009	9777
değişikliği	2009	9778
askere	2009	9779
ad	2009	9780
özledin	2008	9781
kanepede	2008	9782
görüşebilir	2008	9783
sanmıyordum	2008	9784
okur	2008	9785
derinden	2008	9786
bacağı	2008	9787
ettiğinizi	2008	9788
fidye	2007	9789
tost	2007	9790
sahtekar	2007	9791
davranışları	2007	9792
değişiklikler	2007	9793
alırsak	2006	9794
cyrus	2006	9795
yenmek	2006	9796
olmamızı	2006	9797
poz	2006	9798
gönderdiği	2006	9799
haklıymış	2005	9800
büyüsü	2005	9801
geçenlerde	2005	9802
yaşandı	2004	9803
çatıya	2004	9804
inmek	2004	9805
konudan	2003	9806
nakli	2003	9807
ötesi	2003	9808
gideceksiniz	2003	9809
litre	2002	9810
nü	2002	9811
anlık	2002	9812
halleder	2002	9813
birimler	2002	9814
kalırız	2001	9815
yarından	2000	9816
bekliyorduk	2000	9817
balıklar	2000	9818
sirk	2000	9819
söyleyene	1999	9820
mahrum	1999	9821
karşımda	1999	9822
olacakmış	1999	9823
çalışanlar	1999	9824
ordunun	1998	9825
albüm	1998	9826
kaçıyorsun	1998	9827
avukatın	1998	9828
ajanlar	1998	9829
tatili	1998	9830
ayrılıp	1998	9831
dergisi	1997	9832
liseden	1997	9833
trajedi	1997	9834
sulu	1997	9835
varmak	1996	9836
yoga	1996	9837
öldürücü	1996	9838
uzmanlık	1996	9839
gözaltına	1995	9840
kütüphane	1995	9841
dakikamız	1995	9842
bebeğimiz	1995	9843
suçları	1994	9844
hadisene	1994	9845
dönüyorsun	1994	9846
duruyorlar	1994	9847
giyip	1994	9848
kathy	1993	9849
ceo	1993	9850
bırakamayız	1993	9851
yıldızların	1993	9852
çantasını	1992	9853
küstah	1992	9854
değişen	1992	9855
kazanacağım	1991	9856
hayaller	1991	9857
yaşayıp	1991	9858
toplar	1991	9859
öldürmesi	1990	9860
hatırlatmak	1990	9861
konuşarak	1989	9862
değiş	1989	9863
değilmi	1989	9864
jedi	1988	9865
kurbanların	1988	9866
açıklayabilir	1987	9867
onlarca	1987	9868
sivri	1987	9869
halkının	1987	9870
kediler	1987	9871
kemikleri	1986	9872
şundan	1986	9873
sadede	1986	9874
olanlarla	1986	9875
olurken	1986	9876
jasper	1985	9877
torbası	1985	9878
yapım	1985	9879
getirebilirim	1985	9880
satıcı	1985	9881
uyandı	1984	9882
neyiniz	1984	9883
cesaretin	1984	9884
bazılarının	1984	9885
uçtu	1983	9886
stevens	1983	9887
kulüpte	1983	9888
başlarda	1983	9889
üstümü	1982	9890
ettirmek	1982	9891
yardımınıza	1982	9892
yiyecekler	1981	9893
shelby	1981	9894
hasarı	1980	9895
woody	1980	9896
vücuduna	1979	9897
claude	1979	9898
seul	1979	9899
burns	1978	9900
duvarlar	1978	9901
hazırlar	1978	9902
rich	1978	9903
ayrıntıları	1978	9904
liman	1978	9905
dışişleri	1978	9906
yastık	1977	9907
deprem	1977	9908
şeklini	1977	9909
mastürbasyon	1977	9910
shelly	1977	9911
yaşıyorsunuz	1977	9912
ailemiz	1977	9913
götürmeliyiz	1976	9914
puşt	1976	9915
çıkacaksın	1976	9916
ispat	1976	9917
ironik	1976	9918
etmişsin	1975	9919
istemediği	1975	9920
davetsiz	1974	9921
alabilmek	1974	9922
irlandalı	1974	9923
christina	1974	9924
gözlerimle	1974	9925
evlen	1974	9926
sensei	1974	9927
olmalıydın	1973	9928
yinede	1973	9929
yengeç	1973	9930
mahsur	1973	9931
kısacası	1972	9932
tamamiyle	1972	9933
ölüp	1972	9934
zararlı	1972	9935
kendinle	1972	9936
ağlıyorsun	1971	9937
samuray	1971	9938
dokun	1971	9939
öldüğünden	1970	9940
elinizi	1970	9941
uymuyor	1970	9942
hoşunuza	1970	9943
alsam	1969	9944
getireceğiz	1969	9945
iznim	1969	9946
ikimize	1969	9947
dosyasını	1968	9948
ucuza	1968	9949
gözlük	1968	9950
yaptırdım	1968	9951
yolumuz	1968	9952
vermiyorlar	1968	9953
kurallarını	1967	9954
geçeceğim	1967	9955
eşinin	1967	9956
evleneceğim	1967	9957
queen	1967	9958
dairesine	1967	9959
çıkarsın	1967	9960
korktu	1967	9961
ilerle	1967	9962
karşında	1966	9963
verene	1966	9964
çalıştılar	1966	9965
yarıya	1966	9966
adaleti	1966	9967
atılmış	1965	9968
çekmeyi	1965	9969
neredesiniz	1965	9970
bilemeyiz	1965	9971
komşular	1965	9972
şekeri	1965	9973
ölümünün	1965	9974
inandım	1964	9975
kuyruk	1964	9976
güvenmiyor	1963	9977
konuşuyordu	1963	9978
düşünebiliyor	1963	9979
boynuna	1963	9980
bıraktık	1962	9981
aranıyor	1962	9982
dante	1962	9983
aramasını	1962	9984
wong	1962	9985
çalındı	1962	9986
beladan	1962	9987
hikayeleri	1961	9988
sahiptir	1961	9989
sofia	1961	9990
edebilmek	1960	9991
istiyorsak	1960	9992
silahlarını	1959	9993
ötesine	1959	9994
bırakan	1958	9995
evimin	1958	9996
patlaması	1958	9997
ağzımdan	1958	9998
girsin	1958	9999
kuşları	1958	10000
anlaman	1958	10001
stewart	1957	10002
korkmuyor	1957	10003
kokuşmuş	1956	10004
teması	1956	10005
yetkisi	1956	10006
bilsem	1955	10007
sabır	1955	10008
televizyona	1955	10009
seyir	1955	10010
moruk	1955	10011
bilmiyorduk	1954	10012
böbrek	1954	10013
anlatabilir	1954	10014
keseceğim	1953	10015
donovan	1953	10016
suçundan	1952	10017
geçmesini	1952	10018
çantanı	1952	10019
teyzem	1952	10020
edince	1951	10021
parfüm	1951	10022
deneyeyim	1951	10023
bezi	1951	10024
amcık	1950	10025
bozmak	1950	10026
girmesi	1949	10027
anlaşılma	1949	10028
dimi	1949	10029
anton	1949	10030
başlıyorsun	1949	10031
bahsettiğimi	1948	10032
nehre	1948	10033
etkiledi	1948	10034
acıklı	1948	10035
şekerleme	1948	10036
düşünceli	1948	10037
odasının	1948	10038
buluşacağız	1948	10039
sendromu	1947	10040
beklemeye	1947	10041
çocuğumu	1947	10042
bittiği	1947	10043
konuşuyorlar	1946	10044
söylemeyecek	1946	10045
phoenix	1946	10046
paçayı	1946	10047
damat	1945	10048
marş	1945	10049
istemiyordu	1945	10050
ısı	1945	10051
piçler	1944	10052
sat	1944	10053
iskoçya	1944	10054
ağzında	1944	10055
kurtaracağım	1944	10056
emrediyorum	1943	10057
anlatan	1943	10058
tüp	1943	10059
hapları	1943	10060
evliliğin	1943	10061
konusundaki	1942	10062
hamilton	1942	10063
larda	1942	10064
fevkalade	1942	10065
unutuyordum	1942	10066
taraflı	1940	10067
eugene	1940	10068
listeyi	1940	10069
karides	1939	10070
şikâyet	1939	10071
kararın	1939	10072
ernie	1938	10073
aradınız	1937	10074
açıklamaya	1937	10075
olayına	1937	10076
mesajınızı	1937	10077
taşıma	1937	10078
geçmez	1936	10079
dindar	1936	10080
saçın	1935	10081
rico	1935	10082
saldıran	1935	10083
dosyalar	1935	10084
nolu	1935	10085
takar	1935	10086
marcel	1935	10087
numaralar	1934	10088
savunmak	1934	10089
söylediklerin	1934	10090
tekneyi	1934	10091
görüşüyorum	1933	10092
tahminimce	1933	10093
elinizden	1933	10094
alıyordu	1933	10095
yakalayıp	1932	10096
diyet	1932	10097
patlar	1932	10098
kağıtları	1932	10099
söyleyemez	1932	10100
kramer	1932	10101
kardinal	1931	10102
ölünce	1931	10103
haliyle	1931	10104
mahallede	1930	10105
gönderirim	1930	10106
zorundaydı	1930	10107
üzerini	1930	10108
yazma	1929	10109
gelerek	1929	10110
çarpmış	1929	10111
listeye	1929	10112
isteyeceğini	1929	10113
barın	1929	10114
sisteminin	1928	10115
kırıp	1928	10116
hastalar	1928	10117
balıkçı	1928	10118
çıkarabilir	1928	10119
biliyorlardı	1927	10120
köprüsü	1927	10121
kullanıyordu	1927	10122
cesurca	1926	10123
huzursuz	1926	10124
benimde	1925	10125
tepeye	1925	10126
seti	1925	10127
bahsi	1925	10128
sanatı	1924	10129
fırsatını	1924	10130
tutsak	1924	10131
durumdasın	1924	10132
şurayı	1924	10133
yaptıklarının	1923	10134
halı	1923	10135
karşıtı	1923	10136
koşarak	1923	10137
hemde	1922	10138
euro	1922	10139
paranoyak	1922	10140
uyandığında	1922	10141
suçsuz	1922	10142
karanlığın	1922	10143
yatmış	1921	10144
reagan	1921	10145
görmedik	1921	10146
ödüyorum	1921	10147
bağımlısı	1920	10148
gittiğine	1920	10149
kenneth	1920	10150
cesetler	1920	10151
hırsızı	1920	10152
kalesi	1920	10153
takımının	1920	10154
tesadüfen	1919	10155
davasında	1919	10156
ayrıldıktan	1919	10157
konuşmaktan	1918	10158
yılını	1918	10159
aitti	1918	10160
doc	1918	10161
saatliğine	1918	10162
harbi	1917	10163
buralardan	1917	10164
düzelt	1917	10165
imkânı	1917	10166
bırakmayı	1916	10167
göstergesi	1916	10168
bayıldı	1915	10169
imparatorluğu	1915	10170
izliyordum	1914	10171
okuyacağım	1914	10172
aram	1914	10173
dünyasına	1914	10174
fayda	1913	10175
bandı	1913	10176
farklıdır	1913	10177
amacın	1913	10178
inde	1912	10179
kurtuluş	1912	10180
potter	1912	10181
kaynağını	1912	10182
drama	1912	10183
masal	1912	10184
happy	1912	10185
çağrısı	1911	10186
hastalığın	1911	10187
hayatınızı	1911	10188
şüphelinin	1911	10189
fikre	1910	10190
cüretle	1910	10191
almama	1910	10192
veriyordu	1910	10193
kaybolduğunu	1909	10194
hood	1909	10195
ettiğinden	1908	10196
düşünmedin	1908	10197
anlayışlı	1908	10198
bakıcı	1907	10199
halletmem	1907	10200
akşamdan	1907	10201
sonları	1907	10202
hills	1906	10203
koyuyor	1906	10204
olacaktım	1906	10205
havaalanında	1906	10206
beklemiyorum	1906	10207
dayı	1906	10208
istila	1906	10209
kulübüne	1905	10210
percy	1905	10211
atmayı	1905	10212
hoca	1905	10213
kayıtlar	1905	10214
adınızı	1905	10215
ayrılmadan	1904	10216
mükemmeldi	1904	10217
yaktı	1904	10218
kasabadaki	1904	10219
gregory	1904	10220
fatura	1904	10221
uld	1904	10222
çatıda	1903	10223
yazıyorsun	1903	10224
sultan	1903	10225
görüşüyor	1903	10226
rahatlatıcı	1903	10227
lake	1903	10228
callie	1903	10229
mesafede	1902	10230
kişisin	1902	10231
şaşırmış	1902	10232
yüzüm	1902	10233
rahatladım	1902	10234
babalar	1902	10235
muhafız	1902	10236
ararken	1902	10237
timmy	1902	10238
ilgilenmek	1902	10239
koruyacağım	1901	10240
karışımı	1900	10241
wang	1900	10242
mandy	1900	10243
güneşi	1900	10244
omar	1899	10245
arayabilir	1899	10246
topları	1899	10247
olmazdım	1899	10248
kokulu	1899	10249
vesaire	1899	10250
varmı	1899	10251
kalabilirim	1899	10252
keller	1898	10253
hayatımızın	1898	10254
archie	1898	10255
yollarını	1898	10256
söylemene	1898	10257
ebedi	1897	10258
çalınan	1897	10259
bulduğunda	1896	10260
ncis	1896	10261
mevzu	1895	10262
yaşımdayken	1895	10263
akan	1895	10264
willy	1895	10265
saldırın	1895	10266
aleyhine	1894	10267
yükü	1894	10268
anlayış	1893	10269
liv	1893	10270
hislerini	1893	10271
dinlenme	1892	10272
nesil	1892	10273
biliyorsan	1892	10274
giremez	1892	10275
anormal	1891	10276
havuza	1891	10277
kurşunu	1891	10278
gösterişli	1890	10279
dikkatine	1890	10280
kardeşinle	1890	10281
nam	1890	10282
kuzeni	1890	10283
çocuğuna	1889	10284
gülme	1889	10285
kestik	1889	10286
söylenir	1889	10287
rehberlik	1889	10288
get	1888	10289
palavra	1888	10290
kasıtlı	1888	10291
seviyeye	1888	10292
dümdüz	1888	10293
ağırdan	1888	10294
alkolik	1888	10295
markete	1888	10296
alsana	1887	10297
bedavaya	1887	10298
sahipleri	1887	10299
ağlamaya	1887	10300
bileceğim	1887	10301
mutlak	1886	10302
gezisi	1886	10303
saatleri	1886	10304
irene	1886	10305
unutmadım	1886	10306
yarayacağını	1886	10307
kaderini	1886	10308
edemiyor	1886	10309
yaptırmak	1885	10310
suyla	1885	10311
hissedeceksin	1885	10312
çenenizi	1885	10313
görüntüsü	1885	10314
geçtikçe	1884	10315
taşak	1884	10316
wall	1884	10317
anın	1884	10318
öyleydim	1884	10319
hanginiz	1883	10320
koymaya	1883	10321
ayırmak	1883	10322
gates	1883	10323
yarısında	1883	10324
jonah	1882	10325
giderler	1882	10326
bankada	1882	10327
duyuyorsun	1882	10328
nasılmış	1882	10329
civarda	1881	10330
alırdım	1881	10331
güya	1881	10332
kibarca	1880	10333
stu	1880	10334
kupa	1880	10335
arkamızda	1879	10336
planlarını	1878	10337
çıkmıştım	1878	10338
içeriyor	1878	10339
greene	1878	10340
karaciğer	1878	10341
inanan	1877	10342
yapısı	1876	10343
solda	1876	10344
price	1876	10345
kardeşiniz	1876	10346
kamyonet	1876	10347
gotham	1876	10348
gideon	1876	10349
tat	1876	10350
vampirler	1875	10351
köpeğe	1875	10352
nakliye	1875	10353
denny	1875	10354
oluşuyor	1875	10355
detroit	1875	10356
kaybettiğini	1875	10357
hanımım	1875	10358
niyeti	1875	10359
tetikte	1875	10360
bulamadı	1874	10361
dönüm	1874	10362
tuttuğunu	1874	10363
içerideki	1874	10364
dinozzo	1873	10365
kaybediyorum	1873	10366
aylarca	1873	10367
komitesi	1873	10368
sanık	1873	10369
unutmam	1872	10370
kuyruklu	1872	10371
hayranım	1872	10372
sevecek	1872	10373
gelmemişti	1870	10374
aileniz	1870	10375
garrett	1870	10376
yeteneğini	1869	10377
versen	1869	10378
aydan	1868	10379
vereceksiniz	1868	10380
hristiyan	1868	10381
yürüyüp	1868	10382
dönmen	1868	10383
attığını	1867	10384
bradley	1867	10385
rusty	1867	10386
wesley	1867	10387
çetin	1867	10388
yazdığım	1866	10389
kıpırdamayın	1866	10390
başlı	1865	10391
okulunda	1865	10392
louie	1865	10393
bahsettiği	1865	10394
etmediğini	1865	10395
odan	1864	10396
kalbimde	1864	10397
satıyorum	1864	10398
doris	1864	10399
verebiliriz	1864	10400
abe	1864	10401
görürsünüz	1864	10402
sorunların	1863	10403
yakalayacağım	1863	10404
noktaları	1863	10405
emeklilik	1863	10406
yale	1863	10407
idrar	1863	10408
mesih	1862	10409
arttı	1862	10410
yatıp	1862	10411
yukarıdaki	1862	10412
alış	1862	10413
şaşmamalı	1861	10414
anlamadığım	1861	10415
elemanı	1861	10416
istanbul	1861	10417
debra	1860	10418
dayanıyor	1860	10419
gitmeyin	1860	10420
boyle	1860	10421
yavrusu	1860	10422
duyacak	1860	10423
askerlerin	1860	10424
seviyorsan	1859	10425
önümden	1859	10426
bitireceğim	1859	10427
numaraya	1859	10428
baxter	1858	10429
balığa	1858	10430
şimşek	1858	10431
korkmayın	1858	10432
bulut	1858	10433
gösterebilirim	1858	10434
kalmamı	1857	10435
dakikanız	1857	10436
dolardan	1857	10437
lorenzo	1857	10438
getirdiğini	1857	10439
cass	1857	10440
hallediyorum	1856	10441
elbiselerini	1856	10442
verirdi	1856	10443
bayılıyor	1856	10444
roberts	1855	10445
cahil	1855	10446
kımıldayın	1855	10447
geçmeyi	1855	10448
lionel	1854	10449
nişanlım	1854	10450
attılar	1854	10451
çevirmen	1853	10452
belirtileri	1853	10453
devon	1853	10454
bırakamazsın	1853	10455
sembolü	1853	10456
kötüsün	1853	10457
ekonomi	1852	10458
saldırıyı	1852	10459
bitirdik	1852	10460
görmeliydin	1852	10461
paralarını	1851	10462
oluştu	1851	10463
kendimle	1851	10464
söylemenin	1851	10465
kolaydı	1850	10466
uydurma	1850	10467
gun	1850	10468
aramız	1849	10469
meydanı	1849	10470
pasaport	1849	10471
ırkçı	1848	10472
bulmama	1848	10473
rakam	1848	10474
konuşmalar	1848	10475
teal	1848	10476
bilemez	1847	10477
istesin	1847	10478
arkadaşa	1847	10479
giderdim	1846	10480
ilişkiniz	1846	10481
üniforma	1845	10482
yürür	1845	10483
oylama	1845	10484
çiğ	1845	10485
dönmeyeceğim	1845	10486
düştüğünü	1845	10487
girdiği	1844	10488
kaşık	1844	10489
doğmadan	1844	10490
kulağına	1843	10491
diyerek	1843	10492
konuşmanı	1842	10493
anlıyoruz	1842	10494
kilisesi	1842	10495
maskeli	1842	10496
katılmıyorum	1842	10497
ortamı	1842	10498
burnumu	1842	10499
cho	1842	10500
nezaket	1841	10501
herife	1841	10502
özgürlüğü	1841	10503
uçaktan	1841	10504
köyün	1840	10505
soğan	1840	10506
ıssız	1840	10507
mail	1840	10508
peşimde	1839	10509
meğer	1839	10510
temizleme	1839	10511
yerlerine	1839	10512
duymaya	1839	10513
araştırmak	1838	10514
midemi	1838	10515
öldüğüne	1838	10516
bizleri	1838	10517
vuracağım	1838	10518
halim	1837	10519
balıkları	1837	10520
kürtaj	1837	10521
bitsin	1837	10522
davrandığını	1837	10523
etrafını	1836	10524
gösterelim	1836	10525
atlı	1836	10526
düşünmelisin	1835	10527
aileyiz	1835	10528
oturdu	1835	10529
hayvanın	1835	10530
değiştirip	1835	10531
tank	1834	10532
önerdi	1834	10533
topa	1834	10534
angelo	1834	10535
babandan	1834	10536
ayağına	1834	10537
başvuru	1833	10538
koruyan	1833	10539
cinayetin	1833	10540
sanıyordun	1833	10541
evelyn	1833	10542
geldiklerinde	1833	10543
ressam	1833	10544
oğlunuzun	1833	10545
duyduğumda	1832	10546
seçeneği	1832	10547
ii	1832	10548
hayattaki	1832	10549
komiserim	1831	10550
diğerleriyle	1831	10551
olasın	1831	10552
çıkabilirsin	1831	10553
içinizden	1831	10554
rota	1830	10555
yolunun	1830	10556
ilgiliydi	1830	10557
notlar	1830	10558
hayatındaki	1830	10559
etkiler	1830	10560
gururlu	1830	10561
sabun	1829	10562
koşmaya	1829	10563
ödümü	1829	10564
bırakıyorsun	1829	10565
gerçeğin	1829	10566
olaylara	1829	10567
hissettiğin	1829	10568
görmediniz	1828	10569
asi	1828	10570
arkadaşlarımın	1828	10571
planlarım	1828	10572
gözünden	1828	10573
payını	1827	10574
jose	1827	10575
haberini	1827	10576
öldürmem	1827	10577
tüfeği	1827	10578
kaldığın	1826	10579
bilinci	1826	10580
robinson	1826	10581
yeğlerim	1826	10582
söylüyordum	1826	10583
subayı	1826	10584
öyleyiz	1826	10585
gelemez	1826	10586
dediğimiz	1826	10587
arıza	1825	10588
dediğinde	1825	10589
gülümseme	1825	10590
ödlek	1824	10591
arabasında	1824	10592
muhafızlar	1824	10593
böceği	1823	10594
kurallarına	1823	10595
bekleyemez	1823	10596
günümde	1823	10597
boris	1823	10598
sahibinin	1822	10599
endişeleniyor	1822	10600
anılar	1821	10601
koşullar	1821	10602
denedi	1821	10603
resmin	1821	10604
hastanenin	1821	10605
set	1821	10606
martini	1821	10607
rutin	1821	10608
ayrılın	1821	10609
eviniz	1820	10610
parçalanmış	1820	10611
düşürmek	1820	10612
kuran	1820	10613
edilmiştir	1820	10614
kurul	1820	10615
sürprizim	1820	10616
kıyıya	1820	10617
parçalarını	1819	10618
taşları	1819	10619
başkomiser	1819	10620
monty	1819	10621
ziyan	1819	10622
tekneye	1818	10623
kanunları	1818	10624
planda	1818	10625
izci	1818	10626
bırakmamı	1817	10627
evrakları	1817	10628
geçirdiği	1817	10629
sevmiştim	1817	10630
önlem	1816	10631
uygulama	1816	10632
önemliydi	1815	10633
matty	1815	10634
dikkatinizi	1815	10635
dürüstlük	1814	10636
telefonları	1814	10637
gittiğimizi	1814	10638
üzgünsün	1814	10639
are	1814	10640
hesabına	1814	10641
suçunu	1814	10642
düşündüğünüz	1814	10643
girmesini	1814	10644
dayken	1814	10645
yerimde	1813	10646
herkül	1813	10647
dehşete	1813	10648
beslenme	1813	10649
sınırsız	1813	10650
soktun	1813	10651
luther	1813	10652
yaptıklarına	1813	10653
vücudum	1813	10654
bilgilere	1812	10655
halükarda	1812	10656
ülkesi	1812	10657
sakladığını	1812	10658
ağaçları	1811	10659
kule	1811	10660
hergele	1811	10661
yapacaklarını	1811	10662
şiddete	1811	10663
zili	1811	10664
bahçesinde	1810	10665
yaptıktan	1809	10666
wo	1809	10667
bulacağımı	1808	10668
market	1808	10669
yetenekleri	1808	10670
yaşarken	1808	10671
fort	1808	10672
fitz	1807	10673
pencereyi	1807	10674
tüy	1807	10675
gittiğimizde	1807	10676
yalancısın	1807	10677
kasap	1807	10678
bowling	1807	10679
atlanta	1806	10680
ivy	1806	10681
anlayışı	1806	10682
haberimiz	1806	10683
düşündüğünden	1805	10684
ayrıntılı	1805	10685
yaratan	1805	10686
ifadesini	1805	10687
öğrencileri	1805	10688
etmiştin	1805	10689
opera	1804	10690
konuşmuyorum	1804	10691
bodrumda	1804	10692
ren	1804	10693
sorununuz	1804	10694
yaklaşıyoruz	1804	10695
etmezsen	1803	10696
görüldü	1803	10697
bates	1803	10698
bilinir	1803	10699
jun	1802	10700
hart	1802	10701
etmeleri	1802	10702
çıktığım	1802	10703
sattın	1802	10704
es	1802	10705
ölürüz	1801	10706
zorluyor	1801	10707
pearl	1801	10708
ziyafet	1801	10709
dewey	1801	10710
yolumu	1801	10711
seung	1801	10712
yanlarında	1801	10713
hırsızlar	1800	10714
olmamıştım	1800	10715
eşleşme	1800	10716
götürebilirim	1800	10717
vaughn	1800	10718
motosiklet	1800	10719
toplayın	1800	10720
harikadır	1799	10721
öğrenir	1799	10722
kapattım	1799	10723
bilmeliyim	1799	10724
pan	1799	10725
içkiler	1799	10726
voyager	1798	10727
kalkmış	1798	10728
almayacağım	1798	10729
zevki	1798	10730
gözlerinizi	1798	10731
sesinizi	1798	10732
serseriler	1798	10733
kahvaltıda	1797	10734
içlerinde	1797	10735
neill	1796	10736
heykel	1796	10737
gösterme	1796	10738
rio	1795	10739
timsah	1794	10740
joyce	1794	10741
evlendin	1794	10742
tanışma	1793	10743
paniğe	1793	10744
yüzlü	1792	10745
dolaba	1792	10746
kızdın	1792	10747
özgürsün	1792	10748
mahvettim	1791	10749
kurtlar	1791	10750
bahsettin	1791	10751
gibson	1790	10752
apollo	1790	10753
gösteriyi	1790	10754
gilbert	1790	10755
garajda	1790	10756
gitmemiş	1789	10757
bulamaz	1789	10758
kontes	1789	10759
hughes	1789	10760
sekizinci	1789	10761
javier	1789	10762
konuşmadık	1789	10763
prensi	1789	10764
pope	1788	10765
arkadaki	1788	10766
malları	1788	10767
glen	1788	10768
demedin	1787	10769
göç	1787	10770
davranıyorum	1787	10771
bahsediyordum	1787	10772
ortalarda	1787	10773
bulaşıcı	1787	10774
hz	1787	10775
sex	1787	10776
bilinmiyor	1786	10777
randevusu	1786	10778
sebebin	1786	10779
oyunculuk	1786	10780
kalmalı	1786	10781
soruşturmayı	1785	10782
baloya	1785	10783
yakalayacağız	1785	10784
bilgilerini	1785	10785
elbet	1785	10786
üzüntü	1784	10787
dönemem	1784	10788
hayalim	1784	10789
aydınlık	1784	10790
geldiğimizde	1784	10791
manuel	1783	10792
salakça	1783	10793
hissedersin	1783	10794
aletleri	1783	10795
önüme	1782	10796
sözlü	1782	10797
hıyar	1782	10798
giriyorsun	1781	10799
evler	1781	10800
düzeyde	1781	10801
ilgilenen	1781	10802
bulunca	1781	10803
testleri	1781	10804
kusuruma	1780	10805
yım	1780	10806
sanirim	1780	10807
bırakabilirsin	1780	10808
korkar	1780	10809
sırtında	1780	10810
kazanacağız	1779	10811
bridget	1779	10812
durduramaz	1778	10813
misafirimiz	1778	10814
kaybeder	1778	10815
söylenen	1778	10816
durak	1777	10817
laboratuar	1777	10818
nedenden	1777	10819
reddediyorum	1776	10820
saklan	1776	10821
çocuğunuz	1776	10822
makineyi	1776	10823
takviye	1776	10824
dizisi	1776	10825
ikisinden	1776	10826
yasalara	1775	10827
oha	1775	10828
stüdyo	1775	10829
know	1775	10830
istemezsiniz	1775	10831
şartları	1775	10832
istemediğine	1775	10833
otururken	1775	10834
pezevenk	1775	10835
kazanç	1774	10836
olmasan	1774	10837
gördüler	1774	10838
bella	1774	10839
döneminde	1773	10840
okyanusun	1773	10841
arkadaşımsın	1772	10842
yabani	1772	10843
renee	1772	10844
kıskançlık	1772	10845
sağlamaya	1772	10846
etsek	1772	10847
hıristiyan	1771	10848
gezegene	1771	10849
konseyi	1771	10850
mürettebat	1770	10851
saatimiz	1770	10852
berbattı	1770	10853
sahaya	1770	10854
konuşmama	1769	10855
takmak	1769	10856
carlo	1769	10857
çocuklarımın	1769	10858
ailede	1769	10859
sakinleştirici	1769	10860
sınıftan	1769	10861
tanem	1769	10862
maksimum	1769	10863
tanışmanı	1769	10864
kök	1768	10865
mahvoldu	1768	10866
prezervatif	1768	10867
katıldım	1768	10868
salon	1768	10869
değişmez	1768	10870
yapmayacağız	1767	10871
brien	1767	10872
kurdun	1767	10873
olmayın	1767	10874
geldiğimizi	1767	10875
ceketi	1767	10876
duyduğumu	1766	10877
ezra	1766	10878
umuyoruz	1766	10879
yüzyılın	1766	10880
almanca	1766	10881
fareler	1765	10882
apıyorsun	1765	10883
yerinizde	1765	10884
kokan	1765	10885
judith	1765	10886
sherman	1764	10887
çıkman	1764	10888
geçirdiğimiz	1764	10889
gitmeniz	1763	10890
müşterim	1763	10891
ayarladı	1763	10892
yıkım	1763	10893
bahsetmişken	1763	10894
krallık	1762	10895
hatırlarsın	1762	10896
saldırmak	1762	10897
milyarlarca	1762	10898
dışından	1762	10899
giremezsin	1762	10900
yuri	1762	10901
açalım	1761	10902
paskalya	1761	10903
şeysin	1761	10904
taşıyıcı	1761	10905
baksın	1761	10906
ödülünü	1760	10907
yapabiliyor	1760	10908
kolları	1760	10909
donny	1760	10910
sıçayım	1760	10911
söyleriz	1760	10912
randevun	1759	10913
içeceğim	1759	10914
saçların	1759	10915
aldığınız	1759	10916
moe	1758	10917
islam	1758	10918
birbirimizle	1758	10919
olsalar	1758	10920
avantaj	1758	10921
geçirir	1757	10922
kanıtla	1757	10923
bilmemiz	1757	10924
nadia	1757	10925
morfin	1757	10926
katliam	1757	10927
axl	1757	10928
başlarım	1757	10929
haftadan	1756	10930
bitmişti	1756	10931
suçla	1756	10932
konunun	1756	10933
artar	1756	10934
hatırladınız	1756	10935
etik	1755	10936
atıldı	1754	10937
beynine	1754	10938
sarhoşsun	1754	10939
çaldığı	1754	10940
koyulalım	1753	10941
kalmayacağım	1753	10942
haklıymışsın	1753	10943
kasırga	1753	10944
bitirmedim	1753	10945
sayım	1753	10946
katında	1753	10947
vazgeçtim	1753	10948
dağıtmak	1753	10949
tanrıların	1753	10950
burger	1752	10951
brett	1752	10952
avukatlar	1752	10953
oradaydın	1752	10954
bree	1752	10955
anıları	1751	10956
gittiğinden	1751	10957
taraftaki	1751	10958
iyileşme	1751	10959
dadı	1750	10960
birbiriyle	1750	10961
ukala	1750	10962
il	1750	10963
geçtiği	1749	10964
yıka	1749	10965
söyleyeceğiz	1749	10966
çıktıktan	1748	10967
müydün	1748	10968
düşmek	1748	10969
partiden	1748	10970
doludur	1748	10971
besin	1747	10972
bırakmadı	1747	10973
çalacak	1747	10974
görülmüş	1747	10975
gelmeniz	1747	10976
metrelik	1747	10977
çağırmak	1747	10978
parlayan	1747	10979
homo	1747	10980
kılan	1747	10981
show	1747	10982
demiyor	1746	10983
gelini	1746	10984
görevimi	1746	10985
çiftlikte	1746	10986
sylvia	1746	10987
yatarken	1746	10988
yönetiyor	1746	10989
etkilemek	1745	10990
verebilecek	1745	10991
getiriyorsun	1745	10992
kaçamazsın	1744	10993
istasyona	1744	10994
harfi	1743	10995
milo	1743	10996
hammond	1743	10997
yerçekimi	1743	10998
ling	1743	10999
tarihe	1742	11000
veriyorsunuz	1742	11001
lerden	1741	11002
yetişkinler	1741	11003
yığın	1741	11004
sağda	1741	11005
anlaşmanın	1741	11006
vereceğimi	1741	11007
fırtınası	1740	11008
fikrine	1740	11009
zırhlı	1740	11010
akraba	1739	11011
dudak	1739	11012
bekleriz	1739	11013
monte	1739	11014
bakarsın	1739	11015
şair	1739	11016
vivian	1738	11017
crichton	1738	11018
japonlar	1738	11019
durmayın	1738	11020
kadardı	1738	11021
raporları	1738	11022
sorup	1737	11023
vatandaş	1737	11024
sıklıkla	1737	11025
orduda	1737	11026
doların	1736	11027
verdiğinde	1736	11028
bildirmek	1736	11029
ezmesi	1736	11030
ailemden	1736	11031
anlamaz	1736	11032
danimarka	1736	11033
internete	1736	11034
sanchez	1735	11035
usulü	1735	11036
muymuş	1735	11037
oğlumla	1734	11038
görüşeceğim	1734	11039
incelemek	1734	11040
misafiri	1734	11041
isteyecektir	1734	11042
ayıracak	1734	11043
yardımını	1734	11044
beach	1733	11045
river	1733	11046
göle	1733	11047
soruma	1733	11048
meşru	1733	11049
irtibat	1733	11050
ödemeye	1732	11051
kışın	1732	11052
izliyorsun	1732	11053
karşısındaki	1732	11054
mills	1732	11055
hatırlar	1732	11056
filmlerde	1732	11057
estetik	1731	11058
buzz	1731	11059
yediğini	1731	11060
barut	1730	11061
roz	1730	11062
abraham	1730	11063
yemeğinden	1730	11064
diyeceğini	1730	11065
kalamazsın	1730	11066
kariyerini	1730	11067
camille	1730	11068
ilişkimizi	1730	11069
kafadan	1729	11070
bulmadan	1729	11071
darryl	1729	11072
alınacak	1729	11073
danışmanı	1729	11074
salgın	1729	11075
kişilere	1729	11076
tasarım	1729	11077
çiftler	1729	11078
mekanı	1728	11079
olmalarını	1728	11080
koşuyor	1728	11081
rüyanda	1728	11082
elbiseler	1728	11083
psişik	1727	11084
yapmaları	1727	11085
lokma	1727	11086
hastalıklı	1727	11087
oradayım	1726	11088
haftalığına	1726	11089
kitaba	1726	11090
büyüyü	1726	11091
hayes	1726	11092
takımını	1726	11093
hissettirdi	1726	11094
yüzmeye	1726	11095
uzaklaşın	1726	11096
out	1725	11097
davadan	1724	11098
unutalım	1724	11099
gold	1724	11100
yükseğe	1724	11101
hastaları	1724	11102
but	1724	11103
inandırıcı	1724	11104
yaratır	1723	11105
kullanıyoruz	1723	11106
tedirgin	1723	11107
olmaman	1722	11108
google	1722	11109
şah	1722	11110
baltimore	1722	11111
kutusuna	1722	11112
geldiğimiz	1721	11113
adanın	1721	11114
aramıştım	1721	11115
lık	1721	11116
geçmişti	1721	11117
müziğin	1721	11118
sutton	1721	11119
federaller	1721	11120
cehennemden	1721	11121
dom	1721	11122
attığı	1720	11123
gireyim	1720	11124
bahsettim	1720	11125
sang	1720	11126
parazit	1720	11127
bulunması	1720	11128
korur	1720	11129
oluşur	1720	11130
değillerdi	1720	11131
özü	1720	11132
okyanusu	1720	11133
erecek	1720	11134
olduğunuza	1720	11135
getirmeyi	1720	11136
kurtulmaya	1719	11137
tanıştığımız	1719	11138
gail	1719	11139
birlikteyken	1719	11140
noktayı	1719	11141
çalıyorsun	1719	11142
ağlamak	1719	11143
odaları	1719	11144
tanıma	1719	11145
kaçırıldı	1719	11146
taşlar	1718	11147
ailemizin	1718	11148
günlerdir	1718	11149
beridir	1718	11150
federasyon	1718	11151
kai	1718	11152
sıcaklığı	1718	11153
evrende	1718	11154
çukur	1717	11155
detay	1717	11156
istemediğin	1717	11157
uyuyan	1717	11158
anma	1716	11159
luthor	1716	11160
kazanıyorum	1716	11161
yakalamış	1716	11162
yabancılar	1716	11163
yaprak	1716	11164
etmezdim	1715	11165
gönül	1715	11166
sütü	1715	11167
peşindesin	1715	11168
tanrim	1715	11169
çalışanı	1715	11170
dünden	1715	11171
kyung	1715	11172
off	1714	11173
sayıları	1714	11174
karınca	1714	11175
garaj	1714	11176
sevmediğini	1713	11177
büyüktü	1713	11178
acısı	1713	11179
kalkış	1712	11180
olağandışı	1712	11181
kaybolduğu	1712	11182
dönüşüm	1711	11183
saklanmak	1711	11184
konuşmadım	1711	11185
kullanılabilir	1711	11186
değerlendirme	1711	11187
gangster	1711	11188
tarihinde	1711	11189
edenler	1710	11190
kemerini	1710	11191
ayaklarım	1710	11192
yıkıcı	1710	11193
düzeltmeye	1710	11194
esmer	1710	11195
günlerce	1710	11196
ikizler	1710	11197
yenilmez	1709	11198
makinesini	1709	11199
alıyorsunuz	1709	11200
şirkette	1708	11201
unuttu	1708	11202
duvarda	1708	11203
yazıp	1707	11204
boşluğu	1707	11205
mezara	1707	11206
geçirmeyi	1707	11207
ağabeyin	1707	11208
anlayan	1707	11209
kaydını	1707	11210
havalandırma	1706	11211
fikirlerini	1706	11212
duruyoruz	1706	11213
açıklayacağım	1706	11214
hoşnut	1706	11215
düğme	1705	11216
bahçeye	1705	11217
taksiye	1705	11218
ayrılık	1705	11219
nerdesin	1705	11220
vermeyeceğiz	1705	11221
mürekkep	1705	11222
nasa	1705	11223
yürüyelim	1705	11224
koptu	1704	11225
unu	1704	11226
çözdüm	1704	11227
teşkil	1704	11228
havuzu	1704	11229
eğilin	1703	11230
taşın	1703	11231
kadarki	1703	11232
bitmesini	1701	11233
oynayacağız	1701	11234
gücüyle	1701	11235
etmeliydim	1701	11236
halledebiliriz	1701	11237
hugh	1700	11238
yapayalnız	1700	11239
şaşırdın	1699	11240
yaşadığımı	1699	11241
kurtulduk	1699	11242
serin	1699	11243
çekerim	1699	11244
sorunlarını	1699	11245
yeteneklerini	1699	11246
insani	1699	11247
anlatıyorum	1698	11248
yetmiyor	1698	11249
yönünü	1698	11250
eksi	1698	11251
kanla	1698	11252
oturalım	1697	11253
almıştır	1697	11254
bırakmaz	1697	11255
sovyetler	1697	11256
kit	1697	11257
dinlenmek	1697	11258
strateji	1697	11259
restoranı	1697	11260
dahakine	1697	11261
yapardık	1696	11262
kiz	1696	11263
tarzını	1696	11264
orgazm	1695	11265
hallettik	1694	11266
durdun	1694	11267
ürünleri	1694	11268
severler	1694	11269
zerre	1694	11270
depoda	1694	11271
saklayacak	1694	11272
peterson	1694	11273
tavsiyem	1694	11274
isminiz	1694	11275
koyacak	1693	11276
shh	1693	11277
filminde	1693	11278
savcılık	1693	11279
ayağım	1692	11280
mexico	1692	11281
kötüdür	1692	11282
avatar	1692	11283
takımda	1692	11284
moon	1692	11285
teknede	1691	11286
glee	1691	11287
torres	1691	11288
söylenti	1690	11289
lilly	1690	11290
ruhum	1690	11291
boğazına	1690	11292
cruz	1690	11293
vazgeçmek	1690	11294
bulursam	1690	11295
mülk	1690	11296
apartman	1690	11297
mesajlar	1689	11298
takılıyor	1689	11299
elbisesi	1689	11300
nöbetçi	1689	11301
fırlat	1689	11302
bayana	1689	11303
hakkımızda	1689	11304
yuvası	1688	11305
topladım	1688	11306
alaska	1688	11307
pentagon	1688	11308
vericiydi	1687	11309
gayret	1687	11310
yanımıza	1687	11311
makas	1687	11312
sizinki	1687	11313
havamda	1687	11314
kartım	1687	11315
şeytanı	1687	11316
cevabın	1687	11317
springfield	1686	11318
getirmemi	1685	11319
demişken	1685	11320
ayarlandı	1685	11321
onaylandı	1685	11322
sesim	1685	11323
oluşturuyor	1684	11324
riskini	1684	11325
caz	1684	11326
işaretleri	1684	11327
evlât	1683	11328
sigarayı	1683	11329
çıkarmayı	1683	11330
karbon	1683	11331
lucky	1682	11332
bağlılık	1682	11333
miktarı	1682	11334
tahmini	1682	11335
denge	1682	11336
chelsea	1682	11337
direniş	1681	11338
telefonundan	1681	11339
almaktan	1681	11340
radikal	1681	11341
kalemi	1680	11342
bitmeden	1680	11343
vicky	1680	11344
kılıcını	1680	11345
bit	1680	11346
bulabilecek	1680	11347
reddediyor	1680	11348
gelmişler	1679	11349
duvarları	1679	11350
şeyiniz	1679	11351
endişeleniyorsun	1678	11352
söyleyebiliriz	1678	11353
yaratıyor	1678	11354
meleği	1678	11355
torba	1677	11356
tekila	1677	11357
gösteriş	1677	11358
sloan	1677	11359
torunum	1677	11360
serum	1676	11361
gerald	1676	11362
denver	1676	11363
değecek	1676	11364
rehber	1676	11365
sakladın	1676	11366
rezervasyon	1676	11367
uğraşıyorsun	1675	11368
geçmişin	1675	11369
hoştu	1675	11370
yasaları	1675	11371
olabileceğine	1675	11372
tefek	1675	11373
führer	1675	11374
gönderen	1674	11375
vatan	1674	11376
desin	1674	11377
geçmesine	1674	11378
bırakırsan	1674	11379
piknik	1674	11380
insanoğlu	1674	11381
sadie	1673	11382
gösterdiği	1673	11383
musa	1673	11384
marissa	1673	11385
susie	1673	11386
tüylü	1673	11387
çıldırdın	1673	11388
bahsediyordu	1672	11389
aha	1672	11390
yattığını	1672	11391
yemi	1671	11392
lafın	1671	11393
çöktü	1670	11394
gelenek	1670	11395
güçlüsün	1669	11396
seneye	1669	11397
fişek	1669	11398
kocamla	1669	11399
gerektiren	1669	11400
açayım	1669	11401
ehliyet	1669	11402
oynadığı	1669	11403
bant	1668	11404
stresli	1668	11405
baktığında	1668	11406
etrafımda	1668	11407
büyüyen	1668	11408
yaa	1667	11409
açılır	1667	11410
chester	1667	11411
hareketlerini	1667	11412
seo	1667	11413
olduklarına	1666	11414
mahkemesi	1666	11415
eminsin	1666	11416
dövüşü	1666	11417
dostluk	1666	11418
keşiş	1666	11419
sesinden	1666	11420
sıkıştı	1666	11421
barışı	1666	11422
ş	1666	11423
güvercin	1665	11424
edemeyeceğim	1665	11425
amacımız	1665	11426
odasındaki	1665	11427
rastladım	1664	11428
uyarmıştım	1664	11429
elinin	1664	11430
geçince	1664	11431
açılmışken	1664	11432
day	1664	11433
öğrenmen	1664	11434
çocukça	1663	11435
yazacak	1663	11436
mama	1663	11437
dönmeyecek	1663	11438
hoşlanmaz	1663	11439
michel	1663	11440
kid	1663	11441
kapanıyor	1663	11442
dönmeden	1662	11443
uğraşıyoruz	1662	11444
varsayıyorum	1662	11445
buhar	1661	11446
galip	1660	11447
ölürken	1660	11448
oluyormuş	1660	11449
aklınıza	1660	11450
haddini	1660	11451
colorado	1660	11452
demiryolu	1660	11453
henderson	1659	11454
mühendis	1659	11455
anlatabilirsin	1659	11456
uğraşma	1659	11457
dokunaklı	1659	11458
inanılır	1659	11459
saldırıdan	1658	11460
iştir	1658	11461
laneti	1658	11462
güler	1657	11463
gitmiştik	1657	11464
cinayetleri	1657	11465
yemedim	1656	11466
manevi	1656	11467
döndüğümüzde	1655	11468
olmamak	1655	11469
çıktığımda	1655	11470
araştırması	1655	11471
kova	1655	11472
evinizde	1655	11473
tepe	1654	11474
götürmem	1654	11475
zinciri	1654	11476
alıştırma	1654	11477
önceleri	1653	11478
düşürdüm	1653	11479
koşmak	1653	11480
öldürdüğümü	1652	11481
aidan	1652	11482
çalınmış	1652	11483
başlayıp	1652	11484
işçiler	1652	11485
aşağısında	1651	11486
nihai	1651	11487
feneri	1651	11488
öğretmenler	1651	11489
abigail	1651	11490
jenkins	1650	11491
eyvallah	1650	11492
ekrana	1649	11493
harikayım	1649	11494
kullanabilirim	1649	11495
buradaydım	1649	11496
satışı	1648	11497
götürmüş	1648	11498
ağırlığı	1648	11499
çalışmanın	1648	11500
boşanmak	1648	11501
noktadan	1647	11502
newton	1647	11503
kurtardığın	1647	11504
ısırık	1647	11505
madeni	1647	11506
gireceksin	1647	11507
yürek	1647	11508
sorduğun	1646	11509
verileri	1646	11510
karmaşa	1646	11511
saatim	1646	11512
yakaladılar	1646	11513
izlenim	1646	11514
felicity	1646	11515
fırsatın	1646	11516
bacağım	1646	11517
duygularımı	1646	11518
dedikodular	1645	11519
tekrarlıyorum	1645	11520
naruto	1645	11521
tatilde	1645	11522
olmamıştır	1645	11523
tammy	1645	11524
doldurmak	1644	11525
konuşmaları	1644	11526
oluşturmak	1644	11527
world	1644	11528
ofisinden	1644	11529
kâbus	1644	11530
gecikme	1643	11531
bilmiyordun	1643	11532
başarıyla	1643	11533
vurduğunu	1643	11534
olacakları	1643	11535
ağzının	1643	11536
muhafaza	1642	11537
umudu	1642	11538
balayı	1642	11539
halkla	1642	11540
borcumu	1642	11541
beraberinde	1642	11542
çalışanları	1642	11543
eyaleti	1642	11544
mae	1642	11545
cennetin	1641	11546
ctu	1641	11547
okuyan	1641	11548
öldürmekle	1641	11549
kalbimle	1641	11550
daniels	1641	11551
eylem	1641	11552
çekiç	1641	11553
boyutlu	1641	11554
ll	1641	11555
birşeye	1641	11556
yaşamıyor	1640	11557
adamını	1640	11558
neredeydiniz	1640	11559
çalışacaksın	1640	11560
teneke	1640	11561
gibiydin	1640	11562
davetiye	1640	11563
güçlüdür	1640	11564
deyim	1640	11565
öptüm	1640	11566
üniversiteden	1640	11567
etini	1639	11568
içti	1639	11569
frost	1639	11570
konuşmuyoruz	1639	11571
sandığı	1639	11572
oradayken	1639	11573
gemiler	1638	11574
ıvır	1638	11575
gelebilecek	1638	11576
kimsem	1638	11577
hücreye	1638	11578
garipti	1638	11579
edebileceğim	1638	11580
hımm	1638	11581
başıboş	1638	11582
boyunda	1638	11583
hyde	1638	11584
sürmeye	1637	11585
doktorla	1637	11586
quentin	1637	11587
bulunduğunu	1637	11588
fotoğrafçı	1637	11589
korkutmaya	1637	11590
inanması	1637	11591
yapabilmek	1636	11592
dağılın	1636	11593
söylemeliydim	1636	11594
arkası	1636	11595
görüntüyü	1636	11596
sırılsıklam	1635	11597
sıkma	1635	11598
fikirdeyim	1635	11599
yatar	1635	11600
polly	1634	11601
diyebilirsiniz	1634	11602
bileceksin	1634	11603
dükkana	1634	11604
evlenmiş	1634	11605
dönmeni	1634	11606
çeviriyor	1634	11607
bağlanmış	1634	11608
anlaşmıştık	1633	11609
hislerim	1633	11610
tapınak	1633	11611
tekniği	1633	11612
damien	1633	11613
dani	1632	11614
bahsetmedin	1632	11615
ilişkinin	1632	11616
ürpertici	1632	11617
öğrendiğinde	1632	11618
isteyeyim	1632	11619
devletleri	1631	11620
sıkan	1631	11621
düşmez	1631	11622
franz	1631	11623
gelenleri	1630	11624
metin	1630	11625
yaşayacaksın	1630	11626
arkadaşlarıma	1630	11627
istemeyen	1629	11628
evimizde	1629	11629
cebine	1628	11630
açarım	1628	11631
bırakman	1628	11632
uzaklaşmak	1628	11633
koltuğa	1628	11634
altüst	1628	11635
çıkarmalıyız	1628	11636
ayrıldın	1628	11637
borçluyuz	1628	11638
türde	1627	11639
kemer	1627	11640
hazırlayayım	1627	11641
gelmeyeceğini	1627	11642
bırakmıyorsun	1626	11643
hiçte	1626	11644
şirketini	1626	11645
jüpiter	1626	11646
gitmişler	1626	11647
kulübünde	1626	11648
problemleri	1626	11649
trish	1625	11650
uyanın	1625	11651
dayalı	1625	11652
kapsamlı	1625	11653
koluna	1625	11654
engelliyor	1625	11655
ga	1625	11656
soygunu	1624	11657
sandı	1624	11658
öğrenebilir	1624	11659
anlatmadın	1624	11660
muhakkak	1623	11661
hazırsın	1623	11662
arayacağız	1623	11663
insandı	1623	11664
çıkmanın	1623	11665
kızıyla	1623	11666
zeus	1623	11667
yapsan	1623	11668
gerektiriyor	1623	11669
oluşmuş	1623	11670
dağılmış	1623	11671
topluluk	1623	11672
içerisi	1623	11673
liderleri	1622	11674
umursamıyor	1622	11675
oturacak	1622	11676
adamda	1622	11677
öğreteceğim	1621	11678
konuşamaz	1621	11679
ekmeği	1621	11680
yığını	1621	11681
baygın	1621	11682
florrick	1621	11683
dairede	1621	11684
seslerini	1621	11685
bağlayan	1621	11686
bn	1621	11687
isabelle	1620	11688
korumam	1620	11689
marina	1620	11690
yardımcım	1620	11691
girince	1620	11692
seyretmek	1620	11693
yaşamını	1620	11694
yakındı	1620	11695
gerçekti	1620	11696
olabileceğimi	1619	11697
just	1619	11698
patlamadan	1618	11699
çevrede	1618	11700
enerjiyi	1618	11701
konuşmaz	1618	11702
müdürün	1618	11703
dolandırıcı	1617	11704
sihirbaz	1617	11705
caddede	1617	11706
evladı	1617	11707
cohen	1617	11708
sokma	1617	11709
okudu	1617	11710
edie	1617	11711
korkuyorlar	1616	11712
yakalanmış	1616	11713
mıydık	1616	11714
narin	1616	11715
bale	1616	11716
yiyeceksin	1616	11717
bulamadın	1616	11718
gitmekten	1615	11719
kase	1615	11720
derneği	1615	11721
kesmiş	1615	11722
sağlayabilir	1615	11723
tercüme	1615	11724
ararsın	1615	11725
kuantum	1614	11726
bazılarımız	1614	11727
yapamazdım	1614	11728
sonuncu	1614	11729
simmons	1614	11730
güvenebilir	1614	11731
şeylerde	1613	11732
taşır	1613	11733
çekiyoruz	1613	11734
tayland	1613	11735
etmemizi	1612	11736
yanınıza	1612	11737
sormadan	1612	11738
mağaza	1612	11739
müstakbel	1612	11740
soldan	1611	11741
radyoda	1611	11742
aşı	1611	11743
kemeri	1611	11744
halkına	1611	11745
pozisyonu	1611	11746
araştırıyoruz	1611	11747
hollanda	1610	11748
kaçalım	1610	11749
yıldızın	1610	11750
ücretini	1610	11751
temelli	1610	11752
delinin	1609	11753
katını	1609	11754
kenarına	1609	11755
bulanık	1609	11756
danışmanlık	1609	11757
hareketler	1609	11758
kurtuldum	1609	11759
geliyorsa	1609	11760
tanışın	1608	11761
saçmalamayı	1608	11762
halime	1608	11763
medeni	1608	11764
trent	1608	11765
kazayla	1608	11766
bölümlerde	1608	11767
tedaviyi	1608	11768
evrim	1607	11769
lânet	1607	11770
bakıyorlar	1607	11771
tasarruf	1607	11772
mack	1606	11773
bahsetmiş	1606	11774
janice	1606	11775
düşünceleri	1606	11776
rogers	1606	11777
asistan	1606	11778
intihara	1606	11779
have	1605	11780
sorununu	1605	11781
taklidi	1605	11782
tepesinde	1605	11783
bırakacağız	1604	11784
tutkulu	1604	11785
sabahki	1604	11786
öğretmenlik	1604	11787
sunar	1604	11788
kötüleşiyor	1604	11789
milletin	1604	11790
kızmış	1604	11791
bundy	1604	11792
tipler	1603	11793
bahsetmişti	1603	11794
yolculuğun	1603	11795
bulurlar	1603	11796
çıkabilirim	1603	11797
insandan	1603	11798
evlenmeyi	1602	11799
tık	1602	11800
kaybetmeye	1602	11801
insanoğlunun	1602	11802
kedicik	1601	11803
tarifi	1601	11804
walsh	1601	11805
sikim	1601	11806
mekanik	1600	11807
dağları	1600	11808
dememi	1600	11809
hic	1600	11810
ışığın	1600	11811
yayılıyor	1600	11812
içimizden	1600	11813
atlamak	1599	11814
yükseldi	1599	11815
usandım	1599	11816
epeyce	1599	11817
yapışkan	1599	11818
geliyormuş	1599	11819
tavır	1599	11820
portland	1599	11821
tertemiz	1598	11822
bütçe	1598	11823
bırakmayın	1598	11824
cumhuriyet	1598	11825
davranan	1598	11826
bayanı	1597	11827
burs	1597	11828
ramon	1597	11829
aradaki	1597	11830
bilgisayara	1597	11831
vekil	1596	11832
kafasından	1596	11833
saklamaya	1596	11834
briggs	1596	11835
telefonlar	1596	11836
kelimenin	1596	11837
kolla	1596	11838
komada	1596	11839
büyüklükte	1596	11840
gözyaşları	1596	11841
seçimler	1596	11842
birlikteyim	1596	11843
öğretmenin	1595	11844
zamanınız	1595	11845
prensesi	1595	11846
korktuğum	1595	11847
ını	1595	11848
yakası	1595	11849
gitmelisiniz	1595	11850
davayla	1595	11851
görüyordum	1594	11852
kutusunu	1594	11853
birazını	1594	11854
taşındım	1594	11855
yemeğimi	1594	11856
beyninin	1594	11857
restorana	1594	11858
bot	1593	11859
katilini	1593	11860
jr	1593	11861
trey	1593	11862
beyazlar	1593	11863
teorik	1592	11864
silahsız	1592	11865
melinda	1592	11866
zam	1592	11867
kullandığın	1592	11868
ayırdığınız	1592	11869
dolaşmak	1592	11870
çizik	1591	11871
çözümü	1591	11872
ilgilendiriyor	1591	11873
köpeğini	1591	11874
versiyonu	1591	11875
biricik	1591	11876
domuzlar	1591	11877
yeteneğim	1591	11878
getirelim	1590	11879
duble	1590	11880
bayram	1589	11881
paranızı	1589	11882
tazminat	1589	11883
yaşlıyım	1589	11884
edilmesini	1589	11885
gücümü	1588	11886
darren	1588	11887
vadisi	1588	11888
düşündüğümüz	1588	11889
ike	1588	11890
almamış	1588	11891
simone	1588	11892
fi	1588	11893
mutluyuz	1587	11894
turist	1587	11895
saniyen	1587	11896
bakmanı	1587	11897
anlamında	1587	11898
görsün	1587	11899
yaklaştık	1587	11900
karnını	1586	11901
girdiler	1586	11902
problemim	1586	11903
düşünebilirsin	1586	11904
bert	1586	11905
sürüsü	1586	11906
barbie	1586	11907
def	1586	11908
cesaretini	1586	11909
kıçı	1585	11910
esther	1585	11911
atlama	1585	11912
yaşımda	1585	11913
salaklar	1585	11914
tarzım	1585	11915
kardeşlerin	1585	11916
özellikleri	1584	11917
üstad	1584	11918
oppa	1584	11919
detaylar	1584	11920
yaklaştı	1584	11921
hotel	1584	11922
siparişi	1584	11923
bilmediğimiz	1584	11924
seninkiler	1583	11925
içindeyiz	1583	11926
bilsen	1583	11927
jacques	1583	11928
çıkabiliriz	1583	11929
nedenim	1583	11930
sendika	1583	11931
kahramanlar	1582	11932
suçlamalar	1582	11933
emirlere	1582	11934
okumuş	1582	11935
yaşıma	1581	11936
bildirin	1581	11937
krep	1581	11938
kalsa	1581	11939
çürümüş	1580	11940
yapımcı	1580	11941
merkezde	1580	11942
gösteriyorsun	1580	11943
gerçekleşecek	1580	11944
yüzleşmek	1580	11945
kişiyim	1580	11946
cips	1579	11947
bulmuşsun	1579	11948
kazandığını	1579	11949
dileme	1579	11950
yapabilirler	1579	11951
tükeniyor	1579	11952
bulaşık	1578	11953
canavarın	1578	11954
tarihini	1578	11955
notları	1578	11956
tanırsın	1577	11957
telefondan	1577	11958
teşebbüs	1577	11959
kulağıma	1577	11960
gerektiğinde	1577	11961
koyarım	1577	11962
söylemediniz	1577	11963
depoya	1576	11964
lucifer	1576	11965
dalgası	1576	11966
like	1576	11967
bizlere	1576	11968
yusuf	1575	11969
istemeye	1575	11970
kararım	1575	11971
bildir	1575	11972
yerlerinize	1575	11973
kaleye	1575	11974
döndüler	1574	11975
dalgalar	1574	11976
öldürdüğün	1574	11977
benziyorlar	1574	11978
bırakmanı	1574	11979
yaşaması	1574	11980
fren	1574	11981
holt	1574	11982
açıkladı	1574	11983
vermişler	1574	11984
olmasam	1573	11985
gölgeler	1573	11986
sayısını	1573	11987
yargılama	1573	11988
marta	1573	11989
takın	1573	11990
koştum	1573	11991
ifadeyi	1573	11992
vuruldum	1572	11993
kırıcı	1572	11994
çıkarayım	1572	11995
derinliklerinde	1572	11996
yanlıştı	1572	11997
keyfi	1572	11998
bilardo	1572	11999
asistanı	1571	12000
davasını	1571	12001
kalmamıştı	1571	12002
takıyor	1571	12003
yükselen	1571	12004
silip	1571	12005
krem	1570	12006
günlerin	1570	12007
kurtulmuş	1570	12008
çarpışma	1570	12009
traş	1570	12010
ediyorsan	1570	12011
deneyimi	1570	12012
kocanı	1570	12013
yapmanızı	1570	12014
kurgu	1569	12015
dediklerine	1569	12016
özgürce	1569	12017
bozukluk	1569	12018
lardan	1569	12019
akşamları	1569	12020
durduracak	1569	12021
hintli	1568	12022
yaşıyormuş	1568	12023
suçluyorsun	1568	12024
toplantım	1568	12025
bağırıp	1568	12026
mikrofon	1568	12027
ettiğimizi	1568	12028
fazladır	1568	12029
neyimiz	1568	12030
emretti	1568	12031
gardner	1568	12032
çivi	1567	12033
ölebilir	1567	12034
muhbir	1567	12035
değerleri	1567	12036
giyecek	1566	12037
shannon	1566	12038
geçiriyorsun	1566	12039
bayılacaksın	1566	12040
kötüsünü	1565	12041
ilgilendiren	1565	12042
avcıları	1565	12043
yatıyorum	1565	12044
bitkin	1565	12045
bakmalısın	1565	12046
kudüs	1565	12047
aramamı	1565	12048
mekik	1564	12049
nice	1564	12050
giremezsiniz	1564	12051
diplomatik	1564	12052
dilemeye	1564	12053
otobüste	1563	12054
darcy	1563	12055
fırlatma	1563	12056
güvenilmez	1563	12057
şifreli	1563	12058
sincap	1563	12059
basıp	1562	12060
babaya	1561	12061
down	1561	12062
kefalet	1561	12063
puro	1561	12064
vega	1561	12065
juliette	1561	12066
arabana	1561	12067
halin	1561	12068
domuzu	1561	12069
gördükten	1560	12070
kanında	1560	12071
söylemezsen	1560	12072
stewie	1560	12073
ayrıldığını	1560	12074
şiddetle	1560	12075
norveç	1560	12076
söylediklerim	1560	12077
theresa	1560	12078
hanımı	1560	12079
yeon	1560	12080
yapacağına	1559	12081
akciğer	1559	12082
israr	1559	12083
deliller	1559	12084
yetim	1559	12085
omuz	1559	12086
kurbanları	1558	12087
elijah	1558	12088
beynim	1558	12089
addison	1558	12090
acıya	1558	12091
tutuklayın	1558	12092
fedakarlık	1558	12093
cüzdanını	1558	12094
ekibinin	1558	12095
gönderilmiş	1558	12096
olacağımızı	1557	12097
veremiyorum	1557	12098
christy	1557	12099
tersini	1557	12100
dinleyelim	1556	12101
doğaüstü	1556	12102
yardımınız	1556	12103
yapınca	1556	12104
niyetinde	1556	12105
düşünceler	1556	12106
koltuğu	1556	12107
fener	1556	12108
hayaleti	1556	12109
gelirsek	1556	12110
gösteriye	1556	12111
fletcher	1555	12112
sabote	1555	12113
doğaçlama	1554	12114
giysiler	1554	12115
kutuları	1554	12116
olsanız	1554	12117
görmediğim	1554	12118
kuzenin	1554	12119
hazırlıyorum	1554	12120
ruhani	1554	12121
motel	1553	12122
hizmetleri	1553	12123
bahçesine	1553	12124
varmadan	1553	12125
güneşli	1552	12126
abin	1552	12127
zamanının	1552	12128
montgomery	1552	12129
çıkardığı	1552	12130
meclisi	1552	12131
merhametli	1552	12132
olamazsınız	1552	12133
anlattığı	1552	12134
arabasıyla	1551	12135
müddetçe	1550	12136
tırnak	1550	12137
fantezi	1550	12138
oynayacağım	1550	12139
izlemeyi	1550	12140
sizlerin	1549	12141
alevler	1549	12142
kaçırdık	1549	12143
ender	1549	12144
patricia	1549	12145
ariel	1549	12146
tanıdın	1549	12147
roland	1548	12148
ediyorlardı	1548	12149
bryan	1548	12150
yüzyılda	1548	12151
tessa	1548	12152
kaldığımız	1547	12153
kuşkusuz	1547	12154
büyüme	1547	12155
adamlarına	1547	12156
yarısından	1547	12157
başlayabilirsin	1547	12158
çan	1547	12159
suçluyor	1546	12160
çocukluğumdan	1546	12161
iyisidir	1546	12162
ışığa	1546	12163
biteni	1546	12164
onlari	1546	12165
gönderir	1546	12166
sunny	1545	12167
düşkün	1545	12168
kuruyor	1545	12169
kalalım	1545	12170
havuç	1545	12171
alanın	1545	12172
acımasızca	1544	12173
sürgün	1544	12174
narkotik	1544	12175
durmaya	1544	12176
yaşamanın	1544	12177
kurmuş	1544	12178
dostça	1543	12179
ölürsem	1543	12180
tapınağı	1542	12181
karınla	1542	12182
saçmalıkları	1542	12183
müzisyen	1542	12184
yatsın	1542	12185
edwards	1542	12186
tütün	1542	12187
vermezler	1541	12188
timi	1541	12189
getirsin	1541	12190
sormayı	1541	12191
vaktimi	1541	12192
nikita	1541	12193
ronald	1541	12194
bayrağı	1540	12195
sizlerle	1540	12196
beğenmedin	1540	12197
krema	1539	12198
şaşırttı	1539	12199
gitmekte	1539	12200
kurumu	1539	12201
geçersiz	1539	12202
çantam	1539	12203
sonuçlarına	1539	12204
kalmaktan	1539	12205
köprüyü	1539	12206
ettiğimde	1539	12207
inandığım	1539	12208
kişiydi	1538	12209
yükleme	1538	12210
sev	1538	12211
ihlali	1538	12212
dokunabilir	1538	12213
konuşabilirim	1538	12214
almana	1538	12215
gretchen	1537	12216
takımına	1537	12217
cebimde	1537	12218
mahkemenin	1537	12219
susadım	1537	12220
davetli	1536	12221
okuyun	1536	12222
geçenleri	1536	12223
yolumuza	1536	12224
kaka	1536	12225
fabrikası	1536	12226
gözlerinden	1536	12227
dalış	1536	12228
kanıtın	1536	12229
sırlar	1535	12230
adamıyım	1535	12231
benziyorum	1535	12232
tutuklamak	1535	12233
kolombiya	1535	12234
norma	1535	12235
ısırdı	1535	12236
aradığımı	1535	12237
alanını	1534	12238
çingene	1534	12239
istisna	1534	12240
kaçarken	1534	12241
düşünmüyordum	1534	12242
tanrıça	1534	12243
got	1534	12244
ortamda	1534	12245
kimdir	1534	12246
deliler	1534	12247
hamilelik	1533	12248
aldığımda	1533	12249
düşürdün	1533	12250
aranan	1533	12251
gelmezse	1533	12252
yumruğu	1533	12253
benimkiler	1533	12254
ameliyattan	1533	12255
çöpü	1533	12256
insanlarız	1532	12257
söylerse	1532	12258
randevuya	1532	12259
ming	1532	12260
tiffany	1532	12261
bırakmıştım	1532	12262
öğrenmelisin	1532	12263
alıyordum	1532	12264
ihtimaline	1532	12265
çekerken	1532	12266
ödevini	1531	12267
kısıtlı	1531	12268
powell	1531	12269
frances	1531	12270
çalışmasını	1531	12271
bozuyor	1531	12272
söylenecek	1531	12273
birlikleri	1531	12274
birleşme	1531	12275
ruj	1531	12276
götüreceksin	1531	12277
mendil	1531	12278
olmadığımızı	1530	12279
araca	1530	12280
doğruluk	1530	12281
uyuyorum	1530	12282
komisyon	1530	12283
önünü	1530	12284
unutuyorsun	1529	12285
ederdin	1529	12286
kostümü	1529	12287
çenesini	1529	12288
suratıma	1529	12289
tehlikesi	1529	12290
mazur	1528	12291
köprüden	1528	12292
geçerse	1528	12293
plazma	1528	12294
piliç	1528	12295
öğretmek	1528	12296
baek	1527	12297
derhâl	1527	12298
mani	1527	12299
parmağımı	1527	12300
adaletin	1527	12301
ilgilenmem	1527	12302
adadan	1526	12303
çağırıyorum	1526	12304
soruna	1526	12305
güvenme	1526	12306
doğruydu	1526	12307
edecektim	1526	12308
söylemişlerdi	1526	12309
tutuyorlar	1526	12310
kuruldu	1526	12311
sandığım	1526	12312
ödev	1525	12313
kanatları	1525	12314
şöhret	1525	12315
asma	1525	12316
konuşsun	1525	12317
lavaboya	1525	12318
agresif	1525	12319
reşit	1525	12320
öğreniyorum	1525	12321
planlıyorum	1525	12322
yapmışım	1525	12323
şanslısınız	1524	12324
sonraya	1524	12325
polisten	1524	12326
tarihinin	1524	12327
annelik	1524	12328
içerken	1523	12329
weaver	1523	12330
darwin	1523	12331
kapısına	1523	12332
konuştuğum	1523	12333
düşme	1522	12334
nabzı	1522	12335
öğrenelim	1522	12336
kalıntıları	1522	12337
başlarız	1522	12338
üzeresin	1522	12339
kaynıyor	1521	12340
durumla	1521	12341
ow	1521	12342
bakman	1521	12343
kalabiliriz	1521	12344
trenin	1521	12345
kalmalısın	1520	12346
lila	1520	12347
hedefin	1519	12348
öğrencilerin	1519	12349
suratlı	1519	12350
göstermiş	1519	12351
uyuyacağım	1519	12352
izleyeceğim	1519	12353
gidi	1519	12354
atarak	1519	12355
enerjisi	1518	12356
kaybetmekten	1518	12357
hataları	1518	12358
edith	1518	12359
çubuk	1518	12360
atayım	1518	12361
dükkânı	1518	12362
vurdular	1518	12363
vermezsen	1517	12364
hissetmedim	1517	12365
toplantısına	1517	12366
avukata	1517	12367
mezarı	1517	12368
bulursa	1517	12369
carly	1517	12370
demeliyim	1516	12371
konum	1516	12372
kullanımı	1516	12373
öğrenene	1516	12374
arkandan	1516	12375
yerimizi	1516	12376
sevmeye	1516	12377
hakkımız	1515	12378
acılı	1515	12379
nigel	1515	12380
hayatınız	1515	12381
jude	1515	12382
skandal	1515	12383
sonia	1515	12384
açılacak	1514	12385
demeden	1514	12386
başındaki	1514	12387
gu	1514	12388
konuşamazsın	1514	12389
lisedeyken	1514	12390
yazmıyor	1514	12391
vermeniz	1514	12392
büyükannen	1514	12393
babacık	1513	12394
almayacak	1513	12395
ağzımı	1513	12396
dövmesi	1513	12397
was	1513	12398
kalkar	1513	12399
vermenin	1512	12400
dandik	1512	12401
yaramazlık	1512	12402
meleğim	1512	12403
yayını	1511	12404
sini	1511	12405
uzanan	1511	12406
hasiktir	1511	12407
bilmeyecek	1511	12408
seyler	1511	12409
katılın	1511	12410
kumaş	1511	12411
başlayabilir	1511	12412
dayanamam	1510	12413
öğrenme	1510	12414
eğlenmeye	1510	12415
doğduğu	1510	12416
malik	1510	12417
çözüldü	1510	12418
yapılabilir	1509	12419
kapatmalıyım	1509	12420
getireceğini	1509	12421
lacey	1509	12422
çıktığın	1509	12423
öneriyorsun	1509	12424
canlısı	1509	12425
ham	1509	12426
gizlemek	1509	12427
kayboluyor	1508	12428
kayboldum	1508	12429
dönüşüyor	1508	12430
şarkının	1508	12431
burdasın	1508	12432
ayrılmayın	1508	12433
gitmenizi	1508	12434
yetmedi	1508	12435
çıkamaz	1507	12436
aceleye	1507	12437
topluyor	1507	12438
şikayetçi	1507	12439
ka	1507	12440
müzesi	1506	12441
edilmişti	1506	12442
herifle	1506	12443
şirketler	1506	12444
finans	1506	12445
yunanistan	1506	12446
sookie	1505	12447
tehlikelidir	1505	12448
birimizin	1505	12449
koyduk	1505	12450
meteor	1505	12451
bitkiler	1504	12452
umursamıyorum	1504	12453
konuşsak	1504	12454
örnekleri	1504	12455
yapmalıydım	1504	12456
gördüklerini	1503	12457
savcısı	1503	12458
gemma	1503	12459
durumumuz	1503	12460
getirildi	1503	12461
saint	1503	12462
hapishaneden	1503	12463
evimizi	1503	12464
kolaylıkla	1503	12465
mccoy	1502	12466
iniyor	1502	12467
bender	1502	12468
seyi	1502	12469
anneye	1501	12470
cross	1501	12471
giyiyorum	1501	12472
tayin	1501	12473
saçım	1501	12474
gerektirecek	1501	12475
bölük	1500	12476
holden	1500	12477
gelecekten	1500	12478
kaybederiz	1500	12479
bağlar	1499	12480
günlerdeki	1499	12481
çakal	1499	12482
sunu	1498	12483
vaktiniz	1498	12484
sahnesi	1498	12485
uyarmak	1498	12486
krallığı	1498	12487
danielle	1498	12488
çalışmalar	1498	12489
bulmanı	1497	12490
yatacak	1497	12491
bulacaklar	1497	12492
önemini	1496	12493
vurur	1496	12494
bölümün	1496	12495
paha	1496	12496
sonbahar	1496	12497
görevine	1496	12498
gözde	1496	12499
brooks	1496	12500
günlüğü	1496	12501
karanlığa	1495	12502
açsana	1495	12503
koyacağız	1495	12504
gelmediğini	1495	12505
işlerle	1494	12506
lamba	1494	12507
enfes	1494	12508
ölmekten	1494	12509
nişanlı	1494	12510
göstermez	1494	12511
sağladım	1494	12512
korkuttu	1494	12513
ayrılırken	1493	12514
gazetesi	1493	12515
bulduğumda	1493	12516
tate	1492	12517
kaça	1492	12518
göremez	1492	12519
başüstüne	1492	12520
preston	1491	12521
hissetmeni	1491	12522
üstümde	1491	12523
desteğe	1491	12524
eşimin	1491	12525
işlerden	1490	12526
şekerli	1490	12527
düşünürsen	1490	12528
konuşmuş	1490	12529
şapkası	1490	12530
eğlenelim	1489	12531
bulabilirsiniz	1489	12532
sabıka	1489	12533
şeytana	1489	12534
tanışıyor	1489	12535
bulunduğumuz	1489	12536
senato	1489	12537
unuttunuz	1488	12538
sahipti	1488	12539
bomboş	1488	12540
muamelesi	1488	12541
değişmeyecek	1488	12542
uyudum	1488	12543
benzemez	1488	12544
stajyer	1487	12545
girmez	1487	12546
kurtardık	1487	12547
sormuyorsun	1487	12548
gelemezsin	1487	12549
peyniri	1487	12550
kıllı	1486	12551
görünebilir	1486	12552
maçına	1486	12553
koydular	1486	12554
uykular	1486	12555
bekleyemeyiz	1486	12556
ba	1486	12557
duy	1486	12558
hayallerini	1486	12559
müttefik	1485	12560
temsilcisi	1485	12561
kılık	1485	12562
beklettiğim	1485	12563
olamayacağını	1485	12564
tutunun	1485	12565
pacey	1485	12566
clayton	1484	12567
ilerde	1484	12568
yapılmasını	1483	12569
söküp	1483	12570
saldırıyor	1483	12571
gideceğimizi	1483	12572
grev	1483	12573
şikago	1483	12574
gazoz	1483	12575
bekâr	1482	12576
yayında	1482	12577
gölün	1482	12578
kollarında	1482	12579
hissetmemiştim	1482	12580
görmeme	1482	12581
gecikti	1482	12582
burton	1482	12583
iğrençsin	1482	12584
yaralandın	1481	12585
hayırdır	1481	12586
alırsam	1481	12587
klingon	1480	12588
orasını	1480	12589
suçlamaları	1480	12590
kütüphanede	1479	12591
dememiş	1479	12592
dilerdim	1479	12593
çarptım	1479	12594
buster	1479	12595
nişanlısı	1479	12596
iyimisin	1479	12597
olamayacağım	1478	12598
köprünün	1478	12599
chip	1478	12600
gösterip	1478	12601
şuanda	1478	12602
anlamalısın	1478	12603
bahsedelim	1478	12604
gücümüz	1478	12605
evleniyorum	1478	12606
konuştuğun	1478	12607
barb	1477	12608
aletini	1477	12609
vardın	1477	12610
ekran	1477	12611
sevdiğimiz	1477	12612
keşfettim	1477	12613
katılmaya	1477	12614
dinlenmeye	1477	12615
türkiye	1477	12616
saatlere	1477	12617
köfte	1476	12618
hırslı	1476	12619
gereğinden	1476	12620
soktum	1476	12621
anlatacaksın	1476	12622
cartman	1476	12623
miş	1476	12624
kıyısında	1476	12625
oynadığını	1475	12626
psikoloji	1475	12627
takılan	1475	12628
montana	1475	12629
suzanne	1475	12630
kediyi	1475	12631
hücrede	1475	12632
söyleyebilirsiniz	1474	12633
bianca	1474	12634
üçünüz	1474	12635
hakkinda	1474	12636
masrafları	1474	12637
süvari	1474	12638
roosevelt	1474	12639
sawyer	1474	12640
topluluğu	1474	12641
değilken	1474	12642
denemeydi	1473	12643
anlığına	1473	12644
bırakmadan	1473	12645
kızınızın	1473	12646
bulacaksınız	1473	12647
dosyalarını	1473	12648
elleriyle	1473	12649
yapıyordunuz	1473	12650
sakal	1473	12651
gezegendeki	1473	12652
güneşe	1473	12653
striptizci	1473	12654
sandalyede	1473	12655
izliyoruz	1473	12656
fırsatta	1472	12657
biletler	1472	12658
hm	1472	12659
kucak	1472	12660
yayına	1472	12661
rekor	1472	12662
hangisinin	1472	12663
kapayın	1472	12664
ghost	1472	12665
itici	1472	12666
wolf	1471	12667
anneleri	1471	12668
çıkarmam	1471	12669
kocama	1471	12670
iple	1471	12671
olmazsan	1471	12672
neticede	1471	12673
hepsinde	1471	12674
sahibini	1471	12675
isteseydim	1470	12676
wook	1470	12677
çıkıyorlar	1470	12678
there	1470	12679
azı	1469	12680
ateşkes	1469	12681
kalite	1469	12682
salatası	1469	12683
becerikli	1469	12684
pastayı	1468	12685
görüşelim	1468	12686
orkestra	1468	12687
kirayı	1467	12688
benzemiyorsun	1467	12689
korkusuz	1467	12690
düşünmezdim	1467	12691
yasası	1467	12692
aleyküm	1467	12693
yapmakla	1467	12694
geldiğinizi	1467	12695
köprüye	1467	12696
süpriz	1467	12697
koduğumun	1467	12698
magnus	1466	12699
bilebilirim	1466	12700
asyalı	1466	12701
gazetelerde	1466	12702
ararız	1466	12703
venedik	1466	12704
solgun	1466	12705
olayından	1466	12706
düğünde	1466	12707
tereyağı	1465	12708
michigan	1465	12709
sebeplerden	1465	12710
alemde	1465	12711
ayin	1465	12712
üçüncüsü	1464	12713
kesecek	1464	12714
konular	1464	12715
mesafeden	1464	12716
durumum	1464	12717
demezsin	1464	12718
nsa	1464	12719
işlerde	1463	12720
okurum	1463	12721
büyüyünce	1463	12722
geçiyorsunuz	1463	12723
etmelerini	1462	12724
kabile	1462	12725
russ	1462	12726
anısına	1462	12727
marion	1462	12728
prue	1461	12729
sorunuz	1461	12730
bakmıyorsun	1461	12731
gösteriyorum	1460	12732
çıkarsan	1460	12733
tümü	1460	12734
oğulları	1460	12735
durmasını	1460	12736
zihnini	1460	12737
keserim	1460	12738
giysileri	1460	12739
yapabildin	1460	12740
kazak	1459	12741
iskoç	1459	12742
yazdığın	1459	12743
sancak	1459	12744
reis	1459	12745
batırdım	1459	12746
kazı	1459	12747
hayvanlara	1458	12748
şahitlik	1458	12749
tuzağı	1458	12750
julio	1458	12751
toprağın	1458	12752
doğruymuş	1458	12753
silahların	1457	12754
maskesi	1457	12755
light	1457	12756
düştüğü	1457	12757
tünaydın	1457	12758
karnı	1457	12759
sekreteri	1457	12760
müdürüm	1457	12761
müşterileri	1457	12762
nixon	1457	12763
geçerek	1456	12764
doğar	1456	12765
belliydi	1456	12766
lorelai	1456	12767
bardağı	1456	12768
madrid	1456	12769
tanışmadım	1456	12770
yapış	1456	12771
somut	1456	12772
aranda	1456	12773
kandırmaya	1455	12774
kibrit	1455	12775
anlaşılır	1455	12776
güvendeyiz	1455	12777
peşin	1455	12778
paulie	1455	12779
verecektir	1455	12780
kot	1455	12781
tedaviye	1454	12782
ayrılan	1454	12783
gidiyorduk	1454	12784
modası	1454	12785
üsse	1454	12786
görüşmeyeli	1454	12787
girerse	1454	12788
kurucu	1454	12789
arkadaşlarımdan	1454	12790
hisseder	1454	12791
chul	1454	12792
egzotik	1453	12793
medyum	1453	12794
karate	1453	12795
haven	1453	12796
söylüyordun	1453	12797
istasyonunda	1453	12798
müze	1453	12799
görevlileri	1453	12800
edebilirler	1453	12801
anlayamazsın	1452	12802
yiyoruz	1452	12803
aceleyle	1452	12804
yerinize	1451	12805
kurtulan	1451	12806
taşıyorsun	1451	12807
düşünürken	1451	12808
oluyorsunuz	1451	12809
ırk	1451	12810
yaşayacağız	1451	12811
rehabilitasyon	1451	12812
çalışırız	1451	12813
sarf	1451	12814
sokacak	1451	12815
bizle	1451	12816
sağlarım	1451	12817
iyimser	1451	12818
bitireyim	1450	12819
kitt	1450	12820
clive	1449	12821
pazarlama	1449	12822
bulduğumu	1449	12823
gelişti	1449	12824
görebileceğim	1449	12825
sağlığına	1448	12826
dük	1448	12827
edildiği	1448	12828
makineli	1448	12829
fransızlar	1448	12830
becer	1447	12831
endişelenmeye	1447	12832
olsunlar	1447	12833
sıram	1447	12834
kullanılıyor	1447	12835
düştük	1447	12836
hasat	1447	12837
tansiyon	1446	12838
iyisiniz	1446	12839
olsaydınız	1446	12840
kollarına	1446	12841
nash	1446	12842
kastediyorum	1446	12843
mara	1446	12844
unutmuşsun	1446	12845
isminin	1446	12846
mesajımı	1445	12847
arabamın	1445	12848
acelen	1445	12849
ziva	1445	12850
horoz	1445	12851
çıkamazsın	1445	12852
inancım	1445	12853
bittim	1444	12854
sonunun	1444	12855
dokunur	1444	12856
diğerinin	1444	12857
kolun	1444	12858
men	1444	12859
sokuyor	1444	12860
bindi	1444	12861
umursamaz	1444	12862
çekilen	1443	12863
joanna	1443	12864
etek	1443	12865
artan	1443	12866
yediğim	1443	12867
açmıyor	1443	12868
dayanılmaz	1443	12869
josie	1443	12870
haltlar	1443	12871
araçları	1443	12872
rip	1442	12873
mühendislik	1442	12874
suça	1442	12875
taraması	1442	12876
kuzeyde	1442	12877
ajanları	1442	12878
kalça	1442	12879
aciz	1442	12880
versem	1442	12881
ram	1442	12882
lindsey	1441	12883
kabuğu	1441	12884
worf	1441	12885
olabilirdin	1441	12886
alırsa	1441	12887
natasha	1440	12888
georgie	1440	12889
günüydü	1440	12890
bakması	1440	12891
vaziyette	1440	12892
gerçekleşen	1440	12893
beleş	1440	12894
duymaz	1440	12895
maura	1440	12896
gönderme	1439	12897
dönmez	1439	12898
yaramazsa	1439	12899
belirlemek	1437	12900
uyuya	1437	12901
bankanın	1437	12902
deve	1437	12903
söylesen	1437	12904
dalgaları	1437	12905
yollayın	1437	12906
yapmakta	1437	12907
teröristler	1437	12908
crawford	1436	12909
oturuyordu	1436	12910
dükkanında	1436	12911
sorulara	1436	12912
frederick	1435	12913
inanmaya	1435	12914
doktorların	1435	12915
çoğunun	1435	12916
yönetmeni	1435	12917
züppe	1434	12918
halledeyim	1434	12919
sızıntı	1434	12920
kafamdan	1434	12921
sorunlarım	1434	12922
elektriği	1433	12923
altıma	1433	12924
kalamayız	1433	12925
tarım	1433	12926
elsa	1433	12927
disk	1433	12928
saatlerdir	1433	12929
sorabilirsin	1433	12930
annemiz	1433	12931
deposu	1433	12932
araştır	1433	12933
aktris	1432	12934
tuttuğu	1432	12935
bağlantıya	1432	12936
malone	1432	12937
kurtarabilir	1432	12938
takıp	1432	12939
tesisi	1432	12940
anlatmam	1431	12941
haritayı	1431	12942
bilinçli	1431	12943
itibariyle	1431	12944
maureen	1431	12945
yemen	1430	12946
niyet	1430	12947
çim	1430	12948
çatal	1430	12949
arkadaşından	1430	12950
willow	1430	12951
huzuru	1430	12952
annenden	1429	12953
ediyorsa	1429	12954
protein	1429	12955
dağa	1429	12956
korkuyordu	1429	12957
tüpü	1429	12958
değdi	1429	12959
girdiniz	1429	12960
aksiyon	1428	12961
tipim	1428	12962
sınıfın	1428	12963
uzunca	1428	12964
gracie	1428	12965
sözcük	1428	12966
otelden	1428	12967
açıklayacak	1427	12968
yıldızlara	1427	12969
isabella	1427	12970
hediyeyi	1427	12971
peşime	1427	12972
sebepsiz	1427	12973
aldırma	1427	12974
kusacağım	1427	12975
kaybettiniz	1426	12976
koşup	1426	12977
paranız	1426	12978
bombalar	1426	12979
gezintiye	1426	12980
nesne	1425	12981
çıkamam	1425	12982
ajansı	1425	12983
masasına	1425	12984
zincir	1425	12985
trenle	1425	12986
duyamadım	1425	12987
çalarken	1425	12988
yakışmış	1425	12989
ayyaş	1425	12990
dünyasının	1425	12991
kaybından	1424	12992
siper	1424	12993
dörtte	1424	12994
latince	1424	12995
otu	1424	12996
istemeden	1424	12997
tükendi	1423	12998
yılımı	1423	12999
davranın	1423	13000
yemeklerini	1423	13001
karşılamak	1423	13002
fırın	1423	13003
bisküvi	1423	13004
kültürel	1422	13005
ayaklarının	1422	13006
sayılırım	1422	13007
ebediyen	1421	13008
affediyorum	1421	13009
öncesinden	1421	13010
tarihte	1421	13011
gönderecek	1421	13012
topraklar	1421	13013
queens	1421	13014
gelişim	1421	13015
değiştiğini	1421	13016
haritası	1421	13017
etmiyorlar	1421	13018
gelişi	1420	13019
milton	1420	13020
parlıyor	1420	13021
barbekü	1419	13022
bombanın	1419	13023
salağın	1419	13024
tutuklanmış	1419	13025
değiştireceğim	1419	13026
county	1419	13027
konuştuğu	1419	13028
isteme	1418	13029
isteyeceksin	1418	13030
çektiğim	1418	13031
kumarhane	1418	13032
santiago	1418	13033
cassidy	1417	13034
bozma	1417	13035
iyiyimdir	1417	13036
bombaları	1417	13037
içeriz	1417	13038
sokmaya	1417	13039
işimden	1417	13040
noktamız	1416	13041
saatlerinde	1416	13042
zero	1416	13043
askıya	1416	13044
bırakmıyor	1416	13045
kurma	1416	13046
daireyi	1416	13047
tutuklusunuz	1416	13048
zirveye	1416	13049
lori	1416	13050
açtığı	1416	13051
taşıyorum	1416	13052
now	1416	13053
yoktun	1416	13054
sevk	1416	13055
rom	1416	13056
sıkıntılı	1415	13057
centilmen	1415	13058
toplantısında	1415	13059
çakmak	1415	13060
yararına	1415	13061
durmanı	1415	13062
tecrübeli	1415	13063
oğlanlar	1415	13064
yapıldığı	1415	13065
tutacağız	1414	13066
araması	1414	13067
edebileceğimi	1414	13068
öğrenmenin	1414	13069
hayalleri	1414	13070
seviniyorum	1414	13071
brendan	1413	13072
beklemekten	1413	13073
davul	1413	13074
hakiki	1413	13075
yukarda	1413	13076
çarpan	1413	13077
sabahleyin	1413	13078
duymadınız	1413	13079
böcekleri	1413	13080
kişiyiz	1412	13081
cumhuriyeti	1412	13082
görsem	1412	13083
çalışırdı	1412	13084
savaşları	1412	13085
evrendeki	1412	13086
kestirme	1411	13087
kayboldun	1411	13088
dönersin	1411	13089
düşünmeliyiz	1411	13090
istasyonda	1411	13091
çalışmıyorsun	1410	13092
değiştim	1410	13093
elbiseleri	1410	13094
katılır	1410	13095
seyahate	1410	13096
saymazsak	1410	13097
sevdiğiniz	1410	13098
gömleğini	1410	13099
doğruladı	1410	13100
bağırıyor	1410	13101
bilemezsiniz	1410	13102
karşına	1409	13103
minnettarız	1409	13104
anita	1409	13105
cüzdanımı	1409	13106
bulutlar	1409	13107
tabut	1408	13108
malzemeler	1408	13109
parçam	1408	13110
hastaların	1408	13111
julius	1408	13112
kandırdın	1408	13113
sormadın	1408	13114
ölmemiş	1408	13115
mutfağı	1408	13116
bağlıdır	1407	13117
kadara	1407	13118
ticareti	1407	13119
yaşın	1407	13120
bebekle	1407	13121
gururla	1406	13122
alexis	1406	13123
kariyerim	1406	13124
boğulmuş	1406	13125
stacy	1406	13126
venüs	1405	13127
kartımı	1405	13128
anlatmış	1405	13129
fran	1405	13130
başlatmak	1405	13131
başlamalıyız	1405	13132
babaları	1405	13133
hırsızlığı	1405	13134
ablan	1405	13135
almayın	1405	13136
göstermem	1404	13137
maymunlar	1404	13138
yatağımda	1404	13139
seyret	1404	13140
heh	1403	13141
ibrahim	1403	13142
boşalt	1403	13143
kızartması	1403	13144
yaşımdan	1403	13145
üs	1403	13146
tanıyordum	1403	13147
söylememiştin	1403	13148
hastaya	1403	13149
güverte	1403	13150
beta	1402	13151
toplantıyı	1402	13152
uzaklaştırma	1402	13153
hazırlanmış	1401	13154
beğenmedim	1401	13155
aradığında	1401	13156
salona	1401	13157
peruk	1401	13158
seyirciler	1401	13159
karıştırıyor	1401	13160
ri	1401	13161
tarafındaki	1401	13162
dersine	1401	13163
anlamanı	1400	13164
öldürürsen	1400	13165
kozmik	1400	13166
kardeşlik	1400	13167
görülür	1400	13168
acınacak	1400	13169
edecekti	1400	13170
evlenmeye	1400	13171
eriyor	1399	13172
başlık	1399	13173
neleri	1399	13174
sayılmam	1399	13175
gidiyormuş	1399	13176
çevrili	1399	13177
toprakları	1399	13178
şımarık	1399	13179
seksten	1399	13180
başlat	1399	13181
kiloluk	1398	13182
hakla	1398	13183
annesiyim	1398	13184
evindeki	1398	13185
koz	1398	13186
durumunuz	1398	13187
göğüsleri	1398	13188
düşündüren	1397	13189
uyudu	1397	13190
tövbe	1397	13191
giyinmiş	1397	13192
parçasıydı	1397	13193
melez	1397	13194
verirsek	1397	13195
hurda	1397	13196
zorundadır	1397	13197
öğrenmemiz	1396	13198
heykeli	1396	13199
kovuldum	1396	13200
aletler	1396	13201
jeanne	1396	13202
izleyelim	1396	13203
röntgen	1396	13204
oxford	1395	13205
sağlama	1395	13206
bölüme	1395	13207
gemisine	1395	13208
ayarlamak	1395	13209
sinsice	1395	13210
teşkilatı	1395	13211
izleyip	1395	13212
ağzın	1395	13213
beklediği	1394	13214
bugünü	1394	13215
bulvarı	1394	13216
delhi	1394	13217
eğleneceğiz	1393	13218
yalandı	1393	13219
soy	1393	13220
bilirler	1393	13221
oturdum	1393	13222
paralel	1393	13223
courtney	1393	13224
churchill	1392	13225
yiyebilir	1392	13226
öğrenmesi	1392	13227
geçtiler	1392	13228
açılın	1392	13229
timothy	1392	13230
xin	1391	13231
bilirdi	1391	13232
çekinme	1391	13233
bulunduğum	1391	13234
kırılgan	1391	13235
konusuna	1391	13236
horatio	1391	13237
söylemesini	1391	13238
duyardı	1391	13239
harf	1391	13240
problemimiz	1391	13241
bastın	1391	13242
gittiklerini	1391	13243
kelso	1391	13244
öküz	1391	13245
superman	1391	13246
acıttı	1391	13247
kalktım	1390	13248
kuvvetler	1390	13249
ruhunun	1390	13250
göründüğünden	1390	13251
benimkinden	1390	13252
yediği	1390	13253
içinse	1389	13254
gruplar	1389	13255
köylüler	1389	13256
ikinizden	1389	13257
kurmayı	1388	13258
sığ	1388	13259
keyfin	1388	13260
soslu	1388	13261
araştırıyor	1387	13262
yakma	1387	13263
yanılıyorsunuz	1387	13264
roberto	1387	13265
tahminim	1387	13266
başlayayım	1386	13267
lekesi	1386	13268
po	1386	13269
fantastik	1386	13270
bulmuştum	1385	13271
göğsüne	1385	13272
haklıyım	1385	13273
geçirin	1385	13274
uyandırmak	1384	13275
yapamayacağımı	1384	13276
minibüs	1384	13277
kamyoneti	1384	13278
avusturya	1384	13279
araman	1384	13280
kalacaklar	1384	13281
sokaktaki	1384	13282
yollarım	1384	13283
uzatma	1383	13284
hayranlık	1383	13285
jesus	1383	13286
gidiş	1383	13287
bip	1383	13288
yakalama	1383	13289
leah	1383	13290
anlatırsın	1382	13291
heyecanlandım	1382	13292
tarzan	1382	13293
vardığımızda	1382	13294
rap	1382	13295
sırtına	1382	13296
yaşayabilir	1381	13297
doğduğunda	1381	13298
dilinde	1381	13299
hafifçe	1381	13300
benimdir	1381	13301
esnada	1381	13302
aramanı	1381	13303
kaçırdığını	1381	13304
anlayacaktır	1381	13305
bedenin	1381	13306
yaptığıma	1381	13307
yatıyordu	1381	13308
hannibal	1380	13309
sorumluyum	1380	13310
sırtından	1380	13311
moya	1380	13312
soruşturması	1380	13313
soğukkanlı	1380	13314
demokrasi	1380	13315
ışığını	1379	13316
alırdı	1379	13317
fiyata	1379	13318
davranıp	1379	13319
viyana	1379	13320
çıkayım	1379	13321
atak	1379	13322
kasvetli	1379	13323
liseye	1378	13324
dağlar	1378	13325
çekeceğiz	1378	13326
hazırladı	1378	13327
neresinde	1378	13328
sözün	1378	13329
edebiyat	1378	13330
piyasaya	1377	13331
ekle	1377	13332
etmezler	1377	13333
yürekli	1377	13334
finanse	1377	13335
lisbon	1377	13336
edinmek	1377	13337
veriliyor	1376	13338
turk	1376	13339
tepesine	1376	13340
marcy	1376	13341
çevreyi	1376	13342
sabırsızlıkla	1376	13343
nöbeti	1376	13344
düşmanları	1376	13345
bryce	1376	13346
pisliğe	1376	13347
dinleyecek	1376	13348
şansına	1376	13349
bildirdi	1375	13350
etmeyen	1375	13351
yasağı	1375	13352
atabilir	1375	13353
geziye	1375	13354
adem	1375	13355
geleceğine	1375	13356
bekçi	1374	13357
aramalıyız	1374	13358
sherry	1374	13359
satıldı	1374	13360
bağışıklık	1374	13361
yay	1374	13362
düşünüyorduk	1373	13363
meselesini	1373	13364
wheeler	1373	13365
öldürmedin	1373	13366
masraflarını	1373	13367
başlamaya	1373	13368
dişini	1373	13369
haberlere	1373	13370
gazeteler	1373	13371
görürseniz	1373	13372
ayır	1373	13373
vip	1373	13374
durması	1373	13375
görünümlü	1372	13376
abartılı	1372	13377
ira	1371	13378
çalma	1371	13379
burak	1371	13380
zorlanıyorum	1371	13381
beck	1371	13382
manyağı	1371	13383
sisteminde	1370	13384
gülümseyin	1370	13385
şşş	1370	13386
arıyorduk	1370	13387
arkadaşlarımız	1370	13388
zehri	1370	13389
kıpırda	1370	13390
torpido	1370	13391
inançlı	1370	13392
giles	1369	13393
ak	1369	13394
topluma	1369	13395
sorman	1369	13396
öder	1369	13397
karşılama	1369	13398
yerindeki	1369	13399
sistemde	1369	13400
valentine	1369	13401
banks	1369	13402
olayında	1369	13403
bekleniyor	1368	13404
kanadı	1368	13405
sıçrama	1368	13406
edepsiz	1368	13407
uçakları	1368	13408
tepenin	1368	13409
sar	1368	13410
becerdin	1368	13411
durumları	1368	13412
numaran	1367	13413
geçirelim	1367	13414
bilimi	1367	13415
haftaki	1367	13416
ofisini	1367	13417
komite	1367	13418
ağlayan	1367	13419
saçına	1367	13420
saatimi	1367	13421
hayley	1366	13422
vermezdim	1366	13423
girişimi	1366	13424
arz	1366	13425
bilinç	1366	13426
yapacaktır	1366	13427
kampına	1366	13428
merkezindeki	1365	13429
oğlanı	1365	13430
öptü	1365	13431
mayın	1365	13432
aittir	1365	13433
bitirmeye	1364	13434
soruyorsunuz	1364	13435
kalırsak	1364	13436
yanımdan	1364	13437
kaybolur	1364	13438
carolina	1364	13439
hatırlamıyorsun	1364	13440
kımıldamayın	1364	13441
hastanesine	1364	13442
döndüğü	1363	13443
görünecek	1363	13444
stanford	1363	13445
inanmaz	1363	13446
okyanusa	1363	13447
vermediler	1363	13448
limonata	1363	13449
üstat	1363	13450
renkler	1363	13451
dolabı	1362	13452
dök	1362	13453
vardiya	1362	13454
cenneti	1362	13455
saraya	1362	13456
kullanım	1362	13457
geçmiyor	1362	13458
geçeyim	1362	13459
acılar	1362	13460
aştım	1361	13461
bitirir	1361	13462
sevgiyle	1361	13463
cezayı	1361	13464
olmazsın	1361	13465
veriler	1361	13466
varış	1361	13467
sakso	1361	13468
olmadıklarını	1361	13469
açmayı	1361	13470
özgürüm	1361	13471
aptalcaydı	1361	13472
she	1361	13473
ergen	1361	13474
işletme	1361	13475
müzikal	1360	13476
mustafa	1360	13477
düşünmekten	1360	13478
enkaz	1359	13479
alacaktır	1359	13480
konuşmadı	1359	13481
kamyona	1359	13482
konserve	1359	13483
buralı	1359	13484
peygamber	1359	13485
öneri	1359	13486
olmasıdır	1359	13487
diyeceğiz	1359	13488
kovdu	1358	13489
katlanamıyorum	1358	13490
götürdün	1358	13491
dönmelisin	1358	13492
huzurunda	1358	13493
araştırmalar	1357	13494
yardımıma	1357	13495
öldürüyorsun	1357	13496
dedektifler	1357	13497
yarışmaya	1357	13498
ilanı	1357	13499
havuzda	1357	13500
istasyonuna	1357	13501
öncelik	1357	13502
kütüphaneye	1357	13503
karşılıksız	1357	13504
birsey	1357	13505
hemfikir	1356	13506
karanlıktan	1356	13507
zıpla	1356	13508
yaratığı	1356	13509
saldır	1356	13510
batıl	1356	13511
olmaksızın	1356	13512
asistanım	1356	13513
duymamış	1356	13514
savaşçısı	1356	13515
bataklık	1356	13516
maddy	1355	13517
hakem	1355	13518
gezegenler	1355	13519
bakıcısı	1355	13520
yakınız	1355	13521
kedisi	1355	13522
harriet	1354	13523
duracağım	1354	13524
maçta	1354	13525
çıktınız	1354	13526
kullandığım	1354	13527
tutuluyor	1354	13528
karavan	1354	13529
kahramanlık	1354	13530
meraktan	1354	13531
cihazını	1353	13532
ty	1353	13533
emriyle	1353	13534
dokuzuncu	1353	13535
karıştırıyorsun	1353	13536
vaaz	1353	13537
olabileceğim	1352	13538
bildiğinden	1352	13539
dilimi	1352	13540
lopez	1352	13541
dönebilirsin	1352	13542
ihtimale	1352	13543
çizim	1352	13544
ittifak	1352	13545
evreni	1351	13546
suçlamak	1351	13547
seninde	1351	13548
astronot	1351	13549
hastanesinde	1351	13550
kaybetmeyi	1351	13551
good	1351	13552
sözüne	1351	13553
yasalar	1351	13554
karşıyayız	1351	13555
şeytanlar	1350	13556
allan	1350	13557
gerçekleştirmek	1350	13558
okuyacak	1350	13559
erotik	1350	13560
çektik	1350	13561
yoldayım	1350	13562
atık	1350	13563
sıkıntısı	1350	13564
unutmuştum	1349	13565
atlantik	1349	13566
yırtıcı	1349	13567
kadarmış	1349	13568
saldırının	1348	13569
içen	1348	13570
mimi	1348	13571
öğrenmeliyiz	1348	13572
yaşlılar	1348	13573
kartın	1348	13574
beklemeliyiz	1347	13575
keder	1347	13576
ekipleri	1347	13577
getireceksin	1347	13578
çember	1347	13579
kullanmıyorum	1347	13580
byron	1347	13581
aspirin	1347	13582
akıp	1347	13583
sağlayabilirim	1346	13584
sınırlarını	1346	13585
giysilerini	1346	13586
bilmiyormuş	1346	13587
allahın	1346	13588
çarmıha	1346	13589
keman	1346	13590
come	1346	13591
yaradığını	1346	13592
tamamlamak	1346	13593
çoklu	1346	13594
eşyaların	1345	13595
yerleşim	1345	13596
milletler	1345	13597
alanları	1345	13598
merkezinden	1345	13599
aşamada	1345	13600
koyuyorsun	1345	13601
ss	1345	13602
isimle	1345	13603
maçın	1345	13604
karşılaşmak	1345	13605
dursana	1345	13606
cilt	1344	13607
laboratuvara	1344	13608
sını	1343	13609
yakışır	1343	13610
öğrenirsin	1343	13611
esrarengiz	1343	13612
durumdalar	1343	13613
armstrong	1343	13614
etmezdi	1343	13615
ritchie	1343	13616
olmamasına	1342	13617
bulundun	1342	13618
kullanırken	1342	13619
birbirimiz	1342	13620
st	1342	13621
görüntülerini	1342	13622
çekeceksin	1342	13623
görebilmek	1342	13624
ağa	1342	13625
ortasındayız	1342	13626
bakmamı	1341	13627
who	1341	13628
sokar	1341	13629
flint	1341	13630
adamlarımız	1341	13631
mahvediyor	1341	13632
elbiseli	1341	13633
altındayız	1341	13634
gülen	1341	13635
büyüktür	1341	13636
konuları	1340	13637
ayarlarım	1340	13638
kafandan	1340	13639
bırakılmış	1340	13640
alınması	1340	13641
beklersin	1340	13642
sayılı	1340	13643
kamyonun	1340	13644
izledi	1340	13645
bahsettiğinizi	1339	13646
millie	1339	13647
yaptırdı	1339	13648
celia	1339	13649
hissediyorsunuz	1339	13650
görüşü	1339	13651
izine	1338	13652
adamlarımı	1338	13653
ulaşamıyorum	1338	13654
suçluları	1338	13655
alkollü	1338	13656
dikilip	1338	13657
ayrılıyoruz	1338	13658
tüyler	1338	13659
şirketinde	1338	13660
unutmaya	1338	13661
bulaştı	1338	13662
nypd	1338	13663
getirmesi	1337	13664
old	1337	13665
biliniyor	1337	13666
köşeyi	1337	13667
çalışkan	1337	13668
len	1337	13669
çatıdan	1337	13670
clinton	1337	13671
bakımı	1336	13672
rush	1336	13673
kasaya	1336	13674
rengini	1336	13675
fen	1336	13676
içindesin	1335	13677
muhabbeti	1335	13678
stalin	1335	13679
çilek	1335	13680
north	1335	13681
albümü	1335	13682
vatandaşı	1335	13683
kahkaha	1335	13684
inancın	1335	13685
hiçbiriniz	1334	13686
gençlerin	1334	13687
fikrimiz	1334	13688
çalışmıştım	1334	13689
dayız	1334	13690
kadin	1334	13691
sokaktan	1334	13692
ine	1334	13693
göndermeye	1334	13694
demekti	1334	13695
les	1333	13696
akrabası	1333	13697
tanışmadan	1333	13698
bırakarak	1333	13699
aldıkları	1333	13700
sağdan	1333	13701
karıştırıcı	1333	13702
başkalarıyla	1333	13703
majestelerinin	1332	13704
nüfus	1332	13705
demen	1332	13706
amcası	1332	13707
bitmeyecek	1332	13708
benimsin	1332	13709
olmamalısın	1331	13710
alışkın	1331	13711
denizaltı	1331	13712
kahveyi	1331	13713
resme	1331	13714
karardı	1331	13715
whitney	1330	13716
bilmezsin	1330	13717
hor	1330	13718
girdiğimde	1330	13719
halbuki	1330	13720
cüzdanı	1330	13721
yüzmek	1330	13722
balta	1330	13723
şişesi	1330	13724
bacaklarım	1330	13725
analizi	1330	13726
katkıda	1330	13727
bakmalıyız	1330	13728
zaferi	1329	13729
hayatlarımızı	1329	13730
plaka	1329	13731
ahmet	1329	13732
beşlik	1329	13733
kiraz	1329	13734
antoine	1329	13735
hisleri	1329	13736
hacı	1329	13737
dönüşür	1329	13738
kucağına	1329	13739
doğacak	1329	13740
aceleci	1328	13741
rupi	1328	13742
kavgayı	1328	13743
kanıtlıyor	1328	13744
uyuyorsun	1328	13745
değişebilir	1328	13746
bilmeye	1328	13747
sel	1328	13748
asansörde	1327	13749
billie	1327	13750
haplar	1327	13751
fırında	1327	13752
bulamadılar	1327	13753
caitlin	1327	13754
motorları	1327	13755
yakar	1326	13756
tarzın	1326	13757
once	1326	13758
duyguların	1326	13759
post	1326	13760
ordudan	1326	13761
tesekkürler	1326	13762
alabiliyorum	1326	13763
merdivenleri	1326	13764
istiyordur	1326	13765
soyadını	1326	13766
sağladın	1326	13767
savunmaya	1325	13768
dutch	1325	13769
izledik	1325	13770
dekan	1325	13771
başlığı	1325	13772
sorar	1325	13773
mississippi	1325	13774
içişleri	1325	13775
arasın	1325	13776
referans	1325	13777
ikimizden	1325	13778
yasaktır	1324	13779
gezegenden	1324	13780
ayakkabılarımı	1324	13781
süresince	1324	13782
titriyor	1324	13783
sembol	1324	13784
tekidir	1324	13785
içtik	1324	13786
etmeyeceksin	1324	13787
penguen	1324	13788
jürinin	1324	13789
gazla	1324	13790
degilim	1323	13791
olmayınca	1323	13792
hissetmiştim	1323	13793
kanamayı	1323	13794
sahipsiniz	1323	13795
olacağın	1322	13796
mahkumlar	1322	13797
sandığından	1322	13798
ruhuna	1322	13799
alacaktım	1322	13800
çekirdek	1322	13801
babasından	1322	13802
ollie	1322	13803
patlamaya	1321	13804
acıdan	1321	13805
yala	1321	13806
inanmamı	1321	13807
sorduğum	1321	13808
harley	1321	13809
dizayn	1321	13810
henri	1320	13811
mutant	1320	13812
kullanırız	1320	13813
alabilecek	1320	13814
senaryoyu	1320	13815
yeğeni	1320	13816
durdurmalıyız	1320	13817
tuğla	1319	13818
kavuşturalım	1319	13819
teknolojisi	1319	13820
piçi	1319	13821
takıyorsun	1319	13822
tepesi	1319	13823
kuyruğu	1319	13824
okurken	1319	13825
uçaklar	1319	13826
değişken	1318	13827
takıntılı	1318	13828
yeryüzünde	1318	13829
çalışırsan	1318	13830
güvenle	1318	13831
göstereceğiz	1318	13832
odanı	1318	13833
yapamazlar	1318	13834
görünmeye	1318	13835
cristina	1318	13836
oswald	1318	13837
flaş	1318	13838
gönderdiğini	1317	13839
hızını	1317	13840
baby	1317	13841
yoksul	1317	13842
geçireceksin	1317	13843
randevumuz	1317	13844
diledim	1317	13845
davranır	1317	13846
kurduk	1317	13847
prosedür	1317	13848
saklamış	1317	13849
yollara	1316	13850
kişilerle	1316	13851
pusuya	1316	13852
gevşek	1316	13853
kaybedeceksin	1316	13854
kontrole	1316	13855
büyükannemin	1316	13856
neşelen	1316	13857
mankafa	1316	13858
kardeşleri	1316	13859
yüzüğünü	1316	13860
kremi	1316	13861
tik	1316	13862
wa	1316	13863
başarmış	1316	13864
liseli	1316	13865
zenciler	1315	13866
first	1315	13867
açıklarım	1315	13868
kurtarmış	1315	13869
tatsız	1315	13870
ekibe	1314	13871
kaçırıyorsun	1314	13872
yatılı	1314	13873
bekledi	1314	13874
alacağımı	1314	13875
gezmek	1314	13876
keşfetmek	1314	13877
clarence	1314	13878
aylak	1314	13879
attığın	1314	13880
herman	1314	13881
engelli	1314	13882
zoey	1314	13883
evlenmeden	1314	13884
erzak	1314	13885
gerekenleri	1313	13886
eksikliği	1313	13887
bitirin	1313	13888
cehennemi	1313	13889
fry	1313	13890
bakmadan	1313	13891
coop	1312	13892
adrenalin	1312	13893
obama	1312	13894
bayılacak	1311	13895
beton	1311	13896
noktasında	1311	13897
şunlar	1311	13898
bulunamadı	1311	13899
faturaları	1311	13900
kazada	1311	13901
düzgünce	1311	13902
güvenliğin	1310	13903
sayılar	1310	13904
cephane	1310	13905
yardımım	1310	13906
seçin	1310	13907
çalışmamız	1310	13908
organları	1310	13909
yapmazsın	1310	13910
çıkardılar	1310	13911
kutsasın	1310	13912
silas	1310	13913
çıkıyordu	1310	13914
şeyse	1310	13915
marianne	1310	13916
milyonlar	1309	13917
önerim	1309	13918
sinclair	1309	13919
inandın	1309	13920
kazanın	1309	13921
büyükbaban	1309	13922
malzemesi	1309	13923
pilotu	1309	13924
vardi	1309	13925
odamı	1308	13926
kullanmaktan	1308	13927
görmediğini	1308	13928
ayarlayabilirim	1307	13929
yerdeler	1307	13930
akışı	1307	13931
crowley	1306	13932
seçimini	1306	13933
ferrari	1306	13934
kraliçem	1306	13935
konuşmayacağım	1306	13936
kafaları	1306	13937
sevilen	1306	13938
dinlemelisin	1306	13939
yakaladınız	1306	13940
yıldızlı	1306	13941
seninleyim	1305	13942
dersinde	1305	13943
gömleği	1305	13944
saçmalığa	1305	13945
indirmek	1305	13946
sırtım	1305	13947
yapsana	1305	13948
girmeme	1305	13949
battı	1304	13950
ayrılmaya	1304	13951
anlattığın	1304	13952
benimkine	1304	13953
aeryn	1304	13954
gemiyle	1304	13955
yalanı	1303	13956
hatırına	1303	13957
cary	1303	13958
babil	1303	13959
programında	1303	13960
sokan	1302	13961
patlak	1302	13962
ofisin	1302	13963
sınava	1302	13964
katılacağım	1302	13965
bulmuştu	1302	13966
bencilce	1302	13967
piyasa	1302	13968
kapılarını	1302	13969
yapmazsam	1302	13970
sorgulamak	1302	13971
gördükleri	1302	13972
oynuyorlar	1302	13973
temizlemeye	1302	13974
dolanıp	1301	13975
mizah	1301	13976
ulaştım	1301	13977
hiçbirinin	1301	13978
gıcık	1301	13979
nat	1301	13980
yürüyorum	1301	13981
mahallinde	1301	13982
dillon	1301	13983
mecburum	1301	13984
seçiyorum	1301	13985
çağ	1301	13986
verilir	1301	13987
dayanır	1300	13988
gazeteyi	1300	13989
kaptanın	1300	13990
yum	1300	13991
cennetten	1300	13992
amerikalıların	1300	13993
gecesinde	1300	13994
yanılmıyorsam	1300	13995
bırakmadın	1300	13996
franco	1300	13997
kurbanımız	1300	13998
kontrat	1300	13999
krala	1300	14000
hesapları	1299	14001
öteye	1299	14002
ayrılacak	1299	14003
bulamazsak	1299	14004
şeftali	1299	14005
güvenmelisin	1299	14006
alaşağı	1299	14007
kalmasın	1299	14008
zanlı	1298	14009
crystal	1298	14010
wanda	1298	14011
işlenmiş	1298	14012
babasıyım	1298	14013
öyleler	1298	14014
büyütülecek	1298	14015
piskopos	1298	14016
haneye	1298	14017
düzensiz	1298	14018
kalbinden	1298	14019
bırakmasını	1298	14020
let	1297	14021
arayı	1297	14022
yapmazsak	1297	14023
hatırlat	1297	14024
matthews	1297	14025
eliyle	1297	14026
karşıladı	1297	14027
kulağın	1297	14028
hediyeleri	1297	14029
soya	1297	14030
çıkarırım	1297	14031
kesmeye	1297	14032
sırrın	1296	14033
bırakabilirim	1296	14034
sakince	1296	14035
açmam	1296	14036
dönmemiz	1295	14037
niyetin	1295	14038
arzusu	1295	14039
düşerse	1295	14040
heryerde	1295	14041
bakmıyor	1295	14042
öldüreceğiz	1295	14043
defter	1295	14044
iskele	1295	14045
tehdidi	1294	14046
koyan	1294	14047
hawkins	1294	14048
jorge	1294	14049
arayabilirsin	1294	14050
kapıldım	1294	14051
koşan	1294	14052
gercekten	1294	14053
kev	1294	14054
nane	1294	14055
olmadıkça	1294	14056
reklamı	1294	14057
ömrü	1294	14058
vermeli	1293	14059
görüldüğü	1293	14060
otis	1293	14061
burdaki	1293	14062
sözlerin	1293	14063
üzmek	1293	14064
görülmemiş	1293	14065
karıştırmak	1293	14066
götüren	1293	14067
evlenip	1293	14068
butters	1293	14069
kapatalım	1293	14070
kızdım	1293	14071
kıskanıyorum	1293	14072
şifresini	1293	14073
temizlikçi	1292	14074
altındaydı	1292	14075
akademisi	1292	14076
gidecektim	1292	14077
hücreleri	1292	14078
karışmak	1292	14079
başladığımız	1291	14080
yürümüyor	1291	14081
kulaklarını	1291	14082
görüyorlar	1291	14083
kastetmiştim	1291	14084
sözlerine	1290	14085
oyuncuları	1290	14086
bacaklarımı	1290	14087
vereceği	1290	14088
işlediğini	1290	14089
düğünden	1290	14090
çarpıcı	1289	14091
sanıyordu	1289	14092
piyango	1289	14093
müvekkilimin	1289	14094
truman	1289	14095
dereceden	1289	14096
ortaklık	1288	14097
skinner	1288	14098
jax	1288	14099
global	1288	14100
kasada	1288	14101
hollow	1288	14102
şapkayı	1288	14103
atmosfer	1288	14104
bastım	1287	14105
lahana	1287	14106
katlanmak	1287	14107
önemsiyorum	1287	14108
pratt	1287	14109
yoğurt	1287	14110
sakladığı	1287	14111
bennet	1286	14112
here	1286	14113
özürlü	1286	14114
geçmeliyiz	1286	14115
yakacak	1286	14116
grubunun	1286	14117
atılan	1286	14118
kıyak	1286	14119
tamirci	1285	14120
mucizevi	1285	14121
kralım	1285	14122
faith	1285	14123
milyoner	1285	14124
they	1285	14125
bulmanın	1285	14126
verirsiniz	1285	14127
biliriz	1285	14128
katrina	1285	14129
havanın	1285	14130
vahşice	1284	14131
eğlendim	1284	14132
görebilirim	1284	14133
açıklamama	1284	14134
saklanacak	1284	14135
sokaklara	1284	14136
heidi	1284	14137
kandırdı	1284	14138
hastaydı	1284	14139
bilgisayarın	1284	14140
yapsaydım	1284	14141
pisi	1284	14142
sordunuz	1284	14143
tedbirli	1284	14144
peşindeyim	1283	14145
amcamın	1283	14146
düşünüyorsanız	1283	14147
birbirlerinin	1283	14148
gallagher	1282	14149
susamış	1282	14150
ahşap	1282	14151
olmandan	1282	14152
kazandığı	1282	14153
yürüdüm	1282	14154
sabıkası	1282	14155
örgütü	1282	14156
meyveli	1281	14157
enayi	1281	14158
kötüyüm	1281	14159
saklıyorum	1281	14160
öldürmenin	1281	14161
kirsten	1281	14162
bakabilirsin	1281	14163
itfaiyeci	1281	14164
stacey	1280	14165
öğrenin	1280	14166
cana	1280	14167
işlerimiz	1280	14168
gelmeyeceğim	1280	14169
ilacın	1280	14170
davranıyorlar	1279	14171
mahalli	1279	14172
gerçekleşiyor	1279	14173
radar	1279	14174
ceviz	1279	14175
kullanışlı	1278	14176
kuvveti	1278	14177
başladınız	1278	14178
anlayacağın	1278	14179
anlatmıyorsun	1278	14180
bilmeli	1278	14181
kanım	1278	14182
metreden	1278	14183
balistik	1278	14184
bankayı	1278	14185
dolly	1278	14186
dinlemeyi	1278	14187
isteyenler	1278	14188
gelsen	1277	14189
bulmasını	1277	14190
başarabilirsin	1277	14191
eklemek	1277	14192
söylemediler	1277	14193
bulduğunuz	1277	14194
girl	1277	14195
gösterdiğin	1277	14196
deacon	1277	14197
dostuz	1276	14198
hazırlayacağım	1276	14199
hazırda	1276	14200
şansları	1276	14201
kalkacak	1276	14202
geçiriyoruz	1276	14203
okuduğum	1276	14204
gen	1276	14205
aleyhinde	1275	14206
alerjisi	1275	14207
tepede	1275	14208
oynarım	1275	14209
sahası	1275	14210
hareketsiz	1275	14211
yeteneklisin	1275	14212
geldiklerini	1275	14213
birisiydi	1274	14214
sloane	1274	14215
çalmadım	1274	14216
kıçıma	1274	14217
viktor	1274	14218
amcanın	1274	14219
cici	1274	14220
soralım	1274	14221
araçlar	1274	14222
suratı	1274	14223
muhafızları	1274	14224
söyleyeceklerim	1274	14225
biliyordunuz	1273	14226
cazip	1273	14227
bölgeden	1273	14228
manken	1273	14229
suçluyu	1273	14230
garantisi	1273	14231
haftalarca	1273	14232
söylerdin	1273	14233
askerin	1273	14234
yıldönümü	1273	14235
dükkanına	1273	14236
atmam	1273	14237
tutalım	1272	14238
konumuz	1272	14239
kemikler	1272	14240
gözümde	1272	14241
avcılar	1272	14242
kontrolüm	1272	14243
cyril	1272	14244
liza	1272	14245
imzalayın	1271	14246
sitesi	1271	14247
sevgisi	1271	14248
hızda	1271	14249
dostları	1271	14250
şoka	1271	14251
tobias	1271	14252
betsy	1271	14253
olmamalıydı	1271	14254
q	1271	14255
yaşamaktan	1271	14256
ayrıl	1271	14257
kesiyor	1271	14258
sardı	1270	14259
utandım	1270	14260
vicki	1270	14261
amaçla	1270	14262
uyuz	1270	14263
tanımadığım	1270	14264
kalmama	1270	14265
yaya	1270	14266
öldürmez	1270	14267
dönmüşsün	1270	14268
aramalıyım	1270	14269
terkedilmiş	1270	14270
grady	1270	14271
kremalı	1270	14272
ağlamayı	1269	14273
anlaması	1269	14274
eşyalarınızı	1269	14275
konuşuyordun	1269	14276
amsterdam	1269	14277
götünü	1269	14278
trudy	1269	14279
zorlamak	1269	14280
söylemeliydin	1268	14281
değişmek	1268	14282
biraraya	1268	14283
şirketten	1268	14284
oynuyordu	1268	14285
jj	1267	14286
bilimin	1267	14287
heba	1267	14288
çinliler	1267	14289
zannediyordum	1267	14290
uzayın	1267	14291
motorlu	1267	14292
kanepe	1266	14293
jambon	1266	14294
bitirip	1266	14295
uyuşturucuyu	1266	14296
dışa	1266	14297
yapmazdı	1266	14298
topun	1266	14299
etmedik	1266	14300
iletişimi	1266	14301
istemezdi	1265	14302
çıkmanı	1265	14303
üzüyor	1265	14304
mallar	1265	14305
koymayı	1265	14306
sokup	1265	14307
kırmış	1265	14308
bileceğiz	1265	14309
morty	1265	14310
kaynaklanıyor	1265	14311
yürüdüğünü	1264	14312
cinsiyet	1264	14313
daireye	1264	14314
isminde	1264	14315
boynunda	1264	14316
bırakmıştı	1264	14317
kağıda	1264	14318
boo	1264	14319
iner	1263	14320
kitabımı	1263	14321
huzura	1263	14322
silahlarla	1263	14323
bölmek	1263	14324
sabrina	1263	14325
bulacaktır	1263	14326
burnun	1263	14327
life	1263	14328
armağan	1263	14329
vermelisiniz	1263	14330
bağlamak	1263	14331
bodruma	1262	14332
polislerle	1262	14333
ölmeyecek	1262	14334
zarf	1262	14335
tarzda	1262	14336
etse	1262	14337
ölümlü	1262	14338
yayılmış	1262	14339
çalışmalarını	1262	14340
revire	1261	14341
olamazlar	1261	14342
şirketine	1261	14343
severiz	1261	14344
gebertirim	1261	14345
ola	1261	14346
alsan	1261	14347
gecen	1261	14348
varisi	1261	14349
arkama	1261	14350
beyninde	1261	14351
tango	1260	14352
hareketini	1260	14353
izole	1260	14354
olandan	1260	14355
demeyin	1260	14356
düşüş	1260	14357
alanım	1260	14358
olmamasını	1260	14359
kalbime	1260	14360
çalıştınız	1260	14361
almalı	1260	14362
şirketleri	1260	14363
yapıyorsan	1260	14364
şahıs	1260	14365
benton	1260	14366
asansörü	1259	14367
davranıyordu	1259	14368
güçle	1259	14369
toplanmış	1259	14370
katılabilir	1259	14371
uzaklarda	1259	14372
emek	1259	14373
ekibine	1259	14374
dükkanda	1259	14375
içmiş	1258	14376
boyut	1258	14377
boynuzlu	1258	14378
bağırıyorsun	1258	14379
teli	1258	14380
orduyu	1258	14381
destekliyor	1258	14382
benson	1257	14383
rufus	1257	14384
başlarsın	1257	14385
uyandın	1257	14386
aşamaya	1257	14387
bankadan	1257	14388
gönderilen	1257	14389
benimdi	1257	14390
ağladı	1257	14391
işaretler	1257	14392
eşine	1257	14393
edemezdim	1257	14394
candy	1257	14395
düşünmesini	1257	14396
interpol	1257	14397
bekledik	1256	14398
fonu	1256	14399
titiz	1256	14400
buymuş	1256	14401
düştüğünde	1256	14402
nemli	1256	14403
kariyeri	1256	14404
edilmeden	1256	14405
yollamış	1256	14406
yaklaşım	1255	14407
memnuniyet	1255	14408
dominic	1254	14409
tutuyoruz	1254	14410
etkin	1254	14411
vermişsin	1254	14412
yaşını	1254	14413
hissetti	1254	14414
tanıdığımı	1254	14415
başarıya	1254	14416
doldurun	1254	14417
sahipliği	1254	14418
unutuyorum	1254	14419
öykü	1254	14420
defterini	1254	14421
öldürmen	1254	14422
çaplı	1253	14423
söndür	1253	14424
veba	1253	14425
meditasyon	1253	14426
başarılar	1253	14427
geçtikten	1253	14428
yıkama	1253	14429
inekler	1253	14430
çam	1252	14431
batmış	1252	14432
savaşan	1252	14433
yönetmek	1252	14434
fabrikada	1252	14435
kaçağı	1252	14436
teklifimi	1252	14437
öncü	1252	14438
etraf	1252	14439
erkeksin	1252	14440
öyleymiş	1252	14441
cassandra	1251	14442
duyuru	1251	14443
açıkta	1251	14444
geleceğimizi	1251	14445
taco	1251	14446
güçlerin	1251	14447
esnek	1251	14448
korumayı	1251	14449
dokunmadım	1251	14450
ayaklarına	1250	14451
akışını	1250	14452
tavuğu	1250	14453
yiyecekleri	1250	14454
bulabileceğimi	1250	14455
aranızdaki	1250	14456
boşanmış	1250	14457
söylemediğin	1250	14458
çocuğumun	1250	14459
sizindir	1249	14460
sekizde	1249	14461
club	1249	14462
buluşup	1249	14463
ulaştık	1249	14464
makineler	1249	14465
beyinsiz	1249	14466
duruyorsunuz	1249	14467
çuval	1249	14468
yakına	1249	14469
floyd	1249	14470
bağlantısını	1249	14471
motive	1248	14472
sarılmak	1248	14473
ulaşmış	1248	14474
mağlup	1248	14475
kıskanıyor	1248	14476
telsizi	1248	14477
hastaneyi	1248	14478
leonardo	1247	14479
rahatlıkla	1247	14480
yatağını	1247	14481
frankenstein	1247	14482
açgözlü	1247	14483
çıkardığını	1247	14484
arıyordun	1247	14485
öldürdükten	1247	14486
nevada	1247	14487
tanıtım	1247	14488
terketti	1247	14489
yumurtaları	1247	14490
konuğumuz	1246	14491
kartlarını	1246	14492
çamaşırları	1246	14493
yapmamalısın	1246	14494
sıkmak	1246	14495
hislerimi	1246	14496
almanız	1246	14497
öğrenmeliyim	1246	14498
akıllısın	1246	14499
geçmiyorum	1246	14500
ekibim	1246	14501
aynıdır	1245	14502
woods	1245	14503
ayağımı	1245	14504
yaşlarda	1245	14505
more	1245	14506
fahişeler	1245	14507
maddie	1245	14508
yatacağım	1245	14509
mayo	1244	14510
konseri	1244	14511
kanunlara	1244	14512
ilgilenmiyor	1244	14513
görebiliriz	1244	14514
hatırlayın	1244	14515
şüpheliyi	1244	14516
mat	1244	14517
bağırsak	1244	14518
delilleri	1244	14519
kitle	1244	14520
cüzdan	1243	14521
masajı	1243	14522
kadim	1243	14523
girebilirsin	1243	14524
koordinatları	1243	14525
kaçamak	1243	14526
skor	1243	14527
yapana	1243	14528
konuşursun	1243	14529
akademi	1243	14530
bakıcılık	1243	14531
oregon	1243	14532
hodgins	1242	14533
çarem	1242	14534
cora	1242	14535
öğrettim	1242	14536
kanunlar	1242	14537
alpha	1242	14538
atacaksın	1242	14539
aldığına	1242	14540
unutup	1242	14541
dolunay	1242	14542
uğrarım	1242	14543
bekledin	1241	14544
keş	1241	14545
inanmalısın	1241	14546
yapamıyor	1241	14547
milan	1241	14548
beğendiniz	1241	14549
öğrenirim	1241	14550
testere	1241	14551
ozaman	1240	14552
grupta	1240	14553
kraliçenin	1240	14554
julien	1240	14555
kefil	1240	14556
indiana	1240	14557
halkım	1240	14558
sarayda	1240	14559
palm	1240	14560
inancını	1240	14561
sayıyorum	1239	14562
kelimeyle	1239	14563
geleceğimiz	1239	14564
götürüyorlar	1239	14565
yöneten	1239	14566
yakalayalım	1239	14567
vadi	1239	14568
tasarlanmış	1239	14569
başımda	1238	14570
yaptıklarım	1238	14571
kılığına	1238	14572
bulmamı	1238	14573
seçenekleri	1238	14574
belgesel	1238	14575
mina	1237	14576
kaybediyorsun	1237	14577
solo	1237	14578
andrews	1237	14579
düşünürüz	1237	14580
nehirde	1237	14581
sakladı	1237	14582
bulabilmek	1237	14583
kutlayalım	1237	14584
elinize	1236	14585
tesis	1236	14586
tetikçi	1236	14587
yarışa	1236	14588
çıkartma	1236	14589
hazırlıyor	1236	14590
langley	1236	14591
işleme	1236	14592
duyulan	1236	14593
klişe	1236	14594
törenine	1235	14595
bilmeliydim	1235	14596
geçmişteki	1235	14597
state	1235	14598
kapatıldı	1235	14599
dinlesin	1235	14600
koçum	1235	14601
ödersin	1235	14602
point	1235	14603
çaldılar	1234	14604
bitirecek	1234	14605
edeceğine	1234	14606
sesine	1234	14607
sordular	1234	14608
pencerenin	1234	14609
öğreniriz	1234	14610
hayatımıza	1234	14611
borg	1233	14612
göstermiyor	1233	14613
rüyayı	1233	14614
bitirmem	1233	14615
yerinin	1233	14616
korkutan	1233	14617
başlayacaksın	1232	14618
kgb	1232	14619
etrafından	1232	14620
vuruşu	1232	14621
öğret	1231	14622
başınasın	1231	14623
elinle	1231	14624
renkleri	1231	14625
kasabası	1231	14626
olmadığınızı	1231	14627
oranda	1231	14628
yatıyorsun	1231	14629
bulursunuz	1230	14630
bulunabilir	1230	14631
güreş	1230	14632
görünüşü	1230	14633
partiler	1230	14634
gemisini	1230	14635
uyanıp	1230	14636
karantina	1230	14637
yetiyor	1230	14638
patterson	1230	14639
çocuktum	1229	14640
çekiyordu	1229	14641
chun	1229	14642
yarışmayı	1229	14643
sorunsuz	1229	14644
izleyeceğiz	1229	14645
alvin	1229	14646
durdurdu	1229	14647
diyarı	1228	14648
makinesine	1228	14649
çıkartıp	1228	14650
boom	1228	14651
vance	1228	14652
ding	1227	14653
siktirin	1227	14654
gitgide	1227	14655
yazılım	1227	14656
canlılar	1227	14657
anlayışla	1226	14658
olurmuş	1226	14659
pastırma	1226	14660
diyorsa	1226	14661
kazanmayı	1226	14662
düşündüğünüzü	1226	14663
benzersiz	1226	14664
gönderdik	1226	14665
suçtur	1226	14666
düşünürler	1226	14667
sevgiler	1226	14668
atım	1225	14669
evlendik	1225	14670
ödevi	1225	14671
buğday	1225	14672
tahtası	1225	14673
kaptım	1225	14674
dağıtım	1225	14675
geliştirmek	1225	14676
çalışmalıyız	1225	14677
sorarsa	1224	14678
gözlüğü	1224	14679
büyüğü	1224	14680
kaybettiğim	1224	14681
right	1224	14682
öldürdük	1224	14683
arkadaşlarla	1224	14684
ölüsün	1224	14685
numaradan	1223	14686
lyle	1223	14687
stabil	1223	14688
katile	1223	14689
kazanırsın	1223	14690
hiro	1223	14691
laflar	1223	14692
ydu	1223	14693
rusça	1223	14694
süreceğini	1223	14695
doğası	1222	14696
görüşmemiz	1222	14697
duyalım	1222	14698
sebepleri	1222	14699
belçika	1222	14700
savaşıyor	1222	14701
vernon	1221	14702
demezdim	1221	14703
dişçi	1221	14704
evrensel	1221	14705
garaja	1221	14706
limuzin	1221	14707
anlatabildim	1221	14708
alerjim	1221	14709
uzatır	1221	14710
duymayı	1221	14711
floransa	1221	14712
düzeltme	1221	14713
bakmalıyım	1221	14714
onuru	1221	14715
kupası	1221	14716
düşünürdü	1221	14717
sıkıştım	1220	14718
nedenin	1220	14719
orjinal	1220	14720
alakam	1220	14721
jensen	1220	14722
pilav	1220	14723
kehanet	1220	14724
kulübün	1220	14725
otomobil	1220	14726
ofisten	1219	14727
bm	1219	14728
gitse	1219	14729
mindy	1219	14730
alamazsınız	1219	14731
taşınıyor	1219	14732
onunki	1219	14733
ailelerin	1219	14734
artış	1219	14735
uçar	1218	14736
görmüyorsun	1218	14737
murdoch	1218	14738
gönderip	1218	14739
virgil	1218	14740
kalabalığın	1218	14741
cece	1218	14742
çalışanların	1218	14743
gezgin	1218	14744
pamela	1218	14745
beklenen	1218	14746
aynısından	1217	14747
eminiz	1217	14748
adalete	1217	14749
ipuçları	1217	14750
kolyeyi	1217	14751
oynayabilir	1216	14752
yemiyor	1216	14753
yakalandım	1216	14754
bozdu	1216	14755
kenarı	1216	14756
ufo	1216	14757
meyilli	1216	14758
evlerinde	1216	14759
sahili	1216	14760
hayalin	1216	14761
hikâyenin	1215	14762
ucunu	1215	14763
yapacağınızı	1215	14764
şiiri	1215	14765
ilgileniyorsun	1215	14766
darmadağın	1215	14767
mimar	1215	14768
şaşkın	1215	14769
ünite	1215	14770
haz	1215	14771
sandınız	1215	14772
anti	1215	14773
ayarlayacağım	1214	14774
bağlayıp	1214	14775
çoban	1214	14776
aşağılayıcı	1214	14777
savaşçılar	1214	14778
mesajları	1214	14779
jade	1214	14780
konuştuğumu	1214	14781
turşu	1214	14782
kazandınız	1214	14783
avans	1213	14784
günlerinde	1213	14785
yetiştirmek	1213	14786
özen	1213	14787
kardeşiyle	1213	14788
bilginiz	1213	14789
göreviniz	1213	14790
korkmana	1213	14791
koleksiyonu	1213	14792
komaya	1212	14793
okuyup	1212	14794
islak	1212	14795
büyükler	1212	14796
bölgesel	1212	14797
girsene	1212	14798
gerekse	1212	14799
creek	1212	14800
imzalı	1212	14801
söylediklerinin	1211	14802
kitabım	1210	14803
ordusunun	1210	14804
servise	1210	14805
dördü	1210	14806
planladığını	1210	14807
koridor	1210	14808
yakınına	1210	14809
azabı	1210	14810
sağlayın	1210	14811
bırakıldı	1210	14812
çaldığın	1210	14813
parçasıdır	1210	14814
karanlıktı	1210	14815
polissin	1210	14816
hidrojen	1209	14817
cinayetini	1209	14818
baharatlı	1209	14819
çökmüş	1209	14820
gününüz	1209	14821
sizle	1209	14822
ayrılalım	1209	14823
aramızdan	1209	14824
yağmuru	1208	14825
hallettin	1208	14826
kıracağım	1208	14827
yarayı	1208	14828
hasan	1208	14829
etli	1208	14830
başarısızlık	1208	14831
gidecekler	1208	14832
deneyler	1207	14833
moron	1207	14834
kapanmış	1207	14835
gizlenmiş	1207	14836
dönsün	1207	14837
etmişimdir	1207	14838
çevirin	1207	14839
sahipler	1207	14840
başlarında	1207	14841
büyüklüğünde	1206	14842
deneyimli	1206	14843
yong	1206	14844
kalkmak	1206	14845
farkeder	1206	14846
görünüyordun	1206	14847
if	1206	14848
masamda	1206	14849
kurtarıcı	1206	14850
hikayeni	1206	14851
başaracağız	1205	14852
olduklarından	1205	14853
noldu	1205	14854
dersler	1205	14855
odamız	1205	14856
ç	1205	14857
jerome	1205	14858
yerdeydi	1205	14859
işiyle	1205	14860
gezmeye	1205	14861
or	1205	14862
mış	1204	14863
yöntemleri	1204	14864
gaby	1204	14865
müstehcen	1204	14866
bilgisayarını	1204	14867
kafese	1204	14868
devamı	1204	14869
güvence	1204	14870
yeriniz	1203	14871
yürüyüşü	1203	14872
dönmüştü	1203	14873
olduğumuzdan	1203	14874
duvarların	1203	14875
pırıl	1203	14876
personeli	1203	14877
kahramanım	1203	14878
napolyon	1203	14879
bacaklı	1202	14880
getirmesini	1202	14881
sakallı	1202	14882
korktuğu	1202	14883
burasının	1202	14884
yanacak	1202	14885
bağırdı	1201	14886
bekarlığa	1201	14887
çifti	1201	14888
davranışlar	1201	14889
beklerdim	1201	14890
otoparkta	1200	14891
verecektim	1200	14892
kalmanın	1200	14893
duşa	1200	14894
keyfinize	1200	14895
katılan	1200	14896
tutmalıyız	1200	14897
araziyi	1200	14898
düşmana	1200	14899
taktım	1200	14900
söylemeyeceksin	1199	14901
annenizin	1199	14902
zahmete	1199	14903
halkını	1199	14904
suçlayamam	1199	14905
sanders	1199	14906
yapıyorsa	1199	14907
çadır	1199	14908
diyemezsin	1199	14909
birbirlerinden	1199	14910
siber	1199	14911
korkmam	1198	14912
desek	1198	14913
rossi	1198	14914
baktığın	1198	14915
çıkmama	1198	14916
çalışmalısın	1198	14917
getirdiğim	1198	14918
eğlen	1198	14919
vurmayı	1198	14920
bakır	1198	14921
yenge	1198	14922
bedenim	1198	14923
dae	1198	14924
inancı	1197	14925
istemiyorsanız	1197	14926
kazandırır	1197	14927
partileri	1197	14928
dahice	1197	14929
girmişti	1197	14930
mei	1197	14931
fon	1197	14932
mahvolmuş	1197	14933
buluşacak	1196	14934
arkandayım	1196	14935
suçtan	1196	14936
olmasıydı	1196	14937
geldikten	1196	14938
duymalısın	1196	14939
doğumgünü	1196	14940
benziyorsunuz	1196	14941
çekerek	1196	14942
amazon	1195	14943
engellemeye	1195	14944
inmiş	1195	14945
beatrice	1195	14946
aylığına	1195	14947
üzeri	1195	14948
borsa	1195	14949
hissederim	1195	14950
bakacaksın	1195	14951
fikrimdi	1195	14952
uzanıp	1195	14953
düello	1195	14954
yemişsin	1194	14955
kurtuldun	1194	14956
devrede	1194	14957
üzereyken	1194	14958
çocuklarıma	1194	14959
ayılar	1194	14960
sırtımı	1194	14961
haydutlar	1194	14962
mucizeler	1194	14963
gösterinin	1193	14964
araştırıyorum	1193	14965
sonda	1193	14966
mumbai	1193	14967
göreceğimi	1193	14968
kablolu	1193	14969
başladığım	1193	14970
ailenden	1193	14971
yetkim	1193	14972
batıyor	1192	14973
gülmek	1192	14974
profil	1192	14975
haklıydım	1192	14976
acelesi	1192	14977
halinden	1192	14978
itti	1192	14979
tuhaftı	1191	14980
ekranda	1191	14981
abartma	1191	14982
azar	1191	14983
giyeceğim	1191	14984
banyosu	1191	14985
canavara	1191	14986
yanar	1191	14987
saçmalıklar	1191	14988
odin	1191	14989
manzarası	1191	14990
kazandığım	1191	14991
kaybettiğimi	1190	14992
duvardan	1190	14993
vergisi	1190	14994
satacak	1190	14995
seçimin	1190	14996
görüşecek	1190	14997
konuşmayacak	1190	14998
yarattım	1190	14999
duruyordum	1190	15000
geleneği	1190	15001
tutuldu	1190	15002
müteşekkirim	1190	15003
tabiî	1190	15004
biyoloji	1189	15005
otobüsle	1189	15006
düzinelerce	1189	15007
karanlığı	1189	15008
oturacağım	1189	15009
kampta	1189	15010
ayaklı	1189	15011
xander	1189	15012
alamıyor	1188	15013
yazıyı	1188	15014
sanayi	1188	15015
öldürülmesi	1188	15016
bırakması	1188	15017
miydik	1188	15018
morrison	1188	15019
tok	1188	15020
çamaşırlarını	1188	15021
zeytin	1187	15022
anlatmadım	1187	15023
kafe	1187	15024
kapatabilir	1187	15025
mektubunu	1187	15026
uşak	1187	15027
deneyebilir	1187	15028
talebi	1187	15029
düşüncem	1187	15030
lehine	1187	15031
çocuklarınız	1187	15032
popo	1187	15033
oyununda	1187	15034
kulübede	1186	15035
anılarını	1186	15036
yemelisin	1186	15037
yolcular	1186	15038
planına	1186	15039
tampon	1186	15040
tu	1186	15041
rüyası	1186	15042
anlamazsın	1186	15043
atıyorlar	1186	15044
gitmeyen	1185	15045
söylemeliyiz	1185	15046
görmesine	1185	15047
kestin	1185	15048
arjantin	1185	15049
demez	1185	15050
kuduz	1185	15051
kraker	1185	15052
nefesi	1185	15053
tesekkür	1185	15054
yaktım	1185	15055
kıyasla	1185	15056
oluyorsa	1185	15057
bölümünden	1185	15058
ginger	1184	15059
işleyen	1184	15060
sayacağım	1184	15061
sunum	1184	15062
sekilde	1184	15063
koymuştum	1184	15064
anlatabilirim	1184	15065
basket	1184	15066
ceketimi	1184	15067
gemideki	1184	15068
limana	1184	15069
ilacını	1184	15070
astım	1183	15071
siki	1183	15072
kalmadan	1183	15073
hizmetler	1183	15074
hikâyesini	1183	15075
öğrenmeden	1183	15076
vajina	1183	15077
mutluydum	1183	15078
festival	1183	15079
emmett	1183	15080
doğruları	1183	15081
torunu	1183	15082
çıtır	1183	15083
santral	1183	15084
jed	1183	15085
yollayacağım	1183	15086
lars	1183	15087
güveni	1183	15088
satıyorsun	1183	15089
oluşturan	1183	15090
sorarsanız	1182	15091
iyiydim	1182	15092
deneysel	1182	15093
efsanesi	1182	15094
desen	1182	15095
bilhassa	1182	15096
oluşturur	1182	15097
görsen	1182	15098
kolunda	1182	15099
kaçıyorum	1182	15100
giydiği	1182	15101
kaybettiği	1182	15102
hastalığa	1182	15103
eşinizin	1182	15104
ölmeni	1181	15105
şartla	1181	15106
hedefimiz	1181	15107
onurdur	1181	15108
izleyecek	1181	15109
yapsınlar	1180	15110
newman	1180	15111
adaları	1180	15112
sarhoştum	1180	15113
yapabileceğiniz	1180	15114
yazmıştım	1180	15115
saman	1180	15116
kaçırdınız	1180	15117
göndereceğiz	1180	15118
karlı	1179	15119
politikacı	1179	15120
konumda	1179	15121
büyütmek	1179	15122
erkeksi	1179	15123
takımında	1179	15124
charley	1179	15125
ayrıcalık	1179	15126
öldüremezsin	1179	15127
kırarım	1179	15128
lang	1178	15129
mikrop	1178	15130
başçavuş	1178	15131
temelde	1178	15132
wright	1178	15133
postacı	1178	15134
tanımaya	1178	15135
çukuru	1178	15136
stop	1178	15137
birisiniz	1178	15138
müsünüz	1178	15139
konuşmasına	1178	15140
paşa	1178	15141
dokunursan	1178	15142
yaratığın	1178	15143
kedileri	1178	15144
yapmalısınız	1177	15145
psikiyatri	1177	15146
bardan	1177	15147
söyleseydim	1177	15148
aiden	1177	15149
korsanlar	1177	15150
istiyorlarsa	1176	15151
buzun	1176	15152
işlediği	1176	15153
belirtmek	1176	15154
omlet	1176	15155
temizleyin	1176	15156
boone	1176	15157
etmezsin	1176	15158
sezonu	1176	15159
neredeymiş	1176	15160
hakkından	1176	15161
bildim	1175	15162
buzdolabı	1175	15163
silmek	1175	15164
when	1175	15165
bağır	1175	15166
sarıldı	1175	15167
barışçıl	1175	15168
romantizm	1175	15169
işleriyle	1175	15170
peşindeler	1175	15171
bisikleti	1174	15172
istiyorsam	1174	15173
kutbu	1174	15174
teklifin	1174	15175
kızınızı	1174	15176
utanılacak	1174	15177
oprah	1174	15178
geçirdiğin	1174	15179
knox	1174	15180
rod	1174	15181
yağmurda	1174	15182
alaycı	1174	15183
gayri	1174	15184
yapıyorlardı	1174	15185
anlamadan	1174	15186
laboratuara	1174	15187
etmiştik	1173	15188
aşktan	1173	15189
katlı	1173	15190
bahseder	1173	15191
besbelli	1173	15192
vermiştir	1173	15193
çıkmalısın	1173	15194
tohum	1172	15195
yönlü	1172	15196
düşünmesi	1172	15197
dinleniyor	1172	15198
savaştı	1172	15199
gerard	1172	15200
vermiştik	1172	15201
aklımın	1172	15202
filmden	1172	15203
alıştım	1172	15204
merkezini	1172	15205
milleti	1172	15206
takılı	1172	15207
ölülerin	1171	15208
göğüslerini	1171	15209
rastlantı	1171	15210
aslinda	1171	15211
cenazeye	1171	15212
gitmemizi	1171	15213
göremiyorsun	1171	15214
kalmıştır	1171	15215
dolandırıcılık	1171	15216
yolluyorum	1171	15217
halüsinasyon	1171	15218
fişi	1171	15219
geziyor	1171	15220
üreme	1171	15221
güldü	1170	15222
denesene	1170	15223
peşimizde	1170	15224
istediğimde	1170	15225
yediğin	1170	15226
harcadın	1170	15227
picard	1170	15228
çevirip	1170	15229
nakavt	1170	15230
yapmayız	1170	15231
yaklaşın	1170	15232
buldukları	1170	15233
desteklemek	1170	15234
edebilirdim	1170	15235
br	1169	15236
rozet	1169	15237
ölmüştür	1169	15238
yüzen	1169	15239
öğrendiniz	1169	15240
kullanacaksın	1169	15241
yavşak	1169	15242
kullandıkları	1169	15243
sünger	1169	15244
diaz	1169	15245
priya	1169	15246
büyüyüp	1169	15247
içimizde	1169	15248
ayakların	1168	15249
maaşı	1168	15250
edilmedi	1168	15251
talimatları	1168	15252
nankör	1168	15253
lynette	1167	15254
zamanlarında	1167	15255
yapmadığım	1167	15256
döndür	1167	15257
yazmıştı	1167	15258
çenemi	1167	15259
dayanamaz	1167	15260
basmak	1167	15261
saatine	1167	15262
ilerlemeye	1167	15263
dolabın	1166	15264
kanıtlamaya	1166	15265
içmiyorum	1166	15266
duramıyorum	1166	15267
cook	1166	15268
youtube	1165	15269
kaybetmeden	1165	15270
bırakmayacak	1165	15271
düşmanımız	1165	15272
talimat	1165	15273
tonlarca	1165	15274
tekerlek	1165	15275
kurulmuş	1165	15276
vermemiş	1165	15277
tartışmayı	1165	15278
aria	1165	15279
yerlerinde	1164	15280
çalışmaz	1164	15281
olmanıza	1164	15282
ayaklar	1164	15283
seçmiş	1164	15284
inanmayacaksın	1164	15285
değilsindir	1164	15286
sarhoştu	1164	15287
süpürge	1164	15288
çevirme	1164	15289
sevgiyi	1164	15290
radyoyu	1164	15291
başaramadı	1164	15292
başarmak	1164	15293
dümen	1164	15294
ellerde	1163	15295
vazgeçme	1163	15296
lazim	1163	15297
bilgisayarda	1163	15298
amen	1163	15299
arabamda	1163	15300
kitabına	1163	15301
martinez	1163	15302
yollarda	1163	15303
dikkatsiz	1163	15304
herbert	1163	15305
tehlikeyi	1163	15306
duygusuz	1163	15307
hobi	1163	15308
istemedik	1162	15309
tanıştığımızda	1162	15310
arılar	1162	15311
kurtaracağız	1162	15312
oynat	1162	15313
diyorlardı	1162	15314
gökkuşağı	1162	15315
francine	1162	15316
almışım	1162	15317
mesajınız	1162	15318
delikten	1162	15319
atlantic	1162	15320
yıkmak	1162	15321
gelmiştik	1161	15322
callen	1161	15323
yangında	1161	15324
akademik	1161	15325
atm	1161	15326
özgün	1161	15327
tutarak	1160	15328
oradasın	1160	15329
birşeyin	1160	15330
istemesi	1160	15331
öğreniyorsun	1160	15332
yayıldı	1160	15333
engeller	1160	15334
gerçekle	1160	15335
buluşmayı	1160	15336
satıp	1159	15337
söylemişsin	1159	15338
dolarım	1159	15339
koreli	1159	15340
teşhisi	1159	15341
beslemek	1159	15342
markette	1159	15343
butch	1159	15344
uğradık	1158	15345
richmond	1158	15346
asansöre	1158	15347
blaine	1158	15348
oyundu	1158	15349
numaralarını	1158	15350
duyguyu	1158	15351
şartlarda	1158	15352
öldürerek	1158	15353
kaderim	1157	15354
camelot	1157	15355
terapiye	1157	15356
philippe	1157	15357
eşittir	1157	15358
getirmişti	1157	15359
larla	1157	15360
süleyman	1157	15361
türünün	1157	15362
sanıyorsan	1156	15363
pişmanım	1156	15364
ödemem	1156	15365
değiştirelim	1156	15366
etmektir	1155	15367
köşedeki	1155	15368
leyla	1155	15369
pencereleri	1155	15370
çip	1155	15371
pantolonu	1155	15372
duck	1155	15373
öldürebilirim	1155	15374
soruşturmaya	1155	15375
istesen	1155	15376
koşulları	1154	15377
ettiğimden	1154	15378
duruşmaya	1154	15379
radyoaktif	1154	15380
mesajın	1154	15381
korkan	1154	15382
programda	1154	15383
yuttu	1154	15384
gözaltında	1154	15385
çeviriyorsun	1153	15386
başınızı	1153	15387
isteğini	1153	15388
yulaf	1153	15389
hisler	1153	15390
söylemiştir	1153	15391
korktuğun	1153	15392
biriydim	1153	15393
buraları	1153	15394
oynayın	1153	15395
sinde	1152	15396
ümitsiz	1152	15397
gerry	1152	15398
gelişmeler	1152	15399
bunny	1152	15400
kavgası	1152	15401
gerginsin	1152	15402
kollar	1152	15403
soruşturmanın	1152	15404
shelley	1152	15405
birebir	1152	15406
kafede	1152	15407
sopayı	1152	15408
elektromanyetik	1151	15409
heralde	1151	15410
çekiliyor	1151	15411
demokratik	1151	15412
kapalıyız	1151	15413
görmemi	1151	15414
zalimce	1150	15415
bunlarda	1150	15416
şerifi	1150	15417
müziğe	1150	15418
gemisinin	1150	15419
colleen	1150	15420
unutmayalım	1150	15421
ziyareti	1149	15422
kalmamız	1149	15423
kaldırma	1149	15424
ödemesi	1149	15425
attık	1149	15426
götürüyoruz	1149	15427
kovmak	1149	15428
kertenkele	1149	15429
rafael	1149	15430
kullandık	1149	15431
sürerken	1149	15432
tutuyordu	1149	15433
gözüyle	1149	15434
operasyonun	1149	15435
özlemişim	1149	15436
tutmuyor	1148	15437
öğreniyor	1148	15438
fez	1148	15439
başlarsa	1148	15440
korkmak	1148	15441
rakamlar	1148	15442
amaçları	1148	15443
söylemediğim	1148	15444
uydurdum	1148	15445
atışını	1148	15446
kaybedemem	1148	15447
kıpırdayın	1147	15448
yaşadıkları	1147	15449
kitabında	1147	15450
gelmenizi	1147	15451
geceleyin	1147	15452
başladığımda	1147	15453
boksör	1147	15454
yeminli	1147	15455
gazeteye	1147	15456
inanıyordu	1147	15457
sevip	1147	15458
yargıcı	1147	15459
istediğimden	1147	15460
takılıyorum	1147	15461
taşınmış	1147	15462
aran	1147	15463
pencereye	1147	15464
itin	1147	15465
çantanın	1146	15466
gölde	1146	15467
filo	1146	15468
kararsız	1146	15469
kasanın	1146	15470
phyllis	1146	15471
zamanınızı	1146	15472
felsefe	1146	15473
hamur	1146	15474
syd	1146	15475
galaksi	1145	15476
götürmemi	1145	15477
iznini	1145	15478
vatikan	1145	15479
varsayalım	1145	15480
etkileyecek	1145	15481
gaius	1145	15482
mikro	1145	15483
kaldırdı	1145	15484
giyer	1145	15485
kurtulmanın	1145	15486
yüzlerini	1145	15487
hikâyeler	1145	15488
zamanlardaki	1145	15489
eşliğinde	1144	15490
edemeyecek	1144	15491
korunuyor	1144	15492
zehirlenmesi	1144	15493
başladığından	1144	15494
ulaşım	1144	15495
baktığım	1144	15496
parasıyla	1144	15497
şefkat	1144	15498
klas	1143	15499
altmış	1143	15500
connecticut	1143	15501
haftası	1143	15502
aklının	1143	15503
aştı	1143	15504
dağıldı	1143	15505
konsere	1143	15506
oto	1143	15507
dakota	1143	15508
bisiklete	1143	15509
willis	1143	15510
perisi	1143	15511
yaşamasını	1142	15512
dövdü	1142	15513
tanırdım	1142	15514
parmakları	1142	15515
pil	1142	15516
stratejik	1142	15517
kullanmadım	1142	15518
açıklayamam	1142	15519
konuşacaksın	1142	15520
etkileyen	1142	15521
dağlarda	1142	15522
uçmuş	1142	15523
ingrid	1142	15524
çıkartacağım	1141	15525
güneyde	1141	15526
gizemi	1141	15527
kılıyor	1141	15528
abel	1141	15529
misafirler	1141	15530
yaptırdın	1141	15531
getirmiştim	1141	15532
kürk	1140	15533
kazanacaksın	1140	15534
makineleri	1140	15535
planlandığı	1140	15536
bağırmaya	1140	15537
vermiyoruz	1140	15538
aranız	1140	15539
suşi	1140	15540
onayladı	1140	15541
fındık	1140	15542
çöplük	1140	15543
mala	1140	15544
mütevazı	1139	15545
döndüğüne	1139	15546
iik	1139	15547
meşgulsün	1139	15548
aramadım	1139	15549
cesursun	1139	15550
bulursanız	1138	15551
yılki	1138	15552
hayattayken	1138	15553
buralar	1138	15554
panda	1138	15555
tarihindeki	1138	15556
umuduyla	1138	15557
görmeniz	1138	15558
yapacaksan	1137	15559
burnuna	1137	15560
gömmek	1137	15561
kazanıyorsun	1137	15562
pike	1137	15563
kerry	1137	15564
becermek	1137	15565
planının	1137	15566
çağı	1137	15567
sürdüm	1137	15568
değiştirmeyi	1137	15569
olmayacağız	1137	15570
davranışı	1137	15571
kaçtılar	1136	15572
hardy	1136	15573
sterling	1136	15574
afrikalı	1136	15575
tutmam	1136	15576
cezalandırmak	1136	15577
chet	1136	15578
gitmenin	1136	15579
kıçımın	1136	15580
tahrip	1136	15581
durduğunu	1136	15582
fırlattı	1136	15583
vermenizi	1135	15584
koyduğunu	1135	15585
geçene	1135	15586
sevişme	1135	15587
eşimi	1135	15588
sporcu	1135	15589
başlayarak	1135	15590
tutman	1135	15591
olmayacağına	1135	15592
zeke	1135	15593
dolabında	1134	15594
anlatmadı	1134	15595
uyarmaya	1134	15596
sahibine	1134	15597
resimde	1134	15598
kereliğine	1134	15599
sully	1133	15600
deneyeceğiz	1133	15601
hâli	1133	15602
hikayem	1133	15603
çubuğu	1133	15604
izliyorlar	1133	15605
tecrit	1133	15606
gösteriyordu	1133	15607
çalışıyorlardı	1133	15608
çevrilmemiş	1133	15609
depresyon	1133	15610
beyan	1133	15611
porto	1133	15612
büyümek	1133	15613
cesedinin	1133	15614
hastalandı	1133	15615
açıklık	1133	15616
kıçından	1133	15617
cadillac	1133	15618
ayrıntı	1132	15619
organizasyon	1132	15620
büyüdün	1132	15621
makinenin	1132	15622
adamış	1132	15623
kanca	1132	15624
jamal	1132	15625
sunuyor	1132	15626
kızartma	1132	15627
bilginin	1132	15628
yatmadan	1132	15629
kaybederim	1132	15630
bulsun	1132	15631
said	1132	15632
kuşku	1132	15633
öldürelim	1132	15634
takıl	1131	15635
gelinin	1131	15636
hayattasın	1131	15637
konuşabiliyor	1131	15638
xi	1131	15639
ortama	1131	15640
yapanlar	1131	15641
kapatmaya	1131	15642
yürümez	1131	15643
ısmarlayayım	1131	15644
sokaklar	1131	15645
elçi	1131	15646
yarıda	1131	15647
kaçırıyor	1131	15648
gideceği	1131	15649
endüstri	1130	15650
evdeyim	1130	15651
yılları	1130	15652
yumurtalar	1130	15653
kartlar	1130	15654
hassan	1130	15655
umudunu	1130	15656
tomas	1130	15657
düzenlemek	1130	15658
zırh	1130	15659
umudumuz	1130	15660
geçtiğinde	1130	15661
nedenlerden	1130	15662
hikayen	1130	15663
döneyim	1129	15664
gon	1129	15665
maçını	1129	15666
tabancası	1129	15667
dalton	1129	15668
aşar	1129	15669
işlemiş	1129	15670
falls	1129	15671
diamond	1129	15672
işimde	1129	15673
yiyorlar	1128	15674
uğra	1128	15675
olive	1128	15676
bakmamız	1128	15677
görüşmeleri	1128	15678
minicik	1128	15679
bağdat	1128	15680
açacağız	1128	15681
zina	1128	15682
uzanıyor	1128	15683
arayacaktım	1127	15684
sorunlarımız	1127	15685
bass	1127	15686
grubuna	1127	15687
indim	1127	15688
vah	1127	15689
almıyoruz	1127	15690
temizledim	1127	15691
ikisinde	1127	15692
sevecen	1126	15693
kameranın	1126	15694
anlattığım	1126	15695
yapmıştın	1126	15696
bulduğumuzda	1126	15697
girişim	1126	15698
haham	1126	15699
lisans	1126	15700
sergi	1126	15701
sektör	1126	15702
çince	1126	15703
kişiliği	1125	15704
övgü	1125	15705
eğlencesi	1125	15706
dudaklarını	1125	15707
girmedi	1125	15708
korkuyu	1125	15709
ilerleyen	1125	15710
sınıra	1125	15711
lo	1125	15712
valley	1125	15713
kampında	1125	15714
sendeki	1125	15715
yılanlar	1125	15716
engelleyen	1125	15717
zarfında	1125	15718
avro	1125	15719
kapısında	1124	15720
ezip	1124	15721
koloni	1124	15722
miligram	1124	15723
veremezdim	1124	15724
bette	1124	15725
anlıyorsunuz	1124	15726
protokolü	1124	15727
kulakları	1124	15728
derinliklerine	1124	15729
bıraktınız	1123	15730
giyiyordu	1123	15731
sinyalleri	1123	15732
kapi	1123	15733
geldiğimden	1123	15734
salaksın	1123	15735
olamazdım	1123	15736
halledebilir	1123	15737
doğrulandı	1123	15738
bulunduğun	1123	15739
derlerdi	1122	15740
kaynaklı	1122	15741
yaşındaydın	1122	15742
keselim	1122	15743
biçimi	1122	15744
dog	1122	15745
nova	1122	15746
uğradığını	1122	15747
ölüyordu	1121	15748
güm	1121	15749
durumunun	1121	15750
daydı	1121	15751
taşıyacak	1121	15752
atacağız	1121	15753
keki	1121	15754
zorba	1121	15755
gözünüzü	1121	15756
kapağını	1121	15757
çıldırdı	1121	15758
üstümüze	1121	15759
bulunacak	1121	15760
paten	1120	15761
bulmamıza	1120	15762
mobilya	1120	15763
davranışlarını	1120	15764
hocası	1120	15765
parçaya	1120	15766
istersek	1120	15767
vermesine	1119	15768
otobüsün	1119	15769
çantaya	1119	15770
avukatları	1119	15771
hamlet	1119	15772
getirmem	1119	15773
ülkemiz	1119	15774
ağladım	1119	15775
sürmedi	1119	15776
etmeyeceğiz	1119	15777
evliliğe	1119	15778
gübre	1118	15779
mahvedecek	1118	15780
atlayın	1118	15781
fernando	1118	15782
mâl	1118	15783
tarzında	1118	15784
bilebilirsin	1118	15785
yanlarına	1118	15786
ayarlayın	1118	15787
hissetmemi	1118	15788
çekilmek	1118	15789
sokayım	1118	15790
küre	1118	15791
gelecekti	1118	15792
mckay	1118	15793
öylemi	1117	15794
alf	1117	15795
pijama	1117	15796
etmediniz	1117	15797
kurup	1117	15798
formda	1117	15799
ışıkta	1117	15800
dinamit	1117	15801
getiriyorlar	1117	15802
mağarada	1117	15803
istiyorduk	1117	15804
olduğuyla	1117	15805
koruyorsun	1116	15806
sonucuna	1116	15807
farklılık	1116	15808
çekeyim	1116	15809
uyardım	1116	15810
adrese	1116	15811
kapatıyor	1116	15812
dahisin	1116	15813
bulmakta	1116	15814
beğendi	1115	15815
reddington	1115	15816
yaşamasına	1115	15817
tanımıyoruz	1115	15818
hizaya	1115	15819
enstitüsü	1115	15820
puding	1115	15821
caesar	1115	15822
bronx	1114	15823
çözeceğiz	1114	15824
varmaya	1114	15825
davaları	1114	15826
görüşün	1114	15827
birisidir	1114	15828
giyinip	1114	15829
dodge	1114	15830
yakışıyor	1114	15831
taktirde	1114	15832
scarlett	1114	15833
lordu	1114	15834
kendinin	1114	15835
zayıflık	1114	15836
kullanmıyor	1114	15837
sürdüğü	1113	15838
burnum	1113	15839
evlerini	1113	15840
atladım	1113	15841
dersten	1113	15842
oley	1113	15843
hiçbirine	1113	15844
çıkarak	1113	15845
uykum	1113	15846
meşe	1113	15847
tang	1113	15848
çocuktur	1112	15849
foreman	1112	15850
duymuşsundur	1112	15851
bulunuyorum	1112	15852
fanny	1112	15853
duyduğumuz	1112	15854
teyzen	1112	15855
dolmuş	1112	15856
helal	1112	15857
benzerlik	1112	15858
annesinden	1112	15859
abisi	1111	15860
desteğini	1111	15861
sikerim	1111	15862
çekmesini	1111	15863
şirketinden	1111	15864
dangalak	1111	15865
gama	1111	15866
night	1111	15867
planınız	1111	15868
kusur	1111	15869
kıskanıyorsun	1111	15870
makineye	1111	15871
kullandılar	1111	15872
elise	1111	15873
çalıyorum	1110	15874
toplamda	1110	15875
vücuda	1110	15876
phillips	1110	15877
ödedin	1110	15878
yapabileceğimizi	1110	15879
canıma	1110	15880
çıkartıyor	1109	15881
noktasını	1109	15882
duşta	1109	15883
nereyi	1109	15884
tanıdığımız	1109	15885
ağla	1109	15886
planların	1109	15887
toronto	1109	15888
kalayım	1109	15889
yaşıyordum	1109	15890
kimsen	1109	15891
bulunuyoruz	1109	15892
oturuyoruz	1109	15893
baksan	1109	15894
terbiyeli	1109	15895
ilişkimizin	1109	15896
öğrettin	1108	15897
shi	1108	15898
balosu	1108	15899
birlikteydi	1108	15900
yatağının	1108	15901
takan	1107	15902
freud	1107	15903
florence	1107	15904
sevindik	1107	15905
gelirdim	1107	15906
merkezinin	1107	15907
soldaki	1107	15908
dostların	1107	15909
bitmesi	1107	15910
katılmış	1107	15911
naziler	1106	15912
birak	1106	15913
beklememiz	1106	15914
pauline	1106	15915
sanatları	1106	15916
kabak	1106	15917
denizden	1106	15918
aşamasında	1106	15919
koştu	1106	15920
tao	1106	15921
sattığını	1106	15922
imkân	1106	15923
dosyada	1106	15924
orson	1105	15925
çalışmanı	1105	15926
kalabalığı	1105	15927
karışıyor	1105	15928
istiyorlardı	1105	15929
yerleştir	1105	15930
yavruları	1105	15931
olayının	1105	15932
gerekenler	1105	15933
sıfırdan	1105	15934
küt	1105	15935
bloom	1105	15936
kurbanlarını	1105	15937
protokol	1105	15938
villa	1104	15939
başkana	1104	15940
yaslan	1104	15941
luk	1104	15942
konuşmadın	1104	15943
ilgilidir	1104	15944
sergei	1104	15945
firar	1104	15946
kulağı	1104	15947
görmeyecek	1104	15948
eğlenceyi	1104	15949
spagetti	1103	15950
gazeteleri	1103	15951
yarının	1103	15952
buyum	1103	15953
sinemada	1103	15954
bitmesine	1103	15955
kentucky	1103	15956
başardınız	1103	15957
rafa	1103	15958
istemiştiniz	1103	15959
çevirdin	1103	15960
lobide	1103	15961
tanıyordu	1103	15962
mezarlık	1103	15963
atlattık	1102	15964
mesleki	1102	15965
vinnie	1102	15966
yaprakları	1102	15967
brent	1102	15968
tuvok	1102	15969
kapalıydı	1102	15970
azaldı	1102	15971
çektiğin	1102	15972
giremem	1102	15973
veliaht	1102	15974
arkadaşlarınız	1102	15975
lira	1101	15976
hoşlandığım	1101	15977
seong	1101	15978
kırma	1101	15979
selâm	1101	15980
bırakırsın	1101	15981
durduğu	1101	15982
farklısın	1101	15983
sürüyorum	1101	15984
izzy	1101	15985
ikide	1101	15986
isminizi	1101	15987
gong	1100	15988
patlamanın	1100	15989
kalksın	1100	15990
vaiz	1100	15991
sürme	1100	15992
kolej	1100	15993
kurumuş	1100	15994
babanım	1100	15995
saçlarımı	1100	15996
kutusunda	1100	15997
kendimde	1100	15998
çıkacaktır	1100	15999
hara	1099	16000
sağlayacağız	1099	16001
bilgisayarına	1099	16002
hissetme	1099	16003
çağırma	1099	16004
ihanete	1099	16005
beklediğin	1098	16006
pozisyonda	1098	16007
ilgin	1098	16008
ağabeyi	1098	16009
kıvırcık	1098	16010
korurum	1098	16011
raporlar	1098	16012
cox	1098	16013
iskelet	1098	16014
işemem	1098	16015
yanım	1097	16016
önü	1097	16017
futbolu	1097	16018
topladı	1097	16019
katiyen	1097	16020
ala	1097	16021
kaslı	1097	16022
helikopteri	1097	16023
vermezdi	1097	16024
eskisinden	1097	16025
elmaslar	1097	16026
boyutta	1097	16027
okay	1097	16028
patlayan	1097	16029
geliştirme	1097	16030
jeong	1096	16031
almıştık	1096	16032
rehberi	1096	16033
yakınlık	1096	16034
duyduğunda	1096	16035
hazırlıksız	1096	16036
kuralım	1096	16037
baz	1096	16038
söylüyorsa	1096	16039
etkilemeye	1096	16040
kahvaltıya	1096	16041
yuan	1096	16042
hit	1095	16043
çalıştığınız	1095	16044
kampanyası	1095	16045
düşünebilir	1095	16046
dağlara	1095	16047
şerefsizler	1095	16048
komşum	1095	16049
etmeyeceğini	1095	16050
aşağıdan	1095	16051
yemeden	1094	16052
geçirdiniz	1094	16053
yapamayacağını	1094	16054
başbaşa	1094	16055
tanri	1094	16056
plaj	1094	16057
kurtarmayı	1094	16058
anestezi	1094	16059
takılmış	1094	16060
oynamıyorum	1093	16061
okuyordum	1093	16062
karşımıza	1093	16063
ağlıyordu	1093	16064
oynarız	1093	16065
bakalim	1093	16066
alanının	1093	16067
şansımızı	1093	16068
kaptı	1093	16069
kitaplarını	1092	16070
hippi	1092	16071
tanığın	1092	16072
endişelendiriyor	1092	16073
geliyordum	1092	16074
geldiyse	1092	16075
liu	1092	16076
doluyor	1092	16077
beşte	1092	16078
sayfayı	1092	16079
uçuşu	1092	16080
maine	1092	16081
lockhart	1091	16082
kurtarmanın	1091	16083
kelimelerle	1091	16084
vinci	1091	16085
bulmaca	1091	16086
dubois	1091	16087
skipper	1091	16088
oynayıp	1091	16089
varlıklı	1091	16090
iğneyi	1091	16091
edeceği	1090	16092
sürdürmek	1090	16093
uymak	1090	16094
clare	1090	16095
kurtulma	1090	16096
reaksiyon	1090	16097
atarsın	1090	16098
reçete	1090	16099
herb	1090	16100
nelerin	1089	16101
firma	1089	16102
okuyabilir	1089	16103
deeks	1089	16104
bilmesine	1089	16105
geçmişten	1089	16106
müdafaa	1089	16107
dilsiz	1089	16108
kanuna	1088	16109
boynu	1088	16110
blues	1088	16111
sonundaki	1088	16112
alabileceğini	1088	16113
yapmıyorlar	1088	16114
emirlerini	1088	16115
delirmişsin	1088	16116
hoşlanırım	1088	16117
katılmayı	1088	16118
zorundaydık	1088	16119
ilginizi	1088	16120
satayım	1087	16121
satır	1087	16122
giydim	1087	16123
ritim	1087	16124
öğüt	1087	16125
yiyebilirsin	1087	16126
kapatmış	1087	16127
amacını	1087	16128
colt	1087	16129
gitmediğini	1087	16130
yaklaştın	1087	16131
dikkati	1087	16132
penelope	1087	16133
uygulamaya	1087	16134
psikiyatrist	1087	16135
derdiniz	1086	16136
somon	1086	16137
manchester	1086	16138
feng	1086	16139
yollamak	1086	16140
kişilerden	1086	16141
çalıştırmak	1086	16142
edilmeli	1086	16143
kariyerin	1086	16144
yaptığımda	1085	16145
goril	1085	16146
götürmeliyim	1085	16147
hatırlayacağım	1085	16148
pennsylvania	1085	16149
saklanmış	1085	16150
çıkarmamız	1085	16151
columbia	1085	16152
caine	1085	16153
arkadaşınım	1085	16154
chin	1085	16155
geldikleri	1084	16156
tanıştı	1084	16157
kastettiğim	1084	16158
bilirdim	1084	16159
çocuklarımızı	1084	16160
değilmişim	1084	16161
değişmemişsin	1084	16162
limanı	1084	16163
şiddeti	1084	16164
teknesi	1084	16165
anlaşmazlık	1084	16166
pisti	1084	16167
aştın	1083	16168
prag	1083	16169
prince	1083	16170
evliyiz	1083	16171
alakasız	1083	16172
şekline	1083	16173
fuller	1083	16174
masadan	1082	16175
kimlerin	1082	16176
dinozor	1082	16177
çekirdeği	1082	16178
araştırmayı	1082	16179
hikayeye	1082	16180
sonya	1082	16181
koro	1082	16182
ameliyatta	1082	16183
dönerse	1082	16184
izah	1082	16185
hatları	1082	16186
bitiş	1082	16187
başarabiliriz	1082	16188
coulson	1082	16189
yediniz	1081	16190
uğraş	1081	16191
birçoğu	1081	16192
yaşadıklarını	1081	16193
dekore	1081	16194
içindeyken	1081	16195
hislerin	1081	16196
kurtarır	1080	16197
porsche	1080	16198
kaçırdılar	1080	16199
karakolda	1080	16200
okullar	1080	16201
şapkanı	1080	16202
kenarda	1080	16203
tarikat	1080	16204
kölesi	1080	16205
ailemizi	1080	16206
lillian	1080	16207
görünmesini	1080	16208
duramam	1080	16209
güvertede	1080	16210
piyade	1080	16211
xavier	1079	16212
sormalıyım	1079	16213
gökten	1079	16214
kalmadım	1079	16215
kurduğu	1079	16216
dosdoğru	1079	16217
ödeştik	1079	16218
seans	1079	16219
çağırırım	1079	16220
duygularım	1079	16221
saçlar	1079	16222
aldığından	1079	16223
durman	1079	16224
yendi	1078	16225
konuşursan	1078	16226
görmemiz	1078	16227
hatırlasana	1078	16228
kliniğe	1078	16229
görmüşler	1078	16230
ateşini	1078	16231
şahidim	1078	16232
bitirmiş	1078	16233
görüşte	1078	16234
olmamam	1078	16235
olmadık	1078	16236
lime	1077	16237
tı	1077	16238
düzenbaz	1077	16239
avukatlık	1077	16240
luna	1077	16241
çıkarmadan	1077	16242
durumdaydı	1077	16243
anahtarın	1077	16244
hatırı	1077	16245
oğlunuzu	1077	16246
hastanedeki	1077	16247
düşünemedim	1076	16248
jody	1076	16249
veremedim	1076	16250
bağımlılık	1076	16251
üstte	1076	16252
borusu	1076	16253
ateşleme	1076	16254
gerçeklerle	1076	16255
aklınızı	1075	16256
gözlerinle	1075	16257
sevmedin	1075	16258
bong	1075	16259
yazarken	1075	16260
hayatınızın	1075	16261
yılanı	1075	16262
giderdik	1075	16263
soğuktan	1075	16264
kastetmedim	1075	16265
dövüşçü	1074	16266
hwang	1074	16267
malesef	1074	16268
getirmen	1074	16269
bezelye	1074	16270
beklemem	1074	16271
değiştirdiğini	1074	16272
evlisin	1074	16273
sirke	1073	16274
rahatına	1073	16275
üçünü	1073	16276
düşünmüştük	1073	16277
makinası	1073	16278
hoşlandın	1073	16279
açıktır	1073	16280
dersim	1073	16281
kıçım	1073	16282
toptan	1073	16283
öldürmemi	1073	16284
pul	1073	16285
fırsatımız	1072	16286
ömer	1072	16287
odalar	1072	16288
gruptan	1072	16289
bea	1072	16290
sistemler	1072	16291
duralım	1072	16292
köpeklerin	1072	16293
kötülüğü	1072	16294
satar	1072	16295
tümörü	1071	16296
koyabilir	1071	16297
mehmet	1071	16298
greta	1071	16299
tonla	1071	16300
soruların	1071	16301
işlerinde	1071	16302
masumum	1071	16303
bıyık	1071	16304
adele	1071	16305
güvenliğe	1071	16306
teklifte	1071	16307
gözlerindeki	1071	16308
daydım	1071	16309
savaşında	1071	16310
soyun	1070	16311
vites	1070	16312
hetty	1070	16313
görüşüm	1070	16314
savaşacak	1070	16315
projeyi	1070	16316
tanesinin	1070	16317
yürüyeceğim	1070	16318
harfleri	1070	16319
beynimi	1070	16320
geçirdiler	1070	16321
laboratuvarda	1069	16322
bölümünün	1069	16323
çoğunluğu	1069	16324
dozda	1069	16325
miriam	1069	16326
tanıştığımda	1069	16327
kandırdım	1069	16328
toplumsal	1069	16329
aynada	1069	16330
tabloyu	1069	16331
sevginin	1069	16332
tedarik	1069	16333
ricam	1069	16334
gevşe	1068	16335
nerelerde	1068	16336
kabaca	1068	16337
yerliler	1068	16338
şefim	1068	16339
durabilir	1068	16340
olmadığımız	1068	16341
döndünüz	1068	16342
tiyatroya	1068	16343
elf	1068	16344
utanma	1067	16345
uyuma	1067	16346
bakmadım	1067	16347
gökyüzünü	1067	16348
görmüştü	1067	16349
kuşun	1067	16350
dünyalar	1067	16351
zane	1067	16352
altıda	1067	16353
şerefsizin	1067	16354
kalsam	1067	16355
oyununa	1067	16356
doğrultusunda	1067	16357
dileğim	1067	16358
sonucunu	1067	16359
eksiksiz	1067	16360
seçmelere	1067	16361
getirmedim	1067	16362
korkunun	1067	16363
ısrarcı	1067	16364
görüştün	1067	16365
kurye	1067	16366
kızılderililer	1066	16367
tuttuğun	1066	16368
dağıt	1066	16369
gelmesin	1066	16370
suriye	1066	16371
bacağın	1066	16372
feet	1066	16373
anlayabilirim	1066	16374
zannettim	1066	16375
fırına	1066	16376
sidik	1065	16377
raporuna	1065	16378
ağaçtan	1065	16379
cebinden	1065	16380
sakinleri	1065	16381
patlıyor	1065	16382
sürmeyi	1065	16383
sheppard	1065	16384
east	1065	16385
çemberi	1064	16386
tutması	1064	16387
gibileri	1064	16388
televizyonun	1064	16389
klein	1064	16390
masalı	1064	16391
philly	1064	16392
stili	1064	16393
dex	1064	16394
güvenebileceğim	1064	16395
haklısındır	1064	16396
korkmuştu	1064	16397
değişmemiş	1064	16398
gitsinler	1064	16399
olmadığının	1064	16400
komedyen	1063	16401
göstermesi	1063	16402
yapmayalım	1063	16403
ligi	1063	16404
atarken	1063	16405
çiftliğe	1063	16406
töreninde	1063	16407
madeline	1063	16408
koruyucusu	1063	16409
kilometrelerce	1063	16410
eğleniyorum	1063	16411
kenar	1063	16412
baksam	1063	16413
alanlar	1063	16414
warner	1063	16415
silahlara	1063	16416
kontak	1063	16417
onurunu	1062	16418
basa	1062	16419
attığım	1062	16420
gezisine	1062	16421
mutluydu	1062	16422
malley	1062	16423
yelek	1062	16424
haklıdır	1062	16425
kovan	1062	16426
çıkmalıyım	1062	16427
doğuyor	1062	16428
şarkıya	1062	16429
bağırmak	1062	16430
hastalıkları	1062	16431
başkent	1062	16432
ediyordur	1062	16433
aşkımı	1062	16434
libby	1062	16435
mekân	1061	16436
kusuruna	1061	16437
kaçırmaya	1061	16438
çevirdim	1061	16439
soytarı	1061	16440
dalıp	1061	16441
napıyorsun	1061	16442
acının	1061	16443
pip	1061	16444
mezarını	1061	16445
oturduğunu	1061	16446
alışverişi	1061	16447
etmeyelim	1060	16448
hapishanesi	1060	16449
yoktan	1060	16450
anlatmalısın	1060	16451
kaçıncı	1060	16452
baykuş	1060	16453
söyleyecektin	1060	16454
götüne	1060	16455
yapabileceğime	1060	16456
faul	1060	16457
telefondaki	1060	16458
profesörü	1060	16459
avına	1060	16460
gümrük	1060	16461
adımını	1060	16462
kelimesine	1060	16463
springs	1059	16464
kullandığımız	1059	16465
çarpıyor	1059	16466
kontratı	1059	16467
bahsettiğiniz	1059	16468
girersin	1059	16469
dinliyorsun	1059	16470
bavul	1059	16471
sevmiş	1059	16472
şeklin	1059	16473
robotlar	1059	16474
bunak	1059	16475
karınızın	1059	16476
thea	1059	16477
uzunluğunda	1059	16478
chance	1059	16479
yaptıklarımı	1058	16480
fargo	1058	16481
kötülüğün	1058	16482
dahilinde	1058	16483
manası	1058	16484
yuh	1058	16485
yolum	1058	16486
jai	1058	16487
yağacak	1058	16488
virüsün	1057	16489
lucille	1057	16490
seviyorsunuz	1057	16491
bahisler	1057	16492
sıktı	1057	16493
aşıksın	1057	16494
öğretir	1057	16495
komisyonu	1057	16496
ayrıldınız	1057	16497
bakmasını	1057	16498
çantaları	1057	16499
haa	1057	16500
yakalar	1057	16501
görevleri	1057	16502
diski	1057	16503
form	1057	16504
ayarladın	1057	16505
çağırır	1057	16506
kattan	1057	16507
düşündüler	1056	16508
bayanla	1056	16509
sütlü	1056	16510
birlikteydim	1056	16511
çalışmıştı	1056	16512
dokunuyor	1056	16513
winnie	1056	16514
marley	1056	16515
kısma	1056	16516
potansiyeli	1056	16517
kalınca	1055	16518
yankee	1055	16519
hüseyin	1055	16520
davranacağım	1055	16521
motorlar	1055	16522
şifresi	1055	16523
isi	1055	16524
elias	1055	16525
bilgisayarlar	1055	16526
deneyebiliriz	1055	16527
terapist	1055	16528
girmeyecek	1055	16529
küçükler	1054	16530
götürmemiz	1054	16531
sorgulamaya	1054	16532
yılların	1054	16533
kaçırılma	1054	16534
astsubay	1054	16535
büyürken	1054	16536
ağlar	1054	16537
konuşmayın	1054	16538
rüzgarı	1054	16539
kaybedeceğim	1054	16540
emniyeti	1053	16541
sevmeyi	1053	16542
kırsal	1053	16543
kliniği	1053	16544
biteceğini	1053	16545
kokla	1052	16546
fikrindi	1052	16547
çekilir	1052	16548
ülkemizin	1052	16549
koruman	1052	16550
yard	1052	16551
temyiz	1052	16552
deneyi	1052	16553
şefin	1052	16554
suçlusu	1052	16555
çuvalı	1052	16556
inanılmazsın	1052	16557
sorunla	1051	16558
göremeyecek	1051	16559
çağırıp	1051	16560
olacağıma	1051	16561
koşarken	1051	16562
geçeriz	1051	16563
bağımsızlık	1051	16564
iniyorum	1051	16565
öldüğümü	1051	16566
gönderdiğin	1051	16567
yapabildiğim	1051	16568
görebilecek	1051	16569
duyarız	1051	16570
bulmana	1050	16571
bıçağın	1050	16572
politikası	1050	16573
uyuşuyor	1050	16574
ihtimalini	1050	16575
yapmazlar	1050	16576
aşina	1050	16577
duyabilir	1050	16578
kopmuş	1050	16579
acını	1050	16580
suçlayamazsın	1050	16581
alındın	1050	16582
etkinlik	1050	16583
ergenlik	1049	16584
talyn	1049	16585
geçemez	1049	16586
oldugu	1049	16587
çıkmıştır	1049	16588
hayattayım	1049	16589
yatıştırıcı	1049	16590
epeydir	1049	16591
kaybettiğin	1049	16592
suçlunun	1049	16593
kafanızı	1048	16594
bahsediyorduk	1048	16595
dükkanın	1048	16596
spence	1048	16597
kullanması	1048	16598
françois	1048	16599
ihbarı	1048	16600
kullanacağını	1048	16601
taktın	1048	16602
hâl	1048	16603
atarsan	1048	16604
ayağın	1048	16605
onuncu	1048	16606
peçete	1048	16607
dönecektir	1048	16608
yetkililere	1047	16609
edildin	1047	16610
nico	1047	16611
ormandan	1047	16612
yüzleri	1047	16613
vücudumu	1047	16614
bulaşma	1047	16615
yıkıldı	1047	16616
dondurucu	1047	16617
göremeyeceğim	1047	16618
hafızam	1047	16619
içkileri	1047	16620
oğlanın	1046	16621
teorim	1046	16622
bırakmalıyız	1046	16623
toplandık	1046	16624
körfezi	1046	16625
aşağısı	1046	16626
uyuyordum	1046	16627
taktı	1046	16628
richards	1046	16629
kardeşimiz	1046	16630
savaşlar	1046	16631
bilip	1045	16632
arayacağını	1045	16633
ödüm	1045	16634
imzaladı	1045	16635
aslanım	1045	16636
yapıyordur	1045	16637
olurda	1045	16638
dişli	1045	16639
beklediğimiz	1045	16640
düzelteceğim	1045	16641
hazırladık	1045	16642
ayının	1045	16643
karşımızda	1045	16644
takımdan	1045	16645
gönderiyorlar	1045	16646
gezinti	1045	16647
kablosuz	1045	16648
söyleseydin	1045	16649
tükenmiş	1044	16650
denemez	1044	16651
söylüyoruz	1044	16652
veteriner	1044	16653
misafirlerimiz	1044	16654
gökyüzünden	1044	16655
super	1044	16656
muhasebe	1044	16657
davranıyorsunuz	1044	16658
işlemleri	1044	16659
sağdaki	1043	16660
gerçektir	1043	16661
bulmaz	1043	16662
çıkanı	1043	16663
düşmanla	1043	16664
şapkalı	1043	16665
yazmam	1043	16666
sıralarda	1043	16667
fırça	1043	16668
yaşarsın	1043	16669
topraklarda	1043	16670
etmediler	1043	16671
winter	1042	16672
tanıkları	1042	16673
çıkmadım	1042	16674
kumsalda	1042	16675
konuşmayalım	1042	16676
vazgeçti	1042	16677
çığlıklar	1042	16678
nobel	1042	16679
galactica	1042	16680
rıza	1042	16681
hapsi	1042	16682
erimiş	1042	16683
alacağı	1042	16684
edmund	1042	16685
yaklaşmayın	1042	16686
malın	1042	16687
sözleşmesi	1042	16688
dinlemedin	1041	16689
değiştirmem	1041	16690
yüzyıllar	1041	16691
eliza	1041	16692
inanamazsın	1041	16693
yırtık	1041	16694
kedinin	1041	16695
coleman	1041	16696
ulaşır	1041	16697
uğursuz	1041	16698
olmamızın	1041	16699
siyaset	1041	16700
ölmedim	1041	16701
yalnızdım	1041	16702
işlerinden	1041	16703
imi	1041	16704
nedenleri	1041	16705
fakültesi	1041	16706
merdivenden	1041	16707
sebebinin	1040	16708
boğazı	1040	16709
ezilmiş	1040	16710
başlarlar	1040	16711
kıyı	1040	16712
hattını	1040	16713
gitmezse	1040	16714
ulus	1040	16715
nehirin	1040	16716
alarma	1040	16717
kaçırmışsın	1040	16718
etsinler	1040	16719
sürmüş	1040	16720
titan	1039	16721
çaresi	1039	16722
anka	1039	16723
reyes	1039	16724
görünmüyordu	1039	16725
yaşarım	1039	16726
uyandır	1039	16727
telaffuz	1039	16728
tardis	1039	16729
memeli	1039	16730
yapmamıza	1039	16731
evlendikten	1039	16732
dağların	1039	16733
duvardaki	1038	16734
stiles	1038	16735
dönük	1038	16736
yavrular	1038	16737
denemiyorsun	1038	16738
luc	1038	16739
görmesin	1038	16740
soymak	1038	16741
sokakları	1038	16742
deneyebilirsin	1038	16743
hardal	1038	16744
şehrinde	1037	16745
erişimi	1037	16746
konyak	1037	16747
insandır	1037	16748
kabuk	1037	16749
zamanlardan	1037	16750
ömrüm	1037	16751
sanatsal	1037	16752
değiştirmeyecek	1037	16753
değilmişsin	1037	16754
güneyli	1037	16755
sürüş	1037	16756
nell	1037	16757
pittsburgh	1037	16758
didik	1036	16759
hamam	1036	16760
anlaşılabilir	1036	16761
koltuğunda	1036	16762
astrid	1036	16763
alvarez	1036	16764
mektubun	1036	16765
jöle	1036	16766
konuşana	1035	16767
tüneli	1035	16768
karıştırdın	1035	16769
yüzeysel	1035	16770
bulacağımızı	1035	16771
verilmesi	1035	16772
dumanı	1035	16773
saldırısına	1035	16774
kutsanmış	1035	16775
görse	1035	16776
delikler	1035	16777
hoşlandığımı	1035	16778
banyoyu	1034	16779
geçmem	1034	16780
griffith	1034	16781
çalışayım	1034	16782
mütevazi	1034	16783
kapmış	1034	16784
konuşmaydı	1034	16785
minibüsü	1034	16786
katya	1034	16787
izlerim	1034	16788
arkadaşça	1034	16789
muhasebeci	1034	16790
grimm	1033	16791
götürüyorsunuz	1033	16792
oğluyla	1033	16793
tedbir	1033	16794
hâlinde	1033	16795
gevreği	1033	16796
ayıran	1033	16797
manning	1033	16798
serserinin	1033	16799
arasam	1033	16800
kafalarını	1033	16801
içersin	1033	16802
yaratacak	1033	16803
istemezsen	1032	16804
çoğumuz	1032	16805
ayırıp	1032	16806
mozart	1032	16807
burnunun	1032	16808
varlığından	1032	16809
geleceğinizi	1032	16810
hukuki	1032	16811
kapanmıştır	1032	16812
yaklaştım	1032	16813
sarhoşum	1032	16814
elbisemi	1032	16815
zamanıdır	1032	16816
baskısı	1032	16817
ilçe	1032	16818
şube	1031	16819
sürün	1031	16820
davasına	1031	16821
araçtan	1031	16822
kudretli	1031	16823
başkanının	1031	16824
zamanımızı	1031	16825
çalıyordu	1031	16826
görmediği	1031	16827
csi	1031	16828
güncel	1031	16829
özgürlüğünü	1031	16830
arkadaştık	1031	16831
devrimci	1031	16832
sayımı	1031	16833
molası	1030	16834
dönemden	1030	16835
sınıfında	1030	16836
fiyatları	1030	16837
gideceğimiz	1030	16838
trenden	1030	16839
taşıyordu	1030	16840
çekmeden	1030	16841
kıçının	1030	16842
tutucu	1030	16843
biliyorsunuzdur	1030	16844
ekipler	1030	16845
fotoğrafın	1030	16846
güvendiğim	1030	16847
müsaadenle	1030	16848
eğlendik	1030	16849
istihbaratı	1030	16850
harlan	1029	16851
picasso	1029	16852
kitaptan	1029	16853
yatırdım	1029	16854
merhum	1029	16855
kocasına	1029	16856
ebeveynler	1029	16857
kristen	1029	16858
öldürüyordu	1029	16859
kirby	1029	16860
adamlarımdan	1029	16861
çalıştığınızı	1029	16862
yoldayız	1028	16863
sürüp	1028	16864
kimmy	1028	16865
gazetelere	1028	16866
seninkinden	1028	16867
içtiğini	1028	16868
leela	1028	16869
fıçı	1028	16870
dinlenin	1028	16871
derisini	1028	16872
şüpheliler	1028	16873
durmayacak	1028	16874
düşmüştü	1028	16875
ihtiyaçlarını	1028	16876
vuruyorsun	1028	16877
boğaz	1027	16878
avukatımı	1027	16879
kocana	1027	16880
meğerse	1027	16881
gürültüsü	1027	16882
çağıralım	1027	16883
kıçın	1027	16884
savaşacağız	1027	16885
saçlarım	1027	16886
firması	1027	16887
dağda	1027	16888
bacağımı	1027	16889
anneyi	1027	16890
kemiklerini	1027	16891
butler	1026	16892
mahveder	1026	16893
erişte	1026	16894
yüzey	1026	16895
locke	1026	16896
biletim	1026	16897
hard	1026	16898
umudum	1026	16899
maçtan	1026	16900
verince	1026	16901
maması	1026	16902
istenmeyen	1026	16903
aralarındaki	1025	16904
tarafım	1025	16905
air	1025	16906
güller	1025	16907
öldürecekti	1025	16908
esaslı	1025	16909
tuttuk	1025	16910
kaybedeceğiz	1025	16911
sundu	1025	16912
kesen	1025	16913
mermiler	1025	16914
kalkanı	1025	16915
uçurmak	1025	16916
rahul	1025	16917
tabağı	1025	16918
yüksekten	1025	16919
başaramadım	1024	16920
cezaevi	1024	16921
karga	1024	16922
andı	1024	16923
etmiyorsunuz	1024	16924
tokuş	1024	16925
öleli	1024	16926
kullanman	1024	16927
ıslık	1024	16928
gününden	1024	16929
bahsetmeye	1024	16930
öleceğimi	1024	16931
akar	1023	16932
rekoru	1023	16933
yaygara	1023	16934
inanıyorlar	1023	16935
kaldıracak	1023	16936
götürdüğünü	1023	16937
yiyebilirim	1023	16938
kancık	1023	16939
iznin	1023	16940
yakalandın	1023	16941
koyduğum	1023	16942
çalışırlar	1023	16943
kapatacağım	1023	16944
gardiyanlar	1023	16945
ortasındayım	1023	16946
atıyordu	1023	16947
sokacağım	1023	16948
dolaşmaya	1023	16949
solomon	1022	16950
fazlaydı	1022	16951
tanıklar	1022	16952
yatkın	1022	16953
kalmalıyız	1022	16954
kaçırdığım	1022	16955
özledik	1022	16956
starbuck	1021	16957
yaka	1021	16958
online	1021	16959
disko	1021	16960
hafızasını	1021	16961
kürsüye	1021	16962
anlayışın	1021	16963
uçuyorum	1021	16964
etmesin	1021	16965
kuşların	1021	16966
göstererek	1021	16967
iklim	1021	16968
üşüyorum	1020	16969
bulaşıkları	1020	16970
mümkündür	1020	16971
ponpon	1020	16972
telaş	1020	16973
mızrak	1020	16974
tanımıyordum	1020	16975
kayip	1020	16976
toplanıp	1020	16977
bakteri	1020	16978
norm	1020	16979
kimliğimi	1020	16980
köprüde	1019	16981
filminin	1019	16982
çukura	1019	16983
ayrılmayı	1019	16984
yapmadınız	1019	16985
gidecektir	1019	16986
jojo	1019	16987
göğsünde	1019	16988
devir	1019	16989
başlaması	1019	16990
çıkarıldı	1019	16991
sing	1019	16992
yalandan	1019	16993
demiştik	1019	16994
mai	1019	16995
avlamak	1019	16996
cate	1019	16997
gevezelik	1019	16998
isterlerse	1018	16999
bulamazsınız	1018	17000
yaşayanlar	1018	17001
olmayayım	1018	17002
fritz	1018	17003
endişelendiren	1018	17004
çarpıp	1018	17005
ülkesine	1018	17006
araştırmacı	1018	17007
unutulmaz	1018	17008
mahcup	1018	17009
affetmeyeceğim	1018	17010
bacaklar	1018	17011
kıskandın	1018	17012
saklama	1017	17013
kuyu	1017	17014
bombardıman	1017	17015
decker	1017	17016
taşındık	1017	17017
haldeyim	1017	17018
topuklu	1017	17019
namussuz	1017	17020
kaynaklar	1017	17021
burnundan	1017	17022
sahibiyim	1017	17023
jasmine	1017	17024
atıştı	1017	17025
laboratuvarı	1017	17026
kaburga	1017	17027
ayini	1016	17028
öldüreyim	1016	17029
takıldım	1016	17030
bakmıştım	1016	17031
feragat	1016	17032
bildiğine	1016	17033
country	1016	17034
ernest	1016	17035
destekleyen	1016	17036
aksanı	1016	17037
ace	1016	17038
buzdolabında	1015	17039
aramalısın	1015	17040
sky	1015	17041
seferi	1015	17042
nahoş	1015	17043
ahırda	1015	17044
üniformalı	1015	17045
town	1015	17046
eğ	1015	17047
düşüncelisin	1015	17048
almanların	1015	17049
gündüzleri	1015	17050
suları	1015	17051
havaalanından	1015	17052
bilsin	1015	17053
harcadı	1015	17054
faturayı	1015	17055
uzaktaki	1015	17056
sorduğumda	1015	17057
harikaymış	1015	17058
adamının	1014	17059
razıyım	1014	17060
yozlaşmış	1014	17061
şişmiş	1014	17062
bulunmaz	1014	17063
edindim	1014	17064
çekilsin	1014	17065
umduğum	1014	17066
beklediğimden	1014	17067
asmak	1014	17068
gezen	1014	17069
berber	1014	17070
gururum	1014	17071
çekiyorlar	1014	17072
köyden	1014	17073
konuşamıyor	1014	17074
yoldaşlar	1014	17075
kanıta	1014	17076
görmelisiniz	1014	17077
kalkanlar	1014	17078
istiridye	1014	17079
bahseden	1013	17080
girdiğim	1013	17081
anam	1013	17082
öğretmeye	1013	17083
küvette	1013	17084
faşist	1013	17085
yalnızsın	1013	17086
kanıtlayacak	1013	17087
etkilenmiş	1013	17088
dereceye	1013	17089
karşılayacak	1013	17090
ünü	1013	17091
uğrattın	1013	17092
bekleyebilirim	1013	17093
insanlığı	1013	17094
güvenebileceğimi	1012	17095
söylemeli	1012	17096
geoffrey	1012	17097
bildiğinizi	1012	17098
pusu	1012	17099
olmadığında	1012	17100
odamdan	1012	17101
umutsuzca	1012	17102
işledi	1012	17103
peru	1012	17104
stanton	1012	17105
meraklanma	1012	17106
maddeler	1012	17107
patronuna	1012	17108
webster	1012	17109
piçin	1012	17110
tasha	1012	17111
konuşmanız	1012	17112
dc	1012	17113
kontrollü	1012	17114
numarada	1012	17115
kalmadığını	1012	17116
koyarız	1012	17117
sopası	1012	17118
joker	1011	17119
ney	1011	17120
şimdide	1011	17121
tanışmaya	1011	17122
see	1011	17123
royal	1011	17124
hi	1011	17125
clint	1011	17126
meçhul	1011	17127
ying	1011	17128
memphis	1011	17129
söyleyemedim	1011	17130
dökmek	1011	17131
çıkmamış	1011	17132
kaldığımı	1011	17133
andaki	1010	17134
kollarım	1010	17135
gezip	1010	17136
bank	1010	17137
keşfetti	1010	17138
koruyorum	1010	17139
lorraine	1010	17140
fiyatına	1010	17141
olaylardan	1010	17142
birşeyleri	1010	17143
fang	1010	17144
bull	1009	17145
uyarmalıyım	1009	17146
cobb	1009	17147
from	1009	17148
büyür	1009	17149
fakültesine	1009	17150
olucak	1009	17151
türkçe	1009	17152
yazayım	1009	17153
soyundan	1009	17154
ağzım	1009	17155
bedenine	1009	17156
zorbalık	1009	17157
böyleyim	1009	17158
ethel	1009	17159
ederdik	1009	17160
suçladı	1009	17161
kriket	1009	17162
maddeyi	1008	17163
güverteye	1008	17164
müşterilerin	1008	17165
göstermelisin	1008	17166
lokanta	1008	17167
ölüleri	1008	17168
sıkça	1008	17169
binalar	1008	17170
buffalo	1008	17171
olduğunuzda	1007	17172
formları	1007	17173
yetkilileri	1007	17174
sormuştum	1007	17175
kaygan	1007	17176
mirası	1007	17177
kanıtımız	1007	17178
uyur	1007	17179
uçuk	1007	17180
edilmemiş	1007	17181
ayırdım	1007	17182
çenesi	1006	17183
romalı	1006	17184
rae	1006	17185
korkup	1006	17186
öncülük	1006	17187
duyarsa	1006	17188
daireler	1006	17189
karşılaşma	1006	17190
back	1006	17191
koyduğumun	1006	17192
flora	1006	17193
ışın	1006	17194
anons	1006	17195
ipleri	1006	17196
sibirya	1005	17197
hissine	1005	17198
hançer	1005	17199
devrimi	1005	17200
kandırmak	1005	17201
yapiyorsun	1005	17202
kullanıldığını	1005	17203
cesetlerin	1005	17204
topluyorum	1005	17205
kulağını	1005	17206
arıyorsan	1005	17207
robbins	1005	17208
adımın	1005	17209
hoffman	1005	17210
iyileşiyor	1005	17211
savunması	1004	17212
tiplerden	1004	17213
susuz	1004	17214
cezasına	1004	17215
tanışmayı	1004	17216
uykuda	1004	17217
öptün	1004	17218
dinlemedi	1004	17219
fikirlerin	1004	17220
göstersene	1004	17221
katilleri	1004	17222
ölüyordum	1004	17223
gelmeyen	1004	17224
mustang	1004	17225
heyecanı	1004	17226
sorumsuz	1004	17227
moss	1003	17228
aldıklarını	1003	17229
çevreye	1003	17230
geliş	1003	17231
fit	1003	17232
hu	1003	17233
görüşmeler	1003	17234
madalyası	1003	17235
patronunun	1003	17236
kaleyi	1003	17237
uzaydan	1003	17238
tutacaksın	1003	17239
girmen	1002	17240
eskiler	1002	17241
katlanamam	1002	17242
angus	1002	17243
mistik	1002	17244
hayatlar	1002	17245
avrupalı	1002	17246
dengeli	1002	17247
güçlüyüm	1002	17248
şudur	1002	17249
temizliği	1002	17250
çevirmeye	1002	17251
yıkamak	1002	17252
kariyerimi	1001	17253
aptalı	1001	17254
düşmanım	1001	17255
kapatıyoruz	1001	17256
güveniyorsun	1001	17257
bırakacağını	1001	17258
yüzler	1001	17259
rotayı	1001	17260
gördüğümden	1001	17261
inandığını	1001	17262
imzalar	1001	17263
sevgisini	1001	17264
işteki	1001	17265
olabilirdik	1000	17266
başaracaksın	1000	17267
lucia	1000	17268
kabarık	1000	17269
müziğini	1000	17270
tişörtü	1000	17271
golden	1000	17272
beyinli	1000	17273
tito	1000	17274
tutmalısın	1000	17275
özellik	1000	17276
musallat	999	17277
margarita	999	17278
akrep	999	17279
tabip	999	17280
eddy	999	17281
costa	999	17282
aklınızda	999	17283
kaçırıp	999	17284
saldırmaya	999	17285
durumdu	999	17286
yaşarız	999	17287
pekin	999	17288
terbiye	999	17289
meleğin	999	17290
zafere	999	17291
etmemek	999	17292
getirmeni	998	17293
akışına	998	17294
karışım	998	17295
dünyam	998	17296
açı	998	17297
seksen	998	17298
ilgilendiğini	998	17299
eliot	998	17300
seçildi	998	17301
margot	998	17302
söylememem	998	17303
olacaktın	998	17304
hazineyi	998	17305
gönderdiğim	997	17306
burasi	997	17307
fotoğrafta	997	17308
gerginlik	997	17309
yakıştı	997	17310
yükünü	997	17311
abur	997	17312
şaplak	997	17313
echo	997	17314
gelmeli	997	17315
müebbet	997	17316
wolfe	997	17317
katkı	997	17318
koskoca	997	17319
kütle	997	17320
içinizde	997	17321
uyumam	996	17322
august	996	17323
rüzgarın	996	17324
depoyu	996	17325
marsh	996	17326
yürüdü	996	17327
güvenmiyorsun	996	17328
geçireyim	996	17329
hatırlatırım	996	17330
hazırdı	996	17331
hayvanlarla	995	17332
buluşması	995	17333
teste	995	17334
etmiyordu	995	17335
kaçırılmış	995	17336
sebepler	995	17337
dayanın	995	17338
saklayın	995	17339
grupla	995	17340
yunus	995	17341
kestiler	995	17342
diyorsam	995	17343
askerlik	995	17344
kalbe	995	17345
tyson	994	17346
vejetaryen	994	17347
yapacağınız	994	17348
sınıfına	994	17349
gömülmüş	994	17350
saklanan	994	17351
sunucu	993	17352
istememiş	993	17353
napoli	993	17354
tacı	993	17355
giyme	993	17356
uzlaşma	993	17357
pazara	993	17358
dinlenmen	993	17359
oturuyordum	992	17360
talihsizlik	992	17361
tanıdı	992	17362
ılık	992	17363
gelinceye	992	17364
alındım	992	17365
yazarlar	992	17366
jennings	992	17367
akşamın	992	17368
insanlardır	992	17369
beğeniyorum	991	17370
abartıyorsun	991	17371
seneki	991	17372
teri	991	17373
karev	991	17374
raylan	991	17375
hayatlarının	991	17376
verdikten	991	17377
kutluyoruz	991	17378
saydım	991	17379
erkencisin	991	17380
halloldu	991	17381
gidemezsiniz	991	17382
sheridan	991	17383
sonsuzluk	991	17384
konuşsana	991	17385
luca	991	17386
olmaktır	991	17387
tez	991	17388
moralini	990	17389
şakalar	990	17390
etmenize	990	17391
hafızası	990	17392
skye	990	17393
sokuyorsun	990	17394
yapmadığı	990	17395
müdüre	990	17396
öldürdüğüm	990	17397
nikah	990	17398
trafiği	990	17399
kurtulacağız	990	17400
halledersin	990	17401
sanıyoruz	990	17402
okulundan	990	17403
vale	989	17404
tabela	989	17405
maaşını	989	17406
filmlerini	989	17407
rodriguez	989	17408
kilitlendi	989	17409
titus	989	17410
gülümsüyor	989	17411
laboratuarı	989	17412
okumam	989	17413
karnında	989	17414
yandaki	989	17415
çatışmaya	989	17416
şüphelimiz	989	17417
mao	989	17418
zorluyorsun	989	17419
abed	989	17420
kocasıyla	989	17421
allie	988	17422
koltuğun	988	17423
geçeceksin	988	17424
bilincini	988	17425
bilmiyorsan	988	17426
perdeleri	988	17427
direksiyon	988	17428
mangal	988	17429
linus	988	17430
yaratmaya	988	17431
kurum	988	17432
suikastçı	988	17433
kadere	988	17434
saklayacağım	988	17435
şanssız	988	17436
küp	987	17437
rahmetli	987	17438
işlenen	987	17439
delikleri	987	17440
yaratmış	987	17441
girmenin	987	17442
biletini	987	17443
maymunu	987	17444
bahsetmedim	987	17445
daimi	986	17446
dönsem	986	17447
cumhuriyetçi	986	17448
rakibi	986	17449
edemedi	986	17450
anahtarlarımı	986	17451
humphrey	986	17452
bakmış	986	17453
dakikam	986	17454
kazanırsam	986	17455
lizzy	986	17456
getirmişsin	986	17457
hydra	986	17458
krallığın	986	17459
bilmelisiniz	986	17460
çiş	986	17461
atmadan	986	17462
söyleneni	986	17463
tanışmadık	985	17464
kazanmanın	985	17465
görüyordu	985	17466
başrol	985	17467
filmindeki	985	17468
cinsten	985	17469
güvendim	985	17470
binasına	985	17471
hoo	985	17472
uçurumdan	985	17473
ruhsat	985	17474
dayanamayacağım	985	17475
rupert	985	17476
macgyver	985	17477
akli	985	17478
idari	985	17479
ayakkabıların	984	17480
büyümüşsün	984	17481
dolan	984	17482
kullanalım	984	17483
yapmamak	984	17484
şüphelerim	984	17485
penisi	984	17486
parkın	984	17487
kararlarını	984	17488
dikenli	984	17489
elmalı	984	17490
volkanik	984	17491
elması	984	17492
yeryüzündeki	984	17493
istemediğinden	984	17494
kaybetmenin	983	17495
spartacus	983	17496
taşınıyorum	983	17497
mührü	983	17498
hemşireler	983	17499
kelepçe	983	17500
kapıcı	983	17501
want	983	17502
vurucu	983	17503
vekili	983	17504
sıkkın	983	17505
bırakıyoruz	983	17506
terrence	983	17507
kg	983	17508
çıkarlar	983	17509
bakışta	982	17510
kilitleyin	982	17511
resimdeki	982	17512
cimri	982	17513
alınır	982	17514
inandı	982	17515
hiçe	982	17516
lux	982	17517
sarılmış	982	17518
how	982	17519
aklınızdan	982	17520
ederlerse	981	17521
gideceğin	981	17522
yaşları	981	17523
söyleyebilirdin	981	17524
ölmez	981	17525
cansız	981	17526
ödemeli	981	17527
kızkardeşim	981	17528
bırakırız	981	17529
cephe	981	17530
bütünüyle	981	17531
buluşmamız	981	17532
kurtardınız	981	17533
bildikleri	981	17534
beau	981	17535
olurlarsa	981	17536
odanız	980	17537
wraith	980	17538
doğruluyor	980	17539
yapmamıştım	980	17540
alabama	980	17541
gelmenin	980	17542
kızdırmak	980	17543
verdiğine	980	17544
aşmak	980	17545
testini	980	17546
yaramış	980	17547
tuttuğum	980	17548
edemiyorsun	980	17549
uyanmak	980	17550
dilde	979	17551
suçluyum	979	17552
eşimle	979	17553
canınızı	979	17554
bmw	979	17555
bitirdikten	979	17556
tezahürat	979	17557
sandığımdan	979	17558
anladığımı	979	17559
kaynaklarını	979	17560
gökyüzünün	979	17561
sikimde	979	17562
görüntüsünü	979	17563
sıkılmış	979	17564
mahvediyorsun	979	17565
kaldırır	978	17566
nefsi	978	17567
parçacık	978	17568
tuzu	978	17569
çapkın	978	17570
alamayacaksın	978	17571
çalışmamı	978	17572
düğününe	978	17573
hım	978	17574
harcıyor	978	17575
kuşak	978	17576
çaremiz	978	17577
orlando	978	17578
kusmuk	978	17579
çözün	978	17580
sakinim	978	17581
öldürüyorlar	978	17582
olmayanlar	978	17583
dinledin	978	17584
yapamayacak	977	17585
güçlük	977	17586
çekmem	977	17587
takdire	977	17588
bahsetmiştim	977	17589
seçtiği	977	17590
yazılar	977	17591
yürekten	977	17592
düzelir	977	17593
gelebileceğini	977	17594
polislerden	977	17595
edna	977	17596
ışıl	977	17597
hastalıktan	977	17598
çıkaracaksın	977	17599
ilişkisini	977	17600
yaptığımın	977	17601
çarpma	977	17602
dolanıyor	977	17603
dönmene	977	17604
değiştirin	977	17605
psikolog	976	17606
malibu	976	17607
sormalısın	976	17608
yetişirim	976	17609
noktalar	976	17610
carver	976	17611
yakıyorsun	976	17612
sürüngen	976	17613
yemeğim	976	17614
yolluyor	976	17615
jarvis	975	17616
partisini	975	17617
şehit	975	17618
korkaklar	975	17619
rahipler	975	17620
olmuşlar	975	17621
missy	975	17622
ellerinle	975	17623
iftira	975	17624
suçluların	975	17625
micheal	975	17626
köpük	975	17627
yardımımı	975	17628
sayıca	975	17629
gelmeyin	975	17630
sorumluluğum	975	17631
saddam	975	17632
antibiyotik	975	17633
çetenin	975	17634
ikinizle	975	17635
ansızın	974	17636
kaçakçılığı	974	17637
çıkıyordum	974	17638
gitmeyeceksin	974	17639
programları	974	17640
taşla	974	17641
eleştiri	974	17642
aktivite	974	17643
beşe	974	17644
morga	974	17645
doldurulmuş	974	17646
uçacak	974	17647
geciktiğim	973	17648
üyelerinin	973	17649
yerdeyiz	973	17650
tavana	973	17651
kiliseyi	973	17652
una	973	17653
gençleri	973	17654
kanatlarını	973	17655
harcadık	973	17656
yakalayacak	973	17657
görülecek	973	17658
yaralanma	972	17659
birlikler	972	17660
dilin	972	17661
pepper	972	17662
halat	972	17663
şeytanla	972	17664
kızıyım	972	17665
wagner	972	17666
bağırmayı	972	17667
avukatla	972	17668
gözcü	972	17669
lulu	972	17670
düşmesi	972	17671
tecavüzcü	972	17672
davalar	972	17673
kendilerinden	971	17674
teknenin	971	17675
faiz	971	17676
sağolsun	971	17677
adammış	971	17678
ölürsen	971	17679
düşüncelerimi	971	17680
duymam	971	17681
karakolu	971	17682
bakir	971	17683
mülteci	971	17684
sinirlenme	971	17685
zannediyor	971	17686
kıvılcım	971	17687
tanışmıştım	971	17688
duvarlara	971	17689
biliyorsa	970	17690
sahasında	970	17691
teknolojik	970	17692
rahim	970	17693
izlediğini	970	17694
düğüm	970	17695
marihuana	970	17696
anlarız	970	17697
hileli	970	17698
waffle	970	17699
etmezse	970	17700
sınırın	970	17701
grupları	970	17702
chambers	970	17703
halledin	970	17704
hükümete	970	17705
ayaklarımı	970	17706
kuğu	970	17707
otoyol	970	17708
bulaşmak	970	17709
bildirildi	970	17710
hissettirir	970	17711
çantamda	969	17712
atamam	969	17713
planlanmış	969	17714
köpeğimi	969	17715
derinlerde	969	17716
kalım	969	17717
sayılmazsın	969	17718
görecekler	969	17719
tanınmış	969	17720
diyeceksiniz	969	17721
dişler	969	17722
yanındayken	969	17723
merkezden	969	17724
marjorie	969	17725
düğmesi	969	17726
canınız	969	17727
way	969	17728
ilaçların	969	17729
oynamam	968	17730
binasında	968	17731
anlayana	968	17732
durdurmanın	968	17733
yeo	968	17734
yerleştirdim	968	17735
eyalette	968	17736
demesi	968	17737
vermeyeceksin	968	17738
çalışırdım	968	17739
fish	968	17740
değiştirirsen	968	17741
serçe	968	17742
burdayız	968	17743
içtenlikle	968	17744
ketçap	967	17745
çağırıyorlar	967	17746
dolaşırken	967	17747
kaçırıyorum	967	17748
buluşmam	967	17749
üstünlük	967	17750
öğrenmesini	967	17751
davey	967	17752
saygım	967	17753
kulübeye	967	17754
doldurdum	966	17755
kefaletle	966	17756
freya	966	17757
vurulan	966	17758
tai	966	17759
düşüncelerin	966	17760
kazanıp	966	17761
yapmayacağını	966	17762
american	966	17763
yapacağıma	966	17764
belirtiler	966	17765
walden	966	17766
ko	966	17767
imzası	966	17768
yapmadığımı	966	17769
sürprizi	966	17770
tutamaz	966	17771
ailemize	965	17772
italyanca	965	17773
deyiz	965	17774
yürümeyi	965	17775
adapte	965	17776
aldatıyor	965	17777
almakla	965	17778
skip	965	17779
misali	965	17780
büyükannenin	965	17781
sevişirken	965	17782
kaldığında	965	17783
çalışabilir	965	17784
kesim	964	17785
oyum	964	17786
bulunmaktadır	964	17787
evinizi	964	17788
sentetik	964	17789
döktüm	964	17790
olga	964	17791
bilseydi	964	17792
mahzuru	964	17793
horace	964	17794
gözleme	964	17795
dilenci	964	17796
geçerim	963	17797
stüdyoda	963	17798
bekleyeceksin	963	17799
rozeti	963	17800
büyünün	963	17801
yollarla	963	17802
duysun	963	17803
conan	963	17804
ülkem	963	17805
sarpa	963	17806
kabullenmek	963	17807
sakladığın	963	17808
güçlüydü	962	17809
tatbikat	962	17810
taşırım	962	17811
ahır	962	17812
gerekliydi	962	17813
trip	962	17814
mutlusun	962	17815
doğmamış	962	17816
koymuşlar	962	17817
kafes	962	17818
romalılar	962	17819
almıştın	962	17820
düğününde	962	17821
yargıcın	962	17822
yapılabilecek	962	17823
örgüt	962	17824
konumu	962	17825
arayacaksın	962	17826
mantığı	962	17827
aşıklar	962	17828
üzerinize	961	17829
kahrolasıca	961	17830
nelere	961	17831
memeleri	961	17832
krallar	961	17833
demekle	961	17834
aşkla	961	17835
tasarımı	961	17836
açtık	961	17837
chffffff	961	17838
düşmeden	961	17839
düğünün	961	17840
öğretiyor	961	17841
yolumuzu	961	17842
kanıyla	961	17843
yerinizi	960	17844
denemeliyiz	960	17845
vadeli	960	17846
cama	960	17847
olmasıyla	960	17848
giydiğin	960	17849
aramıyorsun	960	17850
tanımadığın	960	17851
gününün	960	17852
gündeme	960	17853
paddy	960	17854
bitireceğiz	960	17855
tahıl	960	17856
saldırıda	960	17857
verilmiştir	960	17858
ja	960	17859
kıskandım	960	17860
sormama	960	17861
norris	959	17862
çekinmeyin	959	17863
elinizdeki	959	17864
hasarlı	959	17865
aletin	959	17866
dinleyip	959	17867
savage	959	17868
yetmiş	959	17869
koyduğu	959	17870
bazılarınız	959	17871
hot	959	17872
mürettebatı	959	17873
durdurabilir	959	17874
aşırıya	959	17875
yapımcısı	959	17876
acıma	959	17877
büyüdük	959	17878
kalabilirsiniz	959	17879
tutarlı	959	17880
cenazesi	958	17881
yüzbaşım	958	17882
kaybedersen	958	17883
lapd	958	17884
aşan	958	17885
gilmore	958	17886
duymaktan	958	17887
perkins	958	17888
vurgun	958	17889
toparla	958	17890
yoklar	958	17891
benimkinin	958	17892
düşmanlar	958	17893
destekliyorum	958	17894
ilave	958	17895
jethro	958	17896
evleniyoruz	958	17897
edemezler	958	17898
afyon	958	17899
felicia	957	17900
ışını	957	17901
kapanış	957	17902
teknolojiyi	957	17903
geçebiliriz	957	17904
ziyaretine	957	17905
halletmeye	957	17906
alabiliyor	957	17907
ameliyathaneye	957	17908
seçer	957	17909
cevizi	957	17910
toplandı	957	17911
rahatlamak	957	17912
gerekmiyordu	957	17913
kayıplara	956	17914
baskıyı	956	17915
ölesiye	956	17916
peşindeyiz	956	17917
zıvır	956	17918
senede	956	17919
görevinden	956	17920
temizler	956	17921
merdiveni	956	17922
şampiyonluk	956	17923
seçenekler	956	17924
evraklar	956	17925
jüriye	956	17926
boğulma	956	17927
görebiliyorsun	956	17928
saygımla	955	17929
süs	955	17930
tanesine	955	17931
arabanız	955	17932
knight	955	17933
akım	955	17934
çevresindeki	955	17935
weston	955	17936
whoo	955	17937
kubbe	955	17938
okudunuz	955	17939
almaları	955	17940
konudaki	954	17941
mağazası	954	17942
sormayacağım	954	17943
içeceğiz	954	17944
kendininkini	954	17945
eğleniyoruz	954	17946
gövde	954	17947
kelle	954	17948
ramsey	954	17949
kulübesi	954	17950
atlamış	954	17951
desmond	954	17952
eğitimini	954	17953
aracını	954	17954
çıkarttı	954	17955
yaktın	954	17956
kaldırdım	953	17957
yapacaktı	953	17958
olanak	953	17959
bilse	953	17960
önceliğimiz	953	17961
olsalardı	953	17962
atarlar	953	17963
göğüsler	953	17964
duyamaz	953	17965
izinden	953	17966
bilgili	953	17967
pencereler	953	17968
ant	953	17969
geleli	953	17970
kalacağımı	952	17971
kıçınızı	952	17972
diyecekler	952	17973
enerjisini	952	17974
korkuyla	952	17975
toplanıyor	952	17976
rehineleri	952	17977
adamlarımın	952	17978
geçmemiz	952	17979
zenginler	952	17980
masters	952	17981
dönemin	952	17982
kitabının	952	17983
apple	952	17984
okumadım	952	17985
uzaktayız	952	17986
prensin	952	17987
yarışta	952	17988
boyutu	952	17989
ames	951	17990
çalışırsa	951	17991
rosemary	951	17992
taşa	951	17993
belirtti	951	17994
vitamin	951	17995
bilebilirdim	951	17996
seçimleri	951	17997
değiştirdik	951	17998
fikrinizi	950	17999
harikasınız	950	18000
boştu	950	18001
vardığında	950	18002
çıkarttım	950	18003
uzmanlar	950	18004
konuşmana	950	18005
vereceğin	950	18006
kıran	950	18007
endüstriyel	949	18008
utanıyor	949	18009
koçu	949	18010
fas	949	18011
kütük	949	18012
sevgilisini	949	18013
yüzleş	949	18014
bitirmeme	949	18015
alttan	949	18016
bagaj	949	18017
öldürmeyeceğim	949	18018
bakımdan	949	18019
ölmeyeceksin	949	18020
hayallerin	949	18021
lambert	949	18022
yeryüzü	949	18023
coco	949	18024
yaklaşmak	948	18025
uyuşturucudan	948	18026
topunu	948	18027
müthişti	948	18028
savannah	948	18029
çantasında	948	18030
bakmama	948	18031
hatıralar	948	18032
marian	948	18033
sözlerimi	948	18034
satmayı	948	18035
mezarlığa	948	18036
olduğumun	948	18037
götüreceğini	948	18038
planlama	948	18039
yalvardım	948	18040
eksikti	948	18041
tatiller	948	18042
oyu	948	18043
eşyalarım	948	18044
çıkarmanın	948	18045
ormandaki	947	18046
kaybetmiştim	947	18047
güvenmem	947	18048
kusurlu	947	18049
çırılçıplak	947	18050
tansiyonu	947	18051
uygulamak	947	18052
çöle	947	18053
sierra	947	18054
romanı	947	18055
site	947	18056
kalırlar	947	18057
izliyordu	947	18058
amiri	947	18059
bireysel	947	18060
gitsene	947	18061
davranmış	947	18062
korkum	947	18063
girmeyeceğim	947	18064
milyonu	946	18065
silinmiş	946	18066
yakışıklısın	946	18067
düşüncesiz	946	18068
hissedemiyorum	946	18069
çizgisi	946	18070
hoşlanmıyorsun	946	18071
halledecek	946	18072
ayrılacağım	946	18073
kazanamazsın	946	18074
kalmana	945	18075
rütbeli	945	18076
tavşanı	945	18077
dedektifi	945	18078
gözleriyle	945	18079
kazanırsa	945	18080
hazir	945	18081
seviyormuş	945	18082
yaşayamaz	945	18083
misafirim	945	18084
sans	945	18085
büyükbabamın	945	18086
ayağıma	945	18087
karada	945	18088
gireceğini	945	18089
japonca	945	18090
acelemiz	945	18091
raja	945	18092
yağmurlu	944	18093
wilfred	944	18094
giyim	944	18095
karıştırdım	944	18096
kıyafetlerimi	944	18097
yaşadığınız	944	18098
yaklaştığını	944	18099
bağları	944	18100
carlton	944	18101
politikacılar	944	18102
diyene	944	18103
şuydu	944	18104
us	944	18105
minnet	944	18106
vakfı	944	18107
sürücüsü	944	18108
evliliğimiz	944	18109
etmemize	944	18110
kastettim	944	18111
olmamıza	944	18112
yanındaydı	944	18113
patronluk	944	18114
high	943	18115
kaplama	943	18116
cani	943	18117
pantolonumu	943	18118
çarpık	943	18119
evlere	943	18120
strange	943	18121
hoşlanmadığını	943	18122
inanmadım	943	18123
duracaksın	943	18124
ayarlamaya	943	18125
değin	943	18126
aurora	943	18127
ai	943	18128
bronz	943	18129
mektupta	943	18130
harekat	943	18131
eyaletin	942	18132
barrett	942	18133
havuzun	942	18134
tıka	942	18135
öleceksiniz	942	18136
fırtınanın	942	18137
sabret	942	18138
görmenin	942	18139
görevlerini	942	18140
birbirinin	942	18141
çalışırsın	942	18142
abu	942	18143
dakikası	942	18144
gerisinde	942	18145
tripp	942	18146
duyacağım	942	18147
kıyafetin	942	18148
hakkımı	942	18149
yarışmasına	942	18150
anları	942	18151
harbor	942	18152
dünyayla	941	18153
satışa	941	18154
gemisinde	941	18155
alsak	941	18156
bahsetmeyi	941	18157
belgelerini	941	18158
gasp	941	18159
şunlardan	941	18160
saatiniz	941	18161
plakası	941	18162
engin	941	18163
christie	941	18164
tıpatıp	941	18165
üzerlerine	941	18166
ateşten	941	18167
haritada	941	18168
kardan	941	18169
bebeklerin	941	18170
sırrımız	941	18171
myung	941	18172
pisliksin	941	18173
gözlüklü	941	18174
etmediği	940	18175
dudakları	940	18176
köşesine	940	18177
doktorsun	940	18178
insanlarda	940	18179
edebilirdi	940	18180
tahlil	940	18181
aşıyor	940	18182
kaldırmaya	940	18183
anya	940	18184
kaldırıyorum	940	18185
paco	940	18186
delip	940	18187
payımı	940	18188
istemiştir	940	18189
pislikleri	940	18190
marks	940	18191
olmalarına	940	18192
kovuldu	940	18193
snow	940	18194
bağlandı	940	18195
kayalar	939	18196
götün	939	18197
terbiyesiz	939	18198
armut	939	18199
bulurlarsa	939	18200
yenik	939	18201
korunmak	939	18202
üzereler	939	18203
komşuları	939	18204
tümünü	939	18205
anlaşılmaz	939	18206
çıkmıyorsun	939	18207
winchester	939	18208
büyüdüğünde	939	18209
nesli	939	18210
teğmenim	938	18211
katilimiz	938	18212
yaşananlar	938	18213
iii	938	18214
çıkıyorsunuz	938	18215
kılıklı	938	18216
ararsa	938	18217
uzadı	938	18218
öncede	938	18219
karıncalar	938	18220
maskeyi	938	18221
günlere	938	18222
tatlıydı	938	18223
dörtlü	937	18224
hamilesin	937	18225
kullanırlar	937	18226
havana	937	18227
arabaların	937	18228
dişlerimi	937	18229
gelmemin	937	18230
sevdikleri	937	18231
müzikle	937	18232
bırakırlar	937	18233
akıntı	937	18234
beatles	937	18235
adınıza	937	18236
savaşmayı	937	18237
özenle	936	18238
haftayı	936	18239
aynıydı	936	18240
süsü	936	18241
öldük	936	18242
majeste	936	18243
maryland	936	18244
yersiz	936	18245
anlamayın	936	18246
kiraladım	936	18247
teslimatı	936	18248
bırakmışlar	935	18249
bilebilirdi	935	18250
sınıftaki	935	18251
düşmeye	935	18252
zamanlardı	935	18253
incelemeye	935	18254
ulusu	935	18255
delirdi	935	18256
eserleri	935	18257
karmakarışık	935	18258
dakikalar	934	18259
lisedeki	934	18260
düşündüklerini	934	18261
karşılar	934	18262
unutmadan	934	18263
almadık	934	18264
kodları	934	18265
atını	934	18266
constance	934	18267
gitmemize	934	18268
disney	934	18269
santos	934	18270
mumları	934	18271
kanımı	934	18272
raven	934	18273
resmimi	933	18274
dinleyen	933	18275
istemiyorsunuz	933	18276
wendell	933	18277
tutamıyorum	933	18278
çekilmez	933	18279
bilmemeli	933	18280
kanına	933	18281
taşıdığı	933	18282
etkileyiciydi	933	18283
saklandığı	933	18284
strese	933	18285
hillary	933	18286
kurtarabiliriz	933	18287
ru	933	18288
memeler	933	18289
pastası	933	18290
arazide	933	18291
geçmiştir	932	18292
uyumadım	932	18293
kodunu	932	18294
memurları	932	18295
deden	932	18296
dunham	932	18297
sarhoşken	932	18298
sweets	932	18299
mesafeli	932	18300
bulutların	932	18301
ödün	932	18302
carolyn	932	18303
ölmemi	932	18304
zorundaydın	932	18305
kurbana	932	18306
bilek	931	18307
mezarlıkta	931	18308
fury	931	18309
oynuyorsunuz	931	18310
edinme	931	18311
meslektaşım	931	18312
belirti	931	18313
yahut	931	18314
sakura	931	18315
cerrahı	931	18316
tavsiyede	931	18317
leroy	931	18318
düşündükleri	931	18319
kutlamaya	931	18320
yapılmadı	931	18321
polonyalı	931	18322
bulduklarını	931	18323
anlarda	931	18324
bulabildiniz	931	18325
tavsiyesi	930	18326
değerler	930	18327
isteyeceğin	930	18328
keklik	930	18329
hedefleri	930	18330
unda	930	18331
azaltmak	930	18332
bayılırdı	930	18333
etmekti	930	18334
nişanlın	930	18335
böylesini	930	18336
stein	930	18337
normalden	930	18338
yanını	930	18339
katıldın	930	18340
andromeda	930	18341
ritmi	930	18342
sormuştun	930	18343
kulaklarım	930	18344
karnına	930	18345
yazıları	930	18346
darius	929	18347
çölün	929	18348
kimsesi	929	18349
çıkarabilirim	929	18350
çığırından	929	18351
durmayı	929	18352
iyiliğini	929	18353
mazereti	929	18354
basıyor	929	18355
hareketti	929	18356
lennox	929	18357
gariplik	929	18358
şeyh	929	18359
geyiği	929	18360
doe	928	18361
körü	928	18362
riker	928	18363
galaksinin	928	18364
çevirir	928	18365
holland	928	18366
bölgesini	928	18367
yapmalarını	928	18368
grissom	928	18369
etraftaki	928	18370
isteklerini	928	18371
kapattın	928	18372
verilmedi	927	18373
birey	927	18374
sahnenin	927	18375
kapar	927	18376
elbisenin	927	18377
merdivenler	927	18378
çıkışları	927	18379
yorma	927	18380
yapanı	927	18381
salt	927	18382
gittiğinizi	927	18383
lig	927	18384
reilly	927	18385
oyle	927	18386
zhang	927	18387
kanıtlayacağım	927	18388
panama	927	18389
lâkin	927	18390
yegane	927	18391
geçmişim	927	18392
iyileştirmek	927	18393
kuracağız	927	18394
çalacağım	927	18395
itham	927	18396
samson	927	18397
arkadaşsın	927	18398
bölgesinden	927	18399
bildiniz	927	18400
iblisler	927	18401
soyu	926	18402
tanıyamadım	926	18403
satmış	926	18404
söze	926	18405
sürüyorsun	926	18406
tanınan	926	18407
açıl	926	18408
giderseniz	926	18409
birayı	926	18410
mevsim	926	18411
fniwata	926	18412
dolup	926	18413
uyuşturucuya	926	18414
deneyecek	926	18415
oradaymış	926	18416
karakterler	926	18417
iyileşti	926	18418
unuttuk	926	18419
yanındaydım	926	18420
çizmek	926	18421
alışmaya	925	18422
davalı	925	18423
gelişmeleri	925	18424
çalıştırın	925	18425
dizinin	925	18426
giydiğini	925	18427
candace	925	18428
kazandıracak	925	18429
doktorları	925	18430
düşürme	925	18431
gelemedi	925	18432
bırakmadım	925	18433
inanacak	925	18434
aramamız	925	18435
kalarak	925	18436
hatırlatıyorsun	925	18437
boğuldu	924	18438
uyandırdı	924	18439
konferansı	924	18440
tarihteki	924	18441
milyondan	924	18442
mühür	924	18443
izlemiş	924	18444
kimleri	924	18445
bittin	924	18446
elbisem	923	18447
well	923	18448
hazırlarım	923	18449
sayfada	923	18450
massachusetts	923	18451
gibiydik	923	18452
madeleine	923	18453
vargas	923	18454
gyousho	923	18455
sorumu	923	18456
derste	923	18457
oradadır	923	18458
çektiler	923	18459
arkadaşımdan	923	18460
hissettirdiğini	923	18461
bekçisi	923	18462
alzheimer	923	18463
temeli	923	18464
atlara	923	18465
yazmadım	922	18466
kutlarım	922	18467
dickie	922	18468
rozetini	922	18469
yakınındaki	922	18470
nadine	922	18471
hastalıklar	922	18472
varır	922	18473
plaza	922	18474
görüşlü	922	18475
ofisim	922	18476
şirketim	922	18477
ayrılır	922	18478
rene	922	18479
rahatlayın	922	18480
çıkarsak	922	18481
bardaki	922	18482
anlatman	922	18483
durduramazsın	922	18484
wei	921	18485
haini	921	18486
utah	921	18487
incittim	921	18488
takımım	921	18489
sybil	921	18490
şehvet	921	18491
değişmesi	921	18492
yakan	921	18493
sinirlendi	921	18494
şanslıydım	921	18495
hoşlandı	920	18496
söylediklerinde	920	18497
oynamış	920	18498
öğretecek	920	18499
yiyebiliriz	920	18500
asgard	920	18501
sayenizde	920	18502
kanının	920	18503
sikini	920	18504
dunn	920	18505
riskleri	920	18506
oklahoma	920	18507
günahkar	920	18508
müşterimiz	920	18509
sınırına	920	18510
yeteneğine	920	18511
hortum	920	18512
dolaş	919	18513
bakmaktan	919	18514
ısınma	919	18515
yaşayabilirim	919	18516
etiket	919	18517
anlayabilir	919	18518
çocuklarımızın	919	18519
limonlu	919	18520
camın	919	18521
karaoke	919	18522
güvenim	919	18523
enterprise	919	18524
dairenin	919	18525
ciddisin	919	18526
gidiyordun	919	18527
söylemeniz	919	18528
sempati	918	18529
bilmece	918	18530
hanson	918	18531
sınırını	918	18532
götürmeyi	918	18533
özgürlüğün	918	18534
karıştırdı	918	18535
manga	918	18536
sanığın	918	18537
cenazesine	918	18538
road	918	18539
sayemde	918	18540
idaresi	918	18541
ordusunu	917	18542
çöpleri	917	18543
düşünmemiz	917	18544
mevsimi	917	18545
raporlarını	917	18546
öğlene	917	18547
yalvardı	917	18548
kalmalıyım	917	18549
silahtan	917	18550
yardımsever	917	18551
maddenin	917	18552
yapabildiğini	917	18553
ürünler	917	18554
zıt	917	18555
bulanıyor	917	18556
nişanı	916	18557
filmdeki	916	18558
aş	916	18559
kokuyordu	916	18560
turtle	916	18561
kalmayacaksın	916	18562
acıyorum	916	18563
dostlarımız	916	18564
ıstakoz	916	18565
kurtulamazsın	916	18566
arayarak	916	18567
swat	916	18568
lawson	916	18569
fırçası	916	18570
kayıtlarında	915	18571
yabancılarla	915	18572
birinizin	915	18573
düşürmüş	915	18574
hanımın	915	18575
yerleştirilmiş	915	18576
elmasları	915	18577
şerefli	915	18578
ağaçta	915	18579
parmaklıklar	915	18580
tapınağa	915	18581
yangından	915	18582
tanımıyorsunuz	915	18583
bakmıyorum	915	18584
kazayı	915	18585
tartıştık	914	18586
cambridge	914	18587
duyarsan	914	18588
borçlarını	914	18589
yapabiliyorum	914	18590
söylediğimiz	914	18591
yaşanmış	914	18592
önemsiyorsun	914	18593
çizgili	914	18594
yemedin	914	18595
görünüş	914	18596
pasif	914	18597
bilseydin	914	18598
kullanmadan	914	18599
kaybedersem	914	18600
bayat	914	18601
müzikten	914	18602
endişelenmiyorum	914	18603
ducky	914	18604
kardeşinden	914	18605
başlamıştır	914	18606
bindim	913	18607
düşünmez	913	18608
kafesi	913	18609
cinsellik	913	18610
sahtekâr	913	18611
hook	913	18612
yaranın	913	18613
terapisi	913	18614
cape	913	18615
olmazdın	913	18616
uğrattım	913	18617
yakasında	913	18618
alanından	913	18619
düşündüğümüzden	913	18620
kullanıyorsunuz	913	18621
metropolis	913	18622
kazaya	913	18623
mezunu	913	18624
alamadık	913	18625
yaptırıyor	912	18626
cesetten	912	18627
gözlükleri	912	18628
ettir	912	18629
edecekse	912	18630
yapacaktın	912	18631
hipnotize	912	18632
vermene	912	18633
arabalara	912	18634
olamıyor	912	18635
menü	912	18636
geçiyorlar	912	18637
gelişen	912	18638
kuyruğunu	912	18639
gelmezsen	912	18640
yayılan	912	18641
barbar	912	18642
faydasız	912	18643
kurtulup	912	18644
izinli	911	18645
takımları	911	18646
pekiyi	911	18647
götürmez	911	18648
iletin	911	18649
ayakkabısı	911	18650
dolores	911	18651
cümleyi	911	18652
mesajım	910	18653
inen	910	18654
prem	910	18655
başlasan	910	18656
finali	910	18657
izleyerek	910	18658
verebileceğim	910	18659
vurmadım	910	18660
toplumu	910	18661
inecek	910	18662
maliyeti	910	18663
louisiana	910	18664
öpüşme	910	18665
amaca	910	18666
kazanması	910	18667
çocukluğundan	910	18668
kabin	910	18669
çalışmadı	910	18670
viking	910	18671
çipi	910	18672
bahsettiğimiz	910	18673
çölü	910	18674
jeannie	910	18675
geçeceğini	910	18676
satürn	910	18677
doğaya	910	18678
istendi	909	18679
klon	909	18680
babayı	909	18681
hicks	909	18682
hobbs	909	18683
unutur	909	18684
hollis	909	18685
açıcı	909	18686
dirk	909	18687
oynadık	909	18688
reg	909	18689
değiştiremezsin	909	18690
everett	909	18691
savaşçıları	909	18692
olmakta	909	18693
girmedim	909	18694
yendim	909	18695
kadınsı	909	18696
kullanamazsın	908	18697
anlayabiliyor	908	18698
numune	908	18699
sınırlar	908	18700
jest	908	18701
anlaşmasını	908	18702
sevinç	908	18703
powers	908	18704
gerçektende	908	18705
lucien	908	18706
farkla	908	18707
hikayemi	908	18708
göremiyoruz	908	18709
şeyy	908	18710
davrandığım	908	18711
tahminde	908	18712
limanda	907	18713
cara	907	18714
menajer	907	18715
memurlar	907	18716
smokin	907	18717
ayrıldılar	907	18718
yüzüğün	907	18719
faresi	907	18720
omega	907	18721
sesinin	907	18722
gidersiniz	907	18723
saygıyı	907	18724
doo	907	18725
öldürülmeden	907	18726
geleceğinden	907	18727
bölümler	907	18728
seviyesinde	907	18729
varınca	907	18730
küpe	906	18731
suni	906	18732
arayıcı	906	18733
oyuncaklar	906	18734
itip	906	18735
hâlen	906	18736
plajda	906	18737
vermont	906	18738
dolarla	906	18739
beraberken	906	18740
bileğini	906	18741
kayıplar	906	18742
w	906	18743
sandalyeyi	906	18744
muydum	906	18745
ginny	906	18746
içebilir	906	18747
illinois	906	18748
dayanan	906	18749
hoşlanan	906	18750
elimle	905	18751
köpekle	905	18752
yazarsın	905	18753
ödendi	905	18754
yolladın	905	18755
heart	905	18756
yakmış	905	18757
açıklamam	905	18758
daldı	905	18759
baktınız	905	18760
yapılmalı	904	18761
değiştin	904	18762
restoranın	904	18763
görmüştür	904	18764
cylon	904	18765
siktiğim	904	18766
tipin	904	18767
bebeğinin	904	18768
rakun	904	18769
duruşmada	904	18770
evie	904	18771
müzakere	904	18772
itibarını	904	18773
efsaneye	904	18774
korudu	904	18775
kızken	904	18776
taliban	904	18777
ragnar	904	18778
çekersin	904	18779
şikayette	904	18780
durmaz	903	18781
baktığı	903	18782
faks	903	18783
maxwell	903	18784
dedikoducu	903	18785
zapt	903	18786
sokaklardan	903	18787
kayıtsız	903	18788
elbiseni	903	18789
değilseniz	903	18790
katy	903	18791
oluverdi	903	18792
evliliğini	903	18793
saldıracak	903	18794
tarafımda	903	18795
çağırdınız	903	18796
onayı	903	18797
işimizin	903	18798
çıkmasın	902	18799
adolf	902	18800
faturası	902	18801
gelinlik	902	18802
harcayacak	902	18803
güçiü	902	18804
tüyo	902	18805
keen	902	18806
poşet	902	18807
vatansever	902	18808
çiçeklerin	902	18809
daily	902	18810
ishal	902	18811
kendinizden	901	18812
baklayı	901	18813
üzerimizde	901	18814
kılıcın	901	18815
volkan	901	18816
seymour	901	18817
getirebilirsin	901	18818
kahpe	901	18819
sonuçlandı	901	18820
öğrendiğimde	901	18821
kanından	901	18822
mccarthy	900	18823
hopkins	900	18824
kullanıldı	900	18825
anlatmayı	900	18826
girmiyor	900	18827
sıcaktı	900	18828
prensip	900	18829
takıyorum	900	18830
kimsede	900	18831
etiketi	900	18832
kazandığın	900	18833
rahatsızlığı	900	18834
suçluyorum	900	18835
konumunu	900	18836
işlerimi	899	18837
bulunmuyor	899	18838
işledim	899	18839
kulübünün	899	18840
gale	899	18841
dönüyorlar	899	18842
kısmi	899	18843
morali	899	18844
canının	899	18845
wisconsin	899	18846
görünmesi	899	18847
yolladılar	899	18848
süreceğim	898	18849
levi	898	18850
gölgede	898	18851
pişirmek	898	18852
tuhaflık	898	18853
durmam	898	18854
bon	898	18855
kanlar	898	18856
zombiler	898	18857
bilmiş	898	18858
motorun	898	18859
tanrıyı	898	18860
durumundan	898	18861
nana	898	18862
atıyoruz	898	18863
aramaktan	898	18864
bırakırsak	898	18865
müzeye	898	18866
uğraşırken	898	18867
bağladım	898	18868
sek	898	18869
sanan	897	18870
taşıdı	897	18871
bırakmışsın	897	18872
millete	897	18873
aldattı	897	18874
kapısının	897	18875
yemez	897	18876
meseleleri	897	18877
içmedim	897	18878
kültürü	897	18879
dinliyoruz	897	18880
rusların	897	18881
velayet	897	18882
ilişkide	897	18883
tutabilirim	897	18884
bulunacağım	897	18885
kalıyorsunuz	897	18886
saygılarımla	897	18887
daryl	897	18888
dolaştım	897	18889
delisi	897	18890
bendeki	897	18891
açsın	897	18892
parçasısın	896	18893
boşverin	896	18894
yapabilirdi	896	18895
belgeyi	896	18896
hissettiklerini	896	18897
tiger	896	18898
dedektiflik	896	18899
hazırlandı	896	18900
dükkân	896	18901
fitzgerald	896	18902
sistemlerini	896	18903
başlayacağımı	896	18904
hapise	896	18905
mackenzie	896	18906
kramp	896	18907
sprey	896	18908
soymaya	896	18909
duyma	896	18910
evliliğim	896	18911
sopayla	896	18912
şilin	896	18913
gözüküyordu	896	18914
sizdiniz	896	18915
doldurup	896	18916
çalın	896	18917
başlıyorlar	896	18918
gelirseniz	895	18919
raul	895	18920
düşündüğümde	895	18921
sylvester	895	18922
denetim	895	18923
sermaye	895	18924
toni	895	18925
çabalıyorum	895	18926
kadife	895	18927
kullanabilirsiniz	895	18928
perez	895	18929
dikkatleri	895	18930
eskort	895	18931
basmış	895	18932
adları	895	18933
beklemen	895	18934
şeylerini	895	18935
kobra	895	18936
kızacak	895	18937
önemsiyor	895	18938
dönebiliriz	894	18939
yüzyıllardır	894	18940
olduğunuzdan	894	18941
doğmuşum	894	18942
bıraksana	894	18943
döngü	894	18944
kapanır	894	18945
hissettiği	894	18946
birlikteydik	894	18947
halletti	894	18948
botu	894	18949
durdurma	894	18950
varsayım	894	18951
kederli	894	18952
dakikanızı	894	18953
grubunu	893	18954
süreçte	893	18955
şemsiye	893	18956
iowa	893	18957
kowalski	893	18958
söylediğinden	893	18959
karıştığını	893	18960
hareketin	893	18961
kanıtladı	893	18962
aileyle	893	18963
sınırda	893	18964
durgun	893	18965
aitsin	893	18966
uygunsa	893	18967
karnın	893	18968
görüştük	893	18969
fiş	893	18970
istemen	893	18971
cesaretim	893	18972
lerle	893	18973
talih	893	18974
durmalısın	892	18975
konuşmalarını	892	18976
geldiysen	892	18977
neşter	892	18978
vurduğu	892	18979
söyleyeceksiniz	892	18980
duymasını	892	18981
aramıyorum	892	18982
videosu	892	18983
suk	892	18984
açtığını	892	18985
suçlayacak	892	18986
içerden	892	18987
ışığına	891	18988
bilmeyi	891	18989
yerlerin	891	18990
uyanmış	891	18991
güneşten	891	18992
farkındayız	891	18993
güvenmiştim	891	18994
ailevi	891	18995
projenin	891	18996
takılmaya	891	18997
kıyafetini	891	18998
hepimizden	891	18999
arrow	891	19000
ayakkabılarım	891	19001
sıçtık	891	19002
pençe	891	19003
korktuğumu	891	19004
chung	891	19005
tomografi	891	19006
eileen	890	19007
göğsünden	890	19008
sekse	890	19009
söylememişti	890	19010
likör	890	19011
müşterisi	890	19012
bakabiliriz	890	19013
bahsederken	890	19014
ölmeyeceğim	890	19015
yaratıkları	890	19016
ulaştınız	890	19017
kurtarabilirim	890	19018
kalenin	890	19019
cinayetlerin	890	19020
evleneceğiz	890	19021
ryder	890	19022
oynamaktan	889	19023
mutluluğun	889	19024
nan	889	19025
zevkini	889	19026
gerçekleşmiş	889	19027
hepinizden	889	19028
anlayamaz	889	19029
boğuşma	889	19030
krusty	889	19031
ktir	889	19032
olamayacaksın	889	19033
murdock	889	19034
gitmiyorsunuz	889	19035
oturduğu	889	19036
elbisen	889	19037
giovanni	889	19038
princeton	889	19039
inandığı	889	19040
ölüyüm	888	19041
rand	888	19042
kaybetmedim	888	19043
korkuttum	888	19044
dırdır	888	19045
dinleyeceğim	888	19046
gelmeme	888	19047
köpeklere	888	19048
değerlidir	888	19049
fan	888	19050
sarsıntısı	888	19051
kalpsiz	888	19052
gölgesi	888	19053
harcıyoruz	887	19054
sorduğunda	887	19055
bitkisel	887	19056
bitmemiş	887	19057
değerdi	887	19058
birliktesin	887	19059
şovun	887	19060
öldürmesini	887	19061
yakalarız	887	19062
emmy	887	19063
yapılmıştı	887	19064
başladığın	887	19065
teller	887	19066
seviyesine	887	19067
başımızı	887	19068
baka	887	19069
anneyim	887	19070
dünyasını	887	19071
pürüzsüz	887	19072
şahika	887	19073
serisi	887	19074
tutuklamaya	887	19075
yatağıma	887	19076
homoseksüel	887	19077
sormadı	886	19078
tiyatroda	886	19079
kahramanın	886	19080
önümüze	886	19081
kaybolup	886	19082
kaldırabilir	886	19083
pisliğini	886	19084
ms	886	19085
yoruldun	886	19086
korkutup	886	19087
kuzeyinde	886	19088
hepsiyle	886	19089
sizlerden	886	19090
yerdeyim	886	19091
yemeğimizi	886	19092
yanıldığını	886	19093
spa	886	19094
yapsa	886	19095
çizdim	886	19096
koşullarda	886	19097
sevinecek	885	19098
sinirsel	885	19099
kalpten	885	19100
taşaklarını	885	19101
annenim	885	19102
ağlayacak	885	19103
lütuf	885	19104
cezayir	885	19105
mağazada	885	19106
sizinkiler	885	19107
sanıyorduk	885	19108
üniversiteyi	885	19109
eğlenceye	885	19110
başlatma	885	19111
valinin	885	19112
niyetine	885	19113
çıkarılmış	885	19114
aynını	885	19115
beklesin	885	19116
varlıklar	885	19117
listenin	884	19118
dokunmaz	884	19119
hazırlıkları	884	19120
kişidir	884	19121
savaştım	884	19122
bagaja	884	19123
gözlerle	884	19124
telefonunuzu	884	19125
aradığınızı	884	19126
saldırıları	884	19127
rider	884	19128
gideli	884	19129
değildiniz	884	19130
rahatım	883	19131
versek	883	19132
rahibi	883	19133
elemanlar	883	19134
söylersiniz	883	19135
profesyonelce	883	19136
çalışmasına	883	19137
kuruyorum	883	19138
arabadaki	883	19139
eşiğinde	883	19140
sorumlusun	883	19141
üretimi	883	19142
üzerindeydi	883	19143
kökenli	883	19144
lavabo	883	19145
mabel	883	19146
ına	882	19147
iyileri	882	19148
tutmadı	882	19149
programının	882	19150
kuralların	882	19151
bulamıyoruz	882	19152
yin	882	19153
yiyemem	882	19154
yasayı	882	19155
önerin	882	19156
gazeteciler	882	19157
gelebilirsiniz	881	19158
değiştiriyorum	881	19159
saldırmış	881	19160
beraberim	881	19161
bacağına	881	19162
collier	881	19163
görürler	881	19164
kaybettiler	881	19165
dallama	881	19166
ranger	881	19167
yazım	881	19168
alamayacak	881	19169
vito	881	19170
çıkarman	881	19171
ölmeli	881	19172
deliyim	881	19173
yaşarlar	881	19174
nota	880	19175
başlamalısın	880	19176
rüyaydı	880	19177
parmağım	880	19178
şafakta	880	19179
harlem	880	19180
ampul	880	19181
güzelliğini	880	19182
webber	880	19183
geceliğine	880	19184
kökü	880	19185
emrine	880	19186
arayabilirim	880	19187
takılıyorsun	880	19188
aşikar	880	19189
babacım	879	19190
power	879	19191
maçında	879	19192
blanche	879	19193
favorim	879	19194
lambası	879	19195
aralarına	879	19196
cherry	879	19197
mücadelesi	879	19198
çalışıyordur	879	19199
kalırdı	879	19200
uzaklaştırmak	879	19201
kapatılmış	879	19202
tutulmuş	879	19203
sigaran	879	19204
hayatlarımız	879	19205
saldırılar	878	19206
yemesi	878	19207
askerlere	878	19208
kanunsuz	878	19209
dinlemeni	878	19210
gelsem	878	19211
manevra	878	19212
sıkıntıdan	878	19213
mahveden	878	19214
araştırın	878	19215
çıksa	878	19216
sayıyı	878	19217
kapatacak	878	19218
ettirdi	878	19219
edeceğin	878	19220
sokun	878	19221
mesleği	878	19222
anlaşalım	878	19223
mermiyi	878	19224
patlat	878	19225
parasının	878	19226
theodore	877	19227
kayıtlarda	877	19228
kontrolünde	877	19229
diledi	877	19230
yaşamam	877	19231
atalarımız	877	19232
uğradın	877	19233
ruiz	877	19234
ballard	877	19235
chapman	877	19236
vücudundan	877	19237
sorsana	877	19238
cordelia	877	19239
güzelliğin	877	19240
öksürük	877	19241
telefonunun	876	19242
seninkine	876	19243
kısımları	876	19244
şerifin	876	19245
kitapların	876	19246
devamını	876	19247
jeneratör	876	19248
açımdan	876	19249
çalışmalıyım	876	19250
derinlere	876	19251
sınavına	876	19252
soğuktu	876	19253
konuştuğumuzu	876	19254
döndüğüm	876	19255
doksan	876	19256
bölgesindeki	876	19257
jimnastik	876	19258
kimbilir	876	19259
oynuyordum	875	19260
topraklarında	875	19261
olmayabilirim	875	19262
duymadan	875	19263
kalmazdı	875	19264
çalıyorlar	875	19265
değilsem	875	19266
mercy	875	19267
soruyorlar	875	19268
yaşanıyor	875	19269
zihni	875	19270
fedakârlık	875	19271
bölgesinin	875	19272
istemezler	875	19273
matematiksel	875	19274
engelleyecek	875	19275
istese	875	19276
missouri	875	19277
editör	874	19278
öğrendiği	874	19279
çiftin	874	19280
olmaktı	874	19281
dükü	874	19282
topçu	874	19283
verebilirsiniz	874	19284
etkilerini	874	19285
göndermeyi	874	19286
gerekirken	874	19287
izlerine	874	19288
kullandınız	874	19289
kızımızı	874	19290
sallayarak	874	19291
rodrigo	874	19292
programım	874	19293
kardeşimsin	873	19294
tanrılara	873	19295
kayla	873	19296
pozisyonunu	873	19297
şüphen	873	19298
göndereyim	873	19299
kalkışa	873	19300
guzel	873	19301
britney	873	19302
küçüğüm	873	19303
geldiğinizde	873	19304
hazırlanmak	873	19305
tanığımız	873	19306
güvenlikli	873	19307
bitirme	872	19308
öcünü	872	19309
sepeti	872	19310
carroll	872	19311
tennessee	872	19312
yükseklik	872	19313
isteyeceği	872	19314
alınıyor	872	19315
tahminen	872	19316
görürdüm	872	19317
dosyaya	872	19318
dell	872	19319
arıyormuş	872	19320
burnuma	872	19321
ezikler	872	19322
hayvana	872	19323
kollu	872	19324
kızlarım	872	19325
bozan	871	19326
otursun	871	19327
ayarlanmış	871	19328
bombalama	871	19329
olmazsam	871	19330
söylememiştim	871	19331
taşıdığını	871	19332
boyuna	871	19333
ardındaki	871	19334
vermeme	871	19335
evlilikten	871	19336
isteğin	871	19337
haritaya	871	19338
mesafeyi	871	19339
sarsıntı	871	19340
girdiğin	871	19341
söylemesine	871	19342
tutmanın	871	19343
kazanırız	871	19344
fırsatlar	871	19345
anası	871	19346
simgesi	871	19347
rosen	871	19348
peni	870	19349
tecrübesi	870	19350
bağırıyordu	870	19351
duyacaksın	870	19352
garden	870	19353
öğrenip	870	19354
formunu	870	19355
maddesi	870	19356
bildiklerimi	870	19357
anlamadı	870	19358
fotoğrafa	870	19359
alacağın	870	19360
unutabilirim	870	19361
bıraksan	870	19362
lokantada	870	19363
almakta	870	19364
declan	870	19365
ruhlu	870	19366
avantajı	870	19367
makina	870	19368
fırlatıp	870	19369
xiao	870	19370
kelimelerin	870	19371
vücudundaki	870	19372
söyleyeceği	870	19373
arnie	870	19374
işitme	870	19375
düzenliyor	869	19376
gerçekleşir	869	19377
tanımam	869	19378
hissederdim	869	19379
tanrıları	869	19380
beraberdik	869	19381
öldürmeni	869	19382
dokunacak	869	19383
deliğinden	869	19384
korkmaya	869	19385
sonumuz	869	19386
tanımadın	869	19387
kiliseden	869	19388
gomez	869	19389
hastamız	869	19390
hotch	869	19391
bağladı	869	19392
nereli	869	19393
kurşunlar	869	19394
bankalar	869	19395
edilmez	869	19396
oynayacaksın	869	19397
anlamasını	869	19398
basamak	868	19399
planet	868	19400
rüyada	868	19401
çıkaramıyorum	868	19402
idrak	868	19403
justine	868	19404
suratın	868	19405
rahatlık	868	19406
istemiyorsa	868	19407
sakinleşin	868	19408
pazarı	868	19409
dönmemi	868	19410
kullanıcı	868	19411
kasları	868	19412
lynch	868	19413
kazanırım	868	19414
başlattın	868	19415
saklambaç	868	19416
amacına	868	19417
uğraştığını	868	19418
almadığını	867	19419
mahvetme	867	19420
diyorduk	867	19421
davacı	867	19422
tahtaya	867	19423
gelsinler	867	19424
uğramak	867	19425
hücreler	867	19426
görmeyeceksin	867	19427
şapkamı	866	19428
göstereceksin	866	19429
chow	866	19430
arkadaşıydı	866	19431
sırtıma	866	19432
içerir	866	19433
söylemediğini	866	19434
seçtiğin	866	19435
verdiğimde	866	19436
örnekler	866	19437
gitmiştin	866	19438
ünde	866	19439
caffrey	865	19440
diğerinden	865	19441
kanıtlayabilirim	865	19442
hastan	865	19443
üniversiteli	865	19444
getirirsin	865	19445
castro	865	19446
kalemin	865	19447
hücresi	865	19448
ellere	865	19449
bikini	865	19450
köşesi	865	19451
mücevherler	865	19452
durduracağım	865	19453
celeste	865	19454
ölsün	865	19455
gelmelisiniz	865	19456
odanıza	865	19457
esasında	865	19458
yılının	865	19459
mit	865	19460
midesi	864	19461
eğlencelidir	864	19462
yürüyecek	864	19463
çiftçiler	864	19464
sonbaharda	864	19465
söylenmişti	864	19466
atlattı	864	19467
ağlıyorum	864	19468
yapmadılar	864	19469
mallory	864	19470
bulandırıcı	864	19471
dayanamadım	863	19472
deneyebilirim	863	19473
union	863	19474
bombay	863	19475
aramıyor	863	19476
açtığında	863	19477
duyup	863	19478
söyleyecektir	863	19479
fahişenin	863	19480
satacağım	863	19481
emirlerine	863	19482
eğitime	863	19483
kasetleri	862	19484
düşmanca	862	19485
saygıyla	862	19486
sormuş	862	19487
ferguson	862	19488
doğumu	862	19489
eylemi	862	19490
mezarına	862	19491
santimetre	862	19492
gösterdiğini	862	19493
tanıştığın	862	19494
ölürsünüz	862	19495
çıkarması	862	19496
kensi	861	19497
kağıtlar	861	19498
enzo	861	19499
denek	861	19500
kahramanca	861	19501
montreal	861	19502
marlene	861	19503
yardımcın	861	19504
herifleri	861	19505
gönderelim	861	19506
yargı	861	19507
dax	861	19508
çıktığımızda	861	19509
satıyorlar	861	19510
başardılar	861	19511
alışmak	861	19512
taksiyle	861	19513
siyahlar	861	19514
bebekken	861	19515
otostop	861	19516
beklediğiniz	861	19517
sevgilinin	861	19518
uyuyacak	861	19519
çaresizce	860	19520
kazandırdı	860	19521
des	860	19522
kurtarıyor	860	19523
satarım	860	19524
fotokopi	860	19525
rüyalarımda	860	19526
dikkatlerini	860	19527
nutuk	860	19528
yararsa	860	19529
yakalarım	860	19530
tonu	860	19531
ilgileneceğiz	860	19532
ortağını	860	19533
ikramiye	860	19534
tuvaletinde	860	19535
yeniyim	860	19536
kalktın	860	19537
getirmedin	859	19538
sezonun	859	19539
oluşturdu	859	19540
suçlamaya	859	19541
bulunsun	859	19542
kısmının	859	19543
istismar	859	19544
yanlışı	859	19545
mahalline	859	19546
vasıtasıyla	859	19547
hafızanı	859	19548
işçileri	859	19549
anlayabilirsin	859	19550
higgins	859	19551
güvenen	859	19552
howie	859	19553
almanızı	859	19554
emici	859	19555
hastalara	859	19556
sunuyoruz	859	19557
vadede	859	19558
listedeki	859	19559
gidecektik	858	19560
yaratabilir	858	19561
hacker	858	19562
zen	858	19563
döndüğün	858	19564
bıraktıktan	858	19565
dikkatimizi	858	19566
bakmışsın	858	19567
kokteyli	858	19568
kapıdaki	858	19569
domuzun	858	19570
mcdonald	858	19571
döndükten	858	19572
oleg	858	19573
görebildiğim	858	19574
edwin	858	19575
inanamadım	858	19576
hye	858	19577
hazel	857	19578
kurtulacak	857	19579
çıkarsam	857	19580
gönderebilir	857	19581
geçe	857	19582
bakıcılığı	857	19583
tutulur	857	19584
sokmuş	857	19585
tutarız	857	19586
bacakların	857	19587
yabancının	856	19588
aaah	856	19589
gösterdiler	856	19590
takımız	856	19591
varlığın	856	19592
uyuyordu	856	19593
liderimiz	856	19594
bulamayız	856	19595
telefonunuz	856	19596
çaktın	856	19597
değillerdir	856	19598
tipte	856	19599
pi	856	19600
bulabileceğini	856	19601
lexi	856	19602
dönüşte	856	19603
okyanusta	856	19604
içiyoruz	855	19605
kalıyordu	855	19606
scooby	855	19607
yapılmaz	855	19608
açılışı	855	19609
isteyebilirsiniz	855	19610
mağazaya	855	19611
uğraşan	855	19612
rahatlama	855	19613
denediniz	855	19614
çıkarıyorlar	855	19615
gitmezsen	855	19616
yanılmış	855	19617
hawk	854	19618
sarımsak	854	19619
sinirleri	854	19620
korumaları	854	19621
ödemiş	854	19622
mahkemeden	854	19623
börek	854	19624
arkadaşla	854	19625
kocanızı	854	19626
mürettebatın	854	19627
alındığında	854	19628
hazırdım	854	19629
lafımı	854	19630
yahudilerin	854	19631
blood	854	19632
biniyor	854	19633
onuruna	853	19634
ahmed	853	19635
seçici	853	19636
inanamayacaksın	853	19637
çöküp	853	19638
alırsanız	853	19639
karan	853	19640
uykusuz	853	19641
atarız	853	19642
gösteriyorlar	853	19643
günahlarını	853	19644
yabancıların	853	19645
sürünerek	853	19646
köründe	853	19647
indirdi	853	19648
kapımı	853	19649
yaralarını	853	19650
laboratuarda	853	19651
utanmalısın	853	19652
diger	853	19653
vladimir	852	19654
okulunu	852	19655
paylaşıyoruz	852	19656
yatır	852	19657
yürüyebilir	852	19658
inandığın	852	19659
enerjik	852	19660
işletiyor	852	19661
ortasından	852	19662
notlarını	852	19663
evimizin	852	19664
namuslu	852	19665
doğurmak	852	19666
kurdular	851	19667
sevmişimdir	851	19668
çöküyor	851	19669
edebileceğin	851	19670
başsavcı	851	19671
halletmemiz	851	19672
getirmeliyiz	851	19673
akın	851	19674
yapamıyorsun	851	19675
gömüldü	851	19676
yanlısı	851	19677
düşünmeme	851	19678
olmayacağı	851	19679
kronik	851	19680
kaçıyorlar	851	19681
anders	851	19682
çevirdiğini	851	19683
sokarım	851	19684
kamaştırıcı	851	19685
atamazsın	851	19686
yarin	851	19687
kiki	851	19688
kurun	850	19689
yermiş	850	19690
brittany	850	19691
yüksekte	850	19692
tiyatrosu	850	19693
ulaşabilir	850	19694
kaybolduk	850	19695
büyümeye	850	19696
nasıllar	850	19697
seçiyor	850	19698
sınırında	850	19699
düşünmene	850	19700
kucağıma	850	19701
evleneceksin	850	19702
kanıtım	850	19703
öğrenirlerse	850	19704
değiştirilmiş	850	19705
ziyaretçiler	850	19706
birliğine	850	19707
usul	850	19708
ruhların	850	19709
kalmadın	850	19710
karşılaştığım	850	19711
şekle	849	19712
düşünsenize	849	19713
anlatıyordu	849	19714
bulunma	849	19715
orospunun	849	19716
kelimesinin	849	19717
ağızdan	849	19718
kahveye	849	19719
kalmıyorsun	849	19720
kapısından	849	19721
hatırlarım	849	19722
seninim	849	19723
adlarını	849	19724
dökülüyor	849	19725
yedide	849	19726
balım	849	19727
sürükledi	849	19728
vagon	849	19729
kiralamak	849	19730
detaylarını	849	19731
hikayelerini	848	19732
kızdır	848	19733
janeway	848	19734
taşınma	848	19735
sürecinde	848	19736
ellerindeki	848	19737
kaybolmak	848	19738
fowler	848	19739
olmali	848	19740
anlamışsındır	848	19741
uyandırdım	848	19742
öteden	848	19743
imparatoru	848	19744
kuracağım	847	19745
kalırsınız	847	19746
kurtardığını	847	19747
bilmezdim	847	19748
hatırlatayım	847	19749
başarısı	847	19750
geliyordur	847	19751
leland	847	19752
zorluklar	847	19753
izleriz	847	19754
vuruldun	847	19755
destekleyecek	847	19756
royce	847	19757
bitirene	847	19758
beethoven	847	19759
talbot	847	19760
anlaşmak	847	19761
sürerim	847	19762
dead	847	19763
panzehir	847	19764
başlatan	847	19765
nelerden	847	19766
ulaşması	846	19767
devri	846	19768
düşünmeyin	846	19769
çizgiler	846	19770
yanda	846	19771
dondurulmuş	846	19772
ısmarlıyorum	846	19773
stüdyoya	846	19774
yapmamam	846	19775
taştan	846	19776
berkeley	846	19777
çıkmıyorum	846	19778
adamınız	846	19779
göstermeyi	846	19780
adadım	846	19781
sinirliyim	846	19782
bilgilerin	846	19783
söylemezsin	845	19784
asa	845	19785
yapmalarına	845	19786
kimliğin	845	19787
ilgileniyoruz	845	19788
geçiririz	845	19789
dönemezsin	845	19790
terli	845	19791
deliğin	845	19792
hangimiz	845	19793
sponsor	845	19794
kaybolma	845	19795
filozof	845	19796
darling	845	19797
inanmayı	845	19798
götü	845	19799
ettirdim	845	19800
kaybedip	845	19801
fotoğraftaki	845	19802
öğrenmeyi	845	19803
oluşturduğu	845	19804
binmiş	845	19805
ayrıntılar	845	19806
çıkarmaz	845	19807
vuracaksın	845	19808
bildireceğim	845	19809
ilerliyoruz	845	19810
arda	844	19811
bagajda	844	19812
yaptıysam	844	19813
öğrenebiliriz	844	19814
göğsünü	844	19815
hoover	844	19816
uçmayı	844	19817
morton	844	19818
kellesini	844	19819
tehditler	844	19820
thornton	844	19821
dokunulmazlık	844	19822
boynundaki	844	19823
şefkatli	844	19824
gururu	844	19825
kimileri	844	19826
çekmecede	844	19827
kabuslar	844	19828
yarık	844	19829
about	843	19830
hayranıyım	843	19831
benimlesin	843	19832
planladığımız	843	19833
çekmesi	843	19834
fabrikasında	843	19835
dâhi	843	19836
cesede	843	19837
yuki	843	19838
imzalamak	843	19839
bırakmanın	843	19840
toplumda	843	19841
giydin	843	19842
zorladım	843	19843
mikrodalga	843	19844
herr	843	19845
alındığını	843	19846
kısası	843	19847
azdır	842	19848
ödeyen	842	19849
andie	842	19850
nefesimi	842	19851
çevresel	842	19852
bangkok	842	19853
berabere	842	19854
ağırlığını	842	19855
görünürde	842	19856
kaçamaz	842	19857
dünyevi	842	19858
domuzcuk	842	19859
dörde	842	19860
summers	842	19861
yaptırmış	842	19862
yakışmıyor	842	19863
düşürüyor	841	19864
aramaları	841	19865
reddettim	841	19866
doğada	841	19867
üzerinizde	841	19868
olimpiyat	841	19869
batıda	841	19870
dövmek	841	19871
bahsetsene	841	19872
kaybetmişti	841	19873
vardığımda	841	19874
duyduğunuz	841	19875
unutulmuş	841	19876
fişini	840	19877
hakimi	840	19878
dash	840	19879
kabine	840	19880
şehirler	840	19881
hodges	840	19882
değii	840	19883
arkadaştan	840	19884
gonna	840	19885
sözleşmeyi	840	19886
eğitimin	840	19887
cevapla	840	19888
getirmenin	840	19889
komple	840	19890
hapishanesinde	840	19891
lağım	839	19892
garrison	839	19893
ağzındaki	839	19894
dalı	839	19895
hızına	839	19896
ağacının	839	19897
müdürlüğü	839	19898
sahneden	839	19899
yemiyorsun	839	19900
lina	839	19901
çilekli	839	19902
derslerine	839	19903
çıkmana	839	19904
sanatçılar	839	19905
kadarcık	839	19906
göstermen	839	19907
belirdi	839	19908
indirip	839	19909
yanıyorum	839	19910
görmeyeceğim	839	19911
basma	839	19912
indirdim	839	19913
yapmanıza	839	19914
zorlanıyor	838	19915
klanı	838	19916
karış	838	19917
kardeşiz	838	19918
yükle	838	19919
arabistan	838	19920
kötüler	838	19921
değiştiremez	838	19922
kisi	838	19923
national	837	19924
incitti	837	19925
sürat	837	19926
algılama	837	19927
galibiyet	837	19928
gösterim	837	19929
tartışacak	837	19930
uyarısı	837	19931
öyleydin	837	19932
topraklara	837	19933
perili	837	19934
ağlayarak	837	19935
akbaba	837	19936
denizciler	837	19937
deh	837	19938
fikirlerim	837	19939
milyonluk	837	19940
kalıyorlar	837	19941
halimize	837	19942
konuma	837	19943
kalede	837	19944
koşar	837	19945
bağırarak	837	19946
corey	837	19947
beyim	836	19948
manyağın	836	19949
yapmadığın	836	19950
üzerlerinde	836	19951
yvonne	836	19952
parmağın	836	19953
karıştırmış	836	19954
siobhan	836	19955
oymuş	836	19956
moran	836	19957
konuşamıyorum	835	19958
liberal	835	19959
mutfaktan	835	19960
pitiko	835	19961
mağdur	835	19962
koltuğuna	835	19963
take	835	19964
ayrılmam	835	19965
havale	835	19966
başlasak	835	19967
bağlıydı	835	19968
kemoterapi	835	19969
bobo	835	19970
diyecektin	835	19971
modellik	835	19972
karakterin	835	19973
elliott	835	19974
silikon	835	19975
öldürürüz	835	19976
olunur	835	19977
çıkarmalısın	835	19978
saplantı	835	19979
truva	834	19980
eğlendin	834	19981
josephine	834	19982
yürüme	834	19983
menajeri	834	19984
yaptıysan	834	19985
cesar	834	19986
karşılaştığımız	834	19987
rakamları	834	19988
imiz	834	19989
sakar	834	19990
kenya	834	19991
müsamaha	834	19992
gönderildim	834	19993
mercan	834	19994
anlaştığımız	833	19995
silahımız	833	19996
sorumuz	833	19997
böylesin	833	19998
bullock	833	19999
kullanmıyorsun	833	20000
güneyinde	833	20001
sinyalini	833	20002
sonrasına	833	20003
lavon	833	20004
kutsa	833	20005
yapmışsınız	833	20006
türler	833	20007
kabadayı	833	20008
oğlumuzu	832	20009
ızgara	832	20010
lem	832	20011
kamyonete	832	20012
steph	832	20013
şarkılarını	832	20014
dönerler	832	20015
bozdun	832	20016
kazanacağını	832	20017
lyla	832	20018
gecesini	832	20019
dinlenmelisin	832	20020
almalısınız	832	20021
olacağınızı	832	20022
ret	832	20023
fıkra	832	20024
tutarken	831	20025
minnesota	831	20026
tutukluyorum	831	20027
varacak	831	20028
konuklar	831	20029
cunku	831	20030
çıkmazsa	831	20031
fotoğrafımı	831	20032
slater	831	20033
saklar	831	20034
uykusunda	831	20035
never	831	20036
emerson	831	20037
çokça	831	20038
seksisin	831	20039
gerekçe	831	20040
münih	831	20041
baharat	831	20042
uğursuzluk	831	20043
ultra	831	20044
civardaki	831	20045
taşımaya	831	20046
kapattık	830	20047
olaydı	830	20048
seziyorum	830	20049
arabamız	830	20050
büyüklüğü	830	20051
yerleştirmek	830	20052
erer	830	20053
jaffa	830	20054
arkanızı	830	20055
inanmayın	830	20056
akımı	830	20057
yakındır	830	20058
yolcuları	830	20059
yalnızken	830	20060
jiang	830	20061
ağaçlara	830	20062
kızlık	829	20063
sandviçi	829	20064
bağlantımız	829	20065
yarattın	829	20066
sakalı	829	20067
renkte	829	20068
krizinden	829	20069
yeong	829	20070
öpmeye	829	20071
kullanırsın	829	20072
gençtim	829	20073
salvatore	829	20074
dwayne	829	20075
bom	828	20076
görevler	828	20077
bilgelik	828	20078
bahsedip	828	20079
başkenti	828	20080
şartıyla	828	20081
örgü	828	20082
bildiriyor	828	20083
imzaladım	828	20084
gözlerden	828	20085
müteşekkir	828	20086
kendall	828	20087
atman	828	20088
karsi	828	20089
polo	828	20090
çocukta	828	20091
dora	828	20092
neelix	828	20093
hissedebiliyor	828	20094
kuruları	828	20095
telefonlarıma	828	20096
cenevre	828	20097
forge	827	20098
ödülleri	827	20099
vermeyen	827	20100
numaranızı	827	20101
misilleme	827	20102
başkanlığı	827	20103
şova	827	20104
trafiğe	827	20105
şekillerde	827	20106
bittiğine	827	20107
gitmelerini	827	20108
ibadet	827	20109
ortadaki	827	20110
falcon	827	20111
kutular	826	20112
devriyesi	826	20113
kokular	826	20114
mercer	826	20115
sularında	826	20116
kötüleşti	826	20117
umuyor	826	20118
uyurum	826	20119
güveniyoruz	826	20120
kölelik	826	20121
saldırdılar	826	20122
öğrettiği	826	20123
hakkındaydı	826	20124
kask	826	20125
önerdim	826	20126
komşumuz	826	20127
belirlendi	826	20128
profili	826	20129
sularda	826	20130
bret	826	20131
bağırdım	826	20132
düdük	826	20133
dinlemen	826	20134
çarşaf	826	20135
özleyeceğiz	826	20136
patlatmak	826	20137
isteyin	826	20138
sığınma	825	20139
yedikten	825	20140
gelişiyor	825	20141
hatırladığın	825	20142
izniniz	825	20143
dosyasına	825	20144
firavun	825	20145
öldürürdüm	825	20146
görmeyeli	825	20147
kampüs	825	20148
bıraksın	825	20149
che	825	20150
dougie	825	20151
gibiydiler	825	20152
lil	825	20153
ekipman	825	20154
ölürler	825	20155
zirve	825	20156
yapılma	825	20157
dorian	825	20158
tır	825	20159
thorne	825	20160
üniforması	825	20161
ahtapot	825	20162
önünüzde	824	20163
olamadı	824	20164
çıkartmaya	824	20165
başladıktan	824	20166
kaçıracağım	824	20167
reçel	824	20168
kurşunla	824	20169
çalışabilirim	824	20170
çalışmadım	824	20171
ichi	824	20172
özelliklerini	824	20173
sığınağa	824	20174
dimitri	824	20175
saran	824	20176
gelmediler	824	20177
tarafımızda	824	20178
ölmem	824	20179
kötüymüş	824	20180
gerekmeyecek	824	20181
sevdiklerini	824	20182
düşkünü	824	20183
izlanda	824	20184
hazırlamış	824	20185
kaçıracağız	824	20186
makamı	824	20187
metresi	823	20188
bursu	823	20189
bethany	823	20190
uçmaya	823	20191
etmiyordum	823	20192
binasının	823	20193
taht	823	20194
bitirince	823	20195
dediğinizi	823	20196
bekleyeyim	823	20197
kaçı	823	20198
dağıtıyor	823	20199
smallville	823	20200
aitmiş	823	20201
eri	823	20202
söyleyemeyiz	823	20203
kapanacak	823	20204
yes	823	20205
yanıldım	823	20206
huylu	823	20207
ilgileniriz	823	20208
atması	823	20209
vazgeçmeyeceğim	822	20210
alberto	822	20211
yumurtayı	822	20212
bakışları	822	20213
major	822	20214
harp	822	20215
isteseydi	822	20216
delili	822	20217
dilediğin	822	20218
ereksiyon	822	20219
büyüdüğüm	822	20220
şanlı	822	20221
kullanmalısın	822	20222
gerçekmiş	822	20223
çıkmamı	822	20224
gelseydi	822	20225
kabloyu	822	20226
büyükmüş	822	20227
saklanın	822	20228
cisco	821	20229
gerektiğinden	821	20230
kaydettim	821	20231
savaşırken	821	20232
yakacağım	821	20233
randevunuz	821	20234
tavuklar	821	20235
ugh	821	20236
düzenini	821	20237
kızda	821	20238
altındayken	821	20239
kimseler	821	20240
yarayan	821	20241
şimdilerde	821	20242
kurtulmayı	821	20243
madonna	821	20244
başlasam	821	20245
komşunun	821	20246
hazırladın	821	20247
derseniz	821	20248
öğrencim	821	20249
durumumu	821	20250
yakıtı	821	20251
lorna	820	20252
israf	820	20253
defterine	820	20254
yabancılara	820	20255
görüşmen	820	20256
marx	820	20257
bagajı	820	20258
sporu	820	20259
yasını	820	20260
asık	820	20261
kalabalığa	820	20262
oluyordum	820	20263
birleştir	820	20264
kılar	820	20265
bird	820	20266
tanıtmak	819	20267
sevmediğimi	819	20268
çişim	819	20269
büyüğüm	819	20270
ailenizin	819	20271
meşguldü	819	20272
kayanın	819	20273
kısır	819	20274
beygir	819	20275
milyonda	819	20276
gönderiyoruz	819	20277
dengesi	819	20278
karşılıyor	819	20279
külot	819	20280
meselenin	819	20281
kurtarabilirsin	819	20282
deliğine	819	20283
kazanabiliriz	819	20284
adamımızı	819	20285
barrow	819	20286
yiyeceği	819	20287
üretmek	819	20288
düşürmeye	819	20289
zahmetine	819	20290
kaybetmeyeceğim	819	20291
vermiyorsunuz	818	20292
hayaletleri	818	20293
doctor	818	20294
çalıştığına	818	20295
heteroseksüel	818	20296
shepard	818	20297
ört	818	20298
tesisatçı	818	20299
olmadıkları	818	20300
kadındır	818	20301
klinikte	818	20302
honey	818	20303
peşimize	818	20304
çalıştıklarını	818	20305
hatırlayacak	818	20306
ramirez	818	20307
makinesinin	818	20308
çözdün	818	20309
yıkılmış	818	20310
kelepçeleri	818	20311
balığın	818	20312
öncekinden	817	20313
araştırdık	817	20314
katın	817	20315
romanya	817	20316
sevgilisiyle	817	20317
dengesini	817	20318
melekleri	817	20319
hissetmem	817	20320
götürme	817	20321
takılır	817	20322
salgını	817	20323
seçtiğim	817	20324
buzu	817	20325
vaktinizi	817	20326
çıkartır	817	20327
gökyüzündeki	817	20328
yaklaşıyorlar	817	20329
kişisiniz	817	20330
babamızın	817	20331
ödemen	816	20332
seyrettim	816	20333
korumalar	816	20334
terim	816	20335
güneşte	816	20336
problemler	816	20337
gi	816	20338
yıllardan	816	20339
myers	816	20340
bekleyemezsin	816	20341
araştırmaları	816	20342
gelmiştin	816	20343
güvenmen	816	20344
patrona	816	20345
açmadan	816	20346
bulabildiğim	816	20347
isteyecektim	816	20348
getirerek	816	20349
dönüşecek	816	20350
slim	816	20351
düşünmüşümdür	815	20352
dokunmaya	815	20353
taktiği	815	20354
bakanım	815	20355
şehrine	815	20356
yetkin	815	20357
okuldayken	815	20358
incelik	815	20359
parsons	815	20360
ordaki	815	20361
inelim	815	20362
sonum	815	20363
sakladığım	815	20364
öfkeyle	815	20365
hayallerim	815	20366
döküldü	815	20367
yapacakları	815	20368
iyileşir	814	20369
sinyor	814	20370
kurşunun	814	20371
oğluyum	814	20372
cehennemdesin	814	20373
doğduğum	814	20374
kaybolmadan	814	20375
anlayamıyor	814	20376
elemanları	814	20377
özgürlüğe	814	20378
anlarlar	814	20379
peşimi	814	20380
yakmaya	813	20381
geçse	813	20382
kono	813	20383
iznimiz	813	20384
saniyeler	813	20385
sırrım	813	20386
göremeyeceksin	813	20387
kızlarını	813	20388
kıpırdamasın	813	20389
yapılmıştır	813	20390
söyleyeceklerimi	813	20391
hissediyorsan	813	20392
benedict	813	20393
irving	813	20394
mahallesi	813	20395
koyabilirsin	812	20396
yapardınız	812	20397
gücümüzü	812	20398
inceledik	812	20399
ayağının	812	20400
kaptın	812	20401
master	812	20402
şili	812	20403
anayasa	812	20404
suçlayabilir	812	20405
mira	812	20406
sese	812	20407
tohumu	812	20408
geçitten	812	20409
barton	812	20410
montecito	812	20411
tabancayı	812	20412
wood	812	20413
oturabilirsin	812	20414
yapabiliyorsun	811	20415
göstermiyorsun	811	20416
dönüşmüş	811	20417
faye	811	20418
saklanıyorsun	811	20419
temsilci	811	20420
francesca	811	20421
ispatlamak	811	20422
kocanla	811	20423
ödeyeceğiz	811	20424
dosyalara	811	20425
koçluk	811	20426
tırnaklarını	811	20427
sodyum	811	20428
fikirli	811	20429
resimlere	811	20430
üşüdüm	811	20431
çıkmıştık	811	20432
kaybettiğimiz	811	20433
kaldıysa	811	20434
fiyatını	811	20435
cage	811	20436
kıracak	811	20437
inanmadı	811	20438
işinizin	811	20439
kapını	810	20440
ararsan	810	20441
düşüncelerim	810	20442
baktığımızda	810	20443
kaybedersek	810	20444
doğuda	810	20445
grove	810	20446
söylememiz	810	20447
birkaçını	810	20448
hediyeni	810	20449
tüyleri	810	20450
çorak	810	20451
değişmeye	810	20452
duyması	810	20453
kararına	810	20454
prosedürü	810	20455
boşluğa	810	20456
yazılan	810	20457
rj	810	20458
isveçli	810	20459
girişte	810	20460
hatırlarsan	810	20461
auggie	810	20462
mücevherleri	810	20463
yarısının	810	20464
gelirsiniz	810	20465
ekledim	810	20466
hades	810	20467
gerçekleşmesi	810	20468
öleyim	810	20469
kurduğum	809	20470
iğnesi	809	20471
sürtükler	809	20472
kazanırsan	809	20473
gülmeye	809	20474
shen	809	20475
sıkıntıya	809	20476
tepkisi	809	20477
dino	809	20478
işlemek	809	20479
salem	809	20480
geleceklerini	809	20481
yönetiyorum	809	20482
hilton	809	20483
sürprizlerle	809	20484
kilitledi	809	20485
mikrofonu	809	20486
fay	808	20487
boşaltmak	808	20488
kaçıracaksın	808	20489
getirebiliriz	808	20490
kaçıracak	808	20491
kazanabilirsin	808	20492
hopper	808	20493
olacaktık	808	20494
fleming	808	20495
tristan	808	20496
teşkilat	808	20497
müslümanlar	808	20498
ida	808	20499
aradığımızı	808	20500
sağlamış	808	20501
olduğudur	808	20502
kesimi	808	20503
davranarak	808	20504
hususunda	808	20505
bulduğumuzu	808	20506
turnuva	808	20507
yattığı	808	20508
üzerimi	807	20509
görebiliyoruz	807	20510
cankurtaran	807	20511
durağı	807	20512
haldeyken	807	20513
olsana	807	20514
babanızı	807	20515
güvenebilirim	807	20516
anlatmanı	807	20517
kıymetini	807	20518
üzgündü	807	20519
giymem	807	20520
göstermeliyiz	807	20521
nede	807	20522
yapamadı	807	20523
crosby	807	20524
imparatorun	807	20525
kalmışsın	806	20526
klima	806	20527
söylediğime	806	20528
lafları	806	20529
vermeleri	806	20530
satma	806	20531
düzenlenen	806	20532
ortası	806	20533
kıyafetlerin	806	20534
tehlikenin	806	20535
filmlerdeki	806	20536
ayvayı	806	20537
kullanıyormuş	806	20538
parçalarına	806	20539
belalı	806	20540
iğrençti	806	20541
arttırmak	805	20542
dokundum	805	20543
seyahati	805	20544
sevmedi	805	20545
güvenemezsin	805	20546
uğraşamam	805	20547
dine	805	20548
yıllığına	805	20549
tasvir	805	20550
annalise	805	20551
yüzmeyi	805	20552
uyuşturucular	805	20553
dinlerim	805	20554
saçının	805	20555
bulmuştur	804	20556
fischer	804	20557
iksir	804	20558
endişelenmeyi	804	20559
karton	804	20560
zelanda	804	20561
dilekçe	804	20562
ulusun	804	20563
müşterinin	804	20564
tankı	804	20565
anal	804	20566
detayı	804	20567
ölümler	804	20568
sıyrık	804	20569
tuttular	804	20570
hüzün	804	20571
videoya	804	20572
kurucusu	804	20573
düşünmeliyim	803	20574
adamına	803	20575
oynadığın	803	20576
gidebileceğini	803	20577
basının	803	20578
kazmaya	803	20579
etmemin	803	20580
çıkarttın	803	20581
yaratıkların	803	20582
bulamıyor	803	20583
çiz	803	20584
gibiymiş	803	20585
yerleştirdi	803	20586
travmatik	803	20587
savaşını	803	20588
vurulduğunu	803	20589
öldürürken	803	20590
hatalıydım	803	20591
duyarsam	803	20592
eğlenin	802	20593
ekibinden	802	20594
uyardı	802	20595
aşkımız	802	20596
umurlarında	802	20597
geçmişine	802	20598
saklanma	802	20599
latte	802	20600
miden	802	20601
abbott	802	20602
ulaşacak	802	20603
formülü	802	20604
kaynağına	802	20605
kâğıdı	802	20606
yüzeyi	802	20607
yetenekler	802	20608
enfeksiyonu	802	20609
bitmiyor	802	20610
kılıçla	802	20611
tekrarla	802	20612
alım	802	20613
kondu	802	20614
isteyecekler	802	20615
bulmamızı	801	20616
çekilip	801	20617
otorite	801	20618
forma	801	20619
yapanın	801	20620
gore	801	20621
fuarı	801	20622
paravan	801	20623
söylerseniz	801	20624
önlemler	801	20625
sag	801	20626
şut	801	20627
gide	801	20628
cool	801	20629
köleler	801	20630
ayıyı	801	20631
evlendiğini	801	20632
ulaşmayı	801	20633
shea	800	20634
kaynaklanan	800	20635
verecekti	800	20636
bear	800	20637
müşterilerim	800	20638
önderlik	800	20639
odaklanalım	800	20640
gidecekti	800	20641
ında	800	20642
bölme	800	20643
oyunlarını	800	20644
sim	800	20645
masama	800	20646
adamımı	800	20647
entelektüel	800	20648
bulamam	800	20649
tru	800	20650
partner	800	20651
janie	799	20652
nesiller	799	20653
luciano	799	20654
nerelere	799	20655
gülmekten	799	20656
kanıtlara	799	20657
görüşür	799	20658
ziyaretçin	799	20659
parlamento	799	20660
veriyordum	799	20661
raunt	799	20662
ewing	799	20663
ağlarken	799	20664
ihtimalin	799	20665
ödüyorlar	799	20666
yatmadım	799	20667
vasiyet	799	20668
kapsıyor	799	20669
kanepeye	799	20670
bağlantım	799	20671
söylediklerinden	799	20672
peşlerinden	798	20673
dönecekler	798	20674
erkekten	798	20675
döneceğimi	798	20676
tree	798	20677
müddet	798	20678
kopardın	798	20679
bakımından	798	20680
nicolas	798	20681
varlığına	798	20682
atıştırmalık	798	20683
dünyaca	798	20684
raphael	798	20685
çiftleşme	798	20686
dengeyi	798	20687
düşünecekler	798	20688
bıçaklanmış	797	20689
başlamıştık	797	20690
bıçağını	797	20691
soruyordu	797	20692
görüşünü	797	20693
gerekenden	797	20694
morgda	797	20695
serviste	797	20696
lük	797	20697
yakındaki	797	20698
tarafındayım	797	20699
gireriz	797	20700
kathryn	797	20701
çaldığında	797	20702
kibarlık	797	20703
olamadığım	797	20704
sunacağım	797	20705
yüklenme	796	20706
yanlızca	796	20707
öldürmesine	796	20708
çeyreklik	796	20709
gecesine	796	20710
çevredeki	796	20711
beklemeyin	796	20712
kurtarıyorum	796	20713
vazife	796	20714
home	796	20715
yemekle	796	20716
yazlık	796	20717
kaltağı	796	20718
yağmurun	796	20719
kalıntısı	796	20720
keçileri	796	20721
ailelerimiz	796	20722
itibar	796	20723
tarla	796	20724
esasen	795	20725
bitiririm	795	20726
sıkışık	795	20727
hediyen	795	20728
mekiği	795	20729
yarak	795	20730
düzenledi	795	20731
seninleyken	795	20732
halam	795	20733
mektuplarını	795	20734
itaatsizlik	795	20735
getirmez	795	20736
girene	795	20737
devleti	795	20738
sormuyorum	795	20739
yıllara	795	20740
ananı	795	20741
başlamamız	795	20742
telefonuma	795	20743
zarfı	795	20744
çalışacağını	795	20745
hae	795	20746
bulabilirsek	795	20747
seksin	795	20748
organlarını	795	20749
yumurtası	795	20750
söylememeliydim	795	20751
televizyondaki	794	20752
üçgen	794	20753
ruben	794	20754
pirzola	794	20755
belanı	794	20756
düzeldi	794	20757
patronunu	794	20758
anını	794	20759
hazırlayan	794	20760
peşimizden	794	20761
güneydoğu	794	20762
hazırlamaya	794	20763
him	794	20764
tüyü	793	20765
takıntı	793	20766
yemeğimiz	793	20767
nuh	793	20768
cash	793	20769
sallanan	793	20770
clem	793	20771
kasedi	793	20772
seçtik	793	20773
öldürüldüğünde	793	20774
bunla	793	20775
getiririz	793	20776
bulamazsam	793	20777
vermediğini	793	20778
ortalıktan	793	20779
patlayıcılar	793	20780
vermediniz	793	20781
bulmasına	793	20782
yapabileceğine	793	20783
düşes	793	20784
ikincil	793	20785
sikmek	792	20786
söylentileri	792	20787
olduğumuzda	792	20788
bilirdin	792	20789
gelmelerini	792	20790
kâse	792	20791
dokundun	792	20792
dayanabilir	792	20793
çekilme	792	20794
buckley	792	20795
konuşmamızı	792	20796
yaşadığına	792	20797
sepet	792	20798
getiriyoruz	792	20799
sabotaj	792	20800
çıkarabilirsin	792	20801
derdik	792	20802
portekiz	792	20803
izlemiştim	792	20804
kalacaktır	792	20805
kendince	792	20806
üzdü	792	20807
çalındığını	792	20808
emniyete	792	20809
tutamam	792	20810
mayday	792	20811
koridora	792	20812
cehennemdeydin	792	20813
havva	792	20814
tanıştığı	792	20815
çekilecek	791	20816
gelişini	791	20817
çözeceğim	791	20818
çalışabiliriz	791	20819
tenli	791	20820
çamura	791	20821
haberleşme	791	20822
giymeyi	791	20823
şüpheleniyorum	791	20824
lav	791	20825
ilişkili	791	20826
bulmalı	791	20827
getirirsen	791	20828
atmosfere	791	20829
çıkarmışsın	791	20830
etkinliği	791	20831
beklemiyor	791	20832
aynıyız	791	20833
toplantının	791	20834
kadında	791	20835
detaylara	791	20836
meleklerin	791	20837
inanayım	791	20838
zihninde	791	20839
işsizlik	791	20840
geçtiniz	790	20841
göremem	790	20842
etmeyiz	790	20843
kontrolün	790	20844
gösteriden	790	20845
üniversitenin	790	20846
kaçınmak	790	20847
geveze	790	20848
piyasada	790	20849
atıldım	790	20850
gencim	790	20851
oturduğun	790	20852
ayrıcalıklı	790	20853
dördümüz	790	20854
kamyonetin	790	20855
kalabilmek	790	20856
hiçbişey	790	20857
maestro	789	20858
davam	789	20859
playboy	789	20860
bölümleri	789	20861
ofisteki	789	20862
rice	789	20863
kadarda	789	20864
ekşi	789	20865
savaşıyoruz	789	20866
bulamayacaksın	789	20867
lonnie	789	20868
rahibin	789	20869
hissetmesini	789	20870
sykes	789	20871
kaldırıldı	789	20872
gerekiyordur	789	20873
bernadette	789	20874
büfe	789	20875
alaka	789	20876
hesabıma	789	20877
hızlısın	789	20878
sinirlerimi	789	20879
imparatorluğun	789	20880
dışlanmış	788	20881
açtığımda	788	20882
uyanır	788	20883
uçsuz	788	20884
rhonda	788	20885
kandan	788	20886
arsız	788	20887
karin	788	20888
kafeste	788	20889
kumarbaz	788	20890
bulunduğunuz	788	20891
peşindeydi	788	20892
gestapo	788	20893
karakol	787	20894
slade	787	20895
yakalanmak	787	20896
avukatını	787	20897
sımsıkı	787	20898
değerlendirmek	787	20899
çıkarabiliriz	787	20900
atların	787	20901
kahramansın	787	20902
jaime	787	20903
damarı	787	20904
prensim	787	20905
arapça	787	20906
sonuçlara	787	20907
altındayım	787	20908
altta	787	20909
üzülerek	787	20910
moleküler	787	20911
janine	787	20912
giriyorlar	787	20913
hediyesini	787	20914
tutayım	787	20915
öğrenebilirsin	787	20916
bahsediyorlar	787	20917
dönebilirim	786	20918
görebiliyordum	786	20919
maceraya	786	20920
hizmetçisi	786	20921
sabahlar	786	20922
söylentilere	786	20923
kaybolması	786	20924
filistin	786	20925
atladın	786	20926
ukrayna	786	20927
öpüşmek	786	20928
labirent	786	20929
ölebilirim	786	20930
müyüz	786	20931
isme	786	20932
lambayı	785	20933
başlamam	785	20934
kapattılar	785	20935
bıraktığımı	785	20936
icra	785	20937
kırmızıya	785	20938
meşgulüz	785	20939
boz	785	20940
aramalar	785	20941
taşıdım	785	20942
pawnee	785	20943
tişörtünü	785	20944
kullanırdı	785	20945
girmemiz	785	20946
chakotay	785	20947
hayatımızda	785	20948
tanımaz	785	20949
refah	785	20950
ödüyorsun	785	20951
bırakırsanız	785	20952
ekibimiz	785	20953
severdin	785	20954
mekke	785	20955
diline	784	20956
forman	784	20957
telefonunda	784	20958
açıyorsun	784	20959
temizlerim	784	20960
berbatsın	784	20961
çekmedi	784	20962
ummuştum	784	20963
sorumluluğun	784	20964
bilinmez	784	20965
gine	784	20966
bozmaya	784	20967
ahıra	784	20968
josef	784	20969
büyüyecek	784	20970
düşüncen	784	20971
halledildi	784	20972
tuvaletin	784	20973
konuştuktan	784	20974
kaldıramam	784	20975
ölüyorlar	784	20976
marcie	784	20977
düşünmüşsün	784	20978
taa	784	20979
ihtiyarın	784	20980
tüccar	783	20981
tombul	783	20982
kahin	783	20983
partilere	783	20984
depresif	783	20985
marsilya	783	20986
sorabilirsiniz	783	20987
doldurdu	783	20988
şeylerdir	783	20989
canavarları	783	20990
ortaklar	783	20991
düşüncesizce	783	20992
punk	783	20993
gelebiliriz	783	20994
kesebilir	783	20995
kendimin	783	20996
ricardo	783	20997
kanalizasyon	783	20998
umursuyorsun	783	20999
vermekle	782	21000
kuzeydeki	782	21001
işçisi	782	21002
çıkardığın	782	21003
ulaşan	782	21004
tutam	782	21005
dolduruyor	782	21006
yakarım	782	21007
kırmaya	782	21008
plaja	782	21009
başları	782	21010
yalanları	782	21011
penisini	782	21012
olmuşum	782	21013
durdular	781	21014
kırılan	781	21015
ulaştığında	781	21016
ayrıldığında	781	21017
taşınabilir	781	21018
senenin	781	21019
başımızın	781	21020
sırtı	781	21021
dinlenmesi	781	21022
kirasını	781	21023
açtılar	781	21024
baharda	781	21025
melodi	781	21026
yapraklar	781	21027
basar	781	21028
yeryüzüne	781	21029
emrinde	781	21030
anlatmıştı	781	21031
kenarındaki	781	21032
parmaklar	781	21033
kiracı	781	21034
cent	780	21035
ağladığını	780	21036
hoşlandığın	780	21037
hırsızın	780	21038
metroda	780	21039
habere	780	21040
bırakmalıyım	780	21041
bulmaları	780	21042
reno	780	21043
hissedeceğim	780	21044
ordusuna	780	21045
markası	780	21046
kahire	780	21047
günlerim	780	21048
koleksiyon	780	21049
alıyormuş	779	21050
aksam	779	21051
değişime	779	21052
döndürmek	779	21053
muhafızı	779	21054
büyüdüğünü	779	21055
kimberly	779	21056
gino	779	21057
beşi	779	21058
işidir	779	21059
muhabiri	779	21060
tatlılar	779	21061
dünyamız	779	21062
tuck	779	21063
paraşüt	779	21064
şangay	779	21065
akdeniz	779	21066
huck	779	21067
fahişelik	779	21068
siren	779	21069
çalarım	779	21070
milletvekili	779	21071
birisinden	779	21072
teoride	778	21073
sadaka	778	21074
oranında	778	21075
ciddiydim	778	21076
marnie	778	21077
acıyla	778	21078
sorularını	778	21079
western	778	21080
batan	778	21081
masasının	778	21082
şüpheci	778	21083
sürüyle	778	21084
bırakırsam	778	21085
çıkarmayın	778	21086
kilidini	778	21087
sonraları	778	21088
sıkıldı	778	21089
yaralanan	778	21090
sevmediğim	778	21091
külleri	778	21092
rahl	778	21093
temizleyip	778	21094
borçlandım	778	21095
ablası	778	21096
geçirildi	778	21097
yapacaksak	777	21098
dokuzda	777	21099
olmazdık	777	21100
okuduğunu	777	21101
sallıyor	777	21102
yapabilseydim	777	21103
türleri	777	21104
hatalarını	777	21105
ilişkiden	777	21106
okuyayım	777	21107
toplantıdan	777	21108
gördüğünüzü	777	21109
buluyorlar	777	21110
kalkarsan	777	21111
yönetecek	777	21112
ailelerine	777	21113
vakte	777	21114
şakayı	777	21115
çantan	777	21116
çekeriz	777	21117
anlamışsın	777	21118
rahibeler	777	21119
mezarlığı	777	21120
mahallenin	777	21121
girebilirim	777	21122
bilgisini	777	21123
utanmaz	777	21124
birimleri	777	21125
aksilik	777	21126
dyson	777	21127
kiraya	777	21128
karnaval	776	21129
cephede	776	21130
rocco	776	21131
raporunda	776	21132
annecik	776	21133
çıkmayacağım	776	21134
seyyar	776	21135
araştıracağım	776	21136
kimlerle	776	21137
koymam	776	21138
öyküsü	776	21139
yorulmuş	776	21140
bitirmeden	776	21141
seneden	776	21142
koyacaksın	776	21143
konuşkan	776	21144
kalkmayın	776	21145
kanserden	776	21146
reddetmek	776	21147
sıkmaya	776	21148
unutmadın	775	21149
gidişle	775	21150
boşta	775	21151
gitseniz	775	21152
alışırsın	775	21153
gevrek	775	21154
bacaklarının	775	21155
binaları	775	21156
albayım	775	21157
werner	775	21158
zormuş	775	21159
joanne	774	21160
meyer	774	21161
oradakiler	774	21162
başlatın	774	21163
çarptın	774	21164
ömrünün	774	21165
üzereydik	774	21166
aldatma	774	21167
tekneyle	774	21168
çözecek	774	21169
sevgilisinin	774	21170
tibet	774	21171
giyeceksin	774	21172
isteyebilirim	774	21173
tırmanmak	774	21174
açıklamıyor	774	21175
geciktik	774	21176
senpai	774	21177
ayrılması	774	21178
kullanıyordum	774	21179
yut	774	21180
delikte	774	21181
alâkası	774	21182
seçmen	774	21183
aldığınızı	773	21184
zenginlik	773	21185
düşünebildiğim	773	21186
odalı	773	21187
bebeğimin	773	21188
vurulma	773	21189
seneler	773	21190
yangının	773	21191
ibarettir	773	21192
izlediniz	773	21193
çocuksu	773	21194
hissetmen	773	21195
savcının	772	21196
yapmıyordum	772	21197
bitiriyor	772	21198
öğretmişti	772	21199
oluşu	772	21200
yazması	772	21201
parkında	772	21202
yürüyorsun	772	21203
bitmeyen	772	21204
geçirebilir	772	21205
tavsiyen	772	21206
dobbs	772	21207
etmişim	772	21208
öldürdüyse	771	21209
bakmaz	771	21210
uğrar	771	21211
sanırsam	771	21212
kazıp	771	21213
eduardo	771	21214
atalarımızın	771	21215
anonim	771	21216
bilezik	771	21217
etrafımızda	771	21218
takımlar	771	21219
istemediler	771	21220
heights	771	21221
kıta	771	21222
fazlaca	771	21223
yılanın	771	21224
düşünülürse	771	21225
tamara	771	21226
bitirebilir	771	21227
tersten	771	21228
gülüp	771	21229
bazi	770	21230
vatandaşlar	770	21231
sinirlisin	770	21232
karşılamaya	770	21233
kastettin	770	21234
seçtiler	770	21235
dersimi	770	21236
saklandığını	770	21237
kandıramazsın	770	21238
hipnoz	770	21239
uygundur	770	21240
pearson	770	21241
konumuna	770	21242
bulsan	770	21243
bulandırıyor	770	21244
saçmalığın	770	21245
öğretirim	770	21246
elektriksel	770	21247
önlemleri	770	21248
zayıfsın	770	21249
güçlerinin	770	21250
sasuke	770	21251
yumurtalarını	769	21252
direksiyonu	769	21253
kalkabilir	769	21254
söyleyemiyorum	769	21255
ağabeyinin	769	21256
sallanıyor	769	21257
edildiğinde	769	21258
haklıysa	769	21259
bağlama	769	21260
vücudumun	769	21261
camları	769	21262
aramadan	769	21263
birası	769	21264
kristina	769	21265
körfez	769	21266
büyüksün	769	21267
inceliyor	769	21268
ayarlayabilir	769	21269
strauss	769	21270
bazılarına	769	21271
olanaksız	769	21272
verilmişti	769	21273
johnnie	769	21274
mahkumu	769	21275
iyiliğe	769	21276
çıkabilecek	769	21277
ulaşamadım	769	21278
ortakları	768	21279
sınırdan	768	21280
teröristlerin	768	21281
sormayın	768	21282
luka	768	21283
silindi	768	21284
ringe	768	21285
gözlüklerini	768	21286
barınak	768	21287
götürmesi	768	21288
tanıdığınız	768	21289
sürtüğü	768	21290
uzaklaşıyor	768	21291
götürmen	768	21292
sürdüğünü	768	21293
tanımadım	768	21294
kurulan	768	21295
mahvetmeye	768	21296
tabur	768	21297
haritasını	768	21298
buradakiler	768	21299
oturuyorsunuz	768	21300
bahsedin	768	21301
kondom	768	21302
irina	767	21303
parmaklarımı	767	21304
bedenimi	767	21305
vurduğunda	767	21306
kaybolmuştu	767	21307
yüzeyde	767	21308
psikiyatrik	767	21309
yorgunsun	767	21310
götürürüz	767	21311
mekana	767	21312
buzdolabına	767	21313
murat	767	21314
cc	767	21315
çalışmalarına	767	21316
biner	767	21317
ateşte	767	21318
açıyoruz	767	21319
farksız	766	21320
sokaklarında	766	21321
mumlar	766	21322
düzmece	766	21323
hoyt	766	21324
liseyi	766	21325
örtüsü	766	21326
niyetindeyim	766	21327
greer	766	21328
jaguar	766	21329
arabamla	766	21330
hödük	766	21331
sürtüğün	766	21332
ursula	766	21333
öğrenebilirim	766	21334
açabilirsin	766	21335
şişme	766	21336
yaşardı	766	21337
çapta	766	21338
polisti	766	21339
iq	765	21340
kazanmasına	765	21341
görünmedi	765	21342
yılına	765	21343
hesaplarını	765	21344
demişler	765	21345
müfettişi	765	21346
lüzum	765	21347
öldürürsün	765	21348
nüfusu	765	21349
korna	765	21350
sağlamalıyız	765	21351
öğrendiğin	765	21352
lutfen	765	21353
norton	765	21354
aranızdan	765	21355
çileden	765	21356
yaşlısın	765	21357
balkabağı	765	21358
çıkamıyorum	765	21359
emilio	764	21360
kaynağım	764	21361
dokunmadı	764	21362
kazançlı	764	21363
ehliyeti	764	21364
bildiririm	764	21365
yün	764	21366
haberci	764	21367
görülebilir	764	21368
unuttuğum	764	21369
tarafımdan	764	21370
ırkı	764	21371
köpekbalıkları	764	21372
anlayamadığım	764	21373
başınızın	764	21374
delirtiyor	764	21375
boynundan	764	21376
haldeydi	764	21377
yakuza	764	21378
parmağında	764	21379
yakındık	764	21380
farkın	764	21381
draper	764	21382
hissediyoruz	764	21383
birleştirmek	763	21384
komşusu	763	21385
kunduz	763	21386
stern	763	21387
dururdu	763	21388
dubai	763	21389
mükemmelsin	763	21390
sürünün	763	21391
sütyen	763	21392
söylüyorsan	763	21393
varis	763	21394
mekânı	763	21395
felan	763	21396
cotton	763	21397
papağan	763	21398
oyuncakları	763	21399
suzie	763	21400
tutulması	763	21401
vermedik	763	21402
zora	763	21403
açıklamayı	763	21404
binadaki	763	21405
gitmesin	763	21406
mücadeleye	763	21407
tohumları	762	21408
bulmanız	762	21409
brass	762	21410
deşifre	762	21411
manzarayı	762	21412
koyarak	762	21413
yaptıklarımdan	762	21414
birbirinizle	762	21415
kralımız	762	21416
tüfekle	762	21417
değiştirebilirsin	762	21418
ülkeler	762	21419
diziyi	762	21420
nehirden	762	21421
real	762	21422
karışır	762	21423
yiyerek	762	21424
sembolik	762	21425
hafızan	761	21426
kanatlı	761	21427
arabanızı	761	21428
rin	761	21429
çıkabilirsiniz	761	21430
hoşsun	761	21431
palto	761	21432
temizliyor	761	21433
mahremiyet	761	21434
kuma	761	21435
hatırlatma	761	21436
sesleniyorum	761	21437
vatandaşlık	761	21438
etkisiyle	761	21439
örneğini	761	21440
dostunuz	761	21441
blade	761	21442
ebeveynleri	761	21443
etkilendi	760	21444
senelik	760	21445
ayırmaya	760	21446
filminden	760	21447
teminat	760	21448
beyazların	760	21449
girmene	760	21450
tatmak	760	21451
ellerinin	760	21452
seçiyorsun	760	21453
cheyenne	760	21454
düşünebilirsiniz	760	21455
öldürdüğüne	760	21456
diliyorsun	760	21457
yolculuğuna	760	21458
yanın	759	21459
korunması	759	21460
ortağız	759	21461
çökün	759	21462
hatırlayamadım	759	21463
gafil	759	21464
azılı	759	21465
vermeyeceğini	759	21466
amos	759	21467
gelmeleri	759	21468
besliyor	759	21469
sempatik	759	21470
atina	759	21471
pegasus	759	21472
başlayana	759	21473
yeterliydi	759	21474
salağı	759	21475
durduracağız	759	21476
askerî	759	21477
kasık	758	21478
yüzümde	758	21479
gezegenlerin	758	21480
geleceksiniz	758	21481
affetmek	758	21482
odo	758	21483
hiçsin	758	21484
savaşacağım	758	21485
tutulan	758	21486
cüzdanım	758	21487
hadım	758	21488
füzeleri	758	21489
ocağı	758	21490
olabilirmiş	758	21491
düşerken	758	21492
uçuşlar	757	21493
röportajı	757	21494
heyeti	757	21495
rahatlamış	757	21496
aslını	757	21497
gelmenize	757	21498
özet	757	21499
haraç	757	21500
atlatmak	757	21501
seviyesini	757	21502
sarılıp	757	21503
çağırdılar	757	21504
ödevimi	757	21505
geceyarısı	757	21506
nelerdir	757	21507
talimatlar	757	21508
emlakçı	757	21509
öğrendiğini	757	21510
teknolojinin	757	21511
alfredo	757	21512
espresso	757	21513
vakitte	757	21514
olabileceğin	757	21515
mühendisi	757	21516
çıkartacak	757	21517
hedefler	757	21518
sosyalist	757	21519
panter	756	21520
söyledikten	756	21521
aslanlar	756	21522
place	756	21523
mekanda	756	21524
hayranları	756	21525
alexandra	756	21526
sıçtım	756	21527
hiv	756	21528
hyung	756	21529
izleyici	756	21530
saplanmış	756	21531
bozuluyor	756	21532
acıları	756	21533
yayılır	756	21534
ortağının	756	21535
senyor	756	21536
operasyona	756	21537
yapabileceklerini	756	21538
izlemekten	756	21539
obje	756	21540
şaşkına	756	21541
conor	756	21542
aldatmaca	756	21543
bahsetmiyoruz	755	21544
pantolonun	755	21545
kaçtık	755	21546
söylesenize	755	21547
anlatmıştım	755	21548
iten	755	21549
bağlıyorum	755	21550
önlük	755	21551
kiraladı	755	21552
leila	755	21553
çalışabilirsin	755	21554
kaçırmam	755	21555
dolduracak	755	21556
getirilmiş	755	21557
wilkes	755	21558
gladys	755	21559
kemal	755	21560
dinlemez	755	21561
hayden	755	21562
sahasına	754	21563
arkadaşlara	754	21564
hızlıydı	754	21565
keçisi	754	21566
soğukta	754	21567
götürecekler	754	21568
faaliyet	754	21569
gerçeklerden	754	21570
geçirmesi	754	21571
öldürmeyin	754	21572
çalışmadığını	754	21573
planlı	754	21574
gibime	754	21575
şeyine	754	21576
zekâ	754	21577
düşünsem	754	21578
biran	754	21579
shay	754	21580
tırman	754	21581
uçurumun	753	21582
ruha	753	21583
gösterdiğim	753	21584
şüpheleniyor	753	21585
sistemimiz	753	21586
müşterin	753	21587
kokar	753	21588
yaşadığımızı	753	21589
beraat	753	21590
açılmıyor	753	21591
suçlanıyor	753	21592
kanunun	753	21593
attınız	753	21594
anlaşmalar	753	21595
bilgisayarında	753	21596
ayısı	753	21597
telefonlara	753	21598
spreyi	753	21599
durmaksızın	753	21600
masadaki	753	21601
edeceğimizi	752	21602
margo	752	21603
bovling	752	21604
arkadaşısın	752	21605
edo	752	21606
telif	752	21607
rahatlatıyor	752	21608
çalıştıkları	752	21609
hemfikiriz	752	21610
mesut	752	21611
bee	752	21612
söylese	752	21613
diler	752	21614
anlayacağız	752	21615
sera	752	21616
koydunuz	752	21617
gizlidir	752	21618
beraberce	752	21619
lakap	752	21620
yatarım	752	21621
karşıyım	752	21622
barikat	752	21623
yaptığımıza	751	21624
çalabilir	751	21625
ilişkilerini	751	21626
kutusunun	751	21627
düşmesini	751	21628
fae	751	21629
meydanda	751	21630
doluyum	751	21631
ayar	751	21632
ülkemizi	751	21633
hırs	751	21634
yaratılmış	751	21635
lilith	751	21636
seon	751	21637
etmemişti	751	21638
yalniz	751	21639
kayboldular	750	21640
cihazları	750	21641
küçümseme	750	21642
soyup	750	21643
hükümetinin	750	21644
uzundu	750	21645
uçarak	750	21646
wilbur	750	21647
değiştirdiler	750	21648
oturmuyorsun	750	21649
kalırdım	750	21650
jacobs	750	21651
şayan	750	21652
küçüktü	750	21653
tanımadığını	750	21654
ayrılacağız	750	21655
ilgilenin	750	21656
toksin	750	21657
hazırdır	750	21658
vermemek	750	21659
kanalları	750	21660
olmuştuk	750	21661
olmaktansa	750	21662
ayarladık	750	21663
osuruk	750	21664
cisim	750	21665
tanıyordun	750	21666
performansı	750	21667
düşürücü	750	21668
yanımdaydı	749	21669
ilgilenmeye	749	21670
yakınım	749	21671
dökülen	749	21672
temizim	749	21673
öldürebilirsin	749	21674
ryu	749	21675
tutmaz	749	21676
abimin	749	21677
mecburdum	749	21678
cadının	749	21679
aşikâr	749	21680
disneyland	749	21681
girmeni	749	21682
quagmire	749	21683
magazin	749	21684
cinayetinden	749	21685
oturmaya	749	21686
götürebilirsin	749	21687
acıtacak	749	21688
öğrendiler	749	21689
damlası	749	21690
kardeşiyim	749	21691
değiştirmeden	749	21692
söyleyeceklerini	749	21693
korunma	749	21694
kurtaralım	749	21695
granger	749	21696
oğlunla	749	21697
adımlar	748	21698
kalkanları	748	21699
uysal	748	21700
çekimleri	748	21701
karşılaşmış	748	21702
pyo	748	21703
içindeler	748	21704
haklar	748	21705
sürerse	748	21706
oksijeni	748	21707
atıcı	748	21708
meth	748	21709
tanıyormuş	748	21710
kanalda	748	21711
webb	748	21712
yargıca	748	21713
güvene	748	21714
gösterisine	748	21715
güvenebilirsiniz	748	21716
aldattığını	748	21717
bulamamış	748	21718
great	748	21719
anlatıp	748	21720
ayarlama	748	21721
alakadar	748	21722
münasip	748	21723
gülmeyi	747	21724
marcos	747	21725
yüzünüzü	747	21726
maris	747	21727
çalışıyorsan	747	21728
sınıflar	747	21729
isen	747	21730
loki	747	21731
alem	747	21732
yüzüyor	747	21733
yaptıracağım	747	21734
olduklarında	747	21735
bulutları	747	21736
omzuna	747	21737
sunbae	747	21738
resmî	747	21739
sarıp	747	21740
ceketin	746	21741
götürmeni	746	21742
deydi	746	21743
katliamı	746	21744
dönemeyiz	746	21745
kahrolsun	746	21746
katır	746	21747
gencin	746	21748
halktan	746	21749
çözebiliriz	746	21750
myra	746	21751
saldırıp	746	21752
davies	746	21753
yaşadılar	746	21754
devlete	746	21755
yıkmaya	746	21756
insanlarının	746	21757
rahatlamaya	746	21758
geçirmem	746	21759
başkanla	745	21760
hoşlandığı	745	21761
oynayarak	745	21762
sevgilimi	745	21763
paylaşacak	745	21764
gelemeyeceğim	745	21765
atlatacağız	745	21766
kopenhag	745	21767
durdurmayı	745	21768
madame	745	21769
adadaki	745	21770
chico	745	21771
brandy	745	21772
dosyalarına	745	21773
propaganda	745	21774
ödeyebilirim	745	21775
sayfası	745	21776
cemre	745	21777
had	745	21778
koyarsın	745	21779
öldürsün	745	21780
sırrımı	745	21781
charlene	745	21782
yemiştim	745	21783
nafaka	744	21784
oynuyorduk	744	21785
kayıyor	744	21786
bölünmüş	744	21787
küstahlık	744	21788
kafanıza	744	21789
işlerinin	744	21790
escobar	744	21791
transferi	744	21792
hayvanlardan	744	21793
sadist	744	21794
araçta	744	21795
yayındayız	744	21796
yemeğinizi	744	21797
olmalıydık	744	21798
duymuşsunuzdur	744	21799
durant	744	21800
cinayetiyle	744	21801
benziyoruz	744	21802
hayallerinin	743	21803
ahhh	743	21804
edison	743	21805
bencillik	743	21806
paolo	743	21807
görevinde	743	21808
galeri	743	21809
barında	743	21810
hırsızları	743	21811
sayılırız	743	21812
hissedin	743	21813
mekanizması	743	21814
gardını	743	21815
bilgisayardan	743	21816
bulsak	743	21817
kabloları	743	21818
saymak	743	21819
naneli	743	21820
ju	743	21821
cory	743	21822
soğuyor	743	21823
raporda	743	21824
insansız	743	21825
darbeyi	742	21826
zachary	742	21827
anlatsam	742	21828
görünüşlü	742	21829
kalkarsa	742	21830
verdiklerini	742	21831
bebekten	742	21832
ambulansı	742	21833
karışan	742	21834
jeremiah	742	21835
yetmezliği	742	21836
düşüyorum	742	21837
gerçeklere	742	21838
sanır	742	21839
sessizliği	742	21840
bulundunuz	742	21841
mine	742	21842
cezanı	742	21843
şeylerdi	742	21844
dileğin	742	21845
savaşma	742	21846
gazetecilik	742	21847
intikamımı	742	21848
silahlardan	741	21849
birkaçı	741	21850
newport	741	21851
bozmuş	741	21852
marketten	741	21853
boşlukları	741	21854
bulutu	741	21855
özgürüz	741	21856
atımı	741	21857
berry	741	21858
foley	741	21859
diyemez	741	21860
şort	741	21861
karpuz	741	21862
giyindin	741	21863
dövüşün	741	21864
dansını	741	21865
bücür	741	21866
anlaşmamızı	741	21867
yaşaman	741	21868
atmosferi	741	21869
kazanmam	741	21870
esiyor	740	21871
gelirsem	740	21872
loretta	740	21873
hatasını	740	21874
sugar	740	21875
takla	740	21876
ambulansa	740	21877
füzeler	740	21878
kurutulmuş	740	21879
alamadı	740	21880
mağaraya	740	21881
göğüslerin	740	21882
parçan	740	21883
endişem	740	21884
yardımımıza	740	21885
ölmene	740	21886
çoğunluk	740	21887
jonny	740	21888
yapışmış	740	21889
görünmeyen	740	21890
söylediğinizi	740	21891
nato	740	21892
kayaların	739	21893
gob	739	21894
güvensiz	739	21895
defans	739	21896
hisseleri	739	21897
tori	739	21898
müyüm	739	21899
normaldir	739	21900
birtakım	739	21901
yapmıyorsunuz	739	21902
havayolları	739	21903
kusma	739	21904
sunarım	739	21905
kullanmasını	739	21906
diliyor	739	21907
başarabilir	739	21908
yaşındaymış	739	21909
kapatayım	739	21910
çektirmek	739	21911
oynadığım	739	21912
landry	739	21913
anlayacağını	739	21914
riko	739	21915
travması	739	21916
helikoptere	739	21917
yumurtalı	739	21918
gelişimi	739	21919
pistinde	739	21920
girmemi	739	21921
yargılamak	739	21922
işyerinde	739	21923
hissediyordu	738	21924
hazırlama	738	21925
kurtarmalıyız	738	21926
yapacağımıza	738	21927
yükselir	738	21928
sırtımda	738	21929
sahtekarlık	738	21930
dilemem	738	21931
çevrimiçi	738	21932
söylenebilir	738	21933
başlayabilirsiniz	738	21934
make	738	21935
saunders	738	21936
edeceklerini	738	21937
buluyoruz	738	21938
sevdiğinden	738	21939
geçmeyecek	738	21940
zorladın	738	21941
güvenliğiniz	738	21942
ücretli	738	21943
olaylarla	738	21944
polislik	738	21945
duyardım	738	21946
değiştirebilirim	738	21947
aldığımızda	738	21948
frekans	738	21949
kardeşinizin	738	21950
katılıp	738	21951
sohbeti	738	21952
sinirlendim	738	21953
milyarder	738	21954
hos	737	21955
hızlan	737	21956
oturarak	737	21957
açılması	737	21958
isteğiyle	737	21959
karımdan	737	21960
inerken	737	21961
güvenir	737	21962
ipotek	737	21963
uçağım	737	21964
kaldırsın	737	21965
pili	737	21966
çözer	737	21967
milyona	737	21968
dünyaları	737	21969
vogel	737	21970
yaşamana	737	21971
becker	737	21972
bebe	737	21973
sisko	737	21974
iletirim	737	21975
bbc	737	21976
kaçırılan	737	21977
ağına	737	21978
dizüstü	737	21979
hollandalı	737	21980
ödevlerini	737	21981
kafatasını	737	21982
kapatmayı	737	21983
wing	736	21984
kızınla	736	21985
braun	736	21986
jamaika	736	21987
seçtiniz	736	21988
bryant	736	21989
avenue	736	21990
sınıftayken	736	21991
gabby	736	21992
kuleye	736	21993
yapabilen	736	21994
leopar	736	21995
optik	736	21996
arayacağımı	736	21997
hattına	736	21998
ares	736	21999
şartlarını	736	22000
bulaştığını	736	22001
donut	736	22002
gömdüm	736	22003
depresyona	736	22004
gençti	736	22005
arifesinde	736	22006
artist	736	22007
dark	736	22008
saldırdığını	736	22009
getirdiğiniz	736	22010
eşyası	735	22011
kızgındım	735	22012
turp	735	22013
kiralama	735	22014
kaçtığı	735	22015
çıktığımı	735	22016
dönüşünü	735	22017
emredildi	735	22018
tuvaletini	735	22019
bayılmış	735	22020
öğrenmiştim	735	22021
harmon	735	22022
öfkeni	735	22023
içerek	735	22024
cennetteki	735	22025
erdiğinde	735	22026
memuruna	735	22027
güzelsiniz	735	22028
işığın	735	22029
düşünmüştü	735	22030
alayı	735	22031
yazılıyor	735	22032
felaketti	735	22033
cins	735	22034
dolabına	735	22035
arkanızda	734	22036
yazıldı	734	22037
kurtulacağım	734	22038
ayaklarımın	734	22039
öldürürdü	734	22040
evleniyorsun	734	22041
sevgilini	734	22042
kurtulalım	734	22043
charleston	734	22044
atışları	734	22045
budist	734	22046
evle	734	22047
etin	734	22048
yapacaktık	734	22049
ayaklanma	734	22050
kanıtınız	734	22051
zamanından	734	22052
anlamayacak	734	22053
yaran	734	22054
quark	734	22055
okumadın	734	22056
reaktör	733	22057
istekleri	733	22058
gaddar	733	22059
yüklendi	733	22060
bırakmıyorum	733	22061
yakalarsa	733	22062
artacak	733	22063
rygel	733	22064
vurularak	733	22065
uzaklaşma	733	22066
kızar	733	22067
morse	733	22068
koruyacağız	733	22069
people	733	22070
oynamıyor	733	22071
yemeyecek	733	22072
görüşüp	733	22073
yoludur	733	22074
emil	733	22075
ilgilendi	733	22076
unuttuğunu	732	22077
adımda	732	22078
çizdi	732	22079
kurtaramaz	732	22080
yazabilirim	732	22081
acısız	732	22082
üzüldü	732	22083
olayıyla	732	22084
kararınızı	732	22085
partnerim	732	22086
harcamış	732	22087
kimliklerini	732	22088
cuddy	732	22089
freeman	732	22090
elit	732	22091
çocuklarından	732	22092
arkadaşınızın	732	22093
berrak	732	22094
mika	732	22095
birşeydi	732	22096
kendiminkini	732	22097
seçmeler	732	22098
yeraltında	731	22099
vurarak	731	22100
filmlerden	731	22101
mız	731	22102
dairesini	731	22103
kurtarabilecek	731	22104
deha	731	22105
yaratma	731	22106
etseniz	731	22107
özünde	731	22108
yaraların	731	22109
mareşal	731	22110
uğrayan	731	22111
kedim	731	22112
havasında	731	22113
gözlere	731	22114
gelmişsiniz	731	22115
gazetenin	731	22116
buluştuk	731	22117
durmamı	730	22118
ettirmeye	730	22119
peters	730	22120
bulunmadı	730	22121
kaderimiz	730	22122
senmişsin	730	22123
dinlerken	730	22124
senedi	730	22125
çıkarıcı	730	22126
darnell	730	22127
bulamadınız	730	22128
termal	730	22129
korkuyorsunuz	730	22130
cenazede	730	22131
uyanıyor	730	22132
fotoğraflara	730	22133
tozunu	730	22134
hera	730	22135
fe	729	22136
kesiyorum	729	22137
two	729	22138
hissedecek	729	22139
faturasını	729	22140
yastığı	729	22141
hikâyeleri	729	22142
satılan	729	22143
sağlayabiliriz	729	22144
hareketlilik	729	22145
isterken	729	22146
olacaklarını	729	22147
kalmayacağız	729	22148
bürosuna	729	22149
boyalı	729	22150
yaşayamazsın	729	22151
ölecekler	729	22152
randolph	729	22153
live	729	22154
geçenler	729	22155
etmişsiniz	729	22156
öndeki	729	22157
angelina	729	22158
görüştüğünü	729	22159
dağdan	729	22160
yakınlarındaki	729	22161
jd	729	22162
kuşağı	729	22163
halimi	728	22164
yarını	728	22165
kullanılacak	728	22166
mort	728	22167
eğlenmene	728	22168
yakalamayı	728	22169
çıkışını	728	22170
başlamadı	728	22171
katılım	728	22172
daveti	728	22173
cun	728	22174
hayrola	728	22175
koltuklar	728	22176
yaptığımdan	728	22177
bahçıvan	728	22178
öf	728	22179
istasyonun	728	22180
memelerini	727	22181
boşu	727	22182
sonja	727	22183
takibe	727	22184
duvarına	727	22185
bowman	727	22186
çalışacaklar	727	22187
numaranın	727	22188
lao	727	22189
arifesi	727	22190
yalnızız	727	22191
gideceğine	727	22192
dedemin	727	22193
dövüşmeyi	727	22194
çalışsın	726	22195
açıklayacaksın	726	22196
eşiyle	726	22197
aldığımızı	726	22198
girmiştim	726	22199
fosil	726	22200
anlatabiliyor	726	22201
etkilediğini	726	22202
kaçmaz	726	22203
temizleyeceğim	726	22204
uydurdun	726	22205
öğrencinin	726	22206
hav	726	22207
mermileri	726	22208
paso	726	22209
lakabı	726	22210
girerek	726	22211
seçeceğim	726	22212
brüksel	726	22213
etkiyi	726	22214
hortumu	726	22215
valisi	726	22216
tesla	725	22217
kaide	725	22218
denemeyi	725	22219
sinyaller	725	22220
beyefendinin	725	22221
hayatlarına	725	22222
mg	725	22223
empire	725	22224
sayfaları	725	22225
kıs	725	22226
korumamız	725	22227
caddesinde	725	22228
fırladı	725	22229
sanmış	725	22230
kabullen	725	22231
paranoya	725	22232
çekirge	725	22233
dea	725	22234
bembeyaz	724	22235
uçları	724	22236
üzülecek	724	22237
yaptır	724	22238
boyuta	724	22239
puanı	724	22240
buenos	724	22241
sekreterim	724	22242
jazz	724	22243
uyandırma	724	22244
metreye	724	22245
donanması	724	22246
tutuyorsunuz	724	22247
gidebilecek	724	22248
jessi	724	22249
götürdüğü	724	22250
ro	724	22251
garza	724	22252
adamlarınız	724	22253
lassie	724	22254
bokun	724	22255
olmuyorum	724	22256
bellek	723	22257
sıcacık	723	22258
vurmadan	723	22259
plakasını	723	22260
utandırıyorsun	723	22261
zorlaştırıyor	723	22262
alabileceğim	723	22263
babalarının	723	22264
grubunda	723	22265
çadırı	723	22266
çıldırmışsın	723	22267
sığınağı	723	22268
gösteride	723	22269
ajans	723	22270
denmez	723	22271
hoşlarına	723	22272
minimum	723	22273
arabamdan	723	22274
koyduğun	723	22275
aldatan	723	22276
siniz	723	22277
fa	723	22278
cesaretle	723	22279
atabilirsin	722	22280
biletin	722	22281
turnuvası	722	22282
büyüklük	722	22283
kavanoz	722	22284
çalıştığımızı	722	22285
ısmarlayabilir	722	22286
pusula	722	22287
tıkılıp	722	22288
hazırlanıyorum	722	22289
çalışamam	722	22290
otopark	722	22291
tonik	722	22292
robotu	722	22293
mahalleye	722	22294
fbl	722	22295
sında	722	22296
birliğin	722	22297
swan	722	22298
sıranın	722	22299
dart	722	22300
ağlayıp	722	22301
gitmelerine	722	22302
deneriz	722	22303
öfkesi	722	22304
dönmesine	722	22305
kimliğim	722	22306
içeceği	722	22307
singapur	722	22308
süreyi	722	22309
goldman	722	22310
fabrikaya	722	22311
vazgeçip	722	22312
geçirilmiş	721	22313
kaybınız	721	22314
bağını	721	22315
zihnin	721	22316
duymadı	721	22317
aldırış	721	22318
odaklanmış	721	22319
girmeliyiz	721	22320
manipüle	721	22321
owens	721	22322
parçasına	721	22323
altının	721	22324
fok	721	22325
tutmanı	721	22326
hapisteyken	721	22327
anladığın	721	22328
baskını	721	22329
bakin	721	22330
çıkardığım	721	22331
sunduğu	720	22332
koyuyorlar	720	22333
korumanın	720	22334
geoff	720	22335
şıllık	720	22336
dedektifim	720	22337
rehabilitasyona	720	22338
yakalanan	720	22339
sarılı	720	22340
aynanın	720	22341
arta	720	22342
edeceksen	720	22343
kaynağın	720	22344
çarptığını	720	22345
bozuyorsun	720	22346
vize	720	22347
fırını	720	22348
kopardı	720	22349
beyne	720	22350
bölgeleri	720	22351
çocuklu	720	22352
destansı	720	22353
kızımızın	720	22354
servisini	720	22355
olabileceğinden	720	22356
testine	720	22357
benji	719	22358
durmayacağım	719	22359
erdemli	719	22360
yapısını	719	22361
değişiklikleri	719	22362
yun	719	22363
söyleyim	719	22364
sweeney	719	22365
alacaktı	719	22366
karakterini	719	22367
gittikleri	719	22368
rehineler	719	22369
etmediğimi	719	22370
uykusu	719	22371
intikamı	719	22372
gecemiz	719	22373
değiştireyim	719	22374
nino	719	22375
anlamalısınız	719	22376
varana	719	22377
korkmuyorsun	719	22378
acıkmış	719	22379
zhao	719	22380
herkeste	719	22381
sarayın	719	22382
ikiside	719	22383
shiva	718	22384
aşıktım	718	22385
taktığı	718	22386
esteban	718	22387
çalışmıyoruz	718	22388
saga	718	22389
ağrım	718	22390
takılıyoruz	718	22391
bildiri	718	22392
yapmayan	718	22393
mahal	718	22394
deborah	718	22395
koridoru	718	22396
çit	718	22397
parasına	718	22398
olurdunuz	718	22399
kılığında	718	22400
bai	718	22401
gidemiyorum	718	22402
tutmamız	718	22403
başkanıyım	718	22404
çocuklarıyla	718	22405
onayını	718	22406
yaşayabilirsin	718	22407
kabil	718	22408
annecim	718	22409
kazanabilir	718	22410
haddimi	718	22411
yapmacık	718	22412
sanacak	718	22413
pandora	718	22414
mübarek	717	22415
söyleyemeyeceğim	717	22416
girdikten	717	22417
bucaksız	717	22418
yoko	717	22419
aubrey	717	22420
tavşanlar	717	22421
soyguncu	717	22422
söyleyebilirdim	717	22423
gibilerin	717	22424
sette	717	22425
uçağını	717	22426
sanırsın	717	22427
cabe	717	22428
pist	717	22429
büyütme	717	22430
maw	717	22431
topladık	717	22432
tarafindan	717	22433
buçukta	717	22434
üstlerine	717	22435
iyiyse	717	22436
irade	717	22437
gelemeyecek	717	22438
yakınsın	716	22439
kendilerinin	716	22440
düşündükçe	716	22441
ulaşıp	716	22442
yazabilir	716	22443
yıkadım	716	22444
düzeltebilirim	716	22445
kolaçan	716	22446
bing	716	22447
callahan	716	22448
sicilya	716	22449
dere	716	22450
adler	716	22451
zevktir	716	22452
koleje	716	22453
kollarımda	716	22454
kraliçeyi	716	22455
ülkeme	716	22456
stokes	716	22457
mahalledeki	716	22458
şenlik	716	22459
anlattığını	716	22460
iron	716	22461
etnik	716	22462
sağladığı	716	22463
taslak	716	22464
kyoto	716	22465
etmeyecektir	716	22466
yapıcı	715	22467
çıkageldi	715	22468
capone	715	22469
soruşturmada	715	22470
benzini	715	22471
başaracak	715	22472
terzi	715	22473
takılmayı	715	22474
takacağım	715	22475
toplarım	715	22476
kanıtlamaz	715	22477
dünyalı	715	22478
mili	715	22479
ellerimde	715	22480
kızlarının	715	22481
özlem	715	22482
yazmışsın	715	22483
baraj	715	22484
willa	715	22485
tanrıçası	715	22486
özellikler	715	22487
salazar	715	22488
hattie	715	22489
ayrılmaz	715	22490
açıklaman	715	22491
sinekler	715	22492
sağlığın	715	22493
yaşanacak	715	22494
satıyoruz	715	22495
çıktığına	715	22496
pitt	715	22497
paulo	714	22498
chu	714	22499
denemesi	714	22500
umuyorsun	714	22501
kanadalı	714	22502
dönersek	714	22503
gelenlerin	714	22504
birisiyim	714	22505
kazalar	714	22506
marcia	714	22507
suudi	714	22508
sayılırsın	714	22509
müşterilere	714	22510
söyleyecekler	714	22511
çoğunda	714	22512
satarak	714	22513
insanlardı	714	22514
yazdığına	714	22515
eren	714	22516
boyası	714	22517
suyumuz	714	22518
beklemesini	714	22519
etkisinde	713	22520
hayatınızda	713	22521
deniyordu	713	22522
frekansı	713	22523
sıçanlar	713	22524
lokantası	713	22525
uygulaması	713	22526
perdenin	713	22527
şekilleri	713	22528
micah	713	22529
göstermedi	713	22530
çıkmışsın	713	22531
resepsiyon	713	22532
midilli	713	22533
rach	713	22534
düşüren	712	22535
öldürene	712	22536
ithal	712	22537
hatunlar	712	22538
ibaretti	712	22539
jacqueline	712	22540
korkutma	712	22541
yeterlidir	712	22542
yemedi	712	22543
aldattın	712	22544
adamsınız	712	22545
şükret	712	22546
vermeyecekler	712	22547
yaşayalım	712	22548
rapora	712	22549
vatana	712	22550
rivers	712	22551
aang	712	22552
dönüştürmek	712	22553
iyileşmek	712	22554
duyuyordum	711	22555
nerelerdesin	711	22556
selma	711	22557
anlatırdı	711	22558
demeliydim	711	22559
petra	711	22560
haldesin	711	22561
yürütmek	711	22562
müzede	711	22563
aralıksız	711	22564
arkalarında	711	22565
dibi	711	22566
suçlamayı	711	22567
kaybın	711	22568
bilesin	711	22569
askerim	711	22570
öldürebilirdi	711	22571
soruydu	711	22572
morales	711	22573
kastediyorsunuz	711	22574
mc	711	22575
baldwin	711	22576
farklıyız	711	22577
moralim	711	22578
avlanmak	711	22579
özgürlüğüne	711	22580
güçte	711	22581
anlatırken	711	22582
niyetini	711	22583
yenisi	711	22584
düşünüyordur	710	22585
parçalamak	710	22586
kafandaki	710	22587
axel	710	22588
şiş	710	22589
dolusun	710	22590
teftiş	710	22591
şırınga	710	22592
söylentisi	710	22593
ejderhalar	710	22594
planlıyorsunuz	710	22595
anladılar	710	22596
duruşması	710	22597
kılavuz	710	22598
listeden	710	22599
dönmüyor	710	22600
tırnağa	710	22601
stockholm	710	22602
öğreten	710	22603
kaydediyor	710	22604
hataya	710	22605
ipucunu	710	22606
düşünüyorsa	710	22607
uğrayacak	710	22608
biriyimdir	710	22609
aynasız	710	22610
söylemezdim	710	22611
bölüğü	709	22612
öğrenemedim	709	22613
ayarlarız	709	22614
gözleriniz	709	22615
birşeyim	709	22616
çekmen	709	22617
moo	709	22618
başbakanı	709	22619
evlenirim	709	22620
göremezsiniz	709	22621
anılarım	709	22622
şerefsizi	709	22623
ettiyse	709	22624
bozulma	709	22625
sweet	709	22626
organizasyonu	709	22627
reisi	709	22628
yapmamalıyız	709	22629
anlatması	709	22630
topraktan	708	22631
underwood	708	22632
oturmaz	708	22633
ego	708	22634
hıı	708	22635
düpedüz	708	22636
chaplin	708	22637
derslere	708	22638
riggs	708	22639
dolgun	708	22640
duracağız	708	22641
qing	708	22642
london	708	22643
avlanma	708	22644
heyecanla	708	22645
karizmatik	708	22646
uymaz	708	22647
basını	708	22648
nasihat	708	22649
geçmişimiz	708	22650
kaçmam	708	22651
çevirecek	707	22652
kurtarıp	707	22653
lea	707	22654
düşüneceğimi	707	22655
roberta	707	22656
düşmanlarını	707	22657
raf	707	22658
balki	707	22659
çocuğuma	707	22660
dragon	707	22661
kolunun	707	22662
tanımı	707	22663
kulağım	707	22664
çöplükte	707	22665
bisikletle	707	22666
evlerinden	706	22667
açmadı	706	22668
nathaniel	706	22669
buradaysa	706	22670
piramit	706	22671
ağrın	706	22672
rab	706	22673
öğrencilere	706	22674
hakikat	706	22675
kırılma	706	22676
şansımıza	706	22677
isimde	706	22678
kir	706	22679
planladığım	706	22680
ünlüler	706	22681
babanıza	706	22682
nörolojik	706	22683
merdivenlerde	706	22684
bittiyse	706	22685
vulkan	706	22686
dolaşır	706	22687
teknikleri	706	22688
konuğum	706	22689
söylüyormuş	706	22690
dönmüyorsun	706	22691
karısından	706	22692
where	706	22693
katillerin	706	22694
düşmanlık	706	22695
tutkusu	706	22696
yumurtadan	705	22697
yiğit	705	22698
bakamıyorum	705	22699
kıçında	705	22700
aradığımda	705	22701
hayatıyla	705	22702
cheng	705	22703
kavuştu	705	22704
düştüler	705	22705
etmezsem	705	22706
bölgelerde	705	22707
edileceğini	705	22708
götürmelisin	705	22709
gençlere	705	22710
rasgele	705	22711
zorlaşıyor	705	22712
anjali	705	22713
başarısızlığa	705	22714
çekmişti	705	22715
yapabilirdin	705	22716
skaar	705	22717
sildim	705	22718
oyuncuların	705	22719
şerit	705	22720
endişelendiğim	705	22721
dinliyordum	705	22722
unutamam	705	22723
oracıkta	705	22724
ödemesini	705	22725
binecek	705	22726
bildi	705	22727
düşündürüyor	705	22728
taraftarı	705	22729
azimli	704	22730
pire	704	22731
tahsis	704	22732
talim	704	22733
değiştireceğiz	704	22734
aramanın	704	22735
heriflerin	704	22736
sanmazdım	704	22737
elbiselerimi	704	22738
açman	704	22739
havan	704	22740
atıyordum	704	22741
heyecanlanma	704	22742
benimse	704	22743
leigh	704	22744
kârlı	704	22745
dahili	704	22746
parasal	704	22747
yöneldi	704	22748
degildi	704	22749
yutmuş	704	22750
gösterisini	704	22751
ajanın	703	22752
edemeyeceğin	703	22753
perdeyi	703	22754
düşüncelere	703	22755
ahmaklar	703	22756
konmuş	703	22757
çağırsın	703	22758
yapmamalıydın	703	22759
dostumsun	703	22760
kalmanız	703	22761
shu	703	22762
turuna	703	22763
kulakların	703	22764
doğurdu	703	22765
uğurlu	703	22766
ran	703	22767
uzaklaştır	703	22768
yıllarını	703	22769
saniyelik	703	22770
çıkmıyoruz	703	22771
deyken	703	22772
meraklısı	703	22773
family	702	22774
durumdaki	702	22775
görünse	702	22776
alışkanlığı	702	22777
gündelik	702	22778
talk	702	22779
jekyll	702	22780
daralıyor	702	22781
case	702	22782
caddeye	702	22783
doldurmaya	702	22784
bulunmasını	702	22785
casusu	702	22786
prensesim	702	22787
güçlerim	702	22788
vin	702	22789
ineceğim	702	22790
yaşiı	702	22791
kamyonda	702	22792
doktorlara	702	22793
tabanında	702	22794
anlayın	702	22795
nedenler	702	22796
özlediğini	702	22797
açarak	702	22798
endişelenmen	702	22799
döndüğünden	702	22800
programımız	702	22801
konuştuklarını	702	22802
susadın	701	22803
belirleyecek	701	22804
winters	701	22805
nefesim	701	22806
ori	701	22807
yüzündendir	701	22808
elimizi	701	22809
uzaylıların	701	22810
krishna	701	22811
planlıyordum	701	22812
dileğini	701	22813
trenine	701	22814
fırlamış	701	22815
telefonlarını	701	22816
kesinti	701	22817
izne	701	22818
endişelenmek	701	22819
koparmak	701	22820
kimliğinizi	701	22821
gösterecektir	700	22822
konserine	700	22823
yapmamalıydım	700	22824
güvenlikten	700	22825
rahatlatmak	700	22826
çokta	700	22827
lastiği	700	22828
yüzünüzden	700	22829
vak	700	22830
bozulur	700	22831
günahı	700	22832
tükürük	700	22833
embesil	700	22834
izniyle	700	22835
mattie	700	22836
news	700	22837
abayı	700	22838
daireme	700	22839
simms	700	22840
korudum	700	22841
mutluluklar	699	22842
melvin	699	22843
kovdum	699	22844
eldivenleri	699	22845
yaşamım	699	22846
üreten	699	22847
özgürsünüz	699	22848
geçmen	699	22849
onaylıyor	699	22850
geçirdikten	699	22851
damian	699	22852
üniversitedeyken	699	22853
adımları	699	22854
atılacak	699	22855
geçirebiliriz	699	22856
birincil	699	22857
mecazi	699	22858
dönmenin	699	22859
vakıf	699	22860
hekim	699	22861
colby	698	22862
salonun	698	22863
gebe	698	22864
anlamama	698	22865
aldatıcı	698	22866
patlamayı	698	22867
güçlüler	698	22868
hemencecik	698	22869
louisa	698	22870
koordinatlar	698	22871
okuması	698	22872
geçiriyordum	698	22873
gerekmezdi	698	22874
kalmışlar	698	22875
maddeleri	698	22876
yersen	698	22877
asabi	698	22878
heyecanlıydı	698	22879
kalanına	698	22880
anlayacağım	698	22881
boşversene	698	22882
gına	698	22883
au	698	22884
yerdedir	698	22885
keyfim	698	22886
verebileceğini	698	22887
dağıtmaya	698	22888
elverişli	698	22889
turbo	698	22890
yıkan	698	22891
döngüsü	698	22892
canları	697	22893
elçisi	697	22894
dükkandan	697	22895
tanımadığı	697	22896
edemeyeceği	697	22897
tutamadım	697	22898
dane	697	22899
bakmadın	697	22900
morg	697	22901
ayarlayabiliriz	697	22902
boğularak	697	22903
uçururum	697	22904
kurbanlarının	697	22905
dağıtma	697	22906
steroid	697	22907
kuzeyden	697	22908
adamısın	697	22909
kalpleri	697	22910
avını	697	22911
ameliyathanede	697	22912
vurursan	697	22913
yazıklar	697	22914
çeşidi	697	22915
sertçe	697	22916
kris	697	22917
hiccup	697	22918
yerlerinden	697	22919
devi	696	22920
beklediğimi	696	22921
sözcükler	696	22922
eskiye	696	22923
eldiveni	696	22924
televizyondan	696	22925
yoktum	696	22926
tweet	696	22927
dokunamaz	696	22928
futbolcu	696	22929
yarışmasını	696	22930
hoşmuş	696	22931
teorisini	696	22932
danışma	696	22933
ruhlarını	696	22934
üyelerini	696	22935
dağılıyor	696	22936
poe	696	22937
yapıcam	696	22938
dudakların	696	22939
nefreti	696	22940
umudun	696	22941
odak	695	22942
siviller	695	22943
sifonu	695	22944
tanıyorlar	695	22945
ölçü	695	22946
açgözlülük	695	22947
yarışmasında	695	22948
uçurtma	695	22949
başkomiserim	695	22950
ulaşıyor	695	22951
kayın	695	22952
katilsin	695	22953
torun	695	22954
elton	695	22955
pozisyona	695	22956
kesiliyor	695	22957
büyüttü	695	22958
vlad	695	22959
lü	695	22960
ameliyathane	695	22961
birbirinizin	695	22962
yosun	695	22963
çıldırtıyor	695	22964
yarardı	695	22965
henrik	695	22966
durumundayım	695	22967
tartışmanın	695	22968
şömine	695	22969
elimin	695	22970
yaşamının	695	22971
cesetle	694	22972
girişini	694	22973
kurduğunu	694	22974
tutkuyla	694	22975
biriyse	694	22976
olasılıkları	694	22977
hayaletin	694	22978
minibüse	694	22979
umursuyorum	694	22980
goodman	694	22981
face	694	22982
klan	694	22983
çıkışa	694	22984
tablosu	694	22985
zoru	694	22986
şişeleri	694	22987
büyümesini	694	22988
yanımdaki	694	22989
taviz	694	22990
cafe	694	22991
yitirdi	693	22992
jilet	693	22993
arkadaşımdır	693	22994
ayırdı	693	22995
yatmayı	693	22996
yatıya	693	22997
subaylar	693	22998
bağıran	693	22999
tabakları	693	23000
asgari	693	23001
mecbursun	693	23002
aj	693	23003
zannediyorum	693	23004
cutler	693	23005
tarzına	693	23006
anlatmamı	693	23007
kaymak	693	23008
varşova	693	23009
endişelisin	693	23010
araziye	693	23011
anlamanız	693	23012
elektrikler	693	23013
nem	693	23014
uğratmak	693	23015
toplamış	693	23016
osman	693	23017
rhodes	693	23018
hesaplar	693	23019
aşmış	692	23020
gunther	692	23021
planladım	692	23022
faturalar	692	23023
paradise	692	23024
bıraktığımız	692	23025
söyleyeceğiniz	692	23026
hâla	692	23027
sabine	692	23028
güvenemem	692	23029
koyarsan	692	23030
alabileceğimi	692	23031
medeniyet	692	23032
garibaldi	692	23033
uyarayım	692	23034
cılız	692	23035
yumuşacık	692	23036
çıkmadın	692	23037
wars	692	23038
sabırsız	692	23039
şehvetli	692	23040
soygundan	692	23041
alçalt	692	23042
bildiriyorum	692	23043
hangisine	692	23044
kafiyeli	692	23045
yanlis	692	23046
cleo	691	23047
hyuk	691	23048
dosyasında	691	23049
patlattın	691	23050
fişekler	691	23051
misafirin	691	23052
ızdırap	691	23053
eşime	691	23054
harding	691	23055
bağırsaklarını	691	23056
chiana	691	23057
dondu	691	23058
resimlerin	691	23059
satılıyor	691	23060
seçip	691	23061
tozlu	691	23062
beklemeyi	691	23063
duffy	691	23064
geçirirsin	691	23065
rakibin	691	23066
çalışıyorsa	691	23067
salağım	691	23068
cüceler	691	23069
durdurur	691	23070
ikizleri	691	23071
bırakıyorlar	691	23072
ailelerini	691	23073
pompa	691	23074
avlamaya	691	23075
britta	691	23076
uğraşmaya	691	23077
altındasın	691	23078
sürüyü	690	23079
tong	690	23080
bırakabiliriz	690	23081
çağırmaya	690	23082
malikanesi	690	23083
demenin	690	23084
dosyanın	690	23085
yaklaşıyorum	690	23086
hançeri	690	23087
kimlikleri	690	23088
eşitlik	690	23089
toplanan	690	23090
fiyasko	690	23091
sayıyor	690	23092
karışıklığı	690	23093
iplik	690	23094
sefalet	690	23095
motelde	690	23096
affeder	690	23097
girersen	690	23098
suçlamada	690	23099
emile	690	23100
fondip	690	23101
disari	690	23102
bıyıklı	690	23103
salonunu	690	23104
kaynaktan	690	23105
silahına	690	23106
törenini	690	23107
davranışların	690	23108
görevinin	690	23109
endüstrisi	689	23110
kalsan	689	23111
zencefilli	689	23112
çekimler	689	23113
kariyerinin	689	23114
dönersen	689	23115
call	689	23116
patlamak	689	23117
ölsem	689	23118
dairemde	689	23119
eğilimi	689	23120
türün	689	23121
yöntemler	689	23122
kontrolleri	689	23123
uyuşturucuyla	689	23124
alerji	689	23125
anlamanın	689	23126
kartel	689	23127
bağlıyor	689	23128
goo	689	23129
yerleştirin	689	23130
birlikteler	689	23131
parmaklarım	689	23132
öğün	689	23133
kaybolun	689	23134
iyisiydi	689	23135
şeridi	689	23136
eğitmen	689	23137
vazo	689	23138
adamlarıma	688	23139
çoraplar	688	23140
marguerite	688	23141
menajerim	688	23142
farkettin	688	23143
kalinda	688	23144
tacize	688	23145
zamanımda	688	23146
düdüğü	688	23147
yoruldu	688	23148
yolsuzluk	688	23149
miz	688	23150
gönülden	688	23151
yürüyoruz	688	23152
uyumadan	688	23153
eldivenler	688	23154
caddedeki	688	23155
konuşabilirsiniz	688	23156
donup	688	23157
destiny	688	23158
güveç	688	23159
nil	688	23160
formalite	688	23161
gücünden	688	23162
kibarsın	688	23163
karşılaştı	688	23164
şişenin	688	23165
uyumayı	688	23166
okuduk	688	23167
ice	688	23168
söndü	688	23169
müttefikler	687	23170
beklemez	687	23171
eko	687	23172
kabı	687	23173
metan	687	23174
cevaplamak	687	23175
boğazıma	687	23176
bekleyebilirsin	687	23177
saldıracağız	687	23178
bakıyordun	687	23179
arazinin	687	23180
terörizm	687	23181
topraklarına	687	23182
yeteneklerin	687	23183
bine	687	23184
uzmanları	687	23185
halâ	687	23186
çekime	687	23187
temizleyelim	687	23188
seçtiğini	687	23189
buchanan	687	23190
koruyup	686	23191
iniyoruz	686	23192
paylaşmaya	686	23193
yaşayın	686	23194
conway	686	23195
etmemelisin	686	23196
seveceğini	686	23197
yapabilirsen	686	23198
ismiyle	686	23199
sorunlarla	686	23200
takılırız	686	23201
mahvoldum	686	23202
seksle	686	23203
almalarına	686	23204
kazananı	686	23205
ayarlamış	686	23206
başlıca	686	23207
garsonluk	686	23208
dükkanını	686	23209
toplantımız	686	23210
bakamam	686	23211
verseydin	686	23212
michele	686	23213
pasaportu	686	23214
yaşamına	686	23215
katılmam	686	23216
music	686	23217
partim	686	23218
kafatasının	686	23219
arlene	685	23220
birikmiş	685	23221
serumu	685	23222
birliktesiniz	685	23223
öfkesini	685	23224
bess	685	23225
ayırın	685	23226
kısımda	685	23227
çıkarıyoruz	685	23228
ebeveynlik	685	23229
tamına	685	23230
onunda	685	23231
nebraska	685	23232
cem	685	23233
değiştiremem	685	23234
cbi	685	23235
zekiyim	685	23236
kaşınıyor	685	23237
vahim	685	23238
bloke	685	23239
miyav	685	23240
yazısını	684	23241
sormamız	684	23242
kampüste	684	23243
bırakmamış	684	23244
donör	684	23245
sürdün	684	23246
tonluk	684	23247
mülkü	684	23248
kalibre	684	23249
korkun	684	23250
üyesinin	684	23251
muamma	684	23252
çıkarmanı	684	23253
sarmış	684	23254
kurbanla	684	23255
şakacı	684	23256
şebeke	684	23257
oran	684	23258
konuştuğunuzu	684	23259
anneanne	684	23260
hazırlayalım	684	23261
kullanmama	684	23262
fırt	684	23263
öğreneceksiniz	684	23264
durdurmamız	684	23265
rayna	684	23266
hazırlıklar	683	23267
çıkarırken	683	23268
vermeyiz	683	23269
kapılmış	683	23270
kabasın	683	23271
macaristan	683	23272
güvenemeyiz	683	23273
kırılır	683	23274
yaşıyorduk	683	23275
yatırın	683	23276
hapishanenin	683	23277
durduran	683	23278
tanrıdan	683	23279
araştırmasını	683	23280
bulmuyorum	683	23281
larsen	683	23282
pistte	683	23283
çalışmayın	683	23284
yüreğim	683	23285
antarktika	683	23286
toy	683	23287
uyanıyorum	683	23288
hatırlatmama	683	23289
bürosunda	683	23290
isı	683	23291
çanları	683	23292
ıstırap	683	23293
etmelerine	683	23294
buzdan	683	23295
skywalker	683	23296
yüzyüze	683	23297
dışımda	683	23298
sınavdan	683	23299
dracula	683	23300
memurun	682	23301
davamız	682	23302
kapıların	682	23303
umutsuzluk	682	23304
italyanlar	682	23305
saygısı	682	23306
gereklidir	682	23307
prime	682	23308
delaney	682	23309
rüyaların	682	23310
söyleyebilecek	682	23311
stil	682	23312
kadir	682	23313
uzaklardan	682	23314
nedime	682	23315
şoku	682	23316
okuyamıyorum	682	23317
ödeteceğim	682	23318
çizginin	682	23319
sook	682	23320
şirketlerin	682	23321
arabalarını	682	23322
dakikanı	682	23323
temizleyecek	681	23324
larson	681	23325
batırdın	681	23326
balonu	681	23327
tekini	681	23328
suyuna	681	23329
aslen	681	23330
üfle	681	23331
almalarını	681	23332
farrell	681	23333
çekmeni	681	23334
konulara	681	23335
biçilmiş	681	23336
kaydetmek	681	23337
hatırladı	681	23338
yaşamadım	681	23339
boğuluyor	681	23340
tarihsel	681	23341
getirirdi	681	23342
hissini	681	23343
konuşmanızı	681	23344
durumlara	681	23345
medikal	681	23346
ravi	681	23347
sevgiye	681	23348
alfie	681	23349
koli	681	23350
bilmene	681	23351
kurduğun	681	23352
parçala	680	23353
tutamazsın	680	23354
turistler	680	23355
malzemelerini	680	23356
hansen	680	23357
lazanya	680	23358
çözülmemiş	680	23359
çekmez	680	23360
kitaplardan	680	23361
kartpostal	680	23362
tutsun	680	23363
ilgilenmesi	680	23364
adasına	680	23365
inanman	680	23366
nefesin	680	23367
durumdayken	680	23368
dağıttı	680	23369
mevki	680	23370
bağlantın	680	23371
halatı	680	23372
dağıtacağım	679	23373
giydiğim	679	23374
başladığımızda	679	23375
izlerin	679	23376
ararlar	679	23377
sırayı	679	23378
fotoğrafların	679	23379
milly	679	23380
franny	679	23381
korkağın	679	23382
bağlantılar	679	23383
dövülmüş	679	23384
istemeyeceğim	679	23385
neville	679	23386
getirmelisin	679	23387
kurabiyeler	679	23388
cubur	679	23389
kaçması	679	23390
dönsek	679	23391
mcnamara	679	23392
binelim	679	23393
kuracak	679	23394
açıklayın	679	23395
edilip	679	23396
bardağın	679	23397
kapıma	679	23398
konuştuğunda	678	23399
yöntemini	678	23400
dönümü	678	23401
sözünden	678	23402
çarpar	678	23403
poponu	678	23404
çaldığım	678	23405
poppy	678	23406
hakkımdaki	678	23407
çar	678	23408
arabasından	678	23409
beklesene	678	23410
alâkalı	678	23411
geçerlidir	678	23412
korkaksın	678	23413
şerefi	678	23414
whitey	678	23415
ayıracağım	678	23416
çük	678	23417
verilmesini	678	23418
lucius	678	23419
garfield	678	23420
haberlerini	678	23421
şüpheye	678	23422
revir	678	23423
bohannon	678	23424
fırsatları	678	23425
kaderine	678	23426
soyadın	678	23427
kopuyor	678	23428
çekingen	677	23429
tarlada	677	23430
bulaşan	677	23431
yapmaman	677	23432
açacaksın	677	23433
yaşayabiliriz	677	23434
ez	677	23435
kaltağın	677	23436
kandırıyorsun	677	23437
hakan	677	23438
vampirlerin	677	23439
çizme	677	23440
aklımıza	677	23441
benzemiyordu	677	23442
inanmıyorsan	677	23443
aracının	677	23444
gitarı	677	23445
yavaştan	677	23446
dişlerin	677	23447
ıslah	677	23448
buza	677	23449
pelerin	677	23450
yarışın	677	23451
sutyen	677	23452
komando	677	23453
felaketi	677	23454
akrabaları	677	23455
etmezsek	677	23456
maxine	677	23457
hademe	677	23458
uçurdu	677	23459
tropik	677	23460
önsezi	676	23461
kustu	676	23462
üyelerinden	676	23463
yaraması	676	23464
solu	676	23465
çağıran	676	23466
güvendiği	676	23467
anlamamıştım	676	23468
davranman	676	23469
direksiyona	676	23470
demeni	676	23471
muhteşemsin	676	23472
gemim	676	23473
duruyordun	676	23474
çıkamayız	676	23475
tünelin	676	23476
dizide	676	23477
shot	676	23478
sapkın	676	23479
sands	676	23480
başkanımız	676	23481
indirimi	676	23482
duramaz	676	23483
altyazılar	676	23484
flanders	676	23485
değiştirmiyor	676	23486
uyduruk	676	23487
tasma	676	23488
diyorsanız	675	23489
göğe	675	23490
cain	675	23491
silahıyla	675	23492
bambi	675	23493
evlerin	675	23494
yuttun	675	23495
alacakaranlık	675	23496
kuaför	675	23497
harcıyorum	675	23498
kullanmalıyız	675	23499
kilometrelik	675	23500
cenazesinde	675	23501
yemeyeceğim	675	23502
açılma	675	23503
kapıp	675	23504
susar	675	23505
yuvaya	675	23506
sürüyordu	675	23507
oturum	675	23508
balinalar	675	23509
boşum	675	23510
kaybolduğunda	675	23511
kılı	675	23512
kursu	674	23513
seçecek	674	23514
çanı	674	23515
heyecandan	674	23516
güçlere	674	23517
odaklanın	674	23518
çaya	674	23519
ödemeleri	674	23520
bineceğim	674	23521
etkilemiş	674	23522
bakıldığında	674	23523
karda	674	23524
perdeler	674	23525
asiler	674	23526
page	674	23527
forrest	674	23528
bilmenin	674	23529
uyacak	674	23530
alınmayın	674	23531
whitman	673	23532
duruş	673	23533
dükkanından	673	23534
kemerlerinizi	673	23535
ulaşana	673	23536
şoke	673	23537
monique	673	23538
sızıntısı	673	23539
doktorluk	673	23540
temple	673	23541
planımı	673	23542
oteldeki	673	23543
karşılaştın	673	23544
işlendi	673	23545
olduğuydu	673	23546
titriyorsun	673	23547
kerede	673	23548
radyosu	673	23549
operasyonlar	673	23550
değişmişsin	673	23551
kurudu	673	23552
hwa	673	23553
yolcuların	673	23554
quantico	673	23555
götürmüştü	673	23556
lt	672	23557
fansub	672	23558
izlenimi	672	23559
bulabileceğimizi	672	23560
kampın	672	23561
arasını	672	23562
endişelenmiştim	672	23563
mezunlar	672	23564
doktoruna	672	23565
yerlerinizi	672	23566
boynuma	672	23567
daktilo	672	23568
pol	672	23569
dize	672	23570
hissettirecek	672	23571
canlarım	672	23572
anıların	672	23573
gelenlere	671	23574
toplayacağım	671	23575
geçemezsin	671	23576
üretiyor	671	23577
ölüyorsun	671	23578
kahvaltıyı	671	23579
kaldırıyor	671	23580
tavsiyemi	671	23581
kaçarak	671	23582
ofisinin	671	23583
hisseden	671	23584
etmediğim	671	23585
beklemeni	671	23586
cesedimi	671	23587
takımından	671	23588
uyduruyorsun	671	23589
kediye	671	23590
duyulur	671	23591
milk	671	23592
varsayarsak	671	23593
evdesin	671	23594
sinirimi	671	23595
odaklanmak	671	23596
çantasına	671	23597
sağlığını	671	23598
tünele	671	23599
gerçekliği	671	23600
istediğinin	671	23601
tanışıp	671	23602
otobüsten	671	23603
ikizi	671	23604
sessizsin	671	23605
geçirmeliyiz	671	23606
storm	671	23607
bulamazlar	671	23608
kalpler	671	23609
kereste	671	23610
ailenizi	671	23611
ulaşmadan	670	23612
karınızı	670	23613
umarız	670	23614
kavuşturmak	670	23615
girmekten	670	23616
ımı	670	23617
kaçakçılık	670	23618
edilemeyecek	670	23619
kışı	670	23620
tutukla	670	23621
sına	670	23622
buluşuyoruz	670	23623
halının	670	23624
yazman	670	23625
kafasındaki	670	23626
demekten	670	23627
filmine	670	23628
maço	670	23629
gayrimenkul	670	23630
çizgisine	670	23631
cebime	670	23632
korunmaya	669	23633
atmıştı	669	23634
arızalı	669	23635
karıştır	669	23636
makbule	669	23637
yöntemle	669	23638
işlemini	669	23639
zorlayan	669	23640
meseleler	669	23641
kişiliğini	669	23642
komutanlığı	669	23643
partime	669	23644
uyuduğunu	669	23645
gelmediniz	669	23646
yaşayacağını	669	23647
püf	669	23648
paneli	669	23649
hatamız	669	23650
günahları	669	23651
caldwell	669	23652
mutluluktan	669	23653
dedikoduları	669	23654
swanson	669	23655
hayranınızım	668	23656
elbisesini	668	23657
şaman	668	23658
sitesine	668	23659
milano	668	23660
veriş	668	23661
connell	668	23662
bozar	668	23663
kılmak	668	23664
arabanda	668	23665
ağabeyimin	668	23666
magic	668	23667
gidemedim	668	23668
seçimim	668	23669
şato	668	23670
girls	668	23671
donner	668	23672
soon	668	23673
yakalayan	668	23674
inanmıştım	668	23675
damadın	668	23676
kurtarmam	668	23677
başlaman	668	23678
soracağız	668	23679
macunu	668	23680
bağlanmak	668	23681
koymalıyız	668	23682
götürüldü	668	23683
sağlıyorum	668	23684
alüminyum	667	23685
ilgiyi	667	23686
sebebiyet	667	23687
aramana	667	23688
uzaklaşmış	667	23689
paylaşmayı	667	23690
duane	667	23691
belgesini	667	23692
kollarıma	667	23693
zorlukla	667	23694
göçmenlik	667	23695
bulduklarında	667	23696
edeceğime	667	23697
gölgesinde	667	23698
çakma	667	23699
düşüneceksin	667	23700
tad	667	23701
götürmesini	667	23702
manzaralı	667	23703
bırakabilirsiniz	667	23704
şüpheleri	667	23705
tayvan	667	23706
ring	667	23707
evlenelim	667	23708
paketleri	667	23709
yaklaşmış	667	23710
yatmam	667	23711
çöker	667	23712
aşkta	667	23713
dikey	666	23714
sebebimiz	666	23715
zhaan	666	23716
personelin	666	23717
fikirlere	666	23718
hissetmiş	666	23719
captain	666	23720
harcıyorsunuz	666	23721
yazacaksın	666	23722
yolculukta	666	23723
macar	666	23724
kuzenimin	666	23725
öldüresiye	666	23726
yapmayayım	666	23727
uçlu	666	23728
katılmıyor	666	23729
desteğine	666	23730
bilemeyeceğim	666	23731
öğrenmez	666	23732
dönüştürdü	666	23733
gördüklerinde	666	23734
yılından	665	23735
kaşığı	665	23736
duyun	665	23737
kappa	665	23738
başvurusu	665	23739
galler	665	23740
vereceğine	665	23741
yahudileri	665	23742
zırhı	665	23743
gelmekten	665	23744
doğrulamak	665	23745
gecem	665	23746
duyarsın	665	23747
hayırsever	665	23748
hatırlatır	665	23749
koyuyoruz	665	23750
antlaşma	665	23751
serveti	665	23752
nesini	665	23753
solak	665	23754
çözüme	665	23755
fields	665	23756
heriften	665	23757
araştırmamı	664	23758
yapılmamış	664	23759
boys	664	23760
gustav	664	23761
hai	664	23762
havalar	664	23763
express	664	23764
şapkam	664	23765
gelmemiz	664	23766
oluruna	664	23767
kaçırmayın	664	23768
partin	664	23769
shaun	664	23770
meade	664	23771
nesneler	664	23772
pasaklı	664	23773
hwan	664	23774
mossad	664	23775
ofisimden	664	23776
oradayız	664	23777
uydur	664	23778
eşleri	664	23779
parmakların	664	23780
olmamdan	664	23781
getirmeyecek	663	23782
unutuyor	663	23783
meydanında	663	23784
hitchcock	663	23785
prototip	663	23786
sonlarında	663	23787
benmişim	663	23788
şampiyonluğu	663	23789
öldürebilecek	663	23790
kağıtlarını	663	23791
askerlerini	663	23792
yoldaki	663	23793
yanıldığımı	663	23794
teke	663	23795
ağrıları	663	23796
yapabildiğin	663	23797
şampuan	663	23798
beaumont	663	23799
mumu	663	23800
angelica	663	23801
derslerini	663	23802
güvenliğinden	663	23803
evrene	663	23804
atlattım	663	23805
davranmıyor	663	23806
iti	663	23807
çıkarmama	662	23808
törene	662	23809
kardeşimden	662	23810
ödülün	662	23811
yakalım	662	23812
aktive	662	23813
kodese	662	23814
kurumsal	662	23815
scofield	662	23816
kafein	662	23817
söylemiştik	662	23818
gönderecekler	662	23819
weiss	662	23820
planlıyorlar	662	23821
doğmuştu	662	23822
sıkıyorsun	662	23823
kelsey	662	23824
russo	662	23825
uğraşacak	662	23826
almamızı	662	23827
havyar	662	23828
inç	662	23829
yolunuz	662	23830
derrick	662	23831
sevmeyen	662	23832
tarifini	661	23833
fırtınadan	661	23834
kulüpten	661	23835
borçları	661	23836
sanatçısı	661	23837
bendeydi	661	23838
paramın	661	23839
roscoe	661	23840
çözmemiz	661	23841
canımızı	661	23842
davasıyla	661	23843
öfkeden	661	23844
bilgimiz	661	23845
hastalığına	661	23846
tartışıyoruz	661	23847
hatlar	661	23848
asıi	661	23849
tamamladım	661	23850
durmadı	661	23851
vakum	661	23852
seviştik	661	23853
kalıntılar	661	23854
ediyorsanız	661	23855
müdürüyüm	661	23856
edemediğim	661	23857
açıldığında	661	23858
dina	661	23859
çalarak	661	23860
çaldık	661	23861
tecrübem	661	23862
girişinde	661	23863
hubert	661	23864
çukurda	661	23865
gelmediği	660	23866
enerjinin	660	23867
veli	660	23868
cahill	660	23869
oğlumsun	660	23870
bacağından	660	23871
sektöründe	660	23872
karşılaşmadım	660	23873
malını	660	23874
toplayan	660	23875
dairem	660	23876
havasını	660	23877
şehire	660	23878
çoğunuz	660	23879
katille	660	23880
church	660	23881
götürsün	660	23882
dalgaların	660	23883
tanışacağım	660	23884
vikram	660	23885
olmazlar	660	23886
bağlıyız	660	23887
fikrinden	660	23888
ladin	660	23889
uğraştı	660	23890
randevuyu	660	23891
kalanların	660	23892
yorgunluktan	660	23893
çavuşu	659	23894
aralarından	659	23895
odalarına	659	23896
think	659	23897
çığlıkları	659	23898
düşünsen	659	23899
kitaplara	659	23900
oralara	659	23901
çalalım	659	23902
söylemeyeceğine	659	23903
piyon	659	23904
telsizle	659	23905
uğraşıyordum	659	23906
yerimize	659	23907
korumalı	659	23908
yürüyeceğiz	659	23909
uyusun	659	23910
dövüşmeye	659	23911
kaşar	659	23912
varlığının	658	23913
boynum	658	23914
nbc	658	23915
kıpır	658	23916
united	658	23917
samanyolu	658	23918
girebilirsiniz	658	23919
konuşursak	658	23920
vermemeliydim	658	23921
trol	658	23922
çıkmaktan	658	23923
cazibe	658	23924
flüt	658	23925
yürüyordum	658	23926
davrandığımı	658	23927
harfiyen	658	23928
yapmayacağımı	658	23929
aw	658	23930
arkadaşlığı	658	23931
yaşamanı	658	23932
esiri	658	23933
yatırımcı	658	23934
acile	658	23935
delicesine	658	23936
tutarsan	658	23937
mahkumları	658	23938
babamdı	658	23939
spot	658	23940
yiyeceğimiz	658	23941
hormon	658	23942
channing	657	23943
kaplumbağalar	657	23944
cornell	657	23945
rohan	657	23946
utan	657	23947
hatıraları	657	23948
biriydin	657	23949
hayatla	657	23950
alabilirler	657	23951
gönlünü	657	23952
bulaştın	657	23953
annenize	657	23954
atabilirim	657	23955
durduğun	657	23956
düne	657	23957
ımız	657	23958
makaleyi	657	23959
doğduktan	657	23960
yaşamıyorum	657	23961
galaksiler	657	23962
doldurur	657	23963
kurbanımızın	657	23964
kontu	657	23965
fei	657	23966
kanatlar	657	23967
ayarlar	657	23968
acıtıyorsun	657	23969
verilmiyor	657	23970
dalar	657	23971
kaldığınız	656	23972
besleyen	656	23973
suyum	656	23974
tavuklu	656	23975
mariana	656	23976
sırp	656	23977
aptala	656	23978
bekleyerek	656	23979
şarjı	656	23980
ortaklığı	656	23981
anlaşılması	656	23982
demişlerdi	656	23983
ışıklarını	656	23984
çevirmiş	656	23985
yaslanıp	656	23986
ciğer	656	23987
küvete	656	23988
açığım	656	23989
yeteneğimi	656	23990
rüzgara	656	23991
rahatınıza	656	23992
çaldınız	656	23993
dolaplar	656	23994
yemiyorum	656	23995
beklemezdim	656	23996
ilerisinde	656	23997
çıkmaza	656	23998
geçecektir	656	23999
ananas	655	24000
atmadım	655	24001
bekleyebiliriz	655	24002
donuk	655	24003
beklemiş	655	24004
alamet	655	24005
fabrikayı	655	24006
getirmedi	655	24007
dökme	655	24008
doğduğun	655	24009
çıksak	655	24010
ediciydi	655	24011
belden	655	24012
kazansın	655	24013
durdurdum	655	24014
kameraların	655	24015
karavanda	655	24016
katmak	655	24017
bölgeler	655	24018
deneyip	655	24019
gitmeyeceğiz	655	24020
enerjiye	655	24021
mert	655	24022
telleri	655	24023
görürlerse	655	24024
bulamayacak	655	24025
ilgisiz	655	24026
vee	654	24027
yüreği	654	24028
kalmışım	654	24029
müşteriye	654	24030
crockett	654	24031
birbirinizden	654	24032
yönlendirdi	654	24033
kurtulmam	654	24034
dirsek	654	24035
parçalandı	654	24036
şeklindeki	654	24037
duyman	654	24038
öldürmüştü	654	24039
görmediğin	654	24040
sine	654	24041
âmin	654	24042
direktör	654	24043
mıknatıs	654	24044
sevdiğinizi	654	24045
tartışmalı	654	24046
masasından	654	24047
kalkışma	654	24048
okuyarak	654	24049
kibir	654	24050
götürürdü	654	24051
yesin	653	24052
raoul	653	24053
okuman	653	24054
suzy	653	24055
yarışmada	653	24056
geçmişinde	653	24057
servete	653	24058
adaylar	653	24059
soracaksın	653	24060
gelemedim	653	24061
dudaklar	653	24062
kapama	653	24063
siyanür	653	24064
hür	653	24065
hatırlaman	653	24066
sözcüsü	653	24067
başkasından	653	24068
bowl	653	24069
sümüklü	653	24070
nano	653	24071
alti	653	24072
gözümüz	653	24073
büyükannesi	653	24074
vardınız	653	24075
kaldırıma	653	24076
waters	653	24077
çözdük	653	24078
makası	653	24079
drakula	653	24080
tatlim	653	24081
kucağında	653	24082
oynardık	653	24083
yörünge	653	24084
conner	653	24085
biçilemez	653	24086
köydeki	653	24087
gülün	652	24088
lupin	652	24089
pascal	652	24090
yaklaştıkça	652	24091
yenisin	652	24092
kursuna	652	24093
görünüşünü	652	24094
hanıma	652	24095
iv	652	24096
takıyordu	652	24097
bini	652	24098
yamuk	652	24099
mumya	652	24100
dışardan	652	24101
etmediğin	652	24102
çizgisinde	652	24103
yönlendirme	652	24104
duruşu	652	24105
mideye	652	24106
izleyebilir	652	24107
öldürmediğini	652	24108
içindedir	652	24109
beklemelisin	652	24110
blog	652	24111
sünnet	652	24112
lekeleri	652	24113
varmaz	652	24114
sesiyle	651	24115
yükseltmek	651	24116
utanmıyor	651	24117
gizliliği	651	24118
inme	651	24119
yurtdışında	651	24120
allak	651	24121
brock	651	24122
kalsiyum	651	24123
sisteminden	651	24124
etten	651	24125
sondaj	651	24126
öğrendikten	651	24127
cezaevinde	651	24128
beklememi	651	24129
kuyuya	651	24130
protestan	651	24131
rüyaları	651	24132
uyuyalım	651	24133
bıraktığında	651	24134
tamamladı	651	24135
şurda	651	24136
yaşananları	651	24137
darbesi	651	24138
boyama	650	24139
belirler	650	24140
şampiyonası	650	24141
arkamızdan	650	24142
sorabilirim	650	24143
füzyon	650	24144
aslanı	650	24145
cullen	650	24146
jameson	650	24147
sorunlara	650	24148
yaşadınız	650	24149
saymaya	650	24150
delia	650	24151
yoldur	650	24152
wilder	650	24153
frene	650	24154
elleriniz	650	24155
uğrayayım	650	24156
okunuyor	650	24157
batılı	650	24158
çatlaklar	650	24159
hazırlayıp	650	24160
yoksulluk	650	24161
ölmediğini	650	24162
elbiseyle	650	24163
bakarlar	650	24164
samir	650	24165
hücresinde	650	24166
zahmetli	650	24167
olabilseydim	650	24168
direği	650	24169
büroya	650	24170
çıkarırsan	649	24171
dikkatim	649	24172
durduramıyorum	649	24173
çözemedim	649	24174
çita	649	24175
tarafındasın	649	24176
zebra	649	24177
başkente	649	24178
görevimizi	649	24179
saçmalığını	649	24180
çağın	649	24181
hastalığını	649	24182
genci	649	24183
çalıştığında	649	24184
staj	649	24185
ödeyeceksiniz	649	24186
edilme	649	24187
apartmanda	649	24188
vasiyeti	649	24189
hükmü	649	24190
uyandıran	649	24191
anlayacağınız	649	24192
hayranın	649	24193
thelma	649	24194
etmesinin	649	24195
bıçakladı	649	24196
yıkarım	649	24197
incitme	649	24198
dinamik	649	24199
mekanın	649	24200
kahramanları	649	24201
geçmişimi	648	24202
bilmiyorlardı	648	24203
öldürmüşler	648	24204
ingilizlerin	648	24205
iyisisin	648	24206
sabrım	648	24207
bağlamış	648	24208
deniyoruz	648	24209
katılması	648	24210
ödemeden	648	24211
döktü	648	24212
şurubu	648	24213
üzülmeyin	648	24214
maliye	648	24215
alejandro	648	24216
pişirme	648	24217
arazisi	648	24218
kemiklerin	648	24219
ruhsatı	648	24220
yığınla	648	24221
istirahat	648	24222
heller	648	24223
anlamıyorlar	648	24224
uykucu	648	24225
çalı	648	24226
içinmiş	648	24227
çıktığımız	648	24228
şansıma	648	24229
beyinleri	648	24230
oğlumdan	648	24231
shan	647	24232
leeds	647	24233
dolarına	647	24234
hakediyor	647	24235
titreşim	647	24236
ailelerinin	647	24237
dostlarını	647	24238
enrique	647	24239
çalacağız	647	24240
yaptıklarınız	647	24241
binmeye	647	24242
kalmayıp	647	24243
anım	647	24244
üzülüyor	647	24245
warwick	647	24246
paslı	647	24247
darlene	647	24248
güçlerimi	647	24249
buyuk	647	24250
koşma	647	24251
çürümeye	647	24252
azrail	647	24253
hiçbirimizin	647	24254
harfler	647	24255
sorularınızı	647	24256
içmiyor	647	24257
gemimiz	647	24258
kastın	647	24259
aşıp	647	24260
otlar	647	24261
içkini	647	24262
çektiğimi	646	24263
gazlı	646	24264
yardımcımız	646	24265
cihazın	646	24266
garantiye	646	24267
annemler	646	24268
kabilesi	646	24269
poposu	646	24270
hainler	646	24271
boşandım	646	24272
ameliyatın	646	24273
aradığına	646	24274
sallama	646	24275
teyzenin	646	24276
vücuduma	646	24277
basil	646	24278
uyuyun	646	24279
sayfaya	646	24280
savaştayız	646	24281
içmez	646	24282
uyuyorlar	646	24283
safra	646	24284
edemiyoruz	646	24285
inanırlar	646	24286
ilerlemek	646	24287
hamileyken	646	24288
haklarımı	646	24289
hallediyor	646	24290
buzul	646	24291
açmadın	646	24292
sormamın	646	24293
taraftayız	646	24294
açarız	646	24295
gülümsedi	646	24296
güçlerine	646	24297
kaygı	645	24298
oakland	645	24299
silahının	645	24300
davan	645	24301
kuruyorsun	645	24302
söylemekle	645	24303
baskıya	645	24304
meşguldün	645	24305
gözümden	645	24306
departman	645	24307
piste	645	24308
korkmaz	645	24309
arkanıza	645	24310
keseyim	645	24311
torunun	645	24312
yoldalar	645	24313
numaraydı	645	24314
hızında	645	24315
girmişler	645	24316
büyüdükçe	645	24317
navid	645	24318
penceresi	645	24319
michaels	645	24320
boşlukta	645	24321
tanışıyoruz	645	24322
kazma	645	24323
karantinaya	644	24324
dileği	644	24325
myka	644	24326
bilime	644	24327
saklamayı	644	24328
sven	644	24329
remy	644	24330
çalışırsak	644	24331
gogh	644	24332
verse	644	24333
köpeğinin	644	24334
azını	644	24335
kalmazsın	644	24336
balıkların	644	24337
katılmasını	644	24338
clary	644	24339
postayla	644	24340
nikolai	644	24341
ormanları	644	24342
seçerim	644	24343
potasyum	644	24344
ulaşmanın	644	24345
filler	644	24346
endişelenmenize	644	24347
canlandırmak	644	24348
tum	644	24349
ediyordunuz	644	24350
halkımız	644	24351
sokabilir	644	24352
ramak	644	24353
nerdeydin	644	24354
stars	644	24355
hardison	644	24356
isteyemem	644	24357
görüşüyoruz	644	24358
yetişmek	644	24359
emindi	644	24360
empati	643	24361
bulunmakta	643	24362
rani	643	24363
aşısı	643	24364
güçtür	643	24365
yetişmem	643	24366
pislikten	643	24367
ikiyüzlü	643	24368
versiyonunu	643	24369
godfrey	643	24370
mackey	643	24371
matkap	643	24372
kariyerine	643	24373
hükümdar	643	24374
bilmeleri	643	24375
mezardan	643	24376
bitkileri	643	24377
end	643	24378
azat	643	24379
sedye	643	24380
parçasının	643	24381
sıyırmış	643	24382
tekneden	643	24383
lezzetliydi	643	24384
geçiririm	643	24385
kurar	643	24386
çıkarları	642	24387
sırtımdan	642	24388
kamuflaj	642	24389
saldırganın	642	24390
uzatmak	642	24391
lafım	642	24392
yağmurdan	642	24393
düşünüyorlardı	642	24394
zekidir	642	24395
romano	642	24396
muaf	642	24397
ölmüşler	642	24398
içtiği	642	24399
abbey	642	24400
eğitmek	642	24401
sözüme	642	24402
kurabiyeleri	642	24403
mobil	642	24404
izliyorsunuz	642	24405
getirmişler	642	24406
ku	642	24407
tercihim	642	24408
isteyelim	642	24409
söylemişler	642	24410
ünitesi	642	24411
bakmadı	642	24412
iyiden	642	24413
alınmıştır	641	24414
düğmesine	641	24415
kakao	641	24416
mahvedeceğim	641	24417
duymadığım	641	24418
oğullarım	641	24419
uygula	641	24420
ayrılmalıyız	641	24421
vurduğum	641	24422
anahtarım	641	24423
vergiler	641	24424
çıkartalım	641	24425
onunkini	641	24426
belirledik	641	24427
nitelikli	641	24428
demokrat	641	24429
oluyordur	641	24430
birbirleri	641	24431
konut	641	24432
moira	641	24433
aramızı	641	24434
ayarlamaları	641	24435
dinozorlar	641	24436
dostumu	641	24437
duygusunu	641	24438
düşünmemi	641	24439
tepedeki	641	24440
uyuyakalmışım	641	24441
jillian	641	24442
benin	641	24443
killua	641	24444
uyuyabilirsin	640	24445
taşaklı	640	24446
kopar	640	24447
seninkinin	640	24448
tarihine	640	24449
siktirip	640	24450
duymanı	640	24451
aklındaki	640	24452
görmüştün	640	24453
ultrason	640	24454
kolundan	640	24455
tasarlandı	640	24456
kesikler	640	24457
tanaka	640	24458
selfridge	640	24459
sızmış	640	24460
arjun	640	24461
görünme	640	24462
geçimini	640	24463
ninem	640	24464
nalları	640	24465
oskar	640	24466
yaraya	640	24467
alabileceği	640	24468
ab	640	24469
prensesin	640	24470
konuşuyordunuz	640	24471
chevy	640	24472
penceresinden	639	24473
sınız	639	24474
çığlığı	639	24475
tahlili	639	24476
üzeredir	639	24477
kullandığınız	639	24478
mesajlarını	639	24479
emme	639	24480
cruise	639	24481
noktalarını	639	24482
çarpı	639	24483
benimkileri	639	24484
sap	639	24485
almayacaksın	639	24486
going	639	24487
bitirdiniz	639	24488
jeneratörü	639	24489
naylon	639	24490
kahveni	639	24491
sınavın	639	24492
lamar	639	24493
dibini	639	24494
görmüyoruz	639	24495
unutursun	639	24496
elemanın	639	24497
şapkasını	639	24498
değiştirmesi	639	24499
salsa	639	24500
bagajında	639	24501
öğretebilirim	639	24502
çetesinin	639	24503
ahn	639	24504
korkuya	639	24505
oluştuğunu	638	24506
yatağım	638	24507
hatırlarsınız	638	24508
ayırana	638	24509
vista	638	24510
yenilgiyi	638	24511
ırkının	638	24512
sözcüğü	638	24513
wen	638	24514
dinleyerek	638	24515
evleneceğini	638	24516
hücresine	638	24517
petey	638	24518
genelinde	638	24519
yeğenin	638	24520
serseriyi	638	24521
koşuya	638	24522
uy	638	24523
rengin	638	24524
ödenecek	638	24525
dağıtırım	637	24526
videoları	637	24527
sikimi	637	24528
tipleri	637	24529
fntimes	637	24530
head	637	24531
nazaran	637	24532
koma	637	24533
kıyısına	637	24534
yaymak	637	24535
saki	637	24536
hastalığının	637	24537
düşeceğim	637	24538
kuzgun	637	24539
gücünle	637	24540
tutum	637	24541
over	637	24542
açacağını	637	24543
afet	637	24544
vatandaşları	637	24545
püresi	637	24546
alınmasını	637	24547
atlet	637	24548
bildiğimden	637	24549
notunu	637	24550
wyoming	637	24551
kalacağına	637	24552
geronimo	637	24553
kabir	637	24554
yetiştirme	637	24555
danım	637	24556
ambrose	637	24557
village	637	24558
grubundan	637	24559
teorin	637	24560
sınavda	636	24561
kralların	636	24562
koridordan	636	24563
komadan	636	24564
novak	636	24565
sanatın	636	24566
woman	636	24567
hurley	636	24568
karışıktı	636	24569
çizgileri	636	24570
yakınımda	636	24571
sonraydı	636	24572
inanmazsın	636	24573
ayşe	636	24574
bubi	636	24575
hafızamı	636	24576
kavgadan	636	24577
supergirl	636	24578
cevapsız	636	24579
kermit	636	24580
yönüne	636	24581
okuduğun	636	24582
kutlaması	636	24583
kırıyor	636	24584
çimento	636	24585
anlamalıydım	636	24586
uğramıştım	636	24587
canımın	636	24588
başlıyordu	636	24589
eminmisin	636	24590
mckinley	635	24591
borular	635	24592
geçebilirsin	635	24593
çakıl	635	24594
kalana	635	24595
ateşim	635	24596
yaklaşırken	635	24597
scottie	635	24598
sineği	635	24599
yattığım	635	24600
davenport	635	24601
marla	635	24602
şövalyeler	635	24603
bukadar	635	24604
tavrı	635	24605
dolabını	635	24606
unuttuğu	635	24607
inançları	635	24608
aktı	635	24609
olmamasından	635	24610
plakayı	635	24611
bakacağını	635	24612
rama	635	24613
pinky	635	24614
çıkmalı	635	24615
burayla	634	24616
barlow	634	24617
kısmından	634	24618
fiyatlar	634	24619
etmişsindir	634	24620
doktordan	634	24621
çalsın	634	24622
emirlerime	634	24623
riskine	634	24624
bisikletini	634	24625
dairesinden	634	24626
sake	634	24627
açıkcası	634	24628
davasının	634	24629
our	634	24630
başlarken	634	24631
kilitleri	634	24632
cömertçe	634	24633
dille	634	24634
tedavisini	634	24635
seçmeye	634	24636
mavisi	634	24637
binden	634	24638
ölebilirsin	634	24639
ablamın	634	24640
biliyorsanız	634	24641
maddox	634	24642
demeyecek	634	24643
zoom	634	24644
yurtdışına	634	24645
ödüyoruz	633	24646
yürütüyor	633	24647
kızmadım	633	24648
paspas	633	24649
tropikal	633	24650
bahsederdi	633	24651
wilcox	633	24652
tandy	633	24653
bahaneler	633	24654
şeyiyle	633	24655
insanlığa	633	24656
felakete	633	24657
kuzusu	633	24658
fırtınada	633	24659
polisinin	633	24660
beraberdim	633	24661
tabutu	633	24662
metroya	633	24663
hilary	633	24664
wan	633	24665
ceplerini	633	24666
kaybolacak	633	24667
günümüzün	633	24668
yüzeyinde	633	24669
çıktığından	633	24670
binlercesi	633	24671
reeves	633	24672
iskender	633	24673
aşkının	633	24674
telsizden	633	24675
havayolu	632	24676
alamıyoruz	632	24677
profesörün	632	24678
hastalığım	632	24679
ifadeleri	632	24680
eğlenmeyi	632	24681
arabalardan	632	24682
yerdesin	632	24683
bitirdiğinde	632	24684
çektiniz	632	24685
yaramayacağını	632	24686
edemediği	632	24687
çözdü	632	24688
duyuyorlar	632	24689
toto	632	24690
koşa	632	24691
öç	632	24692
giyerim	632	24693
gücünüz	632	24694
şokta	632	24695
söylendiği	632	24696
dışarıdayım	632	24697
finale	632	24698
singer	631	24699
giremeyiz	631	24700
onurlandırmak	631	24701
çağırabilir	631	24702
şarabın	631	24703
kafalar	631	24704
kuzeybatı	631	24705
dinlemem	631	24706
kazanmıştı	631	24707
kathleen	631	24708
yaramazsın	631	24709
deneyimin	631	24710
duydukları	631	24711
dalmak	631	24712
milhouse	631	24713
günlerdi	631	24714
öldüğümde	631	24715
rüyasında	631	24716
flack	631	24717
yeleği	631	24718
tombala	631	24719
büyükbabanın	631	24720
dururum	631	24721
kafalarına	630	24722
kahvaltıdan	630	24723
yiyordu	630	24724
şiirsel	630	24725
sıkıştık	630	24726
planlarımız	630	24727
edemedik	630	24728
bombacı	630	24729
şan	630	24730
içeriği	630	24731
beğeniyor	630	24732
emriniz	630	24733
öpebilirsin	630	24734
sattık	630	24735
müşteriyi	630	24736
dolaylı	630	24737
geçirmişti	630	24738
ayrılmamız	630	24739
üniversitedeki	630	24740
atmasını	630	24741
göğsü	630	24742
özünü	630	24743
geçiriyordu	630	24744
çekiyordum	630	24745
uçağına	630	24746
azize	630	24747
eczane	630	24748
mühürlü	630	24749
gelirlerse	630	24750
ilişkini	630	24751
reklamını	630	24752
kullanamaz	630	24753
edemezdi	630	24754
cookie	630	24755
çadırda	630	24756
mutluluğunu	630	24757
doğumlu	630	24758
görünüyoruz	630	24759
bileli	630	24760
yuvasına	630	24761
çalması	630	24762
saklanıp	630	24763
susturmak	630	24764
emniyette	629	24765
saol	629	24766
bentley	629	24767
trek	629	24768
yaylan	629	24769
çıkararak	629	24770
varsınız	629	24771
karşılaşmıştık	629	24772
yeminle	629	24773
farkli	629	24774
kanuni	629	24775
uyuşuk	629	24776
mesaja	629	24777
yitirmiş	629	24778
kafamdaki	629	24779
nail	629	24780
durdurup	629	24781
depresyonda	629	24782
watts	629	24783
kerecik	629	24784
bedeninin	629	24785
yanındayız	629	24786
dinleyeceksin	629	24787
yapasın	629	24788
sızlanmayı	628	24789
dengede	628	24790
kolaymış	628	24791
bizimkilerden	628	24792
manastıra	628	24793
mühimmat	628	24794
herkez	628	24795
köşeden	628	24796
serge	628	24797
kastettiğini	628	24798
abdul	628	24799
fahişeyi	628	24800
houdini	628	24801
yıkıp	628	24802
yukarısı	628	24803
buluyorsunuz	628	24804
yollarımız	628	24805
belgelerin	628	24806
orion	628	24807
çerez	628	24808
jeanie	628	24809
buradadır	628	24810
katılma	628	24811
misli	628	24812
dusty	628	24813
çocuklarımıza	628	24814
mahkumların	628	24815
giymeye	628	24816
fırtınalar	628	24817
devlin	628	24818
dudley	628	24819
gitmişsin	627	24820
adımlarını	627	24821
sayılmazdı	627	24822
kraang	627	24823
düşünüyormuş	627	24824
uyumana	627	24825
aşaması	627	24826
horn	627	24827
hiçbirinde	627	24828
anlatırsan	627	24829
ısırığı	627	24830
görevliler	627	24831
harcadığım	627	24832
isin	627	24833
tecrübelerime	627	24834
parfümü	627	24835
garth	627	24836
korunan	627	24837
rekorunu	627	24838
sinirlerim	627	24839
sağlıksız	627	24840
karışmıştı	627	24841
öğrenen	627	24842
getirdiğinde	627	24843
saatlerini	627	24844
grimes	627	24845
gıcır	627	24846
öpüştük	627	24847
yansıması	627	24848
sağlayacaktır	627	24849
basacak	627	24850
papatya	626	24851
bakışını	626	24852
maşallah	626	24853
işiydi	626	24854
sektörü	626	24855
patlamada	626	24856
dergide	626	24857
thatcher	626	24858
balosuna	626	24859
parçanın	626	24860
anlayınca	626	24861
sınavını	626	24862
sayid	626	24863
cecilia	626	24864
zaferin	626	24865
oğlumuzun	626	24866
uçuşa	626	24867
onbeş	626	24868
sunacak	626	24869
harici	626	24870
düşünmenizi	626	24871
kip	626	24872
çizilmiş	626	24873
selamı	626	24874
bürosundan	626	24875
thad	625	24876
koyabiliriz	625	24877
parrish	625	24878
mahalleyi	625	24879
haberlerin	625	24880
taşların	625	24881
yapmazsanız	625	24882
mallarını	625	24883
saçan	625	24884
oturduğum	625	24885
açması	625	24886
bedene	625	24887
delinda	625	24888
kardeşlerini	625	24889
tankları	625	24890
maktulün	625	24891
olurlardı	625	24892
oluşturmaya	625	24893
yaptırmaya	625	24894
hatunu	625	24895
kendra	625	24896
çözelim	625	24897
ödü	625	24898
panikledim	625	24899
açığı	625	24900
yenecek	625	24901
ryo	625	24902
gemilerini	625	24903
işaretini	625	24904
küf	625	24905
gördüğünden	624	24906
seyrediyor	624	24907
uğur	624	24908
durumunuzu	624	24909
tavırları	624	24910
kandırma	624	24911
komutanın	624	24912
bilmeme	624	24913
yarışmacı	624	24914
sevimsiz	624	24915
bahçeyi	624	24916
netflix	624	24917
uzaklaştı	624	24918
edemeyeceğini	624	24919
taşra	624	24920
cinsi	624	24921
sacramento	624	24922
gillian	624	24923
değiştirebiliriz	624	24924
durdurulamaz	624	24925
çiftliğin	624	24926
olmadığınız	624	24927
dövüşecek	624	24928
öylesiniz	624	24929
yapısal	624	24930
elbiseye	623	24931
annesin	623	24932
teyzesi	623	24933
hamamböceği	623	24934
dövüşe	623	24935
insanlarını	623	24936
sahneleri	623	24937
walters	623	24938
beklemiyorsun	623	24939
girebilmek	623	24940
öğrenecekler	623	24941
lama	623	24942
berger	623	24943
götüremem	623	24944
ban	623	24945
endişelendik	623	24946
şubesi	623	24947
bilmemesi	623	24948
geldiğimizden	623	24949
andrei	623	24950
sharp	623	24951
ödüllü	623	24952
kitabından	623	24953
çatışması	623	24954
anket	623	24955
olmuşsunuz	623	24956
dönüyordu	623	24957
incittin	623	24958
toplayalım	623	24959
dümeni	623	24960
binmeyi	622	24961
haklılar	622	24962
zehirlenmiş	622	24963
üyeler	622	24964
toplarını	622	24965
çözmüş	622	24966
davrandığın	622	24967
gerçekleştiği	622	24968
yenileme	622	24969
edildik	622	24970
barışın	622	24971
binaların	622	24972
güvenip	622	24973
yakalanma	622	24974
giyinmek	622	24975
gördüğünüzde	622	24976
istememişti	622	24977
uranyum	622	24978
komikmiş	622	24979
broşür	622	24980
şehrinin	622	24981
mountain	622	24982
diskalifiye	622	24983
koşuyorum	622	24984
kurtulması	622	24985
monsieur	622	24986
arkadaşınızı	622	24987
gelebilirler	622	24988
şanssızlık	622	24989
gelmişim	622	24990
liberty	621	24991
veriyormuş	621	24992
yakını	621	24993
kabuklu	621	24994
arıyorlardı	621	24995
verildiğini	621	24996
gergindim	621	24997
kurtulun	621	24998
sözünün	621	24999
havacılık	621	25000
formül	621	25001
önemsemiyor	621	25002
koruduğunu	621	25003
büyücüsü	621	25004
haşlanmış	621	25005
auschwitz	621	25006
ezbere	621	25007
brewster	621	25008
unuturum	621	25009
gelmiyordu	621	25010
heil	621	25011
kazanabilirim	621	25012
vurulduğu	621	25013
giymişti	621	25014
duymadık	621	25015
sınıfından	621	25016
itirafta	621	25017
sunucusu	621	25018
kapan	621	25019
temizlendi	621	25020
kullanmanın	620	25021
hatırlamadın	620	25022
yılım	620	25023
sosyete	620	25024
planımızı	620	25025
domino	620	25026
desteğin	620	25027
anlayıp	620	25028
mucizesi	620	25029
dağıtan	620	25030
güvendesiniz	620	25031
tayfa	620	25032
kahvemi	620	25033
açamıyorum	620	25034
denemeden	620	25035
şoförün	620	25036
muş	620	25037
kurtulur	620	25038
kitaptaki	620	25039
bildiğimizi	620	25040
yalakalık	620	25041
engelledi	620	25042
dilemene	620	25043
yandığını	620	25044
kapatırım	620	25045
kaybetmişsin	620	25046
hiçbirşeyi	620	25047
tanımlama	620	25048
roth	619	25049
dinlemekten	619	25050
yavrularını	619	25051
kanıtların	619	25052
özlediğimi	619	25053
ajay	619	25054
büyüttüm	619	25055
karıştığı	619	25056
dansın	619	25057
bitiriyorum	619	25058
getirene	619	25059
asın	619	25060
öğrenmeli	619	25061
kalbimden	619	25062
keşfettik	619	25063
karıştırmaya	619	25064
sağlandı	619	25065
sevgilimle	619	25066
neyini	619	25067
sürsün	619	25068
kaybettikten	618	25069
sahneler	618	25070
kozmetik	618	25071
hürrem	618	25072
romero	618	25073
kov	618	25074
android	618	25075
çizburger	618	25076
inanıyorsan	618	25077
burasını	618	25078
tuş	618	25079
tencere	618	25080
üniversitesinde	618	25081
kalmanızı	618	25082
görmüşsündür	618	25083
karıştıran	618	25084
çiçeklerle	618	25085
uçuracak	618	25086
kalmayın	618	25087
iyileşmiş	618	25088
tutuyordum	618	25089
göstersin	618	25090
annenizi	618	25091
artırmak	618	25092
tamamlanmış	618	25093
salvador	618	25094
karışacak	617	25095
kırar	617	25096
oradaydık	617	25097
ipin	617	25098
duyayım	617	25099
yüksel	617	25100
ulaşmamız	617	25101
takmam	617	25102
memurunun	617	25103
bilmesem	617	25104
tutabiliriz	617	25105
mon	617	25106
pizzayı	617	25107
havadaki	617	25108
periler	617	25109
namına	617	25110
marlowe	617	25111
programımı	617	25112
soğutma	617	25113
degilsin	617	25114
ulaştın	617	25115
atacaklar	617	25116
brendi	617	25117
zavallıcık	617	25118
hamptons	617	25119
weir	617	25120
tuvaletine	617	25121
birbiri	617	25122
uyuman	617	25123
yollarına	617	25124
hukuku	617	25125
ajanım	617	25126
dişçiye	616	25127
zannedersem	616	25128
kanala	616	25129
milkshake	616	25130
yayan	616	25131
küvet	616	25132
projeye	616	25133
seçilen	616	25134
başlayabilirim	616	25135
yükselecek	616	25136
kalitesi	616	25137
göründüğümü	616	25138
düğününü	616	25139
cecil	616	25140
iyisinden	616	25141
suçların	616	25142
alışkınım	616	25143
adasında	616	25144
yüzlerine	616	25145
kesmeyi	616	25146
dergisinde	616	25147
yenilikçi	616	25148
gelenlerden	616	25149
çevresi	616	25150
nöbetçiler	616	25151
tatlısı	616	25152
tarçın	616	25153
görebileceğin	616	25154
edebileceği	616	25155
tercihi	616	25156
kablolar	616	25157
bos	616	25158
parks	616	25159
dışarıdayken	615	25160
endonezya	615	25161
davranalım	615	25162
çağdaş	615	25163
biçme	615	25164
yılbaşında	615	25165
homie	615	25166
donuyorum	615	25167
cutter	615	25168
pritchard	615	25169
hangisiydi	615	25170
rodeo	615	25171
istikrarlı	615	25172
poster	615	25173
aramdaki	615	25174
insanlarsınız	615	25175
vurduk	615	25176
yaklaşıp	615	25177
halletmeliyiz	615	25178
yatağımın	615	25179
boğazından	615	25180
kurşuna	615	25181
arayabilirsiniz	614	25182
dağıtacak	614	25183
karşıdan	614	25184
topal	614	25185
incelemesi	614	25186
bilmemek	614	25187
bekliyordur	614	25188
yemeğinin	614	25189
şarkım	614	25190
pazarda	614	25191
rolünde	614	25192
taşıyın	614	25193
işemek	614	25194
tutarsın	614	25195
bach	614	25196
çekilmesini	614	25197
ipod	614	25198
kumandayı	614	25199
botları	614	25200
dener	614	25201
insanız	614	25202
altındadır	614	25203
korkuyoruz	614	25204
bowie	614	25205
günlüğünü	614	25206
pin	614	25207
düşünsün	614	25208
sorularım	614	25209
sylvie	614	25210
güvenirim	614	25211
yapmazsa	614	25212
çaktırmadan	614	25213
ayırdığın	614	25214
kaldırımda	614	25215
içindekileri	614	25216
haiti	614	25217
parçasıyım	614	25218
güreşi	613	25219
talan	613	25220
çantanda	613	25221
ulaşılamıyor	613	25222
frodo	613	25223
farkındasındır	613	25224
etmişlerdi	613	25225
dokunan	613	25226
kuşatma	613	25227
ofisimi	613	25228
kaldıracağım	613	25229
aires	613	25230
scorpius	613	25231
çiftliğine	613	25232
öneriyor	613	25233
öldüyse	613	25234
paylaşıyor	613	25235
dinledik	613	25236
badem	613	25237
dersinden	613	25238
yapılamaz	613	25239
satıcıları	613	25240
çapındaki	613	25241
kese	613	25242
elimiz	613	25243
sorarsın	613	25244
örtü	613	25245
kaçabilir	613	25246
düşünebilirim	613	25247
binlik	613	25248
düşürecek	613	25249
çiftliğinde	613	25250
kullanabileceğimiz	613	25251
kenzi	613	25252
kökeni	613	25253
temkinli	613	25254
dönerek	612	25255
olsen	612	25256
hiçbirisi	612	25257
komünistler	612	25258
gaga	612	25259
halkası	612	25260
olta	612	25261
eşyalarımızı	612	25262
dolanan	612	25263
bonus	612	25264
içiyordu	612	25265
uğraşmayı	612	25266
katılabilirsin	612	25267
hatırası	612	25268
evdeyken	612	25269
prentiss	612	25270
ailelere	612	25271
boyunu	612	25272
yetişkinlerin	612	25273
yakalarsam	612	25274
aklımdaki	612	25275
belirledi	612	25276
pos	612	25277
babasın	612	25278
gitmeleri	612	25279
düşürür	612	25280
egemen	612	25281
gülüşü	612	25282
moriarty	612	25283
görmediğimi	612	25284
kurtulmamız	612	25285
gitmedik	612	25286
gemilerin	612	25287
nedenlerle	612	25288
pekçok	612	25289
dublin	612	25290
sivrisinek	612	25291
gönderebilirim	612	25292
vinny	612	25293
nişancılar	612	25294
dublör	612	25295
içmiyorsun	612	25296
dileklerimi	612	25297
değerlerini	612	25298
inanıyorsunuz	612	25299
kökünü	612	25300
boğazım	611	25301
bizlerin	611	25302
domuzları	611	25303
pilar	611	25304
bambu	611	25305
telepatik	611	25306
sevgilimin	611	25307
nispeten	611	25308
ortasındaki	611	25309
fareleri	611	25310
vermezsin	611	25311
cumaya	611	25312
ikisiyle	611	25313
zevkin	611	25314
gezegenleri	611	25315
saygısız	611	25316
gülüyorum	611	25317
rebekah	611	25318
beceriyor	611	25319
brenner	611	25320
imal	611	25321
sinirini	611	25322
güneyden	611	25323
budapeşte	611	25324
borcunuz	611	25325
dostane	611	25326
yaptığımızda	611	25327
alsınlar	611	25328
iyisindir	611	25329
ulaşacağız	611	25330
alınıp	611	25331
tarihten	611	25332
kutudan	611	25333
yanıldın	611	25334
çağda	611	25335
beyazı	611	25336
lenore	611	25337
aramıştı	611	25338
abinin	610	25339
sharma	610	25340
akılda	610	25341
saldırdın	610	25342
camlar	610	25343
ilginçti	610	25344
guru	610	25345
joanie	610	25346
şaraba	610	25347
sahibiyle	610	25348
yakalamışlar	610	25349
toplanma	610	25350
vern	610	25351
gözyaşlarını	610	25352
ölümsüzlük	610	25353
yaptıklarımız	610	25354
ukalalık	610	25355
telesekreter	610	25356
yazılımı	610	25357
gergedan	610	25358
olanını	610	25359
müfreze	610	25360
uğrayacağım	610	25361
bekliyormuş	610	25362
güzelliğe	610	25363
hazırladığım	610	25364
açtığım	609	25365
bradford	609	25366
anlaşmaları	609	25367
temizliyorum	609	25368
anlatmalıyım	609	25369
hare	609	25370
coşkulu	609	25371
birliğinin	609	25372
davina	609	25373
parktaki	609	25374
şeylerim	609	25375
sosyopat	609	25376
dışkı	609	25377
atsın	609	25378
şehirli	609	25379
olmuştun	609	25380
avluda	609	25381
atlas	609	25382
açılmasını	609	25383
tehlikeden	609	25384
beyefendiler	609	25385
kotu	609	25386
serbestçe	609	25387
abdullah	609	25388
gözünüz	609	25389
ulaşma	609	25390
çözmem	609	25391
görmüştük	609	25392
masraf	609	25393
yapıştı	609	25394
keşfi	609	25395
cromwell	609	25396
uçur	609	25397
dinledi	609	25398
tarayıcı	609	25399
salam	608	25400
gerçekleşmeyecek	608	25401
vasat	608	25402
tutacağını	608	25403
hemingway	608	25404
oğlundan	608	25405
programdan	608	25406
arayışı	608	25407
ortaçağ	608	25408
tükenmez	608	25409
beklemeyeceğim	608	25410
karısıyım	608	25411
alemi	608	25412
icabı	608	25413
çıkmayın	608	25414
ihtiyatlı	608	25415
ringo	608	25416
özlüyorsun	608	25417
terrance	608	25418
aryan	608	25419
etmemeye	608	25420
kalemle	608	25421
çizmiş	608	25422
bakabilirsiniz	608	25423
kongo	608	25424
evlerde	608	25425
çözme	607	25426
meyvesi	607	25427
temizlenmiş	607	25428
tılsım	607	25429
senelerdir	607	25430
damak	607	25431
hoşlanmaya	607	25432
fabrikanın	607	25433
hisselerini	607	25434
tehditleri	607	25435
kullanmasına	607	25436
meteliksiz	607	25437
faturalarını	607	25438
bıçaklar	607	25439
mayonez	607	25440
görseydi	607	25441
medyanın	607	25442
dövmeyi	607	25443
kullanmaz	607	25444
çiçekçi	607	25445
kredisi	607	25446
karnından	607	25447
patlattı	607	25448
bertha	607	25449
gariptir	607	25450
eczaneye	606	25451
köyüne	606	25452
tutabilirsin	606	25453
bırakamaz	606	25454
oynaması	606	25455
edebilen	606	25456
odamın	606	25457
çaktım	606	25458
bojack	606	25459
menzil	606	25460
griff	606	25461
parçaladı	606	25462
sheriff	606	25463
kolaylaştırır	606	25464
kayaya	606	25465
yokluğunda	606	25466
bulabilirsem	606	25467
yakalayabiliriz	606	25468
kırığı	606	25469
kızgındı	606	25470
onarım	606	25471
bando	606	25472
oyala	606	25473
olmus	606	25474
çatışmada	606	25475
bug	606	25476
ömrümün	606	25477
yardımcısının	606	25478
müdürle	606	25479
kambur	606	25480
imiş	606	25481
franky	606	25482
köprücük	606	25483
kulübesinde	606	25484
bıyığı	606	25485
toplantılara	606	25486
ittir	606	25487
koyul	605	25488
taşınmayı	605	25489
kocamdan	605	25490
mezarda	605	25491
biraya	605	25492
bulunmadım	605	25493
rover	605	25494
kaldırabilirim	605	25495
seçmeleri	605	25496
öksüz	605	25497
toplantılar	605	25498
saklıyordum	605	25499
yeterdi	605	25500
rabbim	605	25501
gelecekmiş	605	25502
kasası	605	25503
ölmedin	605	25504
binsin	605	25505
güçlerimizi	605	25506
tuşa	605	25507
ilişkimi	605	25508
kameralarını	605	25509
vereceklerini	604	25510
kapılma	604	25511
lens	604	25512
brothers	604	25513
hizmetinizdeyim	604	25514
anubis	604	25515
affetmem	604	25516
kurutma	604	25517
dimdik	604	25518
hearst	604	25519
diyordunuz	604	25520
sensör	604	25521
ucundaki	604	25522
delgado	604	25523
ının	604	25524
almışsınız	604	25525
eğri	604	25526
cami	604	25527
şiirler	604	25528
kullanamam	604	25529
ölmekte	604	25530
dönüşebilir	604	25531
ettirecek	604	25532
okumamı	604	25533
işlemeye	604	25534
kahvaltını	604	25535
kristali	604	25536
komşuların	604	25537
gebert	604	25538
ilkbahar	604	25539
edecektin	603	25540
duyarlar	603	25541
çılgınlığı	603	25542
gelebildin	603	25543
beslenen	603	25544
yaşlandım	603	25545
goku	603	25546
yuttum	603	25547
uğrattı	603	25548
buradaydın	603	25549
takıldığı	603	25550
çamaşırını	603	25551
yaşım	603	25552
kamptan	603	25553
incitecek	603	25554
ölecekti	603	25555
yapmaması	603	25556
bullak	603	25557
ilerledi	603	25558
hatırlatacak	603	25559
öldürülmüştü	603	25560
küçüğü	603	25561
kaplanmış	603	25562
brandt	603	25563
bilinçsiz	603	25564
önemliyse	603	25565
menzilli	603	25566
cadıyı	603	25567
hissettiren	603	25568
patronumun	603	25569
görünmeden	603	25570
kıracaksın	603	25571
geçirdiğimi	603	25572
kaderinde	603	25573
yerleşti	603	25574
çıkmanız	603	25575
bad	603	25576
patlamalar	603	25577
generali	603	25578
doğmak	603	25579
jüriyi	603	25580
halkımın	603	25581
penisin	603	25582
hediyeydi	603	25583
küçüklüğümden	603	25584
uyuşturucuları	603	25585
limiti	602	25586
kafeinsiz	602	25587
bırakmamız	602	25588
chanel	602	25589
kumsala	602	25590
paylaşıyorum	602	25591
moses	602	25592
vida	602	25593
bes	602	25594
arkadaşımızı	602	25595
kıyafetle	602	25596
bucky	602	25597
kırın	602	25598
gürültüyü	602	25599
karıştırıp	602	25600
bilal	602	25601
sızıp	602	25602
sofistike	602	25603
koymadım	602	25604
oluncaya	602	25605
gönderilecek	602	25606
bitiririz	602	25607
kahvesi	602	25608
abartı	602	25609
yalancının	602	25610
gecikmiş	601	25611
parçaların	601	25612
keating	601	25613
çalışmakla	601	25614
yazarın	601	25615
çağırmalıyız	601	25616
kaybederse	601	25617
yerindeydi	601	25618
farklıyım	601	25619
vermeliydim	601	25620
anlayacaksınız	601	25621
kolundaki	601	25622
lyon	601	25623
çıkarırız	601	25624
suistimal	601	25625
demeyeceğim	601	25626
ayıcık	601	25627
sınavım	601	25628
düzenlenmiş	601	25629
kurdele	601	25630
şifa	601	25631
malzemeyi	601	25632
oltaya	601	25633
aracına	601	25634
düşünürse	601	25635
gözaltı	601	25636
parıldayan	601	25637
tükür	601	25638
koruyabilirim	601	25639
carlson	601	25640
ramona	601	25641
dk	601	25642
generalin	601	25643
payın	601	25644
gözlemci	601	25645
aradıkları	601	25646
dizlerimin	600	25647
sevdiğine	600	25648
sırtın	600	25649
dinlemiyorum	600	25650
sargı	600	25651
yırtılmış	600	25652
isteğiniz	600	25653
fin	600	25654
hediyelik	600	25655
tasarımcı	600	25656
mill	600	25657
georges	600	25658
göstermemi	600	25659
beklemesi	600	25660
nelly	600	25661
yapıştırıcı	600	25662
iltihabı	600	25663
nezle	600	25664
çekeceğini	600	25665
hattan	600	25666
olanından	600	25667
akira	600	25668
scooter	600	25669
yankı	600	25670
yaşıyorsa	600	25671
bastırmak	600	25672
ineceğiz	600	25673
geliştirdi	600	25674
taşıyacağım	600	25675
bakımda	600	25676
sabırla	600	25677
edebileceğimiz	600	25678
yükseltme	600	25679
üyesiyim	600	25680
açıkladım	600	25681
varlığım	600	25682
suçlusun	600	25683
yemeklerin	599	25684
terri	599	25685
gitmenize	599	25686
nasıisın	599	25687
musluk	599	25688
konuşabileceğimiz	599	25689
astı	599	25690
gezegenimizin	599	25691
death	599	25692
hilda	599	25693
tahtı	599	25694
pantolonum	599	25695
godzilla	599	25696
derdini	599	25697
ölmeme	599	25698
önemlisin	599	25699
canlıların	599	25700
kazmak	599	25701
ipe	599	25702
sapıkça	599	25703
çekilmesi	599	25704
göğüslerim	599	25705
manikür	599	25706
başlayacaklar	599	25707
linden	599	25708
imkansızdır	599	25709
bulunuyordu	599	25710
boynuz	599	25711
kollarımı	598	25712
konvoy	598	25713
morgana	598	25714
kaldıramaz	598	25715
alınmak	598	25716
merdivenlere	598	25717
haşin	598	25718
reuben	598	25719
dövüyor	598	25720
listesinden	598	25721
enerjini	598	25722
arısı	598	25723
sevmekten	598	25724
gelemeyeceğini	598	25725
bakardım	598	25726
yaramadığını	598	25727
büyütecek	598	25728
gittiğiniz	598	25729
vi	598	25730
doğudan	598	25731
shaggy	598	25732
eğitimine	598	25733
vadide	598	25734
takıldığını	598	25735
niyeymiş	598	25736
satmam	598	25737
edilmesine	598	25738
almadınız	598	25739
güçten	597	25740
yaşlandıkça	597	25741
ankara	597	25742
suna	597	25743
sunuz	597	25744
hissedebilirsin	597	25745
duyuyordu	597	25746
nellie	597	25747
evlenen	597	25748
yapamıyoruz	597	25749
zehiri	597	25750
bahsediyordun	597	25751
sundum	597	25752
omuza	597	25753
görmeli	597	25754
inanmakta	597	25755
vaay	597	25756
vampire	597	25757
kelebekler	597	25758
rutledge	597	25759
teyzemin	597	25760
sinatra	597	25761
bilmezler	597	25762
araçla	597	25763
cnn	597	25764
toparlanın	597	25765
game	597	25766
şakaları	597	25767
toparlan	597	25768
muriel	597	25769
uğradığın	597	25770
gücümle	597	25771
vanilyalı	597	25772
uçurum	596	25773
kuralını	596	25774
uyuşturucunun	596	25775
kalori	596	25776
kitaplarda	596	25777
athena	596	25778
sesiniz	596	25779
içindeydim	596	25780
çıkacağımı	596	25781
sevmezsin	596	25782
kanda	596	25783
dağınıklık	596	25784
sanmıştık	596	25785
hayatımla	596	25786
geçeni	596	25787
kanyon	596	25788
lowell	596	25789
göstermeliyim	596	25790
korumalıyız	596	25791
zamanına	596	25792
dileyecek	596	25793
bayanların	596	25794
atmamı	596	25795
yayınlandı	596	25796
vardir	596	25797
tutmasını	596	25798
şansölye	596	25799
tutuklayacak	596	25800
hostes	596	25801
depolama	596	25802
öğretim	596	25803
saçmalıklara	595	25804
gözümüzün	595	25805
olanla	595	25806
büyüsünü	595	25807
cezamı	595	25808
çıkacaksınız	595	25809
belirsizlik	595	25810
hersey	595	25811
gelinim	595	25812
motivasyon	595	25813
saniyeniz	595	25814
yaptim	595	25815
bahsetmiyorsun	595	25816
vicdanın	595	25817
motora	595	25818
idman	595	25819
kuşum	595	25820
emmet	595	25821
baktığınızda	595	25822
çağırmış	595	25823
borcumuz	595	25824
yıkıyor	595	25825
ayrılamam	595	25826
vermelerini	595	25827
nba	595	25828
karartıcı	595	25829
otelinde	595	25830
değişmiyor	595	25831
giriyorsunuz	595	25832
uyumadın	595	25833
besleniyor	595	25834
kastediyor	595	25835
alabildin	595	25836
yaklaşırsan	595	25837
kullanırsan	595	25838
umarak	595	25839
oynardım	594	25840
yükleyin	594	25841
şurdaki	594	25842
break	594	25843
babacığın	594	25844
asılsız	594	25845
aşıktı	594	25846
düşünmüyorsunuz	594	25847
göreceğini	594	25848
trilyon	594	25849
anlaşmadan	594	25850
medusa	594	25851
kağıdını	594	25852
antreman	594	25853
paltonu	594	25854
işığa	594	25855
wonder	594	25856
görüştü	594	25857
birgitte	594	25858
tapınakta	594	25859
tesise	594	25860
şınav	594	25861
yakalanmadan	594	25862
ısınıyor	594	25863
fraser	594	25864
edemedin	594	25865
rulo	594	25866
hoşgörülü	594	25867
akşamüstü	594	25868
yatay	594	25869
beynime	594	25870
biçilmez	594	25871
öğrendiğimiz	594	25872
vurabilir	594	25873
denemedim	594	25874
kullanırdım	593	25875
luisa	593	25876
lima	593	25877
değişikliğe	593	25878
atlamaya	593	25879
hiroshi	593	25880
üstteki	593	25881
besleme	593	25882
saldırıyorlar	593	25883
derecesi	593	25884
söylentiye	593	25885
donanımlı	593	25886
uyuşmuyor	593	25887
uyuyamam	593	25888
emekliye	593	25889
hoşlanmadı	593	25890
seninkileri	593	25891
camilla	593	25892
etmektedir	593	25893
davrandılar	593	25894
orange	593	25895
atletik	593	25896
çaresizlik	593	25897
lip	593	25898
söylediklerimin	593	25899
danışmanım	593	25900
kafamızı	593	25901
salyangoz	593	25902
hastanelik	593	25903
tüylerimi	593	25904
dinleyebilir	593	25905
çeteler	593	25906
alsa	592	25907
square	592	25908
rüyanın	592	25909
boncuk	592	25910
anlamakta	592	25911
şişlik	592	25912
hemşireye	592	25913
oturacaksın	592	25914
utandırıcı	592	25915
hailey	592	25916
süperdi	592	25917
açabilirim	592	25918
manson	592	25919
modeller	592	25920
jimbo	592	25921
şeffaf	592	25922
kökleri	592	25923
seviyordun	592	25924
bluebell	592	25925
hattın	592	25926
yapamazdı	592	25927
çocuktun	592	25928
ağlamıyorum	592	25929
yapmamıştı	592	25930
haçı	592	25931
ayrılıyorsun	592	25932
kaçmıyor	592	25933
iyileşmesi	592	25934
arkayı	592	25935
payne	592	25936
kasette	592	25937
dasın	592	25938
catalina	592	25939
objektif	592	25940
hemşirelik	592	25941
bileklerini	592	25942
yediler	591	25943
çıkaramadım	591	25944
elindekini	591	25945
tanışacaksın	591	25946
takmıyorum	591	25947
umuyorduk	591	25948
richardson	591	25949
attan	591	25950
hewes	591	25951
ırkçılık	591	25952
eureka	591	25953
yakalıyor	591	25954
sevişmeye	591	25955
cemal	591	25956
geldiğinin	591	25957
müşterilerle	591	25958
öldürmeyecek	591	25959
halinle	591	25960
bourne	591	25961
demelisin	591	25962
konuşacağını	591	25963
öldürürse	591	25964
bulduğuna	591	25965
konuşsan	591	25966
tema	591	25967
planladı	591	25968
kanaman	591	25969
kingsley	591	25970
yasaklıyorum	591	25971
kusmak	591	25972
vals	591	25973
yapabilecekleri	591	25974
vuramazsın	591	25975
tabiri	591	25976
polisiz	591	25977
tas	591	25978
sevgim	590	25979
anlatıyordum	590	25980
gelişigüzel	590	25981
yörüngeye	590	25982
ufaklığı	590	25983
cosmo	590	25984
filmlerin	590	25985
havalara	590	25986
heck	590	25987
saldırır	590	25988
çarpması	590	25989
uçuyoruz	590	25990
yürümedi	590	25991
kovanı	590	25992
hepinizle	590	25993
zihnimi	590	25994
edebi	590	25995
basarım	590	25996
casper	590	25997
söylemedik	590	25998
look	590	25999
yaparlarsa	590	26000
kurtaracağını	590	26001
yegâne	590	26002
geçiriyorlar	590	26003
kaçırdığı	590	26004
burnunda	590	26005
bulduğunuzu	590	26006
davranırsan	590	26007
odalarında	590	26008
dönüştüğünü	590	26009
girmemiş	590	26010
dickens	590	26011
gösterdiğiniz	590	26012
görünüşte	590	26013
köpüklü	590	26014
kızımdan	590	26015
demode	590	26016
evliydim	590	26017
istemiyormuş	590	26018
konuşurdu	589	26019
büyüklüğüne	589	26020
acıktın	589	26021
sevgilinle	589	26022
oğlusun	589	26023
olabileceğimizi	589	26024
grubum	589	26025
ehliyetini	589	26026
biyopsi	589	26027
başarının	589	26028
ezmek	589	26029
babayım	589	26030
trixie	589	26031
ineği	589	26032
evlenmesi	589	26033
gösterilen	589	26034
dünyamızı	589	26035
barclay	589	26036
işittim	589	26037
mak	589	26038
kalibrelik	589	26039
ihtiyacını	589	26040
çevik	589	26041
tabakası	589	26042
kıt	589	26043
neyiz	589	26044
tarlası	589	26045
eşleşiyor	589	26046
columbus	589	26047
hoşlanırsın	589	26048
unuttuğun	589	26049
indirmeye	589	26050
taşınıyoruz	589	26051
ilgilendiği	588	26052
kızısın	588	26053
jericho	588	26054
aptallaşma	588	26055
avukatının	588	26056
gidermek	588	26057
hazırladığı	588	26058
bankacı	588	26059
laptop	588	26060
çalışmadan	588	26061
yazdıklarını	588	26062
söylersek	588	26063
bağlantılarını	588	26064
ayrımcılık	588	26065
sindirim	588	26066
inmeye	588	26067
yediğimiz	588	26068
süpermiş	588	26069
yırtıp	588	26070
sağdıç	588	26071
düzeltiyorum	588	26072
soul	588	26073
yapılacaklar	588	26074
zorlayıcı	588	26075
karavanı	588	26076
takvim	588	26077
karşıt	588	26078
cezaya	588	26079
lobos	588	26080
four	588	26081
eğlendirmek	588	26082
geçmişinden	588	26083
geçide	588	26084
istediklerimi	588	26085
üzülmüş	588	26086
korkmadım	587	26087
tuvaletten	587	26088
toplantısını	587	26089
paramla	587	26090
patlayıcıları	587	26091
günlerimi	587	26092
hissedersen	587	26093
hana	587	26094
bölümden	587	26095
davidson	587	26096
görmene	587	26097
taşını	587	26098
dağıtıcı	587	26099
loomis	587	26100
gücümün	587	26101
gördüklerim	587	26102
dendi	587	26103
sallayıp	587	26104
almamın	587	26105
always	587	26106
dixie	587	26107
konuşurlar	587	26108
afgan	587	26109
testin	587	26110
kavun	587	26111
deneyimim	587	26112
damarlarında	587	26113
doğduğunu	587	26114
gitmeyeceğini	587	26115
finlandiya	586	26116
girmeyin	586	26117
usulca	586	26118
rönesans	586	26119
çekmesine	586	26120
avlanmaya	586	26121
vurmayın	586	26122
ilgilendiğin	586	26123
şarkımı	586	26124
evsizler	586	26125
yıldızfilosu	586	26126
caddeden	586	26127
bereket	586	26128
şefe	586	26129
beceri	586	26130
önerisi	586	26131
atmayacağım	586	26132
beyefendiye	586	26133
yaralandım	586	26134
üstsüz	586	26135
evlendiğim	586	26136
inat	586	26137
anlardın	586	26138
bitkilerin	586	26139
ertelendi	586	26140
ağırlığında	586	26141
maaşımı	586	26142
anlamadığın	586	26143
burrows	586	26144
layla	586	26145
durdurabilecek	586	26146
uyuyacaksın	586	26147
bulmuyor	586	26148
rastlanan	586	26149
kartınız	586	26150
dökülmüş	586	26151
bulamazsan	586	26152
ihtiyacim	585	26153
öldürülecek	585	26154
ekipmanları	585	26155
çekersen	585	26156
veer	585	26157
suçlaması	585	26158
delenn	585	26159
vahşet	585	26160
aldatmak	585	26161
derinlik	585	26162
lexie	585	26163
özelsin	585	26164
marlon	585	26165
ebeveynlerin	585	26166
penn	585	26167
uyandırıyor	585	26168
koparıp	585	26169
gelmemizi	585	26170
beklendiği	585	26171
berta	585	26172
ball	585	26173
açılıp	585	26174
ulaşabiliriz	585	26175
zemine	585	26176
gibbons	585	26177
manastır	585	26178
çıkarmamı	585	26179
bitiren	585	26180
kayalık	585	26181
huang	585	26182
kıyafetim	584	26183
büroda	584	26184
çocuklarınızı	584	26185
yenilgi	584	26186
öldüremez	584	26187
sabırsızlanıyor	584	26188
tetik	584	26189
öneride	584	26190
doğruya	584	26191
hasara	584	26192
numaranız	584	26193
yazmamı	584	26194
taşındığını	584	26195
yiyordum	584	26196
yağıyordu	584	26197
muhterem	584	26198
çalışıyordunuz	584	26199
uğraşıp	584	26200
yüzleşmeye	584	26201
toprakta	584	26202
elisabeth	584	26203
kayıtta	584	26204
kirlenmiş	584	26205
sorsam	584	26206
korunmasız	584	26207
harcamaya	584	26208
hikayede	584	26209
sanmıştın	584	26210
çiziyor	584	26211
başımızdan	584	26212
anlamıştı	584	26213
hassasiyet	584	26214
arşiv	584	26215
karla	584	26216
partneri	584	26217
busun	583	26218
uzunluğu	583	26219
aygıtı	583	26220
mermer	583	26221
matilda	583	26222
ileteceğim	583	26223
kesiyorsun	583	26224
santana	583	26225
suratının	583	26226
fırtınalı	583	26227
tuşuna	583	26228
avukatıyım	583	26229
bulaştırdın	583	26230
tedavinin	583	26231
teknolojiye	583	26232
bebeğime	583	26233
yanıyordu	583	26234
seksüel	583	26235
mateo	583	26236
hazırlanmam	583	26237
johan	583	26238
suratında	583	26239
bulduktan	583	26240
yörüngede	583	26241
sorumluluğunda	583	26242
durdurabiliriz	583	26243
emirlerimi	583	26244
haskell	583	26245
bev	583	26246
taşırken	583	26247
okulunun	583	26248
ruhumun	583	26249
dergileri	583	26250
gömleğimi	583	26251
ilgileneyim	583	26252
olmayacaksınız	582	26253
kanıtlayabilir	582	26254
sıcaklığını	582	26255
istenen	582	26256
basan	582	26257
sihri	582	26258
bilgilendirme	582	26259
hedefim	582	26260
ganimet	582	26261
chili	582	26262
kaçırır	582	26263
dediğinin	582	26264
ark	582	26265
temizlemem	582	26266
darby	582	26267
donarak	582	26268
kuruşu	582	26269
manzaraya	582	26270
minyatür	582	26271
profilini	582	26272
vermiştiniz	582	26273
suikastçi	582	26274
tüylerim	582	26275
gibilere	582	26276
halihazırda	582	26277
jace	582	26278
sokacaksın	582	26279
ettikçe	582	26280
mcbride	582	26281
kano	582	26282
içlerine	582	26283
iştahım	582	26284
savaşına	581	26285
planlıyoruz	581	26286
kalbindeki	581	26287
hesabından	581	26288
kalacaktı	581	26289
sürdürüyor	581	26290
hatırlamam	581	26291
söndürün	581	26292
kelimelere	581	26293
gigi	581	26294
yeridir	581	26295
göğüslü	581	26296
endişelendiğini	581	26297
etseydim	581	26298
kızılötesi	581	26299
şaşırttın	581	26300
çevireceğim	581	26301
umursuyor	581	26302
atmıyor	581	26303
gösterdik	581	26304
ertelemek	581	26305
yaprağı	581	26306
japonların	581	26307
sıkıldın	581	26308
vanilya	581	26309
gözetliyor	581	26310
clifford	581	26311
yazabilirsin	581	26312
savunmayı	581	26313
bilirsen	581	26314
görmeliyiz	581	26315
kültürlü	580	26316
görünsün	580	26317
bilgisayarları	580	26318
durursan	580	26319
gelecekleri	580	26320
alçaklar	580	26321
simit	580	26322
yaşanmamış	580	26323
hedefini	580	26324
ediyorsundur	580	26325
çığır	580	26326
prescott	580	26327
yeteneğe	580	26328
deşik	580	26329
lotus	580	26330
cildi	580	26331
umursamıyorsun	580	26332
etmeyeyim	580	26333
gitmezsem	580	26334
hâlini	580	26335
etmemişim	580	26336
uzanır	580	26337
grafik	580	26338
ping	580	26339
dikti	580	26340
istememin	580	26341
başlattım	580	26342
basitti	580	26343
şekliyle	580	26344
saplantılı	580	26345
ülkelerde	580	26346
çağında	579	26347
kaldırım	579	26348
sebzeler	579	26349
olacağımız	579	26350
starbucks	579	26351
hissettiğinde	579	26352
bilindik	579	26353
acıktı	579	26354
kazancı	579	26355
atmaz	579	26356
izzie	579	26357
imzasını	579	26358
trans	579	26359
anladığıma	579	26360
benimkisi	579	26361
hazırlanan	579	26362
biterse	579	26363
endişeye	579	26364
miktarını	579	26365
zamanlara	579	26366
wolverine	579	26367
düşünülüyor	579	26368
holding	579	26369
tartışmayacağım	579	26370
tanıtayım	579	26371
göstermenin	579	26372
iksiri	579	26373
belirten	579	26374
hayaletlere	579	26375
tabaka	579	26376
kuzeninin	579	26377
addy	579	26378
parmağına	579	26379
planladığı	579	26380
istemişsin	579	26381
gertrude	579	26382
güvenimi	579	26383
dilimizi	579	26384
ederlerdi	579	26385
anlattıklarını	579	26386
ziyaretime	579	26387
sürmüştü	579	26388
kısacık	579	26389
suçlardan	579	26390
erteleme	579	26391
göndeririz	579	26392
bodrumunda	579	26393
duvarında	579	26394
yıpranmış	579	26395
önleyici	579	26396
girdiğimizde	579	26397
gezerken	578	26398
macy	578	26399
çıkarmalıyım	578	26400
avukatımla	578	26401
sınıfının	578	26402
sanada	578	26403
filmdi	578	26404
onbir	578	26405
bartowski	578	26406
şuracıkta	578	26407
mahvedeceksin	578	26408
court	578	26409
everest	578	26410
saçmalıktan	578	26411
vermediği	578	26412
nesneleri	578	26413
bileğimi	578	26414
büyümesi	578	26415
kenti	578	26416
yüzücü	578	26417
tespiti	578	26418
uyanığım	578	26419
bakanlık	578	26420
lightman	578	26421
ekiple	578	26422
gareth	578	26423
tabir	578	26424
yarıştan	578	26425
kırılacak	578	26426
yurdu	578	26427
açarsan	578	26428
deliğini	578	26429
sunmaya	578	26430
ülkeleri	578	26431
açik	578	26432
petersburg	578	26433
çıkaracağını	578	26434
hikayemiz	578	26435
kiralamış	577	26436
yiyorsunuz	577	26437
çıkıverdi	577	26438
hogan	577	26439
pietro	577	26440
salonunun	577	26441
dalgıç	577	26442
bozacak	577	26443
topraklarını	577	26444
hatırlamıyorsam	577	26445
önceliği	577	26446
bağımlılığı	577	26447
sektörde	577	26448
yetmezmiş	577	26449
düşebilir	577	26450
memuruyum	577	26451
kızıyorsun	577	26452
goodwin	577	26453
panzehiri	577	26454
moduna	577	26455
doğasında	577	26456
ağda	577	26457
bakılacak	577	26458
modifiye	577	26459
paylaşırız	577	26460
fahişeyle	577	26461
açmadım	577	26462
mutluyduk	577	26463
yazarak	577	26464
ernesto	577	26465
bulmadım	577	26466
dileyin	577	26467
yorumlar	577	26468
ripley	576	26469
neptün	576	26470
topluluğun	576	26471
gıpta	576	26472
aramanız	576	26473
izlemedim	576	26474
kaybedebilirim	576	26475
kessler	576	26476
sıfıra	576	26477
asıldı	576	26478
incele	576	26479
dosyaların	576	26480
görüşlerini	576	26481
dolarını	576	26482
mahkemeyi	576	26483
bellamy	576	26484
bean	576	26485
beyi	576	26486
koşuyorsun	576	26487
bariyer	576	26488
saçmalıklarını	576	26489
birazda	576	26490
bulduğuma	576	26491
baloda	576	26492
greendale	576	26493
müşterilerimiz	576	26494
basacağım	576	26495
kovulmuş	576	26496
başlamalıyım	576	26497
millik	576	26498
ilaçlarımı	576	26499
buraların	575	26500
oradaysa	575	26501
açmıyorsun	575	26502
oyunum	575	26503
duramayız	575	26504
ödevim	575	26505
mildred	575	26506
bebeğine	575	26507
vicdanım	575	26508
iletmek	575	26509
geçinmek	575	26510
çekmekten	575	26511
doğana	575	26512
lokantaya	575	26513
şartım	575	26514
bedeninde	575	26515
tanıştıracağım	575	26516
reddeden	575	26517
hastayla	575	26518
çalıştığından	575	26519
açmaz	575	26520
kazanıyoruz	575	26521
etmemesi	575	26522
zemini	575	26523
enişte	575	26524
attığında	575	26525
memorial	575	26526
duyurmak	575	26527
kötülerini	575	26528
çanak	575	26529
car	575	26530
askerlerinin	575	26531
merhem	575	26532
dönmezsem	575	26533
sapasağlam	575	26534
önyargılı	575	26535
yattığın	575	26536
ruhsuz	575	26537
sevmişti	575	26538
alınmıştı	575	26539
steele	575	26540
sorduk	575	26541
sarın	575	26542
dokusu	575	26543
velma	575	26544
seansı	574	26545
boyanmış	574	26546
kandırıyor	574	26547
müvekkil	574	26548
uyuyabilir	574	26549
yazmışlar	574	26550
aranıza	574	26551
stratejisi	574	26552
takacak	574	26553
inanmadığını	574	26554
sıkıntılar	574	26555
dönersem	574	26556
yeryüzünün	574	26557
söylediyse	574	26558
uyarıcı	574	26559
ekselans	574	26560
müvekkilimi	574	26561
tekmele	574	26562
savunmanın	574	26563
söylüyorlardı	574	26564
çalışmana	574	26565
rüyalarında	574	26566
vakayı	574	26567
tanığım	574	26568
dot	574	26569
sağladık	574	26570
dikip	574	26571
evliliğimi	574	26572
yerleştirmiş	574	26573
çeksin	574	26574
dakka	574	26575
tezgahın	574	26576
dostunu	574	26577
akıcı	574	26578
üzen	574	26579
tatilinde	574	26580
zırva	574	26581
uyanacak	574	26582
emrin	574	26583
tepeler	574	26584
ridge	574	26585
verdiğinizi	574	26586
deponun	574	26587
cik	573	26588
crowe	573	26589
engelleri	573	26590
zekası	573	26591
why	573	26592
satışları	573	26593
müşterek	573	26594
ellerime	573	26595
alanındaki	573	26596
kaybına	573	26597
şekerler	573	26598
turkish	573	26599
hiçim	573	26600
rivera	573	26601
yunanca	573	26602
gabi	573	26603
sokağında	573	26604
turda	573	26605
hareketlerin	573	26606
dank	573	26607
riskler	573	26608
zamanıydı	573	26609
vazgeçtin	573	26610
inanmazdım	573	26611
yasemin	573	26612
toksik	573	26613
teşrif	573	26614
istemiyordun	573	26615
unuttuğumu	573	26616
kupayı	573	26617
bağlıyım	572	26618
güveneyim	572	26619
zamanlaman	572	26620
gelmesinin	572	26621
ekibiyle	572	26622
saniyeden	572	26623
bekliyorlardı	572	26624
joxer	572	26625
kapsülü	572	26626
tanımış	572	26627
saygılarımı	572	26628
boynun	572	26629
yeşim	572	26630
tasarladım	572	26631
duyabilirsin	572	26632
atmanı	572	26633
kurtadam	572	26634
gülücük	572	26635
tembellik	572	26636
takılalım	572	26637
ağabeyini	572	26638
gao	572	26639
mutasyon	572	26640
ankesörlü	572	26641
edebileceğinden	572	26642
tulumu	572	26643
mouth	572	26644
rafe	572	26645
liverpool	572	26646
luigi	572	26647
şiddetin	572	26648
oturuyorlar	571	26649
göremeyeceğimi	571	26650
kamerayla	571	26651
kemiğini	571	26652
bulabildim	571	26653
teşekkürlerimi	571	26654
yerleştirildi	571	26655
engeli	571	26656
yukari	571	26657
tanıyamıyorum	571	26658
ihtimalleri	571	26659
nasılım	571	26660
çıkışında	571	26661
adim	571	26662
boynumu	571	26663
kullanayım	571	26664
kazandırıyor	571	26665
kutusundan	571	26666
bajor	571	26667
denetleme	571	26668
alamayacağım	571	26669
karakterleri	571	26670
fili	571	26671
bandaj	571	26672
geçirmemiz	571	26673
yağsız	571	26674
drive	571	26675
birinizi	571	26676
trafikte	571	26677
yürürüm	571	26678
anaokulu	571	26679
pencerede	571	26680
masraflar	571	26681
yıkar	571	26682
rızası	571	26683
mecburuz	571	26684
hayrete	570	26685
suçlarını	570	26686
derinlemesine	570	26687
göstermişti	570	26688
arkadaşlığımız	570	26689
istedigim	570	26690
değindin	570	26691
ülkemi	570	26692
omurga	570	26693
yaraladı	570	26694
ayırır	570	26695
belirlenmiş	570	26696
izlemem	570	26697
bulundular	570	26698
patent	570	26699
jeffries	570	26700
gelmeyeceksin	570	26701
lancelot	570	26702
michelangelo	570	26703
anladığı	570	26704
toplamam	570	26705
iznine	570	26706
bahsetmemiştin	570	26707
kaçmıştı	570	26708
filmlerinde	570	26709
yeneceğim	570	26710
takıntısı	570	26711
bağışlar	570	26712
çıkmışlar	570	26713
erkeklik	570	26714
vulcan	570	26715
içkisi	570	26716
çevresini	570	26717
fırtınaya	570	26718
anlayacaklar	570	26719
yapmamaya	570	26720
söylemediği	570	26721
şununla	570	26722
haklıysam	570	26723
gittiyse	570	26724
çalışmıyordu	570	26725
bertaraf	570	26726
okulları	570	26727
rosalie	570	26728
kaydedilmiş	570	26729
konuldu	569	26730
uyumuyor	569	26731
göğüslerine	569	26732
milimetre	569	26733
arzum	569	26734
sormamı	569	26735
yargılamıyorum	569	26736
korkardım	569	26737
ettiklerinde	569	26738
pudra	569	26739
oynamıyoruz	569	26740
sürecini	569	26741
altınları	569	26742
dozdan	569	26743
rüzgarda	569	26744
düşüneceğini	569	26745
karavana	569	26746
almazlar	569	26747
saklarım	569	26748
tenezzül	569	26749
cayır	569	26750
konoha	569	26751
şaşırmam	569	26752
şüphelisi	569	26753
warrick	569	26754
bilmediğiniz	568	26755
hıza	568	26756
vijay	568	26757
pazarları	568	26758
mantarı	568	26759
merminin	568	26760
nichols	568	26761
gülümsemesi	568	26762
devirmek	568	26763
acılarını	568	26764
best	568	26765
bitik	568	26766
yönlendiriyor	568	26767
akıntıya	568	26768
abuk	568	26769
helikopterle	568	26770
tanımayan	568	26771
kartıyla	568	26772
beklenmeyen	568	26773
affettim	568	26774
esen	568	26775
parçacıkları	568	26776
pahalıdır	568	26777
krista	568	26778
çıkartacağız	568	26779
sağlarız	568	26780
başlamaz	568	26781
yalnızdı	568	26782
uzaktasın	568	26783
sormayacak	568	26784
pınar	568	26785
mis	568	26786
içmiştim	568	26787
düşündüğünde	568	26788
öldürebilirdim	568	26789
hizmetçiler	568	26790
gerçekleştiğini	568	26791
uluslar	568	26792
üstünüze	568	26793
satılmış	568	26794
verdiğinden	568	26795
taslama	568	26796
yapılı	568	26797
evinizin	568	26798
tapınağın	568	26799
şaşırtıyor	568	26800
olamıyorsun	568	26801
imdi	568	26802
gözlükler	567	26803
küpü	567	26804
soyut	567	26805
yasaya	567	26806
özeldir	567	26807
kwon	567	26808
atmaktan	567	26809
koşucu	567	26810
ağırmış	567	26811
sahiplerinin	567	26812
doğma	567	26813
chavez	567	26814
kapmak	567	26815
mezarın	567	26816
pazartesiye	567	26817
sabıkalı	567	26818
kayan	567	26819
bae	567	26820
yabancıyla	567	26821
sayfalar	567	26822
did	567	26823
dayandı	567	26824
çalışmayacağım	567	26825
jfk	567	26826
ermiştir	567	26827
memurunu	567	26828
oranları	567	26829
değiştireceğini	567	26830
çalışmanız	567	26831
fizikçi	567	26832
ülkemize	567	26833
soydu	566	26834
kanıtlayan	566	26835
zihnim	566	26836
görmelerini	566	26837
karamsar	566	26838
kalktığında	566	26839
geçmenin	566	26840
buzda	566	26841
asher	566	26842
eşekherif	566	26843
kutlayacağız	566	26844
bolton	566	26845
meseleye	566	26846
söylemiyorlar	566	26847
takibi	566	26848
hizmetli	566	26849
kardeşliği	566	26850
gideni	566	26851
moody	566	26852
met	566	26853
farkındaydı	566	26854
damgası	566	26855
listemde	566	26856
vurduğun	566	26857
istemenin	566	26858
yıktı	566	26859
rengine	566	26860
sönük	566	26861
ete	566	26862
kesintisi	566	26863
sonundan	566	26864
yapmamın	566	26865
affedilemez	566	26866
başkanını	566	26867
gelmemeliydin	566	26868
dinleyici	566	26869
çarpışmaya	566	26870
mcqueen	566	26871
acımıyor	566	26872
kil	565	26873
çocuğuyla	565	26874
özetle	565	26875
aynısınız	565	26876
sete	565	26877
yapabilirdik	565	26878
dikmiş	565	26879
stüdyosu	565	26880
kavramı	565	26881
kesilecek	565	26882
günlerinden	565	26883
wild	565	26884
partisinden	565	26885
zorluğu	565	26886
oynayabiliriz	565	26887
gelebilirdi	565	26888
kaçırmışım	565	26889
üniformayı	565	26890
kötüleri	565	26891
imparatoriçe	565	26892
leanne	565	26893
araştırmam	565	26894
evdeydim	565	26895
koluma	565	26896
farmer	565	26897
girmeliyim	565	26898
ayrılmayacağım	565	26899
okşandı	565	26900
true	565	26901
türünü	565	26902
bulundukları	565	26903
başlarsan	565	26904
takmıştı	565	26905
cezalandırma	564	26906
oynadığımız	564	26907
gitmezdi	564	26908
bizleriz	564	26909
yardımcısıyım	564	26910
tabanı	564	26911
niki	564	26912
davranmalısın	564	26913
önerebilir	564	26914
katilinin	564	26915
olacaksan	564	26916
natalia	564	26917
gösterirsin	564	26918
toza	564	26919
bulsam	564	26920
takılma	564	26921
çekmeliyiz	564	26922
binerken	564	26923
gazi	564	26924
günümüzü	564	26925
beynimin	564	26926
patsy	564	26927
mülakat	564	26928
kestirmek	564	26929
grover	564	26930
onlarin	564	26931
gelmemeliydim	564	26932
canlarını	564	26933
olmadığıma	564	26934
kanaat	564	26935
atıyorsunuz	564	26936
hernandez	564	26937
unutacağım	564	26938
gönderiyorsun	564	26939
della	564	26940
söylememelisin	564	26941
yerlileri	564	26942
bölgelere	564	26943
arayacaklar	564	26944
sparky	564	26945
istakoz	564	26946
gerektiğinin	564	26947
karaciğeri	564	26948
ayıları	563	26949
anıt	563	26950
rütbe	563	26951
kısılmış	563	26952
çekimde	563	26953
kaçmadı	563	26954
geçerdi	563	26955
taşınıp	563	26956
ermeni	563	26957
salladı	563	26958
düşeceksin	563	26959
tanıştığımızı	563	26960
ayrıldığı	563	26961
ülkemde	563	26962
doğduğundan	563	26963
çalışmıyordum	563	26964
alakan	563	26965
bulunuyorsun	563	26966
teçhizat	563	26967
sivilce	563	26968
niyetimiz	563	26969
yaşanır	563	26970
kansere	563	26971
titriyorum	563	26972
almıyorlar	563	26973
tecavüzden	563	26974
değiştiriyoruz	563	26975
cezaevine	563	26976
hazırlanıyorlar	563	26977
haneli	563	26978
shim	563	26979
çayını	563	26980
katılırım	563	26981
benlik	563	26982
nassau	563	26983
giyeyim	563	26984
cihazına	563	26985
denizaşırı	563	26986
öldürdüğünde	563	26987
çıkartırım	563	26988
midye	563	26989
kışkırtıcı	563	26990
keza	562	26991
bilemezdim	562	26992
ernst	562	26993
güneybatı	562	26994
geçirmesine	562	26995
sonuçların	562	26996
yarabbi	562	26997
ithaf	562	26998
döküntü	562	26999
kutsaldır	562	27000
düzeltecek	562	27001
kalsaydı	562	27002
eylemleri	562	27003
richter	562	27004
agatha	562	27005
ölümleri	562	27006
fıstığı	562	27007
toplantıları	562	27008
dayanamadı	562	27009
alacağına	562	27010
sabrımı	562	27011
zincirinin	562	27012
eşleşti	562	27013
torbaya	562	27014
kızınıza	562	27015
savaşıyorum	562	27016
alkışlayalım	562	27017
basınca	562	27018
yoğunluğu	561	27019
yıldıza	561	27020
geriyor	561	27021
inanıp	561	27022
partilerde	561	27023
sikerler	561	27024
bermuda	561	27025
yazardı	561	27026
ışınları	561	27027
çevirisi	561	27028
geçersin	561	27029
pavel	561	27030
benimkinde	561	27031
teşhir	561	27032
cortez	561	27033
kayık	561	27034
mayer	561	27035
kısmet	561	27036
oylamaya	561	27037
iyileştirme	561	27038
vurmam	561	27039
yarışmak	561	27040
zenginim	561	27041
çaresini	561	27042
eşinizi	561	27043
ifadeler	561	27044
sevmesi	561	27045
kızak	561	27046
adriana	561	27047
şahidi	561	27048
hang	561	27049
yüksekti	561	27050
marisa	561	27051
vakada	561	27052
heyecanlandırıyor	561	27053
korkutur	561	27054
gördüklerimi	561	27055
dougal	561	27056
kararınız	561	27057
saçlarına	561	27058
hazırlamam	561	27059
raquel	561	27060
verseniz	561	27061
adamlarıyla	561	27062
hampton	560	27063
wellington	560	27064
bozdum	560	27065
yükselmiş	560	27066
babamda	560	27067
müzisyenler	560	27068
zümrüt	560	27069
rahatlattı	560	27070
raund	560	27071
yarasalar	560	27072
gitmediği	560	27073
çekiyorsunuz	560	27074
düşünürsünüz	560	27075
girebiliriz	560	27076
dolacak	560	27077
tampa	560	27078
yeşili	560	27079
kötülükten	560	27080
rizzoli	560	27081
georgina	560	27082
acıtır	560	27083
trenler	560	27084
konuşursam	560	27085
roxanne	560	27086
görmenizi	560	27087
minnie	560	27088
hanımefendinin	560	27089
zamanımın	560	27090
çizimler	560	27091
kuzeyli	560	27092
etseydi	560	27093
krizine	560	27094
korkusuyla	560	27095
savaştık	560	27096
garret	560	27097
bozulmamış	560	27098
buy	560	27099
dinliyorsunuz	559	27100
izlediği	559	27101
organı	559	27102
konforlu	559	27103
yanıtı	559	27104
şen	559	27105
axe	559	27106
tavsiyene	559	27107
derinin	559	27108
duracağını	559	27109
döneme	559	27110
çanlar	559	27111
koyarlar	559	27112
inden	559	27113
yıkılıyor	559	27114
umarim	559	27115
ciğeri	559	27116
bloğu	559	27117
yalın	559	27118
konuşsam	559	27119
iblisi	559	27120
brighton	559	27121
sürgüne	559	27122
lost	559	27123
bulunmaya	559	27124
puf	559	27125
başlamasına	559	27126
tüccarı	559	27127
tell	559	27128
oyuncunun	559	27129
boruları	559	27130
away	558	27131
penguenler	558	27132
katılman	558	27133
edinmiş	558	27134
janey	558	27135
özürlerimi	558	27136
kaykay	558	27137
qi	558	27138
vaktimizi	558	27139
çamurlu	558	27140
bırakmıştır	558	27141
yenilmezler	558	27142
inandırmak	558	27143
tanrımız	558	27144
some	558	27145
zamanlarını	558	27146
kıyıda	558	27147
yurttaş	558	27148
yapımında	558	27149
akut	558	27150
kilitlenmiş	558	27151
gördüğümüzde	558	27152
görebileceği	558	27153
adımla	558	27154
mirasını	558	27155
sümük	558	27156
andırıyor	558	27157
kaydın	558	27158
nüfuz	558	27159
dam	558	27160
koymalısın	558	27161
çevreleyen	558	27162
asırlar	557	27163
kızardı	557	27164
duyana	557	27165
ölenler	557	27166
kastetmemiştim	557	27167
yüzüğümü	557	27168
duyulacak	557	27169
ermiş	557	27170
çıkartıyorum	557	27171
nedeninin	557	27172
juice	557	27173
kontrolümü	557	27174
uçtum	557	27175
starling	557	27176
selim	557	27177
etmesinden	557	27178
kuvvetle	557	27179
istediğime	557	27180
titanik	557	27181
sıklıkta	557	27182
serbestsin	557	27183
yardımların	557	27184
psikiyatr	557	27185
osaka	557	27186
şarapnel	557	27187
zeminde	557	27188
ustaca	557	27189
yanma	557	27190
üzme	557	27191
dileyeceğim	557	27192
bubba	557	27193
göremedik	557	27194
çeteye	557	27195
santimlik	557	27196
göndermişti	557	27197
tüneller	557	27198
verilmez	557	27199
bekliyordunuz	557	27200
yapmamanı	557	27201
mızmız	556	27202
sevimlisin	556	27203
uçarken	556	27204
lezzet	556	27205
yağdı	556	27206
yetimhaneye	556	27207
anlatsın	556	27208
balığını	556	27209
bozmayın	556	27210
cepheye	556	27211
gelemiyor	556	27212
ae	556	27213
kurallarımız	556	27214
eklem	556	27215
kalmamızı	556	27216
ışıkla	556	27217
barker	556	27218
alışığım	556	27219
doydum	556	27220
yaktılar	556	27221
sürecin	556	27222
mahalleden	556	27223
uyumuş	556	27224
laurent	556	27225
gözüküyorum	556	27226
hareketlerine	556	27227
yıldönümümüz	556	27228
arkadaşlarımızı	555	27229
hayatlarında	555	27230
delilah	555	27231
düşünmüştür	555	27232
koltukları	555	27233
hoşumuza	555	27234
daya	555	27235
lazımsa	555	27236
gelmekte	555	27237
kandırıp	555	27238
kauçuk	555	27239
gösterimi	555	27240
çalışmama	555	27241
modelini	555	27242
formunda	555	27243
zamansız	555	27244
yatalım	555	27245
hattında	555	27246
martine	555	27247
mahallini	555	27248
gitmese	555	27249
sulara	555	27250
boss	555	27251
onlardı	555	27252
sıkıcıydı	555	27253
kapıldın	555	27254
sox	555	27255
dünyasından	555	27256
duası	555	27257
veriyi	555	27258
evraklarını	555	27259
oval	555	27260
bakıyorduk	555	27261
programlar	555	27262
larkin	555	27263
ipuçlarını	555	27264
sustur	555	27265
gerçekse	555	27266
dinlemedim	555	27267
devler	555	27268
genelev	555	27269
yakut	555	27270
nashville	555	27271
karşılaştığımızda	554	27272
evliydi	554	27273
saber	554	27274
tekniğini	554	27275
samanlıkta	554	27276
yardımlarınız	554	27277
düğmeyi	554	27278
amacınız	554	27279
çavuşum	554	27280
eşiğine	554	27281
yaşadığınızı	554	27282
bulamayacağız	554	27283
ailenize	554	27284
yıidır	554	27285
sözcükleri	554	27286
çatıyı	554	27287
içtiğim	554	27288
dokunamazsın	554	27289
içebiliriz	554	27290
baca	554	27291
kıyafetlerim	554	27292
boğmaya	554	27293
voleybol	554	27294
görebildin	554	27295
gülüyorsunuz	554	27296
bizce	554	27297
kaslarını	554	27298
dernek	554	27299
bilelim	554	27300
talebinde	554	27301
nah	554	27302
crawley	554	27303
üyelik	554	27304
cannon	554	27305
çizgisini	554	27306
mücadeleyi	554	27307
bereketli	554	27308
kefaret	554	27309
kurtulmalıyız	554	27310
iyisinin	554	27311
bahsedeyim	554	27312
kilitledim	554	27313
bırakmaktan	554	27314
çığlıklarını	554	27315
takımla	553	27316
kayıtlarından	553	27317
ısrarla	553	27318
swift	553	27319
abbie	553	27320
gelmekle	553	27321
hazırsan	553	27322
pompalı	553	27323
kadınmış	553	27324
titreyen	553	27325
westen	553	27326
yakayı	553	27327
dayanacak	553	27328
enkazı	553	27329
ilgilendim	553	27330
önünüze	553	27331
annabelle	553	27332
mağazanın	553	27333
driscoll	553	27334
kılacak	553	27335
düşündüğüne	553	27336
demiyorsun	553	27337
va	553	27338
matematiği	553	27339
medyaya	553	27340
bulanmış	553	27341
dekorasyon	553	27342
cevabımı	553	27343
çantama	553	27344
tutmamı	553	27345
eğilimli	553	27346
zannetmiştim	553	27347
sanatlar	553	27348
ajanların	553	27349
konuşmamıza	553	27350
yetkiye	553	27351
denilebilir	553	27352
dedektifin	553	27353
pervane	553	27354
raporun	553	27355
sayfasını	553	27356
kurtarması	553	27357
abimi	553	27358
isyancılar	553	27359
mermisi	552	27360
çocuklarımla	552	27361
ulaş	552	27362
estelle	552	27363
gururunu	552	27364
killian	552	27365
suçumuz	552	27366
atmıştım	552	27367
umutlarını	552	27368
yukarısında	552	27369
yasakladı	552	27370
sorduğunu	552	27371
şaşırdı	552	27372
konuştuğumuzda	552	27373
andi	552	27374
kavram	552	27375
yönünden	552	27376
cebimden	552	27377
birliğe	552	27378
hüsrana	552	27379
işlemez	552	27380
anlamadınız	552	27381
olmuyordu	552	27382
çalıştırıyor	552	27383
silahlarımızı	552	27384
deposunda	552	27385
çizgide	552	27386
kıpırdamadan	552	27387
canlandı	552	27388
açtığın	552	27389
denemiş	551	27390
chaz	551	27391
kırbaç	551	27392
sarılma	551	27393
jp	551	27394
rika	551	27395
sigaraya	551	27396
kazığa	551	27397
değiştirerek	551	27398
bunlari	551	27399
yates	551	27400
bazısı	551	27401
nekadar	551	27402
katılmanı	551	27403
videosunu	551	27404
etmezseniz	551	27405
bilmeliyiz	551	27406
yakalamamız	551	27407
lekeler	551	27408
boynunun	551	27409
kafeye	551	27410
soğukkanlılıkla	551	27411
reich	551	27412
endişelerim	551	27413
seçeneğiniz	551	27414
yıldızlardan	551	27415
momo	551	27416
kapatıyorsun	551	27417
geçmemiş	551	27418
dışarıyı	551	27419
yüzyıldan	551	27420
tornavida	551	27421
ilerledikçe	551	27422
erika	551	27423
taktığını	551	27424
yanılıyorsam	551	27425
manşet	551	27426
çerçevesinde	551	27427
arıyorsanız	551	27428
yükleniyor	551	27429
gökte	551	27430
üssün	551	27431
vadinin	551	27432
beteri	551	27433
ayağımın	551	27434
kocanıza	551	27435
karanlığında	551	27436
dame	551	27437
besle	551	27438
konuşulacak	551	27439
tamiri	551	27440
yatacaksın	551	27441
dönmedim	550	27442
isterdik	550	27443
merdivenlerin	550	27444
kapasitesi	550	27445
liderler	550	27446
hendrix	550	27447
pilotlar	550	27448
annelerinin	550	27449
yakalamalıyız	550	27450
yabancıya	550	27451
keşfe	550	27452
england	550	27453
miki	550	27454
dostumdu	550	27455
nehirler	550	27456
videoda	550	27457
kalırsanız	550	27458
utanmıyorum	550	27459
galaktik	550	27460
dişinin	550	27461
tepeleri	550	27462
liderliği	550	27463
takılacağım	550	27464
valiz	550	27465
takılacak	550	27466
nonoş	550	27467
yüzünüze	550	27468
ağzımda	550	27469
olacağının	550	27470
kaynar	550	27471
field	550	27472
dönmüyorum	550	27473
ezici	550	27474
durmalıyız	550	27475
açmayın	550	27476
oturduk	550	27477
enron	550	27478
aydın	550	27479
açıldığını	550	27480
fisk	550	27481
aması	550	27482
unutacak	550	27483
ronny	550	27484
dedesi	550	27485
yayınlanacak	550	27486
durumumuzu	550	27487
öldürmeliyim	550	27488
şanslıysak	550	27489
bağışı	550	27490
karbondioksit	549	27491
mikhail	549	27492
yapacakmış	549	27493
anlatmayacağım	549	27494
kıpkırmızı	549	27495
söyleyeceksen	549	27496
rotası	549	27497
katkısı	549	27498
cellat	549	27499
kökünden	549	27500
başkalarından	549	27501
yardimci	549	27502
editörü	549	27503
com	549	27504
hazırlamıştım	549	27505
yakıcı	549	27506
dibinden	549	27507
demekse	549	27508
orospular	549	27509
köpeklerden	549	27510
normaldi	549	27511
pine	549	27512
izlerinin	549	27513
damardan	549	27514
servetini	549	27515
kokaini	549	27516
hıh	549	27517
kanıtladın	549	27518
silindir	549	27519
aşağısına	549	27520
stok	549	27521
wesen	549	27522
ağızlı	549	27523
gülü	549	27524
dinsel	549	27525
eşyalarının	549	27526
robby	549	27527
emredin	549	27528
scarlet	549	27529
buckingham	549	27530
zarı	549	27531
öldüremem	549	27532
doğruluğunu	549	27533
bessie	549	27534
görüştüğün	549	27535
waldorf	549	27536
yönleri	549	27537
kaldığına	549	27538
taksiyi	548	27539
uçma	548	27540
neresinden	548	27541
vermişlerdi	548	27542
bağlarını	548	27543
haplarını	548	27544
dudaklarım	548	27545
bahanesi	548	27546
fairfax	548	27547
körüne	548	27548
connors	548	27549
kırıyorsun	548	27550
bono	548	27551
kuruluş	548	27552
ikamet	548	27553
oturmam	548	27554
sıçtın	548	27555
uydurmak	548	27556
bırakırdım	548	27557
duygularına	548	27558
yarattığını	548	27559
kurabiliriz	548	27560
burjuva	548	27561
zulüm	548	27562
başmüfettiş	548	27563
ölümüm	548	27564
söyleyebileceğin	548	27565
ötesini	548	27566
kalıntı	548	27567
parola	548	27568
hükümetten	548	27569
düzenledim	548	27570
işlemlerini	548	27571
şansının	548	27572
pacific	548	27573
diliyoruz	547	27574
başlarını	547	27575
kıtlık	547	27576
ölmen	547	27577
çoraplarını	547	27578
umurumuzda	547	27579
ödeyemem	547	27580
yataklık	547	27581
üyesini	547	27582
sağlığım	547	27583
köri	547	27584
mutasyona	547	27585
hadii	547	27586
kaybedince	547	27587
pu	547	27588
oynayabilirsin	547	27589
viagra	547	27590
bifteği	547	27591
resimli	547	27592
lsd	547	27593
rüzgarlı	547	27594
forbes	547	27595
farkındasınız	547	27596
kusuru	547	27597
lung	547	27598
çıkarırsın	547	27599
koşulda	547	27600
uyuyup	547	27601
sandığınız	547	27602
bağırır	547	27603
hırsızlıktan	547	27604
noble	547	27605
asteğmen	547	27606
sayımız	547	27607
arkadaşsınız	546	27608
şekiller	546	27609
yolladığı	546	27610
adresimi	546	27611
çökecek	546	27612
öylesi	546	27613
prometheus	546	27614
dükkanının	546	27615
eyes	546	27616
durumdur	546	27617
olmuşumdur	546	27618
teknisyen	546	27619
önemsediğim	546	27620
kurak	546	27621
glass	546	27622
torbaları	546	27623
vinç	546	27624
aygır	546	27625
oluşturacak	546	27626
başımayım	546	27627
baltayı	546	27628
üçkağıtçı	546	27629
bitirmeliyiz	546	27630
oturmayı	546	27631
oldugumu	546	27632
tepkiler	546	27633
revirde	546	27634
ölülerle	546	27635
dahiyane	546	27636
gömleğin	546	27637
hubble	546	27638
cadaloz	546	27639
kostümünü	546	27640
kendimizden	546	27641
okumanı	546	27642
içeceksin	546	27643
takmaya	546	27644
indirme	546	27645
asmış	546	27646
napoleon	546	27647
çıkarı	546	27648
saklayan	546	27649
içiyordum	546	27650
getirsene	546	27651
uğrunda	546	27652
duygularının	546	27653
boşaldı	545	27654
demet	545	27655
ayarlayalım	545	27656
elanna	545	27657
center	545	27658
beğendiğini	545	27659
inatçısın	545	27660
bulurdum	545	27661
seksiydi	545	27662
üretilmiş	545	27663
metni	545	27664
kimisi	545	27665
anıtı	545	27666
başlıklı	545	27667
denemem	545	27668
öpüyorum	545	27669
hell	545	27670
bulantısı	545	27671
zevkine	545	27672
deposuna	545	27673
alınmadım	545	27674
bittik	545	27675
göndermişler	545	27676
ediliyordu	545	27677
alerjik	545	27678
yokuş	545	27679
hindu	545	27680
figürü	545	27681
mafyası	545	27682
sözlerle	545	27683
çıkartıyorsun	545	27684
ilgilendiğim	545	27685
kızından	545	27686
bölgelerinde	545	27687
kron	545	27688
kılıcım	545	27689
ödenmiş	545	27690
merkür	544	27691
kazanman	544	27692
rahatlatır	544	27693
helene	544	27694
sağı	544	27695
mahvetmesine	544	27696
lisansı	544	27697
gözüktü	544	27698
yenebilir	544	27699
seyretmeye	544	27700
üncü	544	27701
kağıdın	544	27702
haçlı	544	27703
bahsetmiyor	544	27704
tarihleri	544	27705
fakültesinde	544	27706
öğretmene	544	27707
ebe	544	27708
engelleme	544	27709
port	544	27710
başaracağım	544	27711
kızdırdı	544	27712
davranamazsın	544	27713
ceketim	544	27714
omaha	544	27715
elçilik	544	27716
chae	544	27717
buluştum	544	27718
johann	543	27719
korra	543	27720
buluştu	543	27721
uyanma	543	27722
burcu	543	27723
okuyabiliyorum	543	27724
them	543	27725
korumasız	543	27726
kuruşuna	543	27727
kekleri	543	27728
fişeği	543	27729
spring	543	27730
kanları	543	27731
düşmesine	543	27732
kekler	543	27733
element	543	27734
oyununun	543	27735
gösterirsen	543	27736
bakımını	543	27737
karşılaştırma	543	27738
teyla	543	27739
giysisi	543	27740
ailemde	543	27741
alabalık	543	27742
unutabilirsin	543	27743
fareyi	543	27744
ihraç	543	27745
korkularını	543	27746
sayılıyor	543	27747
yayıyor	543	27748
yalana	543	27749
bırakmayacağız	543	27750
edilirse	542	27751
onarmak	542	27752
çalışmayacak	542	27753
düşmüştür	542	27754
tech	542	27755
tımarhaneye	542	27756
kararlıyım	542	27757
filmim	542	27758
oynarsan	542	27759
kocanızla	542	27760
benimkilerden	542	27761
yıllarımı	542	27762
waldo	542	27763
yıllarında	542	27764
koleji	542	27765
özlemiş	542	27766
çizdin	542	27767
düşünebiliriz	542	27768
ilaca	542	27769
iddialı	542	27770
gerçekleşmesini	542	27771
bülteni	542	27772
seçebilirsin	542	27773
araplar	542	27774
deliriyorum	542	27775
derecelik	542	27776
arlo	542	27777
öğretiyorum	542	27778
kullanmamız	542	27779
geçirmesini	542	27780
rastladık	542	27781
insancıl	542	27782
gandhi	542	27783
ettiğimizde	542	27784
içecekler	542	27785
köpeklerle	542	27786
kaynağının	542	27787
belfast	542	27788
beceremedim	542	27789
insanda	542	27790
paylaş	542	27791
göçmenler	542	27792
bahsetmiştin	542	27793
merkezdeki	542	27794
karşıda	542	27795
yarışında	542	27796
kuruyoruz	541	27797
havuzunda	541	27798
umumi	541	27799
açabiliriz	541	27800
koymuştu	541	27801
dönsen	541	27802
bırakılan	541	27803
batırdı	541	27804
çalışsam	541	27805
görüştünüz	541	27806
avm	541	27807
uğradığı	541	27808
köpekten	541	27809
yendin	541	27810
gregor	541	27811
konuşamayız	541	27812
paketin	541	27813
olmasi	541	27814
duyarsız	541	27815
öğrenmeni	541	27816
sattığı	541	27817
aşağısındaki	541	27818
rohit	541	27819
planlamış	541	27820
fuhuş	541	27821
salonundan	541	27822
maraton	541	27823
önceye	541	27824
sevmesini	541	27825
dostumun	541	27826
benimkiyle	541	27827
temasta	541	27828
mahvolduk	541	27829
geçişi	541	27830
kaybetmem	541	27831
gittiğinizde	541	27832
dizlerini	541	27833
pretty	541	27834
tj	541	27835
ikın	541	27836
pepe	541	27837
mango	541	27838
inn	541	27839
alabileceğin	541	27840
kaydetti	541	27841
mesleğin	541	27842
glory	541	27843
bindin	541	27844
söylediğinin	540	27845
çayın	540	27846
evlisiniz	540	27847
görürdü	540	27848
hikâyeni	540	27849
malların	540	27850
uyarım	540	27851
öğrenirsem	540	27852
göndermem	540	27853
niyetle	540	27854
ilerlemiş	540	27855
getirmemiz	540	27856
piçleri	540	27857
ekg	540	27858
yakalandık	540	27859
maçları	540	27860
branch	540	27861
kurtaramazsın	540	27862
kazandılar	540	27863
aydınlanma	540	27864
sahra	540	27865
inanıyordum	540	27866
ekranı	540	27867
dişlerim	540	27868
judd	540	27869
biliyormusunuz	540	27870
getirmiyorsun	540	27871
kabiliyeti	540	27872
lassiter	540	27873
sürmesi	540	27874
çıkacaklar	540	27875
etmede	540	27876
eşyalarına	540	27877
wilma	540	27878
anlarsa	540	27879
mussolini	540	27880
gelmezler	540	27881
vurayım	540	27882
pearce	540	27883
ayki	540	27884
kanunen	540	27885
duyamıyor	539	27886
babadan	539	27887
tatilin	539	27888
zurna	539	27889
hastalıkta	539	27890
güldürme	539	27891
samaritan	539	27892
kazasından	539	27893
dileyeceksin	539	27894
javi	539	27895
ramen	539	27896
camden	539	27897
armand	539	27898
hıyarın	539	27899
ofisindeki	539	27900
kararıyor	539	27901
yenildi	539	27902
paraşütle	539	27903
istemeyecek	539	27904
kalmaları	539	27905
yetiştirdi	539	27906
deste	539	27907
halindeki	539	27908
birleşmesi	539	27909
duvarını	539	27910
bere	539	27911
gul	539	27912
parkına	539	27913
kurula	539	27914
yabancıları	539	27915
imkansızdı	539	27916
insanlarına	539	27917
kaybedenler	539	27918
pikniğe	539	27919
marangoz	539	27920
dalgalı	539	27921
uğraşıyorlar	539	27922
sahipsiz	539	27923
hatırlatan	539	27924
köklü	539	27925
kapım	538	27926
uyanmadan	538	27927
kaybettiğinde	538	27928
dodd	538	27929
girişe	538	27930
ödeyip	538	27931
düşünmüyoruz	538	27932
ısınmaya	538	27933
kravatı	538	27934
çalıların	538	27935
girişiminde	538	27936
dönmüştüm	538	27937
döven	538	27938
batarya	538	27939
çalmasını	538	27940
özeti	538	27941
hayatınıza	538	27942
vaktinin	538	27943
hun	538	27944
uzaklaştırın	538	27945
doggett	538	27946
değiştiriyorsun	538	27947
reklamlar	538	27948
faal	538	27949
vadiye	538	27950
imzalamış	538	27951
sorduğu	538	27952
olaf	538	27953
kırılmıştı	538	27954
edenin	538	27955
batıdan	538	27956
başkanına	538	27957
başkentte	538	27958
atına	538	27959
yönlendirmek	538	27960
yenilerini	538	27961
lecter	538	27962
tuzağına	538	27963
yaşamları	538	27964
vardiyası	538	27965
değerinin	538	27966
yorgunluk	538	27967
randevuda	538	27968
fahişeye	538	27969
fişekleri	538	27970
merrick	538	27971
lotte	538	27972
mari	537	27973
sülfür	537	27974
yolculuktan	537	27975
asılıyor	537	27976
edeceklerdir	537	27977
mezarında	537	27978
sıçıp	537	27979
uykusuzluk	537	27980
konuştular	537	27981
aşığı	537	27982
ısısı	537	27983
üyelerine	537	27984
sandalyeden	537	27985
birinize	537	27986
güpegündüz	537	27987
pistine	537	27988
lockwood	537	27989
falcı	537	27990
skoru	537	27991
poole	537	27992
artışı	537	27993
gülümsemeyi	537	27994
anakin	537	27995
yediğimi	537	27996
gelgit	537	27997
porsiyon	537	27998
lennon	537	27999
değiştirmen	537	28000
uşağı	537	28001
gösterebilirsin	537	28002
zihnimde	537	28003
yıkayıp	537	28004
kılavuzu	537	28005
uğraşmam	537	28006
avustralyalı	537	28007
koyman	537	28008
efendileri	537	28009
emrim	537	28010
gizlemeye	537	28011
olucam	537	28012
kapakları	537	28013
hamburg	537	28014
kumsal	537	28015
fal	537	28016
traktör	537	28017
avantajlı	536	28018
dilemeliyim	536	28019
yiyeceğini	536	28020
uyduruyor	536	28021
inki	536	28022
haklıydınız	536	28023
bulunup	536	28024
farkındaydım	536	28025
kefaletini	536	28026
cy	536	28027
olmayalım	536	28028
şehirlerde	536	28029
destekleyici	536	28030
felipe	536	28031
hermes	536	28032
borgia	536	28033
çattı	536	28034
mektubumu	536	28035
deneyleri	536	28036
ayrılmıştı	536	28037
terimi	536	28038
sevdik	536	28039
şansla	536	28040
okullara	536	28041
dövmeye	536	28042
dram	536	28043
şempanze	536	28044
döşeme	536	28045
operatör	536	28046
severek	536	28047
başlamasını	536	28048
verildiği	536	28049
taşındın	536	28050
gelmiyorlar	536	28051
büyükbabası	536	28052
koruyordu	536	28053
olamayacağımı	536	28054
vuracağız	536	28055
işlendiği	536	28056
yetiştirdim	536	28057
çalmadı	536	28058
göreceğin	536	28059
bahsedeceğim	536	28060
pa	536	28061
içebilirsin	535	28062
düzenleyen	535	28063
çalışmadın	535	28064
avlar	535	28065
motorunu	535	28066
osmanlı	535	28067
soprano	535	28068
itibarı	535	28069
kaybet	535	28070
ayırttım	535	28071
lew	535	28072
halükârda	535	28073
harikaydınız	535	28074
aynayı	535	28075
melody	535	28076
dünyan	535	28077
pizzacı	535	28078
öldürtmek	535	28079
langston	535	28080
yolundaydı	535	28081
pastırması	535	28082
yüzyıla	535	28083
kullanmıyoruz	535	28084
evlerinize	535	28085
oniki	535	28086
büyüdüğü	535	28087
bufalo	535	28088
balayına	535	28089
yatırmak	535	28090
düşüncesine	535	28091
kimyasallar	535	28092
yarattık	535	28093
tadilat	535	28094
tabutun	535	28095
yaklaşmaya	535	28096
shogun	535	28097
kuruluna	535	28098
maymunun	535	28099
proctor	535	28100
marple	535	28101
kullanmanı	535	28102
fong	534	28103
kıyısı	534	28104
sormuştu	534	28105
itsuka	534	28106
kaçacağız	534	28107
uçaktaki	534	28108
provenza	534	28109
çekmenin	534	28110
tercihen	534	28111
arttırma	534	28112
ücra	534	28113
cemaat	534	28114
uzanmış	534	28115
şirketteki	534	28116
geçirmiştim	534	28117
çıkarmasını	534	28118
bakışlar	534	28119
mortgage	534	28120
crews	534	28121
ınki	534	28122
rouge	534	28123
hazırlanırken	534	28124
kalkmam	534	28125
göstermeme	534	28126
yaptıklarımın	534	28127
davranması	534	28128
projesini	534	28129
balkondan	534	28130
yaparlardı	534	28131
finley	534	28132
yüzüğüm	534	28133
sunumu	534	28134
kaydettik	534	28135
tutarlar	533	28136
çitin	533	28137
gelmesinden	533	28138
kilitliydi	533	28139
gemisinden	533	28140
çarşafları	533	28141
türkler	533	28142
ailecek	533	28143
polisini	533	28144
kimsesiz	533	28145
metrede	533	28146
verdiyse	533	28147
berbattır	533	28148
ateşler	533	28149
küplere	533	28150
yönetimin	533	28151
yanları	533	28152
boydan	533	28153
bakardı	533	28154
sonla	533	28155
anlattıkları	533	28156
evlenmem	533	28157
sandığını	533	28158
kasetler	533	28159
been	533	28160
üstündeydi	533	28161
judah	533	28162
moretti	533	28163
görüşmeliyim	533	28164
rüyasını	533	28165
ar	533	28166
batısında	533	28167
uyumsuz	533	28168
çekicisin	533	28169
diyip	533	28170
verilmeli	533	28171
araştırmanın	533	28172
annette	532	28173
topluyoruz	532	28174
kaldıktan	532	28175
karşılarım	532	28176
değişimin	532	28177
kaynağımız	532	28178
aktarma	532	28179
yatakları	532	28180
yaptin	532	28181
işadamı	532	28182
mutfaktaki	532	28183
halletsin	532	28184
arturo	532	28185
annemde	532	28186
cemiyeti	532	28187
gunnar	532	28188
çıkışlar	532	28189
tıkırında	532	28190
izliyorduk	532	28191
ayrıldığımda	532	28192
ürkek	532	28193
yakalanması	532	28194
gibidirler	532	28195
paylaşacağız	532	28196
izlemesi	532	28197
ruthie	532	28198
devin	532	28199
kamui	532	28200
solunda	532	28201
federasyonu	532	28202
küller	532	28203
gizemini	532	28204
koyamazsın	532	28205
nerelisiniz	532	28206
servisine	532	28207
kaçırdığın	532	28208
doğasını	532	28209
arıları	532	28210
taşınacak	532	28211
otoparka	532	28212
değerlendirmesi	532	28213
köleleri	531	28214
silahınızı	531	28215
moray	531	28216
botlar	531	28217
takıldık	531	28218
peck	531	28219
geçmeme	531	28220
kanamaya	531	28221
istemiştik	531	28222
etkilemez	531	28223
babasız	531	28224
çırak	531	28225
gecedir	531	28226
isteklerine	531	28227
eserlerini	531	28228
peşlerine	531	28229
göstermeden	531	28230
saatli	531	28231
priscilla	531	28232
tezgah	531	28233
almadılar	531	28234
mimari	531	28235
kylie	531	28236
emery	531	28237
kestirmeden	531	28238
sıcaktan	531	28239
öğrettiler	531	28240
centauri	531	28241
atlayacak	531	28242
ismine	531	28243
three	531	28244
mace	531	28245
parçalayıp	531	28246
yenemezsin	531	28247
sutter	530	28248
bulmuştuk	530	28249
kaybetmeyin	530	28250
irkçı	530	28251
mad	530	28252
kulenin	530	28253
porselen	530	28254
okuduğu	530	28255
tesekkurler	530	28256
radha	530	28257
burbon	530	28258
hissettiğinizi	530	28259
durduğum	530	28260
seçerdim	530	28261
pişirdim	530	28262
gerekçesi	530	28263
sevindin	530	28264
yazdınız	530	28265
seviyeleri	530	28266
müdürünün	530	28267
katıldığı	530	28268
göklere	530	28269
jeolojik	530	28270
haklıymışım	530	28271
tin	530	28272
crais	530	28273
balıklı	530	28274
yayınladı	530	28275
hediyemi	530	28276
zorlukları	530	28277
tracey	530	28278
şeyimizi	530	28279
korkulacak	530	28280
kulübesine	530	28281
senaryosu	530	28282
sinbad	530	28283
kaldi	530	28284
mutfağın	530	28285
dokunuş	530	28286
müvekkiliniz	530	28287
acımı	530	28288
gönderirler	530	28289
görebileceğiniz	530	28290
çekiliyorum	530	28291
hassastır	530	28292
hünkâr	530	28293
çantalar	529	28294
gemini	529	28295
kavgada	529	28296
frengi	529	28297
musevi	529	28298
görüşmenin	529	28299
temizledi	529	28300
demesini	529	28301
babamızı	529	28302
graves	529	28303
süresini	529	28304
banyodan	529	28305
robertson	529	28306
üçümüzün	529	28307
sıkılmaya	529	28308
oturayım	529	28309
davranmıyorsun	529	28310
silahşör	529	28311
huzursuzluk	529	28312
vermezse	529	28313
ortağımı	529	28314
annelerin	529	28315
taşıması	529	28316
planladın	529	28317
üne	529	28318
amansız	529	28319
kokuyorum	529	28320
heyecanlıyız	529	28321
göstermesini	529	28322
yaramazlar	529	28323
katılmıyorsun	529	28324
yenmiş	529	28325
fahişeleri	529	28326
bahçedeki	529	28327
söylemenizi	529	28328
kaçıyoruz	529	28329
zamani	529	28330
gözlerimiz	529	28331
etkileyebilir	529	28332
uymayan	529	28333
döverim	529	28334
cipsi	529	28335
hua	529	28336
yamyam	529	28337
görüşmesine	529	28338
anlamamı	529	28339
kurtarmamız	529	28340
bastırılmış	529	28341
dükkâna	529	28342
çekiçle	529	28343
toprakların	529	28344
speed	528	28345
tart	528	28346
iman	528	28347
yatağından	528	28348
tedavisine	528	28349
övgüyü	528	28350
adamlarımızı	528	28351
kovalıyor	528	28352
jt	528	28353
ilişkilerin	528	28354
açarsın	528	28355
patronla	528	28356
dakikayı	528	28357
kılıcımı	528	28358
saymayı	528	28359
geçirmeden	528	28360
küçüksün	528	28361
shore	528	28362
bavulunu	528	28363
fail	528	28364
lapa	528	28365
kıtır	528	28366
savunmasını	528	28367
bulunmuştu	528	28368
mobilyaları	528	28369
veletler	528	28370
medici	528	28371
ödedik	528	28372
çıkışta	528	28373
ballı	528	28374
sergisi	528	28375
seoul	528	28376
hagen	528	28377
birşeylerin	528	28378
resmim	528	28379
fnakbar	528	28380
atardım	528	28381
ışığının	527	28382
tatlıya	527	28383
kuvvetlerinin	527	28384
affetsin	527	28385
evlenemem	527	28386
çimleri	527	28387
ülkesinde	527	28388
şoförüm	527	28389
açılmak	527	28390
hizli	527	28391
konuştuğumda	527	28392
kapılıyorum	527	28393
sorumluluğumda	527	28394
bataklığa	527	28395
yapsaydı	527	28396
cao	527	28397
asılmış	527	28398
nunla	527	28399
rut	527	28400
idaho	527	28401
gözardı	527	28402
okuyabilirim	527	28403
pervasız	527	28404
nci	527	28405
kurtardığı	527	28406
aşçılık	527	28407
türlerin	527	28408
fleischman	527	28409
çekini	527	28410
odalarda	527	28411
martı	527	28412
kemiğe	527	28413
hastalarım	527	28414
cinayetinin	527	28415
temizlerken	527	28416
düşünmeniz	527	28417
aldırmayın	527	28418
venezuela	527	28419
uykunda	527	28420
performansını	527	28421
earp	527	28422
adımlarla	527	28423
yitirdim	527	28424
yolladık	527	28425
parçacıklar	526	28426
butun	526	28427
vermezsem	526	28428
sildi	526	28429
yüzümüze	526	28430
jutsu	526	28431
beğenirsin	526	28432
sadakatini	526	28433
sürücünün	526	28434
adayları	526	28435
havluyu	526	28436
atmayın	526	28437
turneye	526	28438
başarılıydı	526	28439
değiştirmemiz	526	28440
yumrukla	526	28441
kızınızla	526	28442
ekipten	526	28443
aştık	526	28444
kızdığını	526	28445
boğmak	526	28446
ısmarlamak	526	28447
mısırlı	526	28448
üzüldün	526	28449
hırsızların	526	28450
kalabileceğini	526	28451
yönlendir	526	28452
çekmemiz	526	28453
umutları	526	28454
adresleri	526	28455
gelemiyorum	526	28456
mahkumun	526	28457
hastaymış	526	28458
komut	526	28459
bıraksak	526	28460
uzanmak	526	28461
kutlamalıyız	526	28462
dönmedin	526	28463
oluşum	526	28464
yanayım	526	28465
ısmarlarım	526	28466
galon	525	28467
atardı	525	28468
seçen	525	28469
otoyolda	525	28470
rowan	525	28471
değmemiş	525	28472
hung	525	28473
kaydet	525	28474
kokunu	525	28475
almazsan	525	28476
pilotun	525	28477
wilde	525	28478
yeteneklerimi	525	28479
mecburen	525	28480
geçirebilirsin	525	28481
jakuzi	525	28482
salya	525	28483
durumuyla	525	28484
vurdunuz	525	28485
sınavları	525	28486
seok	525	28487
çevrilmiş	525	28488
anlattılar	525	28489
yaramazın	525	28490
hazinesi	525	28491
elçiliği	525	28492
oglum	525	28493
üstündeyim	525	28494
farketti	525	28495
hiper	525	28496
büyüyle	524	28497
tesadüfi	524	28498
kilitleyip	524	28499
olmayacaksa	524	28500
kaçmadan	524	28501
dolaptan	524	28502
yanki	524	28503
nazikti	524	28504
eğlencenin	524	28505
orkide	524	28506
gezisinde	524	28507
kütüphaneci	524	28508
yaradan	524	28509
america	524	28510
söylemiyorsunuz	524	28511
baksak	524	28512
yansıtıyor	524	28513
kamyondan	524	28514
tijuana	524	28515
dustin	524	28516
vergileri	524	28517
kastettiğimi	524	28518
profesyoneller	524	28519
tuhafsın	524	28520
sebebiniz	524	28521
görüşleri	524	28522
rotasını	524	28523
buzdolabının	524	28524
aldıysa	524	28525
takmayı	524	28526
çıldırıyor	524	28527
vasquez	524	28528
uther	524	28529
hastaneler	524	28530
kurşunları	524	28531
sırların	524	28532
nen	524	28533
rakibini	524	28534
hatasıydı	524	28535
köpeğine	523	28536
soyulmuş	523	28537
yüzündendi	523	28538
yakalanıp	523	28539
gülüyordu	523	28540
deseydim	523	28541
pasaportunu	523	28542
güçleniyor	523	28543
suçluyorsunuz	523	28544
cincinnati	523	28545
sopasıyla	523	28546
yangına	523	28547
key	523	28548
kalplerini	523	28549
lobi	523	28550
damarları	523	28551
rafta	523	28552
bakamaz	523	28553
zorladılar	523	28554
dayanmak	523	28555
günümüze	523	28556
oğlunuza	523	28557
demiri	523	28558
sının	523	28559
açmamı	523	28560
güvenmeye	523	28561
dikilmiş	523	28562
şöminenin	523	28563
slogan	523	28564
bayanlara	523	28565
selamımı	523	28566
aslanın	523	28567
smithers	523	28568
kanallar	523	28569
yune	523	28570
misyoner	523	28571
albany	523	28572
evliler	523	28573
safsın	523	28574
bekletme	523	28575
bileziği	523	28576
yerimden	523	28577
terapistim	522	28578
est	522	28579
giydi	522	28580
çevresine	522	28581
sound	522	28582
bitirmeliyim	522	28583
macbeth	522	28584
inanmamızı	522	28585
altinda	522	28586
cesaretimi	522	28587
notların	522	28588
yesene	522	28589
dumanlı	522	28590
kaleme	522	28591
yavaşsın	522	28592
too	522	28593
sarsılmış	522	28594
hesapta	522	28595
dertten	522	28596
müşteriyle	522	28597
şirketimiz	522	28598
özrün	522	28599
diktatör	522	28600
ailedeki	522	28601
dizini	522	28602
emniyetli	522	28603
hatlarını	522	28604
sokmayı	522	28605
hamileydi	522	28606
geliştirdim	522	28607
karından	522	28608
çıkarıyordu	522	28609
azınlık	522	28610
başlatılıyor	522	28611
istasyonları	522	28612
koguryo	522	28613
çıkarmadım	521	28614
ayarlı	521	28615
kapın	521	28616
atlayan	521	28617
geliri	521	28618
otları	521	28619
eşler	521	28620
dişe	521	28621
adresin	521	28622
dergisinin	521	28623
sessizliğe	521	28624
linç	521	28625
palmiye	521	28626
başlamayı	521	28627
doldurmuş	521	28628
muhalefet	521	28629
calleigh	521	28630
okumalısın	521	28631
giyiniyor	521	28632
maskesini	521	28633
sağlığınıza	521	28634
bahsedecek	521	28635
adami	521	28636
göçebe	521	28637
cephesi	521	28638
öpeyim	521	28639
takılıyordum	521	28640
edebilirdin	521	28641
sevmezdi	521	28642
odanızda	521	28643
sivilleri	521	28644
bebeklere	521	28645
görünüşün	521	28646
yeteneklerine	521	28647
vurulmak	521	28648
gülecek	521	28649
azalır	521	28650
hayatınla	521	28651
küllerini	521	28652
açısına	521	28653
senatörü	521	28654
arasan	520	28655
snake	520	28656
getirebilecek	520	28657
halıyı	520	28658
umutsuzluğa	520	28659
zıvanadan	520	28660
şovunu	520	28661
yalvarıyor	520	28662
şehirleri	520	28663
garajı	520	28664
pak	520	28665
bedenleri	520	28666
tanıyacak	520	28667
öldürmeliyiz	520	28668
taşıyorlar	520	28669
araştıran	520	28670
sanatçının	520	28671
ching	520	28672
egzersizi	520	28673
generalim	520	28674
darla	520	28675
biletlerini	520	28676
devrimin	520	28677
gelmemesi	520	28678
eğilip	520	28679
denis	520	28680
dilinden	520	28681
beklersek	520	28682
getirecektir	520	28683
göndermiştim	520	28684
üşüyor	520	28685
izleyeceksin	520	28686
kasadan	520	28687
başındayım	520	28688
link	520	28689
dozu	520	28690
tarafları	520	28691
çalışanlara	520	28692
dediklerin	520	28693
planlıyordu	520	28694
denemekten	520	28695
kobe	520	28696
konuklarımız	520	28697
nesiniz	520	28698
çağırmadım	520	28699
dergiler	519	28700
doğup	519	28701
durduruldu	519	28702
beceriyorsun	519	28703
olmayacağından	519	28704
bağın	519	28705
kurtaracaksın	519	28706
içkiden	519	28707
que	519	28708
rejim	519	28709
rolling	519	28710
yanığı	519	28711
yaptığınıza	519	28712
burunlu	519	28713
pornosu	519	28714
geçirmekten	519	28715
mobilyalar	519	28716
baston	519	28717
piyanoyu	519	28718
boruyu	519	28719
bulmalısınız	519	28720
seçeneklerimiz	519	28721
lukas	519	28722
meksikalılar	519	28723
vurman	519	28724
çılgıncaydı	519	28725
dokunduğu	519	28726
dunbar	519	28727
papazı	519	28728
kıçımdan	519	28729
işaretimle	519	28730
hortlak	519	28731
masrafı	519	28732
sevdiler	519	28733
şöhreti	519	28734
avukatların	519	28735
kelimeye	519	28736
çöplüğe	519	28737
uss	519	28738
ölüyoruz	519	28739
rastlamadım	519	28740
okuyabilirsin	519	28741
okuyabiliyor	519	28742
partideki	519	28743
öldürülmesini	519	28744
yeraltına	518	28745
aramaz	518	28746
duramazsın	518	28747
çarçur	518	28748
imzaladın	518	28749
dolaşıyorsun	518	28750
konuşmasak	518	28751
yapamadın	518	28752
kontrolüne	518	28753
ismail	518	28754
çubukları	518	28755
haldun	518	28756
yönetime	518	28757
bahanen	518	28758
ettireceğim	518	28759
mahallesinde	518	28760
harrington	518	28761
güzelliğine	518	28762
güvendiğin	518	28763
suçumdu	518	28764
bartlett	518	28765
sıhhiye	518	28766
amacının	518	28767
inşaa	518	28768
ülkemizde	518	28769
konuğu	518	28770
iadesi	518	28771
honda	518	28772
partisinin	518	28773
hammer	518	28774
birliktelik	518	28775
ambar	518	28776
ağladın	518	28777
dönmeyeceğini	518	28778
hip	518	28779
mülkiyet	518	28780
lehimize	517	28781
mahoney	517	28782
sayısının	517	28783
dövmeli	517	28784
alexei	517	28785
atf	517	28786
vermeyelim	517	28787
utandırmak	517	28788
halkımızın	517	28789
seveceksiniz	517	28790
görünürdü	517	28791
verenler	517	28792
skandalı	517	28793
aktörler	517	28794
burgess	517	28795
tepeyi	517	28796
diploma	517	28797
doğusunda	517	28798
yemeğiniz	517	28799
bunaltıcı	517	28800
vermekte	517	28801
hatunun	517	28802
görüşüne	517	28803
uza	517	28804
soktuğum	517	28805
dayanak	517	28806
çevirmeni	517	28807
varacağız	517	28808
tanıştığını	517	28809
gizlenme	517	28810
geldiğinize	517	28811
şükrediyorum	517	28812
kabahat	517	28813
umudumu	517	28814
istifade	517	28815
edildiler	517	28816
uydurdu	517	28817
kristin	517	28818
kitabımda	517	28819
kaçıranlar	517	28820
spora	517	28821
cesaretli	517	28822
dişiler	516	28823
mevzusu	516	28824
durumdaydım	516	28825
sunset	516	28826
eskimiş	516	28827
yandım	516	28828
atılmak	516	28829
elka	516	28830
öderiz	516	28831
carlisle	516	28832
kütüphanesi	516	28833
didi	516	28834
bridge	516	28835
beecher	516	28836
çabalıyor	516	28837
ahlaklı	516	28838
rüyam	516	28839
tehlikeliydi	516	28840
yoda	516	28841
davranacak	516	28842
tanıdınız	516	28843
çekildiğini	516	28844
ördekler	516	28845
görecektir	516	28846
korucu	516	28847
anomali	516	28848
fakirler	516	28849
düğmeleri	516	28850
zarara	516	28851
gaston	516	28852
alkolü	516	28853
omurilik	516	28854
şaraptan	516	28855
kalesine	516	28856
rahatladı	516	28857
haylaz	515	28858
uzağında	515	28859
cayman	515	28860
ayrica	515	28861
tanıştırdı	515	28862
projede	515	28863
ask	515	28864
şikayeti	515	28865
mikroskobik	515	28866
ezekiel	515	28867
konuşmalısınız	515	28868
omzunda	515	28869
dalmış	515	28870
suların	515	28871
cesarete	515	28872
çimen	515	28873
sözlerim	515	28874
kaderimi	515	28875
full	515	28876
evlenmemiş	515	28877
taşınmaya	515	28878
örneklerini	515	28879
içeyim	515	28880
kulaklık	515	28881
olasılıklar	515	28882
verde	515	28883
patladığında	515	28884
düşünmüştün	515	28885
thunder	515	28886
kopyaları	515	28887
aşağılama	515	28888
hendricks	515	28889
kameraman	515	28890
teleskop	515	28891
geliştirmeye	515	28892
denemeliyim	515	28893
bilemiyoruz	515	28894
düşünmenin	515	28895
götürmüyorsun	515	28896
başbakanın	515	28897
koktuğunu	515	28898
rosto	515	28899
ayarlıyorum	515	28900
babanızla	514	28901
edilmeye	514	28902
lazımsın	514	28903
hissetmediğini	514	28904
ikişer	514	28905
ısmarlayacağım	514	28906
zincirleme	514	28907
kullanmayacağım	514	28908
rezillik	514	28909
sandılar	514	28910
anlaşmada	514	28911
rüyalarını	514	28912
georgetown	514	28913
gelebilmek	514	28914
faraday	514	28915
durumdasınız	514	28916
kaftan	514	28917
kızgınlık	514	28918
kahramanımız	514	28919
çekiliyoruz	514	28920
atlattın	514	28921
intikamcılar	514	28922
milwaukee	514	28923
soykırım	514	28924
görevinizi	514	28925
ayrılmasını	514	28926
beyrut	514	28927
eğitilmiş	514	28928
mann	514	28929
yapıcaz	514	28930
aydınlat	514	28931
dönüşümü	514	28932
alacağımızı	514	28933
savaşarak	514	28934
kovdular	514	28935
istiyordunuz	514	28936
hayallerimin	514	28937
şüphelileri	513	28938
konuşurduk	513	28939
polisine	513	28940
edilecektir	513	28941
sesleniyor	513	28942
çözene	513	28943
kandırıyorum	513	28944
derinde	513	28945
ceketli	513	28946
carmine	513	28947
facia	513	28948
bash	513	28949
selina	513	28950
örümcekler	513	28951
bağlanma	513	28952
ade	513	28953
çektiğimiz	513	28954
ayarlayayım	513	28955
kaltaklar	513	28956
kelimelerini	513	28957
magda	513	28958
sürücüyü	513	28959
ortaokul	513	28960
sorularıma	513	28961
konuşunca	513	28962
kiera	513	28963
evlenmesini	513	28964
hasret	513	28965
katılacaksın	513	28966
hampshire	513	28967
keserek	513	28968
yapıştır	513	28969
susam	513	28970
edebiyatı	513	28971
eğitmeni	513	28972
kestiğim	513	28973
umutla	513	28974
meghan	513	28975
acıyacak	513	28976
takarım	513	28977
içmekten	513	28978
bitirmemiz	513	28979
düşünmemeye	513	28980
muhafazakar	513	28981
saçmalıyor	513	28982
bilgiyle	513	28983
gemimi	513	28984
oranını	513	28985
yakınından	513	28986
çıngıraklı	513	28987
sandalyeler	513	28988
uhh	513	28989
renge	513	28990
rüyadan	513	28991
kalmamalı	513	28992
hidrolik	513	28993
gelmiyorsunuz	513	28994
içermektedir	513	28995
görüşmedik	512	28996
sitesinde	512	28997
düşmanını	512	28998
juanita	512	28999
bileğim	512	29000
nicola	512	29001
ayrım	512	29002
muyduk	512	29003
ayağında	512	29004
tıkanmış	512	29005
bozguna	512	29006
yöntemimle	512	29007
kullanmayın	512	29008
curt	512	29009
kapsül	512	29010
roxy	512	29011
memnunuz	512	29012
vücutları	512	29013
başarabilirim	512	29014
doğayı	512	29015
erdem	512	29016
topladın	512	29017
ekipte	512	29018
kazanırsak	512	29019
restoranında	512	29020
newark	512	29021
röntgeni	512	29022
oyunumu	512	29023
velayetini	512	29024
yakalamam	512	29025
kompleksi	512	29026
gerçeğine	512	29027
hattının	512	29028
edeceğinizi	512	29029
dövüşte	511	29030
beklemiyorduk	511	29031
kesilmesi	511	29032
parmaklıkların	511	29033
öldürmemiş	511	29034
edeceğimiz	511	29035
mağazadan	511	29036
fazlalar	511	29037
oturabilirsiniz	511	29038
göründüğün	511	29039
stalingrad	511	29040
taşıyabilir	511	29041
motele	511	29042
matrix	511	29043
gelmemiştim	511	29044
igor	511	29045
arıyordur	511	29046
organizma	511	29047
enfekte	511	29048
ayakla	511	29049
iha	511	29050
kaydetmiş	511	29051
oynamadım	511	29052
gülüyorlar	511	29053
pişiriyor	511	29054
hepten	511	29055
guido	511	29056
fikrinin	511	29057
yapamayacağı	511	29058
bristol	511	29059
uzmanım	511	29060
edilmeyi	511	29061
önerirsin	511	29062
programından	511	29063
ninni	511	29064
çiğnemek	511	29065
anormallik	510	29066
zürih	510	29067
ölmüştün	510	29068
tutukladılar	510	29069
çağırmamı	510	29070
boklu	510	29071
çekinmeden	510	29072
osborne	510	29073
parçalanıyor	510	29074
yar	510	29075
sanmayın	510	29076
ymiş	510	29077
payına	510	29078
bao	510	29079
şam	510	29080
habercisi	510	29081
düşersin	510	29082
yayınlanan	510	29083
tonya	510	29084
itiş	510	29085
cebe	510	29086
başlamışlar	510	29087
kesmelisin	510	29088
savaşla	510	29089
kurbanını	510	29090
şirketiyle	510	29091
yöntemlerini	510	29092
noktasından	510	29093
şarkını	510	29094
bırakmazlar	510	29095
god	510	29096
majestelerine	510	29097
sanatını	510	29098
kaçmanın	510	29099
bileği	510	29100
anladığında	510	29101
lenin	509	29102
mağazasında	509	29103
binen	509	29104
kafeteryada	509	29105
masamın	509	29106
heves	509	29107
inanırdı	509	29108
schultz	509	29109
braddock	509	29110
kanguru	509	29111
regan	509	29112
düşüyoruz	509	29113
olabilmesi	509	29114
yaşandığı	509	29115
kuruluşu	509	29116
şaşırmıştım	509	29117
sigortam	509	29118
con	509	29119
odağı	509	29120
gidişini	509	29121
bağırdığını	509	29122
kaptana	509	29123
harfli	509	29124
yağar	509	29125
kolların	509	29126
sevişmeyi	509	29127
hepatit	509	29128
sıkıp	509	29129
hızıyla	509	29130
nedensiz	509	29131
ramos	509	29132
inanmış	509	29133
dondurmayı	509	29134
çağırdık	509	29135
kaçırıldığını	509	29136
varil	509	29137
içgüdülerim	509	29138
suçlanan	508	29139
oyuncuyum	508	29140
tolerans	508	29141
kaşlarını	508	29142
bahsetmemişti	508	29143
üçgeni	508	29144
çocuklarda	508	29145
öldüğüm	508	29146
çekleri	508	29147
dosta	508	29148
hawking	508	29149
saygılar	508	29150
iyiyi	508	29151
fallon	508	29152
çıkarılan	508	29153
küreği	508	29154
konan	508	29155
düşene	508	29156
gösterdiniz	508	29157
bağlayacak	508	29158
kuzeydoğu	508	29159
görmemesi	508	29160
anneyle	508	29161
okey	508	29162
yapmayacağına	508	29163
kalkıştı	508	29164
vallaha	508	29165
bulamayacağı	508	29166
boomer	508	29167
bozuktu	508	29168
kirpi	508	29169
sevkiyat	508	29170
düşünmelerini	508	29171
pastanın	508	29172
başlatıldı	508	29173
saklandım	508	29174
barcelona	508	29175
sanjay	508	29176
irmak	508	29177
lim	508	29178
sorunlarımızı	508	29179
düzeltebilir	508	29180
çalardı	508	29181
temelini	508	29182
loto	508	29183
yapmasan	507	29184
yürüyordu	507	29185
hoşlanmadın	507	29186
çıkartabilir	507	29187
tanımadan	507	29188
akılsız	507	29189
icinde	507	29190
mağaranın	507	29191
yapti	507	29192
santrali	507	29193
saraydan	507	29194
kokusuna	507	29195
guthrie	507	29196
kapitalist	507	29197
bağımız	507	29198
inceledi	507	29199
kaymış	507	29200
yönetimini	507	29201
düzenin	507	29202
araştırıp	507	29203
sütünü	507	29204
getirecekler	507	29205
reddediyorsun	507	29206
itme	507	29207
döneceksiniz	507	29208
şaşkınlık	507	29209
eliniz	507	29210
yaşayanların	507	29211
kayayı	507	29212
mystic	507	29213
hologram	507	29214
atmalısın	507	29215
geçerler	507	29216
ağabeyimi	507	29217
şerefini	507	29218
götürebiliriz	507	29219
canavarsın	507	29220
efsaneler	507	29221
ibneler	507	29222
birsürü	506	29223
becerdim	506	29224
hemşireyi	506	29225
gemilere	506	29226
adalind	506	29227
çelikten	506	29228
gebelik	506	29229
roketi	506	29230
ağzınızı	506	29231
söyleyebilseydim	506	29232
yakalanırsak	506	29233
dum	506	29234
sikime	506	29235
götürürsün	506	29236
ayırıyor	506	29237
giymişsin	506	29238
dolardı	506	29239
sevin	506	29240
yasaklama	506	29241
bizimkinden	506	29242
ulaşabilirim	506	29243
hilesi	506	29244
durmuyorsun	506	29245
toplayacak	506	29246
lılar	506	29247
tavrını	506	29248
dizin	506	29249
uygarlık	506	29250
willoughby	506	29251
hatunla	506	29252
kalanının	506	29253
kariyerimin	506	29254
kodlarını	506	29255
denizkızı	506	29256
tesisin	506	29257
lucie	506	29258
kestane	506	29259
issız	506	29260
southfork	506	29261
dezenfekte	505	29262
uçuşun	505	29263
buluşabilir	505	29264
dizim	505	29265
yolumun	505	29266
özelliğini	505	29267
saldırısını	505	29268
yamalak	505	29269
bora	505	29270
görünüm	505	29271
savaşının	505	29272
yaşandığını	505	29273
şaşırıyorum	505	29274
ayırmayın	505	29275
lili	505	29276
dip	505	29277
rakibim	505	29278
tüfeğini	505	29279
oyunlarına	505	29280
kımıldamasın	505	29281
girdiğimi	505	29282
güneydeki	505	29283
yüzer	505	29284
salonundaki	505	29285
çekebilirsin	505	29286
berg	505	29287
sağolasın	505	29288
verebilmek	505	29289
viper	505	29290
içerdi	505	29291
kulağında	505	29292
soruyordum	505	29293
kazanmasını	505	29294
yalamak	505	29295
yalnızlığı	505	29296
kaçmalıyız	504	29297
kurtların	504	29298
başlayalı	504	29299
sergio	504	29300
bilmiyordur	504	29301
yapışık	504	29302
isteniyor	504	29303
kapıldı	504	29304
sevmediği	504	29305
hazırlanalım	504	29306
sevmezler	504	29307
galerisi	504	29308
başvurdum	504	29309
hissetmiyorsun	504	29310
menüde	504	29311
alçakça	504	29312
kullanmadın	504	29313
endişeleniyordum	504	29314
bebeğiniz	504	29315
bankadaki	504	29316
evlendiği	504	29317
yasaklandı	504	29318
izleyebilirsin	504	29319
tavuğun	504	29320
saklanmaya	504	29321
soyunun	504	29322
önder	504	29323
alelade	504	29324
taşıdığın	504	29325
düşmanlarımız	504	29326
ebay	504	29327
mont	504	29328
ulaşmasını	504	29329
bulutlu	504	29330
gözetlemek	504	29331
katıyor	504	29332
kurtardığım	504	29333
karnımı	504	29334
korunmuş	504	29335
sağında	504	29336
sampson	504	29337
cevaplara	504	29338
olmamalıyım	504	29339
kaynağa	504	29340
kostümlü	504	29341
çevirebilir	504	29342
edindi	504	29343
pansiyon	504	29344
beğenir	504	29345
kuralına	504	29346
kumaşı	504	29347
yayından	504	29348
kardeşlerine	504	29349
bilemeyeceğiz	504	29350
esprili	504	29351
lanetlenmiş	504	29352
gülümsüyorsun	504	29353
sinyalin	504	29354
çizimleri	504	29355
ömrünü	504	29356
mri	504	29357
ufukta	504	29358
tk	504	29359
koyabilirim	504	29360
krizin	503	29361
anısı	503	29362
lambaları	503	29363
dağıtın	503	29364
dürtü	503	29365
düşür	503	29366
ölüyü	503	29367
içebilirim	503	29368
akbabalar	503	29369
koordine	503	29370
yolundaki	503	29371
kadınını	503	29372
şövalyeleri	503	29373
takımımız	503	29374
seçime	503	29375
düşerim	503	29376
kızmıştım	503	29377
saklanamazsın	503	29378
hatırlamaz	503	29379
üsteğmen	503	29380
batmadan	503	29381
bekman	503	29382
dinlemeyin	503	29383
leary	503	29384
gizliyor	503	29385
zindan	503	29386
taslağı	503	29387
kalmayız	503	29388
yeminini	503	29389
meblağ	503	29390
hissetmene	503	29391
kahya	503	29392
dakiler	503	29393
boğazında	503	29394
crow	502	29395
üm	502	29396
marquez	502	29397
dünyamıza	502	29398
döndüğünüzde	502	29399
nero	502	29400
demi	502	29401
ülkelerin	502	29402
batar	502	29403
büyükannemi	502	29404
kullanılacağını	502	29405
kraliçeye	502	29406
deydim	502	29407
kaçırmadım	502	29408
gezegenimiz	502	29409
karşımdan	502	29410
tanımla	502	29411
kurtları	502	29412
kimlikler	502	29413
adamakıllı	502	29414
satacağız	502	29415
ekti	502	29416
görmediğimiz	502	29417
zavallılar	502	29418
ağacını	502	29419
seyircilerin	502	29420
öldürülmek	502	29421
bilgilerine	502	29422
cdc	502	29423
görünüyorlardı	502	29424
ness	502	29425
kuraldır	502	29426
payım	502	29427
affedecek	502	29428
gercek	502	29429
sarsıcı	502	29430
uygulanan	502	29431
davranacaksın	502	29432
odessa	502	29433
ürpertiyor	502	29434
sevgimi	502	29435
rezervasyonu	502	29436
sağlığa	502	29437
kaybetmesi	502	29438
senkronize	502	29439
itiyor	502	29440
hmmm	502	29441
düşünmedi	501	29442
muharebe	501	29443
buluşacaktık	501	29444
temizlenmesi	501	29445
yapmaktır	501	29446
crusoe	501	29447
halden	501	29448
om	501	29449
mendoza	501	29450
birimin	501	29451
bağlayacağım	501	29452
indireceğim	501	29453
ülken	501	29454
mutluluğa	501	29455
otoban	501	29456
önemsediğini	501	29457
tahminime	501	29458
alain	501	29459
istasyonundan	501	29460
gücünüzü	501	29461
şeytanları	501	29462
özleyecek	501	29463
sevgilerle	501	29464
açısını	501	29465
izliyordun	501	29466
üzerindeyim	501	29467
tempo	501	29468
orduyla	501	29469
örtmek	501	29470
döver	501	29471
görmüyordum	501	29472
ömrün	501	29473
windsor	501	29474
lavabonun	501	29475
derini	501	29476
alçakgönüllü	501	29477
edinmeye	501	29478
mutlulukla	501	29479
maskeni	501	29480
poseidon	501	29481
göstereceğini	501	29482
savunuyorsun	501	29483
hikâyen	501	29484
tanışmadın	501	29485
cavanaugh	501	29486
dinlediğini	501	29487
maia	501	29488
radyodan	501	29489
çözülmüş	501	29490
hızlıdır	501	29491
saçıma	501	29492
uğraştık	501	29493
bırakacaklar	500	29494
aramalarıma	500	29495
sevme	500	29496
anlatacağız	500	29497
geliştirilmiş	500	29498
buharlı	500	29499
tablet	500	29500
kendrick	500	29501
kızkardeşi	500	29502
korece	500	29503
pooja	500	29504
kanepenin	500	29505
antrenör	500	29506
ölçüm	500	29507
sıcakta	500	29508
unutacaksın	500	29509
paylaşma	500	29510
kelepçeler	500	29511
stresi	500	29512
haftalarda	500	29513
izlerdim	500	29514
bizimdir	500	29515
yakalanırsan	500	29516
annenizle	500	29517
reddettin	500	29518
tetikleyici	500	29519
derinliklerinden	500	29520
tutabilmek	500	29521
dinlenmem	500	29522
merhameti	500	29523
gergindi	500	29524
law	500	29525
gücünde	500	29526
indik	500	29527
dairesinin	500	29528
yor	500	29529
kablosu	500	29530
ölse	500	29531
kullanmışlar	500	29532
vermemelisin	500	29533
bayılırlar	500	29534
yarışmanın	500	29535
etkilenen	500	29536
mensubu	500	29537
ödünü	500	29538
göndermedi	500	29539
imaj	499	29540
bırakacağımı	499	29541
golü	499	29542
kalkıyorum	499	29543
plân	499	29544
isteyeceğiz	499	29545
balıkçılık	499	29546
verdiğimizi	499	29547
kanalın	499	29548
tanıyıp	499	29549
andreas	499	29550
cevaplarını	499	29551
siyaha	499	29552
kübalı	499	29553
tarife	499	29554
çantanızı	499	29555
itirazım	499	29556
siteye	499	29557
bakkal	499	29558
öldürteceksin	499	29559
tanıkların	499	29560
itirafı	499	29561
kati	499	29562
büyüler	499	29563
kurbanlardan	499	29564
arttırmaya	499	29565
kardeşinim	499	29566
kapaklı	499	29567
konuşursa	499	29568
gerçeklerin	499	29569
geçirirken	499	29570
açınca	499	29571
kayıtların	499	29572
gezdim	499	29573
reddetme	499	29574
durdurmam	499	29575
çiçekli	499	29576
ölenlerin	499	29577
paund	499	29578
şifreleme	499	29579
yöntemin	499	29580
ölümünde	499	29581
oluşunu	499	29582
olmayasın	499	29583
yarışına	499	29584
dolaştığını	499	29585
keşfedilmemiş	499	29586
borsada	499	29587
tekiyle	499	29588
istemezse	499	29589
boylarında	499	29590
soktuğunu	499	29591
getirirler	499	29592
kentin	499	29593
himmler	499	29594
muzdarip	499	29595
istasyondan	499	29596
gözlerimizi	499	29597
içtiniz	498	29598
barına	498	29599
atlıyor	498	29600
soğudu	498	29601
ayrılmadı	498	29602
helyum	498	29603
asansörün	498	29604
creed	498	29605
gönlüm	498	29606
nesiydi	498	29607
bulmaktan	498	29608
dharma	498	29609
istemesen	498	29610
babaanne	498	29611
gururun	498	29612
hetero	498	29613
soyadım	498	29614
felaketin	498	29615
dion	498	29616
etmeliydin	498	29617
dururlar	498	29618
eisenhower	498	29619
sinirlerini	498	29620
rayburn	498	29621
danvers	498	29622
saflık	498	29623
karşınıza	498	29624
kostümler	498	29625
mcgarrett	498	29626
masasını	498	29627
rıhtımda	498	29628
sahanın	498	29629
beynimde	498	29630
akış	498	29631
kupon	498	29632
elisa	498	29633
takside	498	29634
oteline	498	29635
leviathan	498	29636
anlatarak	498	29637
sevinçten	498	29638
korkaklık	498	29639
şampanyayı	498	29640
çizmeyi	498	29641
davranıyoruz	498	29642
tanklar	498	29643
crusher	498	29644
sonar	498	29645
yaşamıştım	498	29646
ifadesine	497	29647
köpeğimiz	497	29648
tesisat	497	29649
run	497	29650
eloise	497	29651
kumarhanede	497	29652
tanıyorsam	497	29653
özeldi	497	29654
kalmalarını	497	29655
yaşamama	497	29656
johanna	497	29657
koyunlar	497	29658
yanarak	497	29659
halledeceksin	497	29660
sürüklüyor	497	29661
fire	497	29662
silahınız	497	29663
dikmek	497	29664
yönlerini	497	29665
neşeyle	497	29666
nemo	497	29667
saçında	497	29668
araf	497	29669
cabası	497	29670
pantolonunun	497	29671
yükselmeye	497	29672
öğretmenlerin	497	29673
yaninda	497	29674
antoinette	497	29675
vodka	497	29676
inanmıyorsunuz	497	29677
davranmam	497	29678
sandalyenin	497	29679
apaçi	497	29680
edindin	497	29681
sevgini	497	29682
öfkeyi	497	29683
motorsiklet	497	29684
beslenmek	497	29685
harcamayı	497	29686
konuşmayacağız	497	29687
patti	497	29688
balerin	497	29689
beraberlik	497	29690
değiştirdiniz	497	29691
susuzluktan	497	29692
tarık	497	29693
çaldığımı	496	29694
gelecektim	496	29695
göstermeni	496	29696
konferansa	496	29697
düzeltmem	496	29698
healy	496	29699
görevdeyim	496	29700
gişe	496	29701
korkutucuydu	496	29702
espriler	496	29703
götürdük	496	29704
muzlu	496	29705
boğuluyorum	496	29706
yüzeyine	496	29707
çözebilir	496	29708
önemseyen	496	29709
uzmanıyım	496	29710
gösteriydi	496	29711
erkekti	496	29712
girdiğimiz	496	29713
azdı	496	29714
eğlencesine	496	29715
fergus	496	29716
kullanabileceğim	496	29717
görüşmeden	496	29718
öcü	496	29719
oynardı	496	29720
misa	496	29721
dönek	496	29722
kaçakçısı	496	29723
ole	496	29724
marilla	496	29725
brifing	496	29726
kirası	496	29727
bıraksam	496	29728
give	496	29729
rain	496	29730
patlayabilir	496	29731
bendeniz	496	29732
okadar	496	29733
içgüdüsel	496	29734
sarıyor	496	29735
takalım	496	29736
tutamayız	496	29737
anlatmıyor	496	29738
anlardı	496	29739
gelseniz	496	29740
kadehi	496	29741
davrandığı	495	29742
esirgeme	495	29743
buddha	495	29744
ütü	495	29745
atlarla	495	29746
çocukluktan	495	29747
belirlenen	495	29748
bahçeleri	495	29749
söyleseydi	495	29750
yunuslar	495	29751
compton	495	29752
gruplara	495	29753
uğratma	495	29754
yaptırır	495	29755
dalgın	495	29756
izleyebiliriz	495	29757
bugun	495	29758
bernstein	495	29759
görüyordun	495	29760
tanışana	495	29761
filmlerinden	495	29762
reklamları	495	29763
minnacık	495	29764
gözetiminde	495	29765
ayrılacağını	495	29766
işletiyorum	495	29767
cbs	495	29768
buluşacaksın	495	29769
kuşa	495	29770
willard	495	29771
alacağımız	495	29772
umutlar	495	29773
soyguna	495	29774
galileo	495	29775
davranacağız	495	29776
buluşabiliriz	495	29777
telefonuyla	495	29778
rigsby	495	29779
heo	495	29780
orduları	495	29781
görmemek	495	29782
salaklık	495	29783
oranla	495	29784
dempsey	495	29785
anımsıyorum	495	29786
bırakmayacaksın	495	29787
hissettiklerimi	495	29788
büyücülük	495	29789
bıraktıkları	495	29790
mccall	495	29791
doğumdan	495	29792
çıkarlarını	495	29793
gerilla	495	29794
sinin	495	29795
roller	495	29796
bakmanızı	495	29797
yürüyebilirim	495	29798
oluşturun	495	29799
stig	495	29800
adamim	495	29801
yöneticileri	494	29802
uyandırdın	494	29803
imzalanmış	494	29804
etrafımdaki	494	29805
gurup	494	29806
carmichael	494	29807
gribi	494	29808
dinlesene	494	29809
getirirken	494	29810
bağlanıyor	494	29811
oturacağız	494	29812
düzelttim	494	29813
çalmadan	494	29814
kitapla	494	29815
olduğumuzun	494	29816
büyüklüğünü	494	29817
fahişesi	494	29818
orkestrası	494	29819
yönetilen	494	29820
dönmemiş	494	29821
sürmesini	494	29822
okuyucu	494	29823
isterdiniz	494	29824
seçmedim	494	29825
yüzerek	494	29826
zincire	494	29827
yaşanabilir	494	29828
aramakla	494	29829
istemişler	494	29830
bilgilendir	494	29831
atmanın	494	29832
markus	494	29833
makinem	494	29834
kobay	494	29835
düşünüyorsundur	494	29836
huyu	494	29837
sağlamaz	494	29838
teneffüs	494	29839
bilgisayarla	494	29840
zorluklarla	494	29841
artmış	494	29842
çekerse	494	29843
haklarım	494	29844
sertti	494	29845
anlayamadın	494	29846
sıkıştırdı	494	29847
değişmişti	494	29848
getirdiğine	494	29849
yaşanmadı	494	29850
giysilerimi	493	29851
kayalara	493	29852
gecelerde	493	29853
durmamız	493	29854
oynamıyorsun	493	29855
tutukladı	493	29856
romulan	493	29857
tonunu	493	29858
öğrenim	493	29859
çarpacak	493	29860
açmayacak	493	29861
bıçakları	493	29862
oynarsın	493	29863
çıksan	493	29864
kontrolümüz	493	29865
pozisyonuna	493	29866
numarasına	493	29867
arkansas	493	29868
günahlar	493	29869
cenazeden	493	29870
yapıyorsanız	493	29871
çekebilirim	493	29872
alttaki	493	29873
rakamı	493	29874
kerelik	493	29875
çevirdiler	493	29876
olasılığını	493	29877
rekabetçi	493	29878
delirdiğimi	493	29879
isteseydin	493	29880
dinlemeyeceğim	493	29881
gallo	493	29882
hatrına	493	29883
saklandı	493	29884
kaydım	493	29885
yapacağından	493	29886
dama	493	29887
bataklıkta	493	29888
maskeleri	493	29889
torunumu	493	29890
gidilecek	493	29891
baktılar	493	29892
midesini	493	29893
dostunum	493	29894
anlıyorsundur	493	29895
ödeyin	493	29896
anlamamız	492	29897
flores	492	29898
müsadenizle	492	29899
gözümüzü	492	29900
lolipop	492	29901
gözüken	492	29902
olamayacağı	492	29903
garajın	492	29904
gölüne	492	29905
raydan	492	29906
birimizi	492	29907
sahibin	492	29908
uğramam	492	29909
faili	492	29910
süpersin	492	29911
olabiliyorum	492	29912
temizlemeyi	492	29913
bardakları	492	29914
ucubeler	492	29915
much	492	29916
yetkiniz	492	29917
tutulduğu	492	29918
üzüldüğünü	492	29919
townsend	492	29920
scotland	492	29921
kurtuluşu	492	29922
norfolk	492	29923
çizgiye	492	29924
anten	492	29925
woodhouse	492	29926
veritabanında	492	29927
durduramam	492	29928
yaşamıyoruz	492	29929
yüreğini	492	29930
böceklerin	492	29931
paylaştık	492	29932
kilosu	492	29933
sırtındaki	492	29934
ölüydü	492	29935
öyleydik	492	29936
edebileceğiniz	492	29937
keseceğiz	492	29938
tuhaftır	492	29939
aloha	492	29940
utanacak	492	29941
yıkanmış	492	29942
sandığımız	492	29943
ağını	492	29944
hinata	492	29945
stresten	491	29946
augustus	491	29947
beraberdi	491	29948
boşaltma	491	29949
araştırmanı	491	29950
oyları	491	29951
zanlının	491	29952
teklifinde	491	29953
mount	491	29954
bağlantıda	491	29955
cinayetinde	491	29956
demirci	491	29957
listesinin	491	29958
dilediğini	491	29959
gidiyorsa	491	29960
zorlamaya	491	29961
gibisini	491	29962
özdemir	491	29963
birimine	491	29964
dinlensin	491	29965
senatörün	491	29966
iyisine	491	29967
benimleydi	491	29968
mesaiye	491	29969
oynadınız	491	29970
inanmayacak	491	29971
hastaneleri	491	29972
gunn	491	29973
sevmediğin	491	29974
uyuyordun	491	29975
deep	491	29976
teklifinizi	491	29977
vav	491	29978
doreen	491	29979
hizmetinde	491	29980
kazananlar	491	29981
uğrattığım	491	29982
kayıpları	491	29983
konuşuyorlardı	491	29984
sicil	491	29985
güvenlidir	491	29986
begüm	491	29987
isteyebileceğini	491	29988
bluz	490	29989
boşluğunda	490	29990
sanıp	490	29991
verandada	490	29992
cip	490	29993
bavulu	490	29994
yalanını	490	29995
maktul	490	29996
şarkımız	490	29997
isteğine	490	29998
hissederdin	490	29999
silahlarımız	490	30000
