# Kaynak: Leipzig Corpora Collection tur_news_2024_30K — CC BY 4.0. Sütunlar: kelime, sayı, sıra
ve	10472	1
bir	7128	2
bu	4575	3
için	2829	4
da	2407	5
ile	2384	6
de	2251	7
olarak	1650	8
'	1473	9
daha	1360	10
çok	1293	11
olan	1193	12
en	1118	13
ise	1048	14
yeni	912	15
göre	899	16
gibi	833	17
bin	825	18
her	821	19
kadar	817	20
yüzde	796	21
ilk	784	22
son	779	23
başkanı	776	24
büyük	775	25
devam	769	26
tarafından	734	27
ardından	686	28
yer	685	29
etti	676	30
olduğu	661	31
sonra	661	32
olduğunu	655	33
oldu	654	34
yapılan	631	35
önemli	620	36
ne	610	37
dedi	592	38
ilgili	584	39
hem	562	40
yıl	560	41
tüm	560	42
var	543	43
sosyal	537	44
genel	534	45
ancak	525	46
türkiye	517	47
şekilde	510	48
arasında	509	49
eden	491	50
iki	472	51
birlikte	460	52
aynı	460	53
o	454	54
gelen	452	55
iyi	450	56
geldi	445	57
belediye	441	58
ama	430	59
karşı	427	60
yaptığı	426	61
iş	424	62
sağlık	420	63
zaman	410	64
diye	408	65
ifade	405	66
önce	399	67
bulunan	396	68
milyon	394	69
ediyor	391	70
gün	386	71
başkan	385	72
alan	382	73
kişi	379	74
üzerine	377	75
edildi	373	76
türk	373	77
yönelik	372	78
özel	371	79
değil	366	80
bugün	360	81
söyledi	359	82
milli	349	83
istanbul	344	84
fazla	340	85
diğer	340	86
biz	340	87
özellikle	338	88
yüksek	331	89
kullandı	330	90
olay	329	91
ortaya	327	92
ilişkin	326	93
günü	324	94
nedeniyle	316	95
dikkat	316	96
ayrıca	315	97
bulundu	312	98
veya	311	99
saat	311	100
cumhurbaşkanı	310	101
sadece	309	102
eğitim	309	103
milyar	308	104
geçen	308	105
üzere	307	106
açıklamada	303	107
parti	303	108
israil	302	109
içinde	301	110
ki	299	111
olacak	298	112
yerine	297	113
ya	293	114
konuştu	292	115
çıktı	290	116
ifadelerini	287	117
hakkında	286	118
olmak	284	119
büyükşehir	284	120
bakanı	277	121
ekipleri	276	122
bazı	275	123
kez	273	124
verdi	273	125
güvenlik	272	126
erdoğan	266	127
yeniden	266	128
il	266	129
hayatını	265	130
edilen	264	131
tl	261	132
meydana	260	133
aldı	257	134
sahip	256	135
yaklaşık	255	136
kişinin	252	137
farklı	251	138
polis	249	139
devlet	249	140
belirtti	248	141
destek	248	142
nasıl	247	143
hava	247	144
belediyesi	246	145
başladı	245	146
üzerinde	242	147
yok	242	148
şu	242	149
çıkan	240	150
birçok	240	151
su	240	152
kendi	239	153
açıkladı	236	154
yaptı	235	155
tek	234	156
ben	234	157
medya	231	158
biri	230	159
neden	230	160
bizim	230	161
yapan	227	162
düzenlenen	227	163
ikinci	226	164
eski	224	165
uzun	223	166
seçim	223	167
kapsamında	222	168
ilçesinde	221	169
olması	220	170
para	220	171
bunun	220	172
yol	213	173
uluslararası	213	174
ak	211	175
hafta	210	176
konusunda	209	177
kabul	209	178
altında	209	179
zamanda	207	180
burada	205	181
işte	203	182
sonrası	202	183
bakanlığı	202	184
yılında	200	185
abd	197	186
kadın	197	187
mücadele	195	188
lira	194	189
tespit	194	190
yaşanan	194	191
ali	193	192
üzerinden	193	193
karar	193	194
dünya	193	195
doğru	192	196
mehmet	190	197
türkiye'nin	187	198
kısa	187	199
böyle	187	200
ayında	186	201
şey	186	202
az	185	203
araç	185	204
artık	185	205
avrupa	184	206
içerisinde	184	207
ettiği	183	208
yoğun	183	209
söz	183	210
sonucu	182	211
çocuk	181	212
gerektiğini	177	213
bunu	177	214
rağmen	176	215
altın	176	216
teknik	176	217
hizmet	174	218
ele	173	219
cumhuriyet	173	220
ay	173	221
chp	172	222
yaşındaki	172	223
bağlı	171	224
süre	171	225
güzel	171	226
açık	171	227
aile	171	228
merkez	170	229
dile	169	230
yerel	169	231
konusu	168	232
müdürlüğü	168	233
durum	168	234
sevk	167	235
tarihi	167	236
ev	167	237
emekli	167	238
hale	166	239
gözaltına	165	240
çünkü	165	241
ağır	165	242
geri	164	243
savunma	164	244
etmek	163	245
bütün	163	246
adayı	163	247
genç	163	248
başka	162	249
düşük	161	250
güçlü	161	251
dün	161	252
belirten	160	253
dair	160	254
süper	160	255
ekonomik	160	256
elde	159	257
sıra	158	258
alınan	158	259
deprem	158	260
ait	157	261
altına	157	262
duyurdu	157	263
ederek	157	264
kararı	157	265
bakan	157	266
dönemde	155	267
alındı	154	268
toplam	153	269
yangın	153	270
olabilir	152	271
yapılacak	152	272
resmi	152	273
belirterek	151	274
siyasi	151	275
yana	150	276
kontrol	150	277
yıllık	150	278
çalışma	150	279
kurulu	150	280
uygun	149	281
bilgi	149	282
hangi	149	283
açıklama	148	284
yakın	148	285
yine	148	286
bulunduğu	147	287
spor	147	288
belli	146	289
durumu	146	290
hiçbir	146	291
mı	145	292
mustafa	145	293
önceki	145	294
ciddi	144	295
dolar	144	296
yılın	144	297
mi	143	298
sırasında	143	299
ankara	143	300
bile	141	301
verdiği	141	302
olsun	141	303
ülke	141	304
geçtiğimiz	141	305
ilçe	141	306
ziyaret	140	307
gece	140	308
yanı	139	309
vatandaşlar	139	310
tam	139	311
yaralandı	138	312
takip	138	313
anda	137	314
boyunca	137	315
tercih	137	316
öne	137	317
yönetim	137	318
yapıldı	136	319
zam	136	320
şimdi	136	321
çeşitli	135	322
yani	135	323
verildi	134	324
otomobil	134	325
bölge	134	326
oy	133	327
benim	133	328
enflasyon	132	329
araya	131	330
israil'in	131	331
sezon	131	332
hiç	131	333
terör	131	334
soruşturma	131	335
enerji	131	336
buna	131	337
fenerbahçe	130	338
peki	130	339
edecek	130	340
sırada	130	341
ünlü	130	342
yandan	129	343
artış	128	344
izmir	128	345
gelecek	128	346
recep	127	347
nedenle	127	348
kaldı	127	349
üç	127	350
sahibi	126	351
talep	126	352
ceza	126	353
etkili	125	354
görev	125	355
iddia	124	356
kültür	124	357
bolu	123	358
veren	123	359
aday	123	360
basın	123	361
doğal	123	362
kredi	123	363
dahil	122	364
teşekkür	122	365
yılmaz	122	366
asgari	122	367
yardım	121	368
bize	121	369
trafik	121	370
futbol	121	371
belirtildi	120	372
ettiğini	120	373
özgür	120	374
ana	120	375
henüz	120	376
dünyanın	120	377
jandarma	120	378
tarım	120	379
arasındaki	119	380
kaybetti	119	381
çalışmaları	119	382
yılı	119	383
ekim	119	384
herhangi	119	385
üst	119	386
partisi	119	387
mayıs	119	388
acil	119	389
açısından	118	390
yapmak	118	391
aldığı	118	392
haber	118	393
küçük	118	394
sabah	118	395
insan	117	396
istanbul'da	116	397
başta	116	398
savaş	116	399
bekleniyor	115	400
sayısı	115	401
merak	115	402
itfaiye	115	403
alıyor	114	404
ediyorum	114	405
gereken	114	406
yaşayan	114	407
deniz	114	408
birliği	114	409
durumda	113	410
hesabından	113	411
önünde	113	412
çalışan	113	413
sonrasında	113	414
ahmet	112	415
tayyip	112	416
çeken	112	417
kalan	112	418
hızlı	112	419
hemen	112	420
temmuz	112	421
yanında	111	422
dakika	111	423
tedavi	111	424
el	111	425
yardımcısı	111	426
gazze	110	427
sayıda	110	428
sona	110	429
aylık	110	430
şüpheli	110	431
mart	110	432
emniyet	110	433
iç	110	434
orman	110	435
şehir	110	436
türkiye'de	109	437
alanda	109	438
olmadığını	109	439
faiz	109	440
geniş	109	441
kocaeli	108	442
işaret	108	443
tekrar	108	444
gelir	108	445
orta	108	446
getirdi	107	447
yerinde	107	448
zor	107	449
takım	107	450
yurt	107	451
adına	106	452
geliyor	106	453
verilen	106	454
ön	106	455
çevre	106	456
şeklinde	105	457
yaşam	105	458
oyuncu	105	459
kaza	105	460
dolayı	104	461
gerekiyor	104	462
saatlerinde	104	463
pek	104	464
yönetimi	104	465
amacıyla	103	466
başlayan	103	467
merkezi	103	468
murat	102	469
bulunuyor	102	470
eder	102	471
ediliyor	102	472
öğrenildi	102	473
yılda	102	474
başına	102	475
bölgede	102	476
dört	102	477
mevcut	102	478
şehit	102	479
isteyen	101	480
itibaren	101	481
göz	101	482
sağlıklı	101	483
kara	101	484
haline	100	485
katkı	100	486
öncesi	100	487
pazar	100	488
almak	99	489
hareket	99	490
gerçek	99	491
elektrik	99	492
filistin	98	493
katıldı	98	494
maçı	98	495
olur	98	496
dışı	98	497
adım	98	498
yardımcı	98	499
askeri	98	500
fiyat	98	501
yatırım	98	502
müdürü	98	503
ticaret	98	504
gündeme	97	505
erken	97	506
genellikle	97	507
dolayısıyla	97	508
hayata	96	509
söyleyen	96	510
tepki	96	511
çalışmalar	96	512
üretim	96	513
düzenlediği	95	514
halinde	95	515
zarar	95	516
teslim	95	517
eşi	95	518
başkanlığı	95	519
güney	95	520
ediyoruz	94	521
çekti	94	522
başarılı	94	523
hastaneye	94	524
günlük	94	525
bana	94	526
onu	94	527
mutlu	94	528
galatasaray	93	529
müdahale	93	530
tür	93	531
hızla	93	532
oldukça	93	533
üniversitesi	93	534
geçti	93	535
hedef	93	536
ayı	93	537
dönem	93	538
suç	93	539
kim	93	540
a	93	541
üyesi	93	542
konuda	92	543
sayesinde	92	544
sürede	92	545
ilçesi	92	546
kötü	92	547
kamu	92	548
halk	92	549
anadolu	91	550
an	91	551
gören	91	552
öte	91	553
kurum	91	554
bildirdi	90	555
imza	90	556
vurguladı	90	557
isim	90	558
ortak	90	559
doğu	90	560
yarın	90	561
birinci	90	562
onun	90	563
barış	90	564
fark	89	565
gösterdi	89	566
akşam	89	567
temel	89	568
yolu	89	569
kuzey	89	570
genelinde	88	571
süreçte	88	572
dışişleri	88	573
eylül	88	574
batı	88	575
milletvekili	88	576
başında	87	577
oluyor	87	578
ocak	87	579
yaz	87	580
karşısında	86	581
karşıya	86	582
konuşan	86	583
önem	86	584
bölgeye	86	585
ek	86	586
transfer	86	587
rusya	85	588
işlem	85	589
gerekli	85	590
sürekli	85	591
aşırı	85	592
konut	85	593
küresel	85	594
ateş	85	595
teknoloji	85	596
can	85	597
grup	85	598
değer	84	599
diyerek	84	600
inşa	84	601
puan	84	602
ismi	84	603
sıcak	84	604
maç	84	605
hep	84	606
adalet	84	607
fatih	83	608
dışında	83	609
günlerde	83	610
alanında	83	611
sayın	83	612
ücret	83	613
şubat	83	614
derece	82	615
getiren	82	616
gol	82	617
kaydetti	82	618
sonunda	82	619
önüne	82	620
mahallesi	82	621
kaç	82	622
hak	82	623
haziran	82	624
dış	82	625
onların	82	626
örgütü	82	627
eğer	82	628
araştırma	82	629
yıldız	82	630
prof	81	631
kaldırıldı	81	632
bölgesinde	81	633
rüyada	81	634
dijital	81	635
bundan	81	636
edeceğiz	80	637
medyada	80	638
oranı	80	639
yaparak	80	640
ramazan	80	641
canlı	80	642
kritik	80	643
ticari	80	644
yabancı	80	645
sağanak	80	646
saldırı	80	647
net	80	648
kasım	80	649
arama	80	650
anne	80	651
önümüzdeki	80	652
sanayi	80	653
ayrı	79	654
açıklamalarda	79	655
olup	79	656
tarihinde	79	657
kar	79	658
ödeme	79	659
nisan	79	660
gösteren	78	661
kazandı	78	662
başvuru	78	663
kazada	78	664
döneminde	77	665
sunuyor	77	666
iran	77	667
ara	77	668
sonuçları	77	669
vatandaşların	77	670
ulusal	77	671
inşallah	77	672
suriye	76	673
etmeye	76	674
sürüyor	76	675
tamamen	76	676
bankası	76	677
proje	76	678
aslında	76	679
bayram	76	680
alarak	75	681
haberine	75	682
kullanılan	75	683
maçında	75	684
olumlu	75	685
yanıt	75	686
yaşandı	75	687
yaşadığı	75	688
yaşamını	75	689
ağustos	75	690
işçi	75	691
olayın	75	692
herkes	75	693
hizmetler	75	694
olmayan	74	695
sonucunda	74	696
vardı	74	697
mümkün	74	698
üçüncü	74	699
oyun	74	700
biraz	74	701
silahlı	74	702
euro	74	703
vardır	73	704
ibb	73	705
giden	73	706
yeri	73	707
kalp	73	708
kendisine	73	709
yemek	73	710
lideri	73	711
aralık	73	712
insanların	73	713
endeksi	73	714
insanlar	73	715
adli	73	716
beşiktaş	72	717
değildir	72	718
dolu	72	719
hazır	72	720
uyuşturucu	72	721
değerli	72	722
derin	72	723
kendisini	72	724
rüya	72	725
yapay	72	726
sistemi	72	727
ekipler	72	728
haftasında	71	729
çekiyor	71	730
adı	71	731
altını	71	732
olumsuz	71	733
sınav	71	734
gerçekten	71	735
hatta	71	736
turizm	71	737
dem	70	738
anlattı	70	739
beraber	70	740
bildirildi	70	741
ederken	70	742
lazım	70	743
olmadığı	70	744
imamoğlu	70	745
gerçekleştirilen	70	746
süreci	70	747
beni	70	748
takımı	70	749
mahallesi'nde	69	750
belirlendi	69	751
düştü	69	752
giren	69	753
isimli	69	754
kaydedildi	69	755
oluşan	69	756
tahmin	69	757
ilgi	69	758
satın	69	759
çözüm	69	760
dakikada	69	761
ihtiyaç	69	762
ülkenin	69	763
lig	69	764
toprak	69	765
zaten	69	766
vergi	69	767
tabii	69	768
alacak	68	769
bilgiye	68	770
cezası	68	771
edilmesi	68	772
fiyatı	68	773
izin	68	774
sonu	68	775
sıralarında	68	776
zorunda	68	777
ekibi	68	778
kendini	68	779
toplantısında	68	780
içişleri	68	781
ona	68	782
dünyada	68	783
cuma	68	784
dikkatli	67	785
istedi	67	786
sık	67	787
sürücü	67	788
hafif	67	789
silah	67	790
açıklandı	66	791
gerçekleşen	66	792
güvenli	66	793
yapıyor	66	794
yıldır	66	795
konu	66	796
internet	66	797
çocukların	66	798
mahkeme	66	799
gıda	66	800
adet	65	801
attı	65	802
etmesi	65	803
maçta	65	804
olsa	65	805
süren	65	806
ismail	65	807
satış	65	808
cumhurbaşkanlığı	65	809
memur	65	810
bizi	65	811
trump	64	812
davet	64	813
ekiplerinin	64	814
taşıyan	64	815
yaralanan	64	816
kırmızı	64	817
meclis	64	818
kemal	63	819
gerçekleşti	63	820
gösteriyor	63	821
liraya	63	822
paylaştı	63	823
suyu	63	824
sağ	63	825
onları	63	826
bölgedeki	63	827
çocuklar	63	828
orada	63	829
demir	63	830
koruma	63	831
yerlikaya	62	832
beri	62	833
görmek	62	834
görüldü	62	835
ifadesini	62	836
itibarıyla	62	837
sene	62	838
yapılması	62	839
toplamda	62	840
okul	62	841
evde	62	842
bunlar	62	843
kent	62	844
trendyol	61	845
adlı	61	846
diyen	61	847
tebrik	61	848
yerde	61	849
yere	61	850
önemlidir	61	851
başbakanı	61	852
benzer	61	853
düzenli	61	854
bakım	61	855
çelik	61	856
birkaç	61	857
maçın	61	858
hakan	60	859
uefa	60	860
başlattı	60	861
fiyatları	60	862
gördü	60	863
sağlamak	60	864
temsil	60	865
türlü	60	866
yükseldi	60	867
yüzden	60	868
kilometre	60	869
yaş	60	870
giriş	60	871
ürün	60	872
emeklilik	60	873
beyaz	60	874
projesi	60	875
bunların	60	876
iklim	60	877
desteği	59	878
etkisiyle	59	879
giderek	59	880
mu	59	881
olmasını	59	882
oranında	59	883
öncesinde	59	884
izmit	59	885
girdi	59	886
ileri	59	887
serbest	59	888
zorlu	59	889
onlar	59	890
ihbar	59	891
uzay	59	892
erdoğan'ın	58	893
hasan	58	894
bilinen	58	895
hapis	58	896
iptal	58	897
kapsamda	58	898
rol	58	899
yıllarda	58	900
aydın	58	901
istiyoruz	58	902
madde	58	903
hastanede	58	904
baba	58	905
bugüne	58	906
ukrayna	57	907
doğrultusunda	57	908
kullandığı	57	909
plakalı	57	910
süredir	57	911
yola	57	912
yolcu	57	913
aracı	57	914
kurumu	57	915
yaralı	57	916
aracın	57	917
personel	57	918
kan	57	919
durumun	57	920
doğan	57	921
allah	56	922
türkiye'ye	56	923
geldiği	56	924
ilan	56	925
neler	56	926
sayısının	56	927
yapmaya	56	928
şimşek	56	929
güç	56	930
maaş	56	931
insani	56	932
öğrenciler	56	933
kız	56	934
toplantısı	56	935
milyonlarca	56	936
öyle	56	937
ülkemizin	56	938
fakat	56	939
kıbrıs	55	940
başlayacak	55	941
gerekir	55	942
gerçekleştirdi	55	943
işlemleri	55	944
olacağını	55	945
olma	55	946
olmaya	55	947
sebebiyle	55	948
tarihleri	55	949
varsa	55	950
yapacak	55	951
yaptıkları	55	952
yazılı	55	953
ibrahim	55	954
konuk	55	955
kültürel	55	956
bayramı	55	957
açıklamaya	55	958
hala	55	959
binlerce	55	960
doğrudan	55	961
ülkede	55	962
programı	55	963
mhp	54	964
açtı	54	965
durumunda	54	966
düzenlendi	54	967
etkisi	54	968
etme	54	969
geçirildi	54	970
olduğuna	54	971
faaliyet	54	972
hazırlanan	54	973
tehdit	54	974
asla	54	975
beklenen	54	976
cep	54	977
kolay	54	978
şirket	54	979
yeşil	54	980
ekonomi	54	981
kadınlar	54	982
refah	54	983
yavaş	54	984
ab	53	985
arttı	53	986
inceleme	53	987
katılan	53	988
mağlup	53	989
sağlar	53	990
sonraki	53	991
sürücüsü	53	992
veriyor	53	993
çıkıyor	53	994
vatandaş	53	995
içine	53	996
içi	53	997
tartışma	53	998
yanlış	53	999
hayvan	53	1000
size	53	1001
ölüm	53	1002
yerli	53	1003
olayda	53	1004
sanık	53	1005
bilim	53	1006
yapı	53	1007
uzman	53	1008
afad	52	1009
buldu	52	1010
futbolcu	52	1011
geldiğini	52	1012
gitti	52	1013
olduklarını	52	1014
ömer	52	1015
çalışması	52	1016
üzerindeki	52	1017
kişiye	52	1018
evinde	52	1019
maliye	52	1020
aralarında	52	1021
alanı	52	1022
kimse	52	1023
kaya	52	1024
hazine	52	1025
dönüşüm	52	1026
kurban	52	1027
sınır	52	1028
gençlik	52	1029
kulübü	52	1030
herkesin	52	1031
uygulama	52	1032
güneş	52	1033
atatürk	51	1034
bm	51	1035
hayırlı	51	1036
istiyorum	51	1037
kaybeden	51	1038
belirlenen	51	1039
şahin	51	1040
değişiklik	51	1041
kayıt	51	1042
üyeleri	51	1043
öğrenci	51	1044
kira	51	1045
tıp	51	1046
modern	51	1047
siz	51	1048
antalya	50	1049
dr	50	1050
gazze'de	50	1051
hüseyin	50	1052
anlamda	50	1053
arada	50	1054
cevap	50	1055
nin	50	1056
sonuna	50	1057
sorunları	50	1058
çin	50	1059
şahıs	50	1060
adeta	50	1061
başarı	50	1062
gaz	50	1063
işe	50	1064
mal	50	1065
kapalı	50	1066
öğrencilerin	50	1067
sağlığı	50	1068
düzenleme	50	1069
bunları	50	1070
ekrem	49	1071
artışla	49	1072
düzenledi	49	1073
oynanan	49	1074
tutuklandı	49	1075
ligi	49	1076
annesi	49	1077
kişiler	49	1078
duygusal	49	1079
beş	49	1080
ulaşım	49	1081
toplum	49	1082
kaçak	49	1083
sokak	49	1084
iletişim	49	1085
sanat	49	1086
adana	48	1087
ankara'da	48	1088
anlar	48	1089
bilgiler	48	1090
düşen	48	1091
fırsat	48	1092
harekete	48	1093
kapsamlı	48	1094
kaynağı	48	1095
vatandaşlara	48	1096
çalışıyor	48	1097
duruma	48	1098
insanı	48	1099
zeka	48	1100
artan	48	1101
demek	48	1102
istifa	48	1103
işgal	48	1104
erkek	48	1105
sol	48	1106
yıldırım	48	1107
böylece	48	1108
sonuç	48	1109
birlik	48	1110
hakem	48	1111
bursa	47	1112
koç	47	1113
sgk	47	1114
tbmm	47	1115
alınması	47	1116
belirledi	47	1117
dolara	47	1118
kullanan	47	1119
tatil	47	1120
yakından	47	1121
yaşadı	47	1122
habere	47	1123
güler	47	1124
süreç	47	1125
maddi	47	1126
sert	47	1127
operasyon	47	1128
hakim	47	1129
insanları	47	1130
tarih	47	1131
elektrikli	47	1132
sözcüsü	47	1133
soğuk	47	1134
direktörü	47	1135
bazen	47	1136
abd'nin	46	1137
derneği	46	1138
aktardı	46	1139
alanlarda	46	1140
açıldı	46	1141
büyüme	46	1142
sağlayan	46	1143
seyir	46	1144
yerinden	46	1145
istanbul'un	46	1146
ekip	46	1147
kilo	46	1148
arda	46	1149
dava	46	1150
edinilen	46	1151
başkanlık	46	1152
geçmiş	46	1153
direktör	46	1154
kendisi	46	1155
cumartesi	46	1156
pazartesi	46	1157
kış	46	1158
organize	46	1159
park	46	1160
sarı	46	1161
hükümet	46	1162
donald	45	1163
açıdan	45	1164
edildiği	45	1165
kaybettiği	45	1166
kuvvetli	45	1167
olacağız	45	1168
yalnızca	45	1169
yayınlanan	45	1170
yolunda	45	1171
çıktığı	45	1172
islam	45	1173
diyor	45	1174
kişisel	45	1175
rekor	45	1176
çocukları	45	1177
ürünleri	45	1178
risk	45	1179
terörist	45	1180
doğum	45	1181
et	45	1182
gram	45	1183
olası	45	1184
kadının	45	1185
işbirliği	45	1186
güvenliği	45	1187
balık	45	1188
yayın	45	1189
eş	45	1190
alması	44	1191
altındaki	44	1192
başlatıldı	44	1193
edilecek	44	1194
edip	44	1195
isimler	44	1196
kararını	44	1197
sahne	44	1198
yerini	44	1199
çalışmalarına	44	1200
çarptı	44	1201
dünyaya	44	1202
fırsatı	44	1203
rahat	44	1204
sebep	44	1205
örnek	44	1206
atan	44	1207
hasta	44	1208
vali	44	1209
kaynak	44	1210
vadeli	44	1211
çay	44	1212
şüphelinin	44	1213
gündem	44	1214
halkın	44	1215
ses	44	1216
toplumsal	44	1217
çoğu	44	1218
adaylar	44	1219
geleneksel	44	1220
üniversite	44	1221
belki	44	1222
kitap	44	1223
eylem	44	1224
bölümü	44	1225
istihbarat	44	1226
filistinli	43	1227
osman	43	1228
adını	43	1229
alım	43	1230
arası	43	1231
defa	43	1232
edildiğini	43	1233
galibiyet	43	1234
olacaktır	43	1235
sorun	43	1236
sürdürüyor	43	1237
verecek	43	1238
verme	43	1239
yasal	43	1240
çalışmalarını	43	1241
öldü	43	1242
fidan	43	1243
dizi	43	1244
çalışmaların	43	1245
gücü	43	1246
paylaşımda	43	1247
takımın	43	1248
inşaat	43	1249
altyapı	43	1250
kentsel	43	1251
işleri	43	1252
öğretim	43	1253
uzmanlar	43	1254
doğa	43	1255
uzmanı	43	1256
alman	42	1257
almanya	42	1258
karadeniz	42	1259
uraloğlu	42	1260
yusuf	42	1261
anlamına	42	1262
ayına	42	1263
başkenti	42	1264
düşüş	42	1265
gerekçesiyle	42	1266
gerçekleştirdiği	42	1267
görülüyor	42	1268
hayatında	42	1269
sektöründe	42	1270
yakalandı	42	1271
altı	42	1272
katıldığı	42	1273
nedeni	42	1274
saygı	42	1275
odası	42	1276
kesin	42	1277
yarı	42	1278
geride	42	1279
açıklanan	42	1280
binanın	42	1281
döviz	42	1282
soru	42	1283
cenaze	42	1284
finansal	42	1285
gerek	42	1286
mali	42	1287
sizin	42	1288
baş	42	1289
on	42	1290
umut	42	1291
film	42	1292
millet	42	1293
yetkililer	42	1294
bizler	42	1295
marmara	41	1296
başlıyor	41	1297
getiriyor	41	1298
haberi	41	1299
halde	41	1300
hasar	41	1301
hız	41	1302
liradan	41	1303
maaşı	41	1304
merkezli	41	1305
noktada	41	1306
olursa	41	1307
oyunu	41	1308
parçası	41	1309
yoktur	41	1310
çalışıyoruz	41	1311
günde	41	1312
gözler	41	1313
uzak	41	1314
çift	41	1315
hakları	41	1316
sivil	41	1317
toplu	41	1318
kanun	41	1319
sahil	41	1320
çağrı	41	1321
değişikliği	41	1322
emre	40	1323
osmanlı	40	1324
tunç	40	1325
açıklaması	40	1326
ekiplerince	40	1327
etmişti	40	1328
ettik	40	1329
görülen	40	1330
hazırlık	40	1331
ihtiyacı	40	1332
katlı	40	1333
kişiyi	40	1334
sağlayacak	40	1335
sağlıyor	40	1336
sorunu	40	1337
sürecinde	40	1338
tahliye	40	1339
ulaştı	40	1340
ingiltere	40	1341
alımı	40	1342
attığı	40	1343
eve	40	1344
kuru	40	1345
alt	40	1346
bölgenin	40	1347
zengin	40	1348
şube	40	1349
geç	40	1350
ücretsiz	40	1351
sahte	40	1352
edin	40	1353
stratejik	40	1354
yasa	40	1355
yoksa	40	1356
devletin	40	1357
piyasa	40	1358
sıfır	40	1359
elbette	40	1360
kurtarma	40	1361
etkinlik	40	1362
toplantıda	40	1363
aa	39	1364
diyarbakır	39	1365
lig'in	39	1366
adımlar	39	1367
alıp	39	1368
açıklamasında	39	1369
dikkate	39	1370
diliyorum	39	1371
dolarlık	39	1372
dönemine	39	1373
fotoğraf	39	1374
gerektiği	39	1375
ilde	39	1376
kazanan	39	1377
olduk	39	1378
ordusunun	39	1379
sahiptir	39	1380
sağlanması	39	1381
suçundan	39	1382
sürecinin	39	1383
telefonu	39	1384
vurgulayan	39	1385
yaptığını	39	1386
israil'e	39	1387
izmir'de	39	1388
cumhur	39	1389
yeterli	39	1390
ilave	39	1391
mutlaka	39	1392
sahada	39	1393
seçimi	39	1394
tutuklu	39	1395
fiziksel	39	1396
cinsel	39	1397
haftada	39	1398
sürdürülebilir	39	1399
kanser	39	1400
ailesi	39	1401
saç	39	1402
uçak	39	1403
hayat	39	1404
mahalle	39	1405
olayla	39	1406
emekliler	39	1407
buradan	39	1408
netanyahu	38	1409
trabzonspor	38	1410
almaya	38	1411
artarak	38	1412
değeri	38	1413
dönemi	38	1414
etmiş	38	1415
hedefliyor	38	1416
noktasında	38	1417
teşvik	38	1418
vermek	38	1419
yaparken	38	1420
yolda	38	1421
yönünde	38	1422
yıla	38	1423
özdemir	38	1424
üretimi	38	1425
şeyler	38	1426
boş	38	1427
görüyoruz	38	1428
oğlu	38	1429
adam	38	1430
etkin	38	1431
indirim	38	1432
ülkeler	38	1433
aktif	38	1434
görüntüler	38	1435
cilt	38	1436
kat	38	1437
milletin	38	1438
neredeyse	38	1439
bebek	38	1440
geçiş	38	1441
onlara	38	1442
diş	38	1443
sözleşme	38	1444
zafer	38	1445
taş	38	1446
bakanlık	38	1447
buraya	38	1448
sen	38	1449
gazeteci	38	1450
işletme	38	1451
esnaf	38	1452
bayraktar	37	1453
tl'ye	37	1454
bilgilere	37	1455
cansız	37	1456
gelişme	37	1457
halkı	37	1458
ilçesine	37	1459
in	37	1460
istiyor	37	1461
namazı	37	1462
olmadan	37	1463
sahasında	37	1464
sahibinin	37	1465
ölçüde	37	1466
ortalama	37	1467
sefer	37	1468
belirli	37	1469
görüşme	37	1470
hayati	37	1471
telefon	37	1472
babası	37	1473
merkezinde	37	1474
banka	37	1475
gençlerin	37	1476
ilerleyen	37	1477
şiddetli	37	1478
engelli	37	1479
idari	37	1480
çeyrek	37	1481
gazi	37	1482
eğitimi	37	1483
iktidar	37	1484
yağmur	37	1485
anayasa	37	1486
atık	37	1487
hizmetleri	37	1488
afet	37	1489
abd'de	36	1490
fenerbahçe'nin	36	1491
halil	36	1492
adayları	36	1493
aracılığıyla	36	1494
arz	36	1495
bazda	36	1496
bekliyor	36	1497
bilinmeyen	36	1498
detayları	36	1499
getirildi	36	1500
geçerli	36	1501
görevi	36	1502
konuşma	36	1503
krizi	36	1504
manevi	36	1505
oynanacak	36	1506
politika	36	1507
saldırıları	36	1508
uyruklu	36	1509
yapmış	36	1510
yapıldığı	36	1511
yağ	36	1512
yaşında	36	1513
yönde	36	1514
çaba	36	1515
detaylar	36	1516
kavga	36	1517
araçlar	36	1518
hesap	36	1519
şöyle	36	1520
kimlik	36	1521
ilaç	36	1522
marka	36	1523
toplumun	36	1524
ulaştırma	36	1525
teklif	36	1526
sevgi	36	1527
saha	36	1528
grubu	36	1529
ihale	36	1530
hukuk	36	1531
gaziantep	35	1532
gazze'deki	35	1533
güran	35	1534
kahramanmaraş	35	1535
lig'de	35	1536
meteoroloji	35	1537
new	35	1538
aldık	35	1539
aldığını	35	1540
anlatan	35	1541
bulutlu	35	1542
detaylı	35	1543
dikkati	35	1544
farkı	35	1545
ifadeleri	35	1546
kalıcı	35	1547
mesaj	35	1548
olmasına	35	1549
ortadan	35	1550
ton	35	1551
trilyon	35	1552
çalışmaya	35	1553
çalıştığı	35	1554
çocuğu	35	1555
önde	35	1556
önemini	35	1557
şartları	35	1558
akp	35	1559
günler	35	1560
kart	35	1561
takıma	35	1562
uygulaması	35	1563
sistem	35	1564
yıllar	35	1565
seyahat	35	1566
ödül	35	1567
acı	35	1568
halka	35	1569
payı	35	1570
istihdam	35	1571
saldırıda	35	1572
konuya	35	1573
toplantı	35	1574
iddiaya	35	1575
kıymetli	35	1576
örneğin	35	1577
öğretmen	35	1578
mobil	35	1579
muhalefet	35	1580
öncelikle	35	1581
ışık	35	1582
abdullah	34	1583
galatasaray'ın	34	1584
hastanesi'ne	34	1585
malatya	34	1586
sakarya	34	1587
valisi	34	1588
alma	34	1589
başarılar	34	1590
başladığı	34	1591
bölgelerde	34	1592
dahi	34	1593
döndü	34	1594
ekledi	34	1595
etkisiz	34	1596
evine	34	1597
gelerek	34	1598
gitmek	34	1599
içeren	34	1600
kaydeden	34	1601
kişilerin	34	1602
kişilik	34	1603
kullanarak	34	1604
maruz	34	1605
satışa	34	1606
tamamladı	34	1607
verdik	34	1608
yaptık	34	1609
yılının	34	1610
zammı	34	1611
zorunlu	34	1612
çıkacak	34	1613
çıkarak	34	1614
şeyi	34	1615
alınacak	34	1616
hakkı	34	1617
huzur	34	1618
kullanımı	34	1619
otomobilin	34	1620
vatandaşın	34	1621
yan	34	1622
önceden	34	1623
hayal	34	1624
ihracat	34	1625
kendine	34	1626
ordusu	34	1627
video	34	1628
ölü	34	1629
partili	34	1630
olayı	34	1631
merkezine	34	1632
tatlı	34	1633
yalnız	34	1634
evi	34	1635
bölgesel	34	1636
normal	34	1637
operasyonda	34	1638
enflasyonun	34	1639
köy	34	1640
icra	34	1641
olağanüstü	34	1642
konuyla	34	1643
yargı	34	1644
chp'li	33	1645
fransa	33	1646
real	33	1647
x	33	1648
artışı	33	1649
bilgileri	33	1650
devreye	33	1651
edilmiş	33	1652
erdi	33	1653
forma	33	1654
gelip	33	1655
gelişmeler	33	1656
geriledi	33	1657
gerçekleştirildi	33	1658
gönderildi	33	1659
gününde	33	1660
kaldığı	33	1661
korumak	33	1662
kurulan	33	1663
kızı	33	1664
mesajı	33	1665
motosiklet	33	1666
olmuş	33	1667
sağladı	33	1668
simgeler	33	1669
sunan	33	1670
taşıyor	33	1671
vatandaşları	33	1672
yapma	33	1673
çalışmalarının	33	1674
çerçevesinde	33	1675
hastanesi	33	1676
sayılı	33	1677
tedavisi	33	1678
verimli	33	1679
yüz	33	1680
bilgisi	33	1681
dönemin	33	1682
katılım	33	1683
kendilerini	33	1684
temiz	33	1685
şirketin	33	1686
geleceğe	33	1687
performans	33	1688
yaptığımız	33	1689
şirketi	33	1690
salı	33	1691
model	33	1692
geçici	33	1693
yürüyüş	33	1694
bütçe	33	1695
kadınların	33	1696
perşembe	33	1697
maalesef	33	1698
program	33	1699
şeker	33	1700
müzik	33	1701
ülkemizde	33	1702
demokrasi	33	1703
kalkınma	33	1704
kongre	33	1705
alanya	32	1706
biden	32	1707
chp'nin	32	1708
suudi	32	1709
yunus	32	1710
alana	32	1711
ateşkes	32	1712
aylarında	32	1713
ayının	32	1714
açılan	32	1715
belirtiliyor	32	1716
bireyin	32	1717
bireyler	32	1718
civarında	32	1719
edebilir	32	1720
edilir	32	1721
geçiren	32	1722
hukuki	32	1723
imkanı	32	1724
istediği	32	1725
itiraz	32	1726
karşılık	32	1727
kaybı	32	1728
nedir	32	1729
olacağı	32	1730
oldukları	32	1731
olmadı	32	1732
rahatsız	32	1733
tane	32	1734
terk	32	1735
verilerine	32	1736
yaygın	32	1737
yağış	32	1738
yetkilileri	32	1739
yitirdi	32	1740
çevresinde	32	1741
çıkardı	32	1742
borç	32	1743
dini	32	1744
mağdur	32	1745
projeler	32	1746
final	32	1747
hastalık	32	1748
bina	32	1749
uçuş	32	1750
bağımsız	32	1751
güven	32	1752
platformu	32	1753
cinayet	32	1754
alper	31	1755
başsavcılığı	31	1756
bolu'da	31	1757
mansur	31	1758
mısır	31	1759
rusya'nın	31	1760
aktaran	31	1761
alınarak	31	1762
alındığını	31	1763
ambulansla	31	1764
aykırı	31	1765
açan	31	1766
açıklanacak	31	1767
düzenlenecek	31	1768
düşünüyorum	31	1769
endişe	31	1770
hizmeti	31	1771
ifadelerine	31	1772
ifadesi	31	1773
ihraç	31	1774
insanın	31	1775
isteyenler	31	1776
kullanıldı	31	1777
metre	31	1778
nerede	31	1779
olanlar	31	1780
olmaz	31	1781
olmuştu	31	1782
performansı	31	1783
programına	31	1784
sahipliği	31	1785
sorusuna	31	1786
sözleri	31	1787
sözlerine	31	1788
süresi	31	1789
tabanca	31	1790
talebi	31	1791
ulaşan	31	1792
uyum	31	1793
vitamini	31	1794
yansıdı	31	1795
yapılıyor	31	1796
yaşandığı	31	1797
çağrısında	31	1798
ücreti	31	1799
göreve	31	1800
açılış	31	1801
modeli	31	1802
otobüs	31	1803
sigara	31	1804
topu	31	1805
yapımı	31	1806
yazar	31	1807
beslenme	31	1808
kayıp	31	1809
tasarruf	31	1810
suyun	31	1811
test	31	1812
yaşlı	31	1813
çocuğun	31	1814
alternatif	31	1815
arka	31	1816
asıl	31	1817
meclisi	31	1818
metro	31	1819
sigorta	31	1820
göç	31	1821
bununla	31	1822
sağlam	31	1823
tüketici	31	1824
mesela	31	1825
bahçeli	30	1826
hamas	30	1827
hollanda	30	1828
kadir	30	1829
komutanlığı	30	1830
milletler	30	1831
muhammed	30	1832
narin	30	1833
pkk	30	1834
rus	30	1835
valiliği	30	1836
arkadaşı	30	1837
ayakta	30	1838
biridir	30	1839
etki	30	1840
etkisini	30	1841
geçirdi	30	1842
gösterdiği	30	1843
işi	30	1844
kadrosuna	30	1845
kaybettiğini	30	1846
kazasında	30	1847
köyünde	30	1848
kısmı	30	1849
mutluluk	30	1850
olmuştur	30	1851
rahmet	30	1852
sahaya	30	1853
sayede	30	1854
taraftan	30	1855
vefat	30	1856
verdiğini	30	1857
verici	30	1858
yapacağı	30	1859
yapacağız	30	1860
yerlerde	30	1861
yönlü	30	1862
yürütülen	30	1863
çalıştı	30	1864
önemine	30	1865
özellikleri	30	1866
yaşar	30	1867
arkadaşları	30	1868
başlatılan	30	1869
dev	30	1870
planlanan	30	1871
servis	30	1872
öldürülen	30	1873
evin	30	1874
karara	30	1875
lüks	30	1876
istatistik	30	1877
the	30	1878
hepsi	30	1879
konser	30	1880
birden	30	1881
kamuoyunda	30	1882
ligde	30	1883
politikası	30	1884
değerlendirme	30	1885
haftanın	30	1886
aziz	30	1887
günümüzde	30	1888
yangının	30	1889
meslek	30	1890
akdeniz	29	1891
azerbaycan	29	1892
birleşmiş	29	1893
büro	29	1894
gazze'ye	29	1895
nato	29	1896
tff	29	1897
başından	29	1898
darbe	29	1899
engel	29	1900
gelmesi	29	1901
gösterir	29	1902
halindeki	29	1903
halkının	29	1904
hayatına	29	1905
hazırlanıyor	29	1906
hizmete	29	1907
kartı	29	1908
karşısına	29	1909
kaçta	29	1910
kıyasla	29	1911
miktarda	29	1912
nın	29	1913
olduğunun	29	1914
oranları	29	1915
pozitif	29	1916
prim	29	1917
riski	29	1918
satışı	29	1919
seçimde	29	1920
tehlikeli	29	1921
yanına	29	1922
ürünler	29	1923
anlaşma	29	1924
belgesi	29	1925
değişim	29	1926
dördüncü	29	1927
gerçekleştirilecek	29	1928
popüler	29	1929
rekabet	29	1930
saldırılarda	29	1931
yakınları	29	1932
yıldızı	29	1933
şehri	29	1934
ailesinin	29	1935
aşağı	29	1936
kendilerine	29	1937
seçime	29	1938
halen	29	1939
ümit	29	1940
işin	29	1941
kadına	29	1942
nefes	29	1943
sizi	29	1944
akıllı	29	1945
aşk	29	1946
çarşamba	29	1947
şok	29	1948
bankacılık	29	1949
burcu	29	1950
mesleki	29	1951
depremin	29	1952
afrika	28	1953
amerikan	28	1954
ekim'de	28	1955
gazete'de	28	1956
türkiye'deki	28	1957
alırken	28	1958
anlamlı	28	1959
anlamı	28	1960
baskı	28	1961
başarıyla	28	1962
bekliyoruz	28	1963
beraberlik	28	1964
biliyor	28	1965
birinin	28	1966
diyoruz	28	1967
dizisi	28	1968
durumlarda	28	1969
eksik	28	1970
geldik	28	1971
geleceği	28	1972
gündür	28	1973
güvenliğini	28	1974
isabet	28	1975
kampanyası	28	1976
olurken	28	1977
oranda	28	1978
promosyon	28	1979
psikolojik	28	1980
puanla	28	1981
riskini	28	1982
sakinleri	28	1983
sağlığını	28	1984
seviyesinde	28	1985
silahla	28	1986
sonuçlar	28	1987
sonuçlarını	28	1988
sürpriz	28	1989
tarihine	28	1990
verilmesi	28	1991
vermesi	28	1992
yazdı	28	1993
zamanlı	28	1994
çağrısı	28	1995
çöp	28	1996
çıkış	28	1997
ın	28	1998
gündemde	28	1999
harika	28	2000
lider	28	2001
seçimlerinde	28	2002
şahsın	28	2003
saati	28	2004
sorgulama	28	2005
sıcaklık	28	2006
yenilikçi	28	2007
yükselen	28	2008
hayatı	28	2009
temizlik	28	2010
meyve	28	2011
verilere	28	2012
şehrin	28	2013
bireysel	28	2014
gençler	28	2015
profesyonel	28	2016
sezonun	28	2017
korku	28	2018
sektör	28	2019
dil	28	2020
işler	28	2021
otomotiv	28	2022
kulüp	28	2023
kahraman	28	2024
törende	28	2025
ajansı	28	2026
dayanışma	28	2027
kazanın	28	2028
sınavı	28	2029
usta	28	2030
birleşik	27	2031
boluspor	27	2032
cumhuriyeti	27	2033
demirtaş	27	2034
ege	27	2035
elbistan	27	2036
federasyonu	27	2037
gebze	27	2038
gökhan	27	2039
kocaelispor	27	2040
meral	27	2041
parti'nin	27	2042
sekreteri	27	2043
selçuk	27	2044
tl'den	27	2045
artırmak	27	2046
açabilir	27	2047
bölümünde	27	2048
dedim	27	2049
denize	27	2050
durumunun	27	2051
ettiğimiz	27	2052
görüyor	27	2053
keyifli	27	2054
kuzeyindeki	27	2055
olmaktan	27	2056
olmayı	27	2057
oyuncusu	27	2058
rakam	27	2059
renk	27	2060
sabit	27	2061
sorularını	27	2062
sürecini	27	2063
sınırlı	27	2064
uyarı	27	2065
vurdu	27	2066
yangını	27	2067
yapıyoruz	27	2068
yönetiminde	27	2069
yönetimindeki	27	2070
yük	27	2071
zamanı	27	2072
çıkması	27	2073
ölümüne	27	2074
ülkeye	27	2075
korunması	27	2076
mahsur	27	2077
okula	27	2078
saldırıya	27	2079
töreni	27	2080
tıbbi	27	2081
bitki	27	2082
herkese	27	2083
ilginç	27	2084
ilçede	27	2085
kaynakları	27	2086
nitelikli	27	2087
teknolojik	27	2088
yapılır	27	2089
yıllardır	27	2090
beton	27	2091
görüş	27	2092
siyaset	27	2093
sorumlu	27	2094
tesis	27	2095
komisyonu	27	2096
analiz	27	2097
cenazesi	27	2098
raporu	27	2099
sanatçı	27	2100
savaşı	27	2101
savaşın	27	2102
borsa	27	2103
denetim	27	2104
tabi	27	2105
asayiş	27	2106
şunu	27	2107
bahar	27	2108
savcı	27	2109
günün	27	2110
adnan	26	2111
aslan	26	2112
fk	26	2113
ışıkhan	26	2114
lübnan	26	2115
mahkemesi	26	2116
mersin	26	2117
polat	26	2118
türkiye'yi	26	2119
ailesine	26	2120
avukatı	26	2121
başladığını	26	2122
bekleyen	26	2123
belirgin	26	2124
belirtilen	26	2125
benzeri	26	2126
deplasmanda	26	2127
ekiplerine	26	2128
ettikleri	26	2129
geçiyor	26	2130
giyen	26	2131
gördüğü	26	2132
hastalığı	26	2133
iken	26	2134
ilçesindeki	26	2135
isminin	26	2136
içindeki	26	2137
kala	26	2138
katkıda	26	2139
kaynaklı	26	2140
konusundaki	26	2141
konuşmada	26	2142
kullanmak	26	2143
liralık	26	2144
oynadığı	26	2145
paylaştığı	26	2146
sayı	26	2147
sebebi	26	2148
seviyesine	26	2149
sezonu	26	2150
seçilen	26	2151
sunduğu	26	2152
sunulan	26	2153
sürdü	26	2154
sıkıntı	26	2155
tamamlandı	26	2156
vererek	26	2157
vurgulayarak	26	2158
yapması	26	2159
yapıldığını	26	2160
yazık	26	2161
yağışlı	26	2162
zamanlarda	26	2163
çanakkale	26	2164
çıkar	26	2165
çıkarılan	26	2166
şehircilik	26	2167
amaçlı	26	2168
birisi	26	2169
ilişkileri	26	2170
kadını	26	2171
kesinlikle	26	2172
konuyu	26	2173
kripto	26	2174
kriz	26	2175
kura	26	2176
listesi	26	2177
mücadelede	26	2178
adliyeye	26	2179
evlilik	26	2180
gözden	26	2181
günleri	26	2182
hastane	26	2183
bazıları	26	2184
devleti	26	2185
kampanya	26	2186
korkunç	26	2187
petrol	26	2188
programda	26	2189
çocuklara	26	2190
müşteri	26	2191
nükleer	26	2192
heyet	26	2193
kırsal	26	2194
tüketim	26	2195
gündüz	26	2196
milletimizin	26	2197
televizyon	26	2198
havacılık	26	2199
koordinasyon	26	2200
bankalar	26	2201
kentin	26	2202
ağrı	26	2203
parçalı	26	2204
geçmişte	26	2205
vatan	26	2206
müdür	26	2207
allah'tan	25	2208
doç	25	2209
ertuğrul	25	2210
fakültesi	25	2211
putin	25	2212
sinan	25	2213
sultan	25	2214
yavuz	25	2215
yüksel	25	2216
ailenin	25	2217
alındığı	25	2218
alır	25	2219
amacı	25	2220
artması	25	2221
artıyor	25	2222
ayda	25	2223
ayrıldı	25	2224
açıklayan	25	2225
açıkça	25	2226
başı	25	2227
belirtiyor	25	2228
bulunmaktadır	25	2229
bulunması	25	2230
büyüklüğünde	25	2231
dediği	25	2232
değinen	25	2233
düzeyde	25	2234
edeceğini	25	2235
edilerek	25	2236
etkiler	25	2237
etmektedir	25	2238
ettiklerini	25	2239
gerçekleşecek	25	2240
hediye	25	2241
ila	25	2242
kaldırılan	25	2243
kurtarılamadı	25	2244
memuru	25	2245
mücadelesi	25	2246
nesil	25	2247
olabileceği	25	2248
olanak	25	2249
oynadı	25	2250
oynayan	25	2251
personeli	25	2252
projeleri	25	2253
saldırısı	25	2254
söyleyerek	25	2255
sürdüren	25	2256
sıkça	25	2257
vermeye	25	2258
vurgu	25	2259
yaptıklarını	25	2260
yağışı	25	2261
yolunu	25	2262
yılına	25	2263
zamanlar	25	2264
öztürk	25	2265
çekerek	25	2266
ödemesi	25	2267
üyelerinin	25	2268
ingiliz	25	2269
başbakan	25	2270
bol	25	2271
hattı	25	2272
konuşmasında	25	2273
kullanıcı	25	2274
sahipleri	25	2275
sel	25	2276
seni	25	2277
tel	25	2278
van	25	2279
alev	25	2280
eşsiz	25	2281
isimlerin	25	2282
köpek	25	2283
sorumluluk	25	2284
yetkili	25	2285
hayatta	25	2286
bölüm	25	2287
sermaye	25	2288
üstün	25	2289
doktor	25	2290
düğün	25	2291
gizli	25	2292
duruşmada	25	2293
gök	25	2294
evet	25	2295
başkanları	25	2296
emin	25	2297
ikili	25	2298
hastalıkları	25	2299
hepimiz	25	2300
demokratik	25	2301
bence	25	2302
antalya'da	24	2303
b	24	2304
belediyesi'nin	24	2305
dha	24	2306
erkan	24	2307
fırat	24	2308
göktaş	24	2309
joe	24	2310
jose	24	2311
kartal	24	2312
konya	24	2313
kuvvetleri	24	2314
kürt	24	2315
ligi'nde	24	2316
serdar	24	2317
suriye'nin	24	2318
uğur	24	2319
aldıkları	24	2320
artırarak	24	2321
başlandı	24	2322
bulunduğunu	24	2323
darp	24	2324
döneme	24	2325
düşmesi	24	2326
edilirken	24	2327
hariç	24	2328
ihbarı	24	2329
ikamet	24	2330
indirimi	24	2331
itibariyle	24	2332
koşulları	24	2333
miktar	24	2334
sayısını	24	2335
sistemini	24	2336
soykırım	24	2337
söylüyor	24	2338
süreli	24	2339
teklifi	24	2340
unutulmaz	24	2341
yağı	24	2342
yoktu	24	2343
yönetiminin	24	2344
yöntem	24	2345
yüzlerce	24	2346
çarpıştı	24	2347
önlemler	24	2348
hatay	24	2349
bilimsel	24	2350
bilinçli	24	2351
birbirine	24	2352
heyecan	24	2353
ihracatı	24	2354
ismin	24	2355
kullanıcıların	24	2356
sürece	24	2357
web	24	2358
yerleşim	24	2359
öğrencilere	24	2360
bodrum	24	2361
aldığımız	24	2362
göçmen	24	2363
oyuncular	24	2364
patlama	24	2365
veri	24	2366
gemi	24	2367
haksız	24	2368
üretici	24	2369
şarkıcı	24	2370
şiddet	24	2371
kararın	24	2372
kentte	24	2373
klasik	24	2374
politikaları	24	2375
süt	24	2376
tarımsal	24	2377
başkanımız	24	2378
gelişim	24	2379
partisinin	24	2380
çevredeki	24	2381
daire	24	2382
yüzyılı	24	2383
ziyarette	24	2384
şimdiden	24	2385
kardeş	24	2386
sinema	24	2387
galip	24	2388
ondan	24	2389
senin	24	2390
e	24	2391
ince	24	2392
bugünkü	24	2393
karşılaşmanın	24	2394
yolları	24	2395
bankası'nın	23	2396
diyanet	23	2397
lisesi	23	2398
manisa	23	2399
merkezi'nde	23	2400
mourinho	23	2401
netanyahu'nun	23	2402
okan	23	2403
tv	23	2404
trump'ın	23	2405
tüik	23	2406
almayı	23	2407
anı	23	2408
asker	23	2409
ayağa	23	2410
aylarda	23	2411
açıklamalar	23	2412
bedeni	23	2413
biliyoruz	23	2414
bulunarak	23	2415
bünyesinde	23	2416
cezasına	23	2417
dediler	23	2418
denildi	23	2419
denk	23	2420
filmi	23	2421
getirerek	23	2422
geçtiğini	23	2423
gurur	23	2424
görevden	23	2425
görüntüleri	23	2426
işlemlerinin	23	2427
kamuoyu	23	2428
kararının	23	2429
karşılıklı	23	2430
katılımıyla	23	2431
kuzeyinde	23	2432
maçının	23	2433
mide	23	2434
olmaması	23	2435
olmanın	23	2436
ormanlık	23	2437
programında	23	2438
resmen	23	2439
seçimlerde	23	2440
sorunların	23	2441
sözde	23	2442
sözü	23	2443
sınırı	23	2444
taraf	23	2445
tavsiye	23	2446
temsilcileri	23	2447
trafiğe	23	2448
tüketimi	23	2449
ulaşmak	23	2450
verilecek	23	2451
verileri	23	2452
vermiş	23	2453
yapısı	23	2454
yarattı	23	2455
yürürlüğe	23	2456
çekilen	23	2457
çerçevede	23	2458
üye	23	2459
şampiyonlar	23	2460
bilet	23	2461
davada	23	2462
defalarca	23	2463
insanlık	23	2464
kamuoyuna	23	2465
merakla	23	2466
suya	23	2467
sıkı	23	2468
tasarım	23	2469
örgüt	23	2470
ülkemize	23	2471
metin	23	2472
bağışıklık	23	2473
beyin	23	2474
bisiklet	23	2475
fırtına	23	2476
güncel	23	2477
kapı	23	2478
oyuncunun	23	2479
tehlike	23	2480
şampiyon	23	2481
basit	23	2482
ilham	23	2483
kuruluşu	23	2484
polise	23	2485
tecrübeli	23	2486
yakında	23	2487
anlaşması	23	2488
tanık	23	2489
vatandaşlarımızın	23	2490
herkesi	23	2491
yedi	23	2492
yarım	23	2493
ittifakı	23	2494
basketbol	23	2495
işsizlik	23	2496
siyah	23	2497
öğretmenler	23	2498
avukat	23	2499
buradaki	23	2500
sevgili	23	2501
ekiplerin	23	2502
haberde	23	2503
tip	23	2504
şüphelilerin	23	2505
amerika	22	2506
ayşe	22	2507
bıst	22	2508
balıkesir	22	2509
c	22	2510
gazze'nin	22	2511
kore	22	2512
memiş	22	2513
alanları	22	2514
almış	22	2515
aranan	22	2516
atılan	22	2517
başladık	22	2518
besin	22	2519
biçimde	22	2520
cezaevine	22	2521
dereceye	22	2522
derken	22	2523
ders	22	2524
edeceği	22	2525
edilemez	22	2526
esnasında	22	2527
etkilenen	22	2528
etkileri	22	2529
etmeyi	22	2530
evinin	22	2531
faaliyetleri	22	2532
gelmiş	22	2533
geçirilen	22	2534
gidiyor	22	2535
golle	22	2536
götürüldü	22	2537
gözü	22	2538
günden	22	2539
hükümeti	22	2540
idaresindeki	22	2541
ikna	22	2542
istediğini	22	2543
isterim	22	2544
kere	22	2545
kilogram	22	2546
kilometrelik	22	2547
maça	22	2548
olabileceğini	22	2549
olduğumuz	22	2550
oranının	22	2551
oyuncuları	22	2552
sarf	22	2553
seviyede	22	2554
sistemine	22	2555
sohbet	22	2556
sözlerini	22	2557
sürecine	22	2558
tanesi	22	2559
vurgulandı	22	2560
yakıt	22	2561
yaşanıyor	22	2562
yerden	22	2563
yerleri	22	2564
yoluyla	22	2565
yönündeki	22	2566
çorum	22	2567
özcan	22	2568
çekici	22	2569
çekildi	22	2570
çektiği	22	2571
çıkarıldı	22	2572
çıkmış	22	2573
özelliği	22	2574
ülkelerinin	22	2575
idaresi	22	2576
iran'ın	22	2577
israilli	22	2578
arkasında	22	2579
başa	22	2580
ekmek	22	2581
içsel	22	2582
kamera	22	2583
reel	22	2584
uyku	22	2585
lisans	22	2586
zamanında	22	2587
ödemeleri	22	2588
birbirinden	22	2589
cami	22	2590
otel	22	2591
yakalanan	22	2592
hayatın	22	2593
hükümetin	22	2594
insanlara	22	2595
ittifak	22	2596
vergisi	22	2597
ülkemiz	22	2598
dizinin	22	2599
dünyadaki	22	2600
tören	22	2601
keskin	22	2602
tiyatro	22	2603
nüfus	22	2604
antik	22	2605
onur	22	2606
yağışların	22	2607
zabıta	22	2608
teknolojileri	22	2609
çiftçi	22	2610
acun	21	2611
bakanlığı'nın	21	2612
caddesi	21	2613
emine	21	2614
filistinlilerin	21	2615
hastanesine	21	2616
kerem	21	2617
mert	21	2618
ssk	21	2619
suriyeli	21	2620
yalçın	21	2621
ziraat	21	2622
adımları	21	2623
araca	21	2624
araçları	21	2625
artırılması	21	2626
atarak	21	2627
bakımından	21	2628
bağlamda	21	2629
biliniyor	21	2630
bıraktı	21	2631
destekleyen	21	2632
dolardan	21	2633
duyduğu	21	2634
düzey	21	2635
düştüğü	21	2636
dışına	21	2637
eyaletinde	21	2638
eşlik	21	2639
gerekmektedir	21	2640
getirmek	21	2641
geçirdiği	21	2642
gidip	21	2643
girdiği	21	2644
gördük	21	2645
görevine	21	2646
gücünü	21	2647
güçleri	21	2648
helikopter	21	2649
ilgisini	21	2650
isimleri	21	2651
kadro	21	2652
kaldırıldığı	21	2653
karmaşık	21	2654
karşılandı	21	2655
kaçtı	21	2656
kullanma	21	2657
nokta	21	2658
noktası	21	2659
paylaşan	21	2660
plana	21	2661
planda	21	2662
protesto	21	2663
sebeple	21	2664
sebze	21	2665
seviyeye	21	2666
sordu	21	2667
sürücüsünün	21	2668
takdim	21	2669
takdirde	21	2670
vakit	21	2671
yaşıyoruz	21	2672
yorum	21	2673
yürüten	21	2674
ösym	21	2675
çalıştığını	21	2676
çıkmak	21	2677
öğrencisi	21	2678
ülkeleri	21	2679
ülkelerin	21	2680
istanbul'a	21	2681
italya	21	2682
şeyin	21	2683
edirne	21	2684
beklenmedik	21	2685
gazetecilere	21	2686
hakaret	21	2687
ister	21	2688
limon	21	2689
onay	21	2690
piyasada	21	2691
seçimleri	21	2692
sorunun	21	2693
yüzünden	21	2694
zamanla	21	2695
öğle	21	2696
fiyatlar	21	2697
hoş	21	2698
liderlik	21	2699
operasyonu	21	2700
otobüsü	21	2701
saldırının	21	2702
verdiğimiz	21	2703
çalışanlar	21	2704
şampiyonu	21	2705
bey	21	2706
araçta	21	2707
durumlar	21	2708
kaliteli	21	2709
yetersiz	21	2710
şarj	21	2711
aileler	21	2712
bizden	21	2713
haberimizde	21	2714
ilişkiler	21	2715
imam	21	2716
içme	21	2717
kamp	21	2718
operasyonlarda	21	2719
projenin	21	2720
tesisi	21	2721
toplantıya	21	2722
kurul	21	2723
arı	21	2724
kasten	21	2725
sanki	21	2726
tanıtım	21	2727
bunlardan	21	2728
kök	21	2729
bozkurt	21	2730
savcılık	21	2731
teşkilatı	21	2732
voleybol	21	2733
anma	21	2734
dernek	21	2735
gümüş	21	2736
hal	21	2737
kaynaklar	21	2738
burası	21	2739
emir	21	2740
arap	20	2741
cem	20	2742
cumhurbaşkanımız	20	2743
erbakan	20	2744
fetö	20	2745
fatma	20	2746
kpss	20	2747
kılıç	20	2748
mahallesi'ndeki	20	2749
muğla	20	2750
mit	20	2751
oğuz	20	2752
paris	20	2753
suriye'de	20	2754
süleyman	20	2755
tcmb	20	2756
tekin	20	2757
turan	20	2758
türkçe	20	2759
zeynep	20	2760
ailelerin	20	2761
aktarıldı	20	2762
akşamı	20	2763
alanlar	20	2764
alanına	20	2765
aldım	20	2766
ayak	20	2767
ayın	20	2768
azalarak	20	2769
açtığı	20	2770
açıkladığı	20	2771
açıklamıştı	20	2772
aşan	20	2773
bakış	20	2774
başvuruları	20	2775
beklediği	20	2776
binden	20	2777
bizlere	20	2778
bölgesindeki	20	2779
bölgesine	20	2780
davası	20	2781
desteğiyle	20	2782
değerlendirdi	20	2783
dostu	20	2784
duyuruldu	20	2785
dönüş	20	2786
düzenlemeye	20	2787
düzensiz	20	2788
ederim	20	2789
emanet	20	2790
enflasyonu	20	2791
etkinliği	20	2792
ettiler	20	2793
finale	20	2794
geldiğinde	20	2795
geleceğini	20	2796
gelmişti	20	2797
gerektiğine	20	2798
getirdiği	20	2799
geçeceği	20	2800
gittiği	20	2801
görüntülendi	20	2802
görüşmeler	20	2803
görüşmeleri	20	2804
hata	20	2805
hedefi	20	2806
iddiaları	20	2807
ihtiyacını	20	2808
istediklerini	20	2809
işareti	20	2810
işlemi	20	2811
kafa	20	2812
kararlar	20	2813
kararlı	20	2814
kararıyla	20	2815
kardeşi	20	2816
kesimlerinde	20	2817
kesintisiz	20	2818
kimdir	20	2819
kiralık	20	2820
maliyetleri	20	2821
maçları	20	2822
mesai	20	2823
morguna	20	2824
noktaya	20	2825
olaylar	20	2826
oluştu	20	2827
ortamda	20	2828
reklam	20	2829
saatte	20	2830
savundu	20	2831
sessiz	20	2832
sezonda	20	2833
seçenek	20	2834
sitesinde	20	2835
sorunlar	20	2836
sunar	20	2837
sunuluyor	20	2838
söndürüldü	20	2839
söylemek	20	2840
sürdürdü	20	2841
temin	20	2842
transferi	20	2843
tutmak	20	2844
uygulanan	20	2845
yapılacağını	20	2846
yayımlanan	20	2847
yayımlandı	20	2848
yaşadığını	20	2849
yürüyen	20	2850
çalışmak	20	2851
çözümü	20	2852
önemi	20	2853
özen	20	2854
ürünlerin	20	2855
üstü	20	2856
şeridi'ne	20	2857
dursun	20	2858
gölü	20	2859
alkol	20	2860
bayrağı	20	2861
beşinci	20	2862
bölgelerinde	20	2863
depremler	20	2864
esas	20	2865
faydalı	20	2866
güne	20	2867
sürücünün	20	2868
turist	20	2869
yedek	20	2870
yenileme	20	2871
yolculuk	20	2872
çıkıp	20	2873
şampiyonluk	20	2874
avro	20	2875
hisse	20	2876
inanılmaz	20	2877
insansız	20	2878
oyuncuların	20	2879
plastik	20	2880
sizlerin	20	2881
yalan	20	2882
aşkın	20	2883
geriye	20	2884
hat	20	2885
mevduat	20	2886
nakit	20	2887
planı	20	2888
yangına	20	2889
yaralılar	20	2890
araştırmalar	20	2891
din	20	2892
eğitime	20	2893
kimi	20	2894
onunla	20	2895
rüzgar	20	2896
taze	20	2897
ani	20	2898
kapısı	20	2899
elektronik	20	2900
plan	20	2901
siber	20	2902
zeytin	20	2903
hoca	20	2904
temsilcisi	20	2905
abd'li	19	2906
abdulkadir	19	2907
binyamin	19	2908
dairesi	19	2909
diyarbakır'da	19	2910
gölcük	19	2911
mahmut	19	2912
mart'ta	19	2913
musk	19	2914
nilüfer	19	2915
premier	19	2916
trt	19	2917
vakfı	19	2918
yunanistan	19	2919
adaylığı	19	2920
alanlarında	19	2921
almıştı	19	2922
atıldı	19	2923
açıklamaları	19	2924
bedeli	19	2925
belediyelerin	19	2926
buluyor	19	2927
destekler	19	2928
direkt	19	2929
edilmiştir	19	2930
eser	19	2931
ettim	19	2932
firmanın	19	2933
fiyatlarının	19	2934
futbolcular	19	2935
gerçekleştiren	19	2936
getirilen	19	2937
geçtiği	19	2938
görünce	19	2939
göstererek	19	2940
güneyindeki	19	2941
haberlere	19	2942
hatırlatan	19	2943
hedefleniyor	19	2944
hesabı	19	2945
hâlâ	19	2946
ideal	19	2947
ihlal	19	2948
istismar	19	2949
iyice	19	2950
içerir	19	2951
işten	19	2952
kaldırılması	19	2953
katılacak	19	2954
kazandığı	19	2955
kimsenin	19	2956
kişiden	19	2957
kişilere	19	2958
km	19	2959
kolayca	19	2960
koydu	19	2961
kredisi	19	2962
kullanım	19	2963
kutladı	19	2964
madalya	19	2965
maddesi	19	2966
memnun	19	2967
miktarı	19	2968
müdahalelere	19	2969
müdahalenin	19	2970
müdahalesi	19	2971
nereden	19	2972
noktasına	19	2973
odaklı	19	2974
olmaları	19	2975
olmayacak	19	2976
oluşturan	19	2977
oluşturdu	19	2978
ortasında	19	2979
paylaşım	19	2980
puandan	19	2981
rakibi	19	2982
saatleri	19	2983
saldırılar	19	2984
sayısında	19	2985
soruları	19	2986
sorusu	19	2987
suikast	19	2988
talepleri	19	2989
tarihli	19	2990
tuttu	19	2991
uygulamaya	19	2992
vatandaşı	19	2993
veda	19	2994
verip	19	2995
vermeden	19	2996
yanıtladı	19	2997
yapar	19	2998
yapılmış	19	2999
yayında	19	3000
özer	19	3001
ülkü	19	3002
çarpması	19	3003
çeyreğinde	19	3004
çizen	19	3005
çözümler	19	3006
çıkarıldığı	19	3007
öneme	19	3008
önlenmesi	19	3009
ücrete	19	3010
gül	19	3011
salim	19	3012
uluslar	19	3013
adayların	19	3014
belediyecilik	19	3015
dedik	19	3016
firma	19	3017
görevli	19	3018
kontrolden	19	3019
otopsi	19	3020
stres	19	3021
sınıf	19	3022
sınırları	19	3023
tarihinin	19	3024
tedarik	19	3025
toplumda	19	3026
yağışlar	19	3027
yoksulluk	19	3028
şikayet	19	3029
federal	19	3030
atama	19	3031
bağlantı	19	3032
dengeli	19	3033
gemisi	19	3034
kamyon	19	3035
sürüş	19	3036
taraftarlar	19	3037
top	19	3038
vücut	19	3039
yolun	19	3040
şiddetle	19	3041
dağ	19	3042
han	19	3043
havalimanı	19	3044
millî	19	3045
diplomatik	19	3046
kenti	19	3047
tamamlanan	19	3048
yangında	19	3049
yazı	19	3050
örgütünün	19	3051
şüpheliler	19	3052
vekili	19	3053
aksine	19	3054
altının	19	3055
başkent	19	3056
katılımcılar	19	3057
seçimler	19	3058
terörle	19	3059
yatırımcılar	19	3060
çiçek	19	3061
geçer	19	3062
hayır	19	3063
kazı	19	3064
lise	19	3065
şans	19	3066
akın	19	3067
eskiden	19	3068
mavi	19	3069
polisin	19	3070
denetimlerde	19	3071
kanal	19	3072
amatör	19	3073
başvurular	19	3074
görüntülerde	19	3075
raporda	19	3076
katil	19	3077
bölgesi	19	3078
akp'li	18	3079
amirliği	18	3080
aralık'ta	18	3081
ayhan	18	3082
bilal	18	3083
cnn	18	3084
eylül'de	18	3085
ırak	18	3086
körfez	18	3087
madrid	18	3088
müslüman	18	3089
ozan	18	3090
thy	18	3091
tahir	18	3092
adamı	18	3093
alanındaki	18	3094
alındığında	18	3095
anlama	18	3096
anları	18	3097
anında	18	3098
araçların	18	3099
artarken	18	3100
arttığını	18	3101
aya	18	3102
açıklamasını	18	3103
bahçesinde	18	3104
başvurusu	18	3105
bireylerin	18	3106
bitti	18	3107
bırakıldı	18	3108
davasında	18	3109
demişti	18	3110
deneyim	18	3111
derhal	18	3112
değişiklikler	18	3113
diledi	18	3114
direksiyon	18	3115
diyorlar	18	3116
durumdan	18	3117
dönük	18	3118
dünyasında	18	3119
dışarı	18	3120
edilmişti	18	3121
eksikliği	18	3122
elinde	18	3123
elinden	18	3124
eşit	18	3125
eşliğinde	18	3126
fikir	18	3127
fiyatlarla	18	3128
fiyatlarını	18	3129
fırsatlar	18	3130
gereği	18	3131
geçecek	18	3132
geçerek	18	3133
girecek	18	3134
girmesi	18	3135
grubunda	18	3136
görüştü	18	3137
haberleri	18	3138
hitap	18	3139
ilişki	18	3140
kaldığını	18	3141
kanalda	18	3142
karşılığı	18	3143
kaybolan	18	3144
kaydı	18	3145
kazası	18	3146
kentindeki	18	3147
kullanıyor	18	3148
layık	18	3149
litre	18	3150
mücadeleyi	18	3151
olduğundan	18	3152
olmayacağını	18	3153
pahalı	18	3154
saatlerde	18	3155
sağladığı	18	3156
seviyesi	18	3157
seviyesini	18	3158
skorla	18	3159
sonuçlandı	18	3160
sunulacak	18	3161
tahsis	18	3162
taleplerini	18	3163
tedbir	18	3164
tutan	18	3165
töreninde	18	3166
uyarısı	18	3167
vadede	18	3168
verdikleri	18	3169
vermişti	18	3170
yakaladı	18	3171
yaptılar	18	3172
yapıp	18	3173
yaralandığı	18	3174
yarısında	18	3175
yoluna	18	3176
yılından	18	3177
zamana	18	3178
zararlı	18	3179
zihinsel	18	3180
çetin	18	3181
çinli	18	3182
özel'in	18	3183
özkan	18	3184
çalışacağız	18	3185
çaplı	18	3186
çarpıcı	18	3187
çekmek	18	3188
çıktığını	18	3189
öngörülüyor	18	3190
önlemek	18	3191
ücretin	18	3192
ülkeden	18	3193
şubat'ta	18	3194
şartlar	18	3195
holding	18	3196
umarım	18	3197
açılışı	18	3198
başarıya	18	3199
bilgilendirme	18	3200
dolandırıcılık	18	3201
düşünce	18	3202
füze	18	3203
havadan	18	3204
kimliği	18	3205
kılınan	18	3206
oğlunun	18	3207
sadık	18	3208
sahneye	18	3209
saniye	18	3210
sürecin	18	3211
çalışmalara	18	3212
üreten	18	3213
zira	18	3214
alkollü	18	3215
boyu	18	3216
kanlı	18	3217
kanseri	18	3218
kimin	18	3219
kurumsal	18	3220
köprü	18	3221
okullarda	18	3222
tipi	18	3223
yönetimin	18	3224
zirve	18	3225
entegre	18	3226
işveren	18	3227
katı	18	3228
sana	18	3229
tren	18	3230
ölen	18	3231
demokrat	18	3232
duran	18	3233
evli	18	3234
işçiler	18	3235
kuruluş	18	3236
meydan	18	3237
rezerv	18	3238
sürücüler	18	3239
hacı	18	3240
trafikte	18	3241
duygu	18	3242
imar	18	3243
kurucu	18	3244
görür	18	3245
akşener	17	3246
almanya'nın	17	3247
apple	17	3248
burak	17	3249
cemil	17	3250
cengiz	17	3251
dağı	17	3252
faruk	17	3253
fransız	17	3254
kaplan	17	3255
kurtulmuş	17	3256
trabzon	17	3257
yumaklı	17	3258
alın	17	3259
alışveriş	17	3260
anlık	17	3261
arayışında	17	3262
artırıyor	17	3263
atandı	17	3264
atmak	17	3265
azaltmak	17	3266
azından	17	3267
babasının	17	3268
başardı	17	3269
büyümesi	17	3270
cazip	17	3271
desteğini	17	3272
değerinde	17	3273
değerlendiren	17	3274
değerlendiriliyor	17	3275
değilim	17	3276
dönen	17	3277
edici	17	3278
esnada	17	3279
eti	17	3280
etkiliyor	17	3281
eylemi	17	3282
fiyatlarına	17	3283
gayret	17	3284
gelirken	17	3285
geçirmek	17	3286
girerek	17	3287
gündeminde	17	3288
haberler	17	3289
hakimiyetini	17	3290
haklı	17	3291
hastanelere	17	3292
iade	17	3293
iddialı	17	3294
ifadesinde	17	3295
iftar	17	3296
ihtimali	17	3297
inanıyorum	17	3298
isimlerinden	17	3299
iyileşme	17	3300
içerisine	17	3301
kalitesini	17	3302
kalıyor	17	3303
kamerasına	17	3304
kaybederken	17	3305
kayıtlara	17	3306
kayıtlı	17	3307
kazanç	17	3308
kentinde	17	3309
konular	17	3310
konularda	17	3311
konularında	17	3312
kullanılır	17	3313
kurma	17	3314
kurtarmak	17	3315
kurtarıldı	17	3316
köpeği	17	3317
kültürü	17	3318
maliyeti	17	3319
meselesi	17	3320
milletimize	17	3321
muhteşem	17	3322
mutluyum	17	3323
müdahalesinin	17	3324
mükemmel	17	3325
namaz	17	3326
nasip	17	3327
olmalı	17	3328
oyuna	17	3329
pay	17	3330
sezonunda	17	3331
seçimlerin	17	3332
sorunlara	17	3333
sundu	17	3334
sıraya	17	3335
tabancayla	17	3336
tarihini	17	3337
tarihlerinde	17	3338
taşıma	17	3339
toprağa	17	3340
tutarak	17	3341
tutarı	17	3342
tutuklanarak	17	3343
un	17	3344
uyumlu	17	3345
varan	17	3346
verirken	17	3347
yaptım	17	3348
yapılmasını	17	3349
yardımların	17	3350
yatırımları	17	3351
yayınladı	17	3352
yaşamın	17	3353
yeterince	17	3354
yolculuğuna	17	3355
yoğunluğu	17	3356
yüzü	17	3357
ziyareti	17	3358
çin'in	17	3359
özbek	17	3360
üstelik	17	3361
çalışmasını	17	3362
çevrildi	17	3363
çıkma	17	3364
önlemi	17	3365
ürünü	17	3366
üstünde	17	3367
şunları	17	3368
güneydoğu	17	3369
aylığı	17	3370
başkanlığında	17	3371
davanın	17	3372
doları	17	3373
gözaltı	17	3374
kemik	17	3375
malzeme	17	3376
niye	17	3377
olayların	17	3378
protein	17	3379
salonunda	17	3380
sevilen	17	3381
sporcu	17	3382
yapım	17	3383
yerin	17	3384
zeytinyağı	17	3385
ziyarete	17	3386
çevresel	17	3387
fed	17	3388
açlık	17	3389
ithal	17	3390
kariyer	17	3391
kazanmak	17	3392
kimyasal	17	3393
kurucusu	17	3394
rejim	17	3395
seçmen	17	3396
sürücülerin	17	3397
yukarı	17	3398
ülkesinin	17	3399
şubesi	17	3400
kupa	17	3401
bilirkişi	17	3402
bizleri	17	3403
dar	17	3404
emeklilerin	17	3405
garanti	17	3406
kutlu	17	3407
köyü	17	3408
lif	17	3409
maden	17	3410
milletvekilleri	17	3411
partilerin	17	3412
polisi	17	3413
seçimlere	17	3414
standart	17	3415
vize	17	3416
yatırımcıların	17	3417
konferans	17	3418
olağan	17	3419
gönül	17	3420
görüşmede	17	3421
komisyon	17	3422
lütfen	17	3423
ters	17	3424
yöneticisi	17	3425
ülkedeki	17	3426
muhtarı	17	3427
cari	17	3428
lojistik	17	3429
sokakta	17	3430
turistik	17	3431
tır	17	3432
iddianamede	17	3433
dünyaca	17	3434
müzesi	17	3435
valilik	17	3436
tesisleri	17	3437
verimliliği	17	3438
yeter	17	3439
ödülü	17	3440
bakanlığın	17	3441
kale	17	3442
tartışmanın	17	3443
arabistan	16	3444
arslan	16	3445
avrupa'da	16	3446
avusturya	16	3447
bitcoin	16	3448
cumhuriyetçi	16	3449
denizli	16	3450
enes	16	3451
erdem	16	3452
erdoğan'a	16	3453
erol	16	3454
filistinlinin	16	3455
ıcardi	16	3456
ınstagram	16	3457
kdv	16	3458
kktc	16	3459
mayıs'ta	16	3460
orhan	16	3461
selim	16	3462
sivasspor	16	3463
suriye'deki	16	3464
tatar	16	3465
temmuz'da	16	3466
turgut	16	3467
vedat	16	3468
yunan	16	3469
adil	16	3470
alacağını	16	3471
alanların	16	3472
amaçlıyor	16	3473
anlam	16	3474
anlaşmaya	16	3475
aralıksız	16	3476
arayarak	16	3477
arkadan	16	3478
artırma	16	3479
ayrılan	16	3480
bakıldığında	16	3481
bazında	16	3482
beklentisi	16	3483
berabere	16	3484
biliyorum	16	3485
bilmiyorum	16	3486
birini	16	3487
biyolojik	16	3488
bizzat	16	3489
bomba	16	3490
bulunmak	16	3491
bulunmuştu	16	3492
buluştu	16	3493
bölgeyi	16	3494
değerlendirmelerde	16	3495
dizisinin	16	3496
durumuna	16	3497
duyurusunda	16	3498
dönemlerde	16	3499
dönüm	16	3500
düzenlemeler	16	3501
edeceklerini	16	3502
edenler	16	3503
edilmektedir	16	3504
edilmesini	16	3505
ediyorlar	16	3506
ekranı	16	3507
elini	16	3508
erecek	16	3509
fiyatların	16	3510
fotoğrafı	16	3511
galibiyetle	16	3512
gelecekte	16	3513
getirilmesi	16	3514
gününe	16	3515
güçlendirmek	16	3516
haftalık	16	3517
hakkındaki	16	3518
hakkını	16	3519
hali	16	3520
halkına	16	3521
idi	16	3522
ifadeler	16	3523
ilçelerinde	16	3524
kalma	16	3525
karşılaşmada	16	3526
kaybetmiş	16	3527
kaçan	16	3528
kullanılması	16	3529
kullanımının	16	3530
liderliğinde	16	3531
mahkemece	16	3532
mesajlar	16	3533
milyona	16	3534
muhabirine	16	3535
mutluluğunu	16	3536
mücadelenin	16	3537
müzakere	16	3538
niteliğinde	16	3539
olanların	16	3540
olayları	16	3541
olduğum	16	3542
operasyonlarında	16	3543
ortamı	16	3544
otomatik	16	3545
oturan	16	3546
panik	16	3547
peşe	16	3548
planları	16	3549
projeye	16	3550
ruhsatsız	16	3551
sahası	16	3552
sağlandı	16	3553
sağlığına	16	3554
sektörde	16	3555
sektörü	16	3556
sektörünün	16	3557
sindirim	16	3558
sonuçla	16	3559
sorular	16	3560
sorunlarına	16	3561
sorununu	16	3562
söylemişti	16	3563
sürdüğü	16	3564
sürecek	16	3565
sürerken	16	3566
takvimi	16	3567
tarafında	16	3568
tarihe	16	3569
taşıdı	16	3570
teşkil	16	3571
toplanan	16	3572
türü	16	3573
ucuz	16	3574
uyarıda	16	3575
uçağı	16	3576
vereceğiz	16	3577
vermeyi	16	3578
vesile	16	3579
vuran	16	3580
yardımıyla	16	3581
yasak	16	3582
yayınlandı	16	3583
yaşadıklarını	16	3584
yaşıyor	16	3585
yetkililere	16	3586
yoldan	16	3587
yöneticileri	16	3588
yöntemleri	16	3589
yıldan	16	3590
çalışanları	16	3591
çalışmalarımızı	16	3592
çalışmalarıyla	16	3593
çalışmanın	16	3594
çevrelerinde	16	3595
çiftin	16	3596
çıkmıştı	16	3597
ötesinde	16	3598
öğrenilen	16	3599
ürünlerini	16	3600
üste	16	3601
üstüne	16	3602
ingilizce	16	3603
ispanya	16	3604
izzet	16	3605
şenol	16	3606
batılı	16	3607
buruk	16	3608
ordu	16	3609
ameliyat	16	3610
başsağlığı	16	3611
deneyimli	16	3612
doğalgaz	16	3613
emeklilere	16	3614
estetik	16	3615
etkinlikleri	16	3616
gençlere	16	3617
ismini	16	3618
kartları	16	3619
nüfusu	16	3620
online	16	3621
oraya	16	3622
paylaşımında	16	3623
peş	16	3624
sorumluluğu	16	3625
yatırımcı	16	3626
yaya	16	3627
yöntemi	16	3628
şehirde	16	3629
bulut	16	3630
ilişkilerde	16	3631
izleme	16	3632
kahve	16	3633
kronik	16	3634
kur	16	3635
rüyalar	16	3636
sorumlusu	16	3637
sözleşmesi	16	3638
taşıdığı	16	3639
şirketler	16	3640
sanayii	16	3641
adaletin	16	3642
araştırmaya	16	3643
bankanın	16	3644
hırsızlık	16	3645
olaydan	16	3646
rakip	16	3647
sandık	16	3648
zemin	16	3649
kabine	16	3650
kalın	16	3651
kağıt	16	3652
lirası	16	3653
pandemi	16	3654
partinin	16	3655
çocuklarımız	16	3656
babam	16	3657
gazetesi	16	3658
hayvanları	16	3659
sınava	16	3660
kulüpten	16	3661
duman	16	3662
idare	16	3663
kardeşim	16	3664
olaya	16	3665
çağdaş	16	3666
emekliye	16	3667
şimdiye	16	3668
altınok	15	3669
ankara'nın	15	3670
atalay	15	3671
avcı	15	3672
bakanlığının	15	3673
blinken	15	3674
bolu'nun	15	3675
ercan	15	3676
ersoy	15	3677
eskişehir	15	3678
fed'in	15	3679
filistinlilere	15	3680
haziran'da	15	3681
kartepe	15	3682
kayseri	15	3683
kupası	15	3684
necmettin	15	3685
nisan'da	15	3686
olimpiyat	15	3687
partisi'nin	15	3688
toki	15	3689
tekirdağ	15	3690
tugay	15	3691
türkiye'den	15	3692
york	15	3693
adlandırılan	15	3694
akıl	15	3695
alakalı	15	3696
alamayan	15	3697
alınıyor	15	3698
anlamlar	15	3699
aracına	15	3700
araçlara	15	3701
ateşe	15	3702
avukatları	15	3703
açıklarında	15	3704
ağrısı	15	3705
başlangıç	15	3706
başlar	15	3707
başvurdu	15	3708
beklentileri	15	3709
bilgilerini	15	3710
bine	15	3711
borcu	15	3712
bulunur	15	3713
buçuk	15	3714
bıçakla	15	3715
denge	15	3716
destekli	15	3717
detay	15	3718
devamı	15	3719
devre	15	3720
değerini	15	3721
dikkatleri	15	3722
duygularını	15	3723
duyurmuştu	15	3724
döneminin	15	3725
düzeyinde	15	3726
edecektir	15	3727
ekibinin	15	3728
ekranlarında	15	3729
eleme	15	3730
etik	15	3731
etkiledi	15	3732
etmeleri	15	3733
etmesini	15	3734
etmiyor	15	3735
evden	15	3736
eşini	15	3737
faaliyetlerini	15	3738
geleni	15	3739
gelmesini	15	3740
geçmek	15	3741
giderken	15	3742
göstermek	15	3743
gürültülü	15	3744
güçlerinin	15	3745
haklarını	15	3746
hassas	15	3747
hastanın	15	3748
heyeti	15	3749
intihar	15	3750
ithalat	15	3751
izledi	15	3752
kapasitesi	15	3753
kapsayan	15	3754
kararları	15	3755
kararlılıkla	15	3756
karın	15	3757
karşılaştığı	15	3758
kaybederek	15	3759
keşif	15	3760
konuları	15	3761
koruyan	15	3762
kullanıldığı	15	3763
kurulması	15	3764
köklü	15	3765
lezzetli	15	3766
lirayı	15	3767
mevkisinde	15	3768
milyondan	15	3769
muhalif	15	3770
neticesinde	15	3771
olabiliyor	15	3772
olun	15	3773
oluşturmak	15	3774
parlak	15	3775
partiler	15	3776
paylaşımı	15	3777
planlanıyor	15	3778
puanı	15	3779
raporunda	15	3780
razı	15	3781
renkli	15	3782
saldırgan	15	3783
saldırılarına	15	3784
saldırılarında	15	3785
sanığın	15	3786
sağlarken	15	3787
seyreden	15	3788
siyaseti	15	3789
somut	15	3790
söylediği	15	3791
taburcu	15	3792
tarafı	15	3793
taşır	15	3794
topladı	15	3795
trafiği	15	3796
tutum	15	3797
uyardı	15	3798
uygulanacak	15	3799
uygulandı	15	3800
uğradı	15	3801
uğradığı	15	3802
veriler	15	3803
verin	15	3804
verir	15	3805
vesileyle	15	3806
yapılabilir	15	3807
yapılarak	15	3808
yaratıyor	15	3809
yayımladı	15	3810
yaşama	15	3811
yaşamı	15	3812
yaşanabilir	15	3813
ye	15	3814
yiyecek	15	3815
yolculuğu	15	3816
yolunun	15	3817
yön	15	3818
yürekten	15	3819
yüzüne	15	3820
çalışanı	15	3821
çalışmalarda	15	3822
çalışmalarımız	15	3823
çalışıyorlar	15	3824
çatısı	15	3825
çağrıda	15	3826
çocuklarına	15	3827
özür	15	3828
ülkelere	15	3829
italyan	15	3830
şifa	15	3831
samsun	15	3832
bizimle	15	3833
bırakın	15	3834
dost	15	3835
ekran	15	3836
enkaz	15	3837
gelişmeleri	15	3838
görünüm	15	3839
hain	15	3840
hastalar	15	3841
hepimizin	15	3842
karşılaşma	15	3843
kelime	15	3844
nakli	15	3845
projede	15	3846
ruh	15	3847
sergi	15	3848
sinir	15	3849
sistemin	15	3850
tamamı	15	3851
turu	15	3852
vitamin	15	3853
çocuklarının	15	3854
ölümü	15	3855
şirketlerin	15	3856
belediyesinin	15	3857
festivali	15	3858
kanunu	15	3859
kurtuluş	15	3860
sendikası	15	3861
arkadaşlar	15	3862
arıtma	15	3863
binada	15	3864
destekleme	15	3865
dünyayı	15	3866
emeği	15	3867
gazetecilerin	15	3868
gönüllü	15	3869
görüşmenin	15	3870
görüşmeye	15	3871
nice	15	3872
of	15	3873
oradan	15	3874
pilot	15	3875
sıvı	15	3876
tarihin	15	3877
taşı	15	3878
testi	15	3879
yağlı	15	3880
çeşme	15	3881
çevrede	15	3882
öğrenme	15	3883
şafak	15	3884
anket	15	3885
aydınlatma	15	3886
bayrak	15	3887
dere	15	3888
hastaların	15	3889
hedefimiz	15	3890
kulübün	15	3891
perakende	15	3892
solunum	15	3893
sözleşmeli	15	3894
taban	15	3895
örgütüne	15	3896
bunlara	15	3897
disiplin	15	3898
fuar	15	3899
uçağın	15	3900
yardımcıları	15	3901
deva	15	3902
emek	15	3903
dokuz	15	3904
emniyetteki	15	3905
patates	15	3906
sizler	15	3907
hareketi	15	3908
karayolu	15	3909
akademik	15	3910
finans	15	3911
yenilenebilir	15	3912
afyonkarahisar	14	3913
almanya'da	14	3914
altay	14	3915
asya	14	3916
bahçeli'nin	14	3917
biden'ın	14	3918
bursa'nın	14	3919
bülent	14	3920
büyükakın	14	3921
caddesi'nde	14	3922
d	14	3923
demirspor	14	3924
dilan	14	3925
ermeni	14	3926
esenyurt	14	3927
google	14	3928
guterres	14	3929
güran'ın	14	3930
ılıcalı	14	3931
japon	14	3932
japonya	14	3933
kaymakamı	14	3934
konseyi	14	3935
koray	14	3936
mahinur	14	3937
merkezi'ne	14	3938
merve	14	3939
muharrem	14	3940
polonya	14	3941
rum	14	3942
salonu'nda	14	3943
tanju	14	3944
trump'a	14	3945
yahudi	14	3946
yücel	14	3947
adamın	14	3948
alacağı	14	3949
alanın	14	3950
alıcı	14	3951
arasına	14	3952
artırabilir	14	3953
attık	14	3954
aç	14	3955
aşamasında	14	3956
basınında	14	3957
baz	14	3958
başlattığı	14	3959
belgeleri	14	3960
belirtmişti	14	3961
besinler	14	3962
bilgisini	14	3963
bilinir	14	3964
bulunacak	14	3965
buluşan	14	3966
bırakan	14	3967
dayalı	14	3968
deneyimi	14	3969
dizisinde	14	3970
durumunu	14	3971
duyarlı	14	3972
dünyasının	14	3973
ekibin	14	3974
ekonomisine	14	3975
ekstra	14	3976
esir	14	3977
esnek	14	3978
etkilerini	14	3979
eğlenceli	14	3980
fayda	14	3981
fazlası	14	3982
fiyatının	14	3983
flaş	14	3984
geleceğine	14	3985
geliri	14	3986
gelişmelerin	14	3987
gelmektedir	14	3988
gelmiştir	14	3989
getirme	14	3990
geçmesi	14	3991
gidecek	14	3992
girişimi	14	3993
girmek	14	3994
girmeye	14	3995
gruplar	14	3996
görevlisi	14	3997
göstergesi	14	3998
havada	14	3999
hazırlıklarını	14	4000
hedefleri	14	4001
iddiasıyla	14	4002
iletti	14	4003
ilişkilerin	14	4004
itibar	14	4005
itiraf	14	4006
işçinin	14	4007
kadroya	14	4008
kalmak	14	4009
kalır	14	4010
kanat	14	4011
karadan	14	4012
katında	14	4013
kazanarak	14	4014
kelimesi	14	4015
koltuğunda	14	4016
kontrolü	14	4017
konumunda	14	4018
kullanımına	14	4019
kurduğu	14	4020
kıdem	14	4021
mahkemeye	14	4022
maçına	14	4023
minibüs	14	4024
mülakat	14	4025
müsaade	14	4026
namazının	14	4027
not	14	4028
oluşturduğu	14	4029
onlarca	14	4030
oran	14	4031
oynamak	14	4032
parayı	14	4033
piyasaya	14	4034
planlı	14	4035
pratik	14	4036
rakamları	14	4037
riskleri	14	4038
riskli	14	4039
sahadan	14	4040
sahnede	14	4041
samimi	14	4042
savaşa	14	4043
savunan	14	4044
sağcı	14	4045
sitesinden	14	4046
sorunlarını	14	4047
soruya	14	4048
strateji	14	4049
sunuldu	14	4050
söylüyorum	14	4051
süreyle	14	4052
süreçleri	14	4053
takipçisi	14	4054
tarihte	14	4055
tatili	14	4056
temas	14	4057
uyandırdı	14	4058
uzaktan	14	4059
uçaklarının	14	4060
vakti	14	4061
verildiği	14	4062
veriyoruz	14	4063
vurguluyor	14	4064
yakalanarak	14	4065
yansıyan	14	4066
yanıtını	14	4067
yapacağını	14	4068
yapmayı	14	4069
yapılacağı	14	4070
yarısı	14	4071
yazarı	14	4072
yönetimine	14	4073
yükseliş	14	4074
yürüttüğü	14	4075
yılki	14	4076
yılları	14	4077
zorla	14	4078
zorluk	14	4079
çaykur	14	4080
çınar	14	4081
çatışma	14	4082
çözmek	14	4083
çıkararak	14	4084
özgü	14	4085
öğrencileri	14	4086
öğrenmek	14	4087
üzüntü	14	4088
iha	14	4089
irfan	14	4090
istanbul'u	14	4091
izmir'in	14	4092
şeridi'nde	14	4093
şart	14	4094
şekli	14	4095
şikayetçi	14	4096
hatay'da	14	4097
komitesi	14	4098
sonuçta	14	4099
aileleri	14	4100
aramalarda	14	4101
babasını	14	4102
fahiş	14	4103
galibiyeti	14	4104
kesim	14	4105
konuşmasının	14	4106
mahallede	14	4107
mücadeleye	14	4108
okullar	14	4109
oradaki	14	4110
ortağı	14	4111
rakamlar	14	4112
soğutma	14	4113
suçu	14	4114
takvim	14	4115
vatandaşlarımız	14	4116
yazın	14	4117
yoğunluk	14	4118
acilen	14	4119
biliyorsunuz	14	4120
diyet	14	4121
duruşma	14	4122
enflasyonla	14	4123
eşinin	14	4124
gelişmiş	14	4125
ilçenin	14	4126
kaleci	14	4127
kavgada	14	4128
kedi	14	4129
paketi	14	4130
pazarı	14	4131
seçimin	14	4132
sistemleri	14	4133
uygulamanın	14	4134
zekâ	14	4135
öncü	14	4136
al	14	4137
saray	14	4138
askerlik	14	4139
dünyası	14	4140
etkinlikler	14	4141
gayrimenkul	14	4142
iktidara	14	4143
kargo	14	4144
köyde	14	4145
ons	14	4146
plaka	14	4147
rüzgarın	14	4148
sıcaklıklar	14	4149
zanlı	14	4150
çavuş	14	4151
önder	14	4152
öğretmenlerin	14	4153
emlak	14	4154
ceviz	14	4155
danışmanı	14	4156
gazete	14	4157
global	14	4158
merhum	14	4159
sulama	14	4160
yarışma	14	4161
ofisi	14	4162
youtube	14	4163
kimseye	14	4164
nöbetçi	14	4165
rapora	14	4166
bakın	14	4167
programa	14	4168
zeki	14	4169
çocuklarımızın	14	4170
öz	14	4171
alanyaspor	13	4172
anadolu'nun	13	4173
ağustos'ta	13	4174
bakanlığı'ndan	13	4175
baysal	13	4176
başkanvekili	13	4177
böylelikle	13	4178
camii	13	4179
derince	13	4180
ebru	13	4181
elon	13	4182
engin	13	4183
ermenistan	13	4184
esad	13	4185
filistin'de	13	4186
hamas'ın	13	4187
ırak'ın	13	4188
kocaeli'nin	13	4189
komutanı	13	4190
kılıçdaroğlu	13	4191
msb	13	4192
mauro	13	4193
müdürlüğü'nün	13	4194
sivas	13	4195
sokak'ta	13	4196
tolga	13	4197
tüfe	13	4198
ysk	13	4199
yasin	13	4200
adımı	13	4201
adından	13	4202
alacağız	13	4203
alınır	13	4204
ambulans	13	4205
arayan	13	4206
arazi	13	4207
araştırılıyor	13	4208
ardı	13	4209
artıracak	13	4210
artırmayı	13	4211
ayağı	13	4212
aydır	13	4213
ağaç	13	4214
baktığımızda	13	4215
bakımı	13	4216
bardak	13	4217
beraat	13	4218
beraberinde	13	4219
beğeni	13	4220
birer	13	4221
bulan	13	4222
bulunuldu	13	4223
bölgelere	13	4224
bırakarak	13	4225
cadde	13	4226
cesedi	13	4227
damga	13	4228
demektir	13	4229
depreme	13	4230
devrildi	13	4231
değerleri	13	4232
değildi	13	4233
dua	13	4234
durdurulması	13	4235
duyduğunu	13	4236
dönümü	13	4237
düzenleyen	13	4238
düşerek	13	4239
dışındaki	13	4240
edilebilir	13	4241
ekleyin	13	4242
ekonomisi	13	4243
eline	13	4244
erişim	13	4245
evvel	13	4246
faizli	13	4247
farkında	13	4248
fırında	13	4249
gayet	13	4250
gelmek	13	4251
geçmeye	13	4252
girip	13	4253
gittim	13	4254
gönderdi	13	4255
görevinden	13	4256
görevini	13	4257
görsel	13	4258
görünüyor	13	4259
görüyorum	13	4260
gösterecek	13	4261
gösterilen	13	4262
gündemi	13	4263
günlerinde	13	4264
güvenilir	13	4265
hayatının	13	4266
ihtiyacımız	13	4267
ihtiyaçlarını	13	4268
ikiye	13	4269
imkan	13	4270
inanıyoruz	13	4271
incelemede	13	4272
istedik	13	4273
istedim	13	4274
isteğini	13	4275
kapandı	13	4276
kapılarını	13	4277
kararına	13	4278
karşımıza	13	4279
kavgaya	13	4280
kenarında	13	4281
kendisinin	13	4282
kesmeden	13	4283
konuldu	13	4284
koyduğu	13	4285
kullanması	13	4286
kullanmıştı	13	4287
kurarak	13	4288
kurmak	13	4289
kuruş	13	4290
lezzet	13	4291
maaşları	13	4292
makinesi	13	4293
maliyet	13	4294
masaya	13	4295
medyadan	13	4296
mensuplarına	13	4297
metreküp	13	4298
mevsim	13	4299
mezun	13	4300
motor	13	4301
muayene	13	4302
musunuz	13	4303
müdahalesiyle	13	4304
olaylara	13	4305
olduğunda	13	4306
olunca	13	4307
oranlarının	13	4308
oynayacağı	13	4309
oynuyor	13	4310
paylaşmak	13	4311
paylaşıldı	13	4312
pazarına	13	4313
performansını	13	4314
peşinde	13	4315
planını	13	4316
potansiyel	13	4317
pozisyon	13	4318
puana	13	4319
saatlerinden	13	4320
sahiplerine	13	4321
sahipliğinde	13	4322
saldırısının	13	4323
sandıkta	13	4324
sağlama	13	4325
sağlayarak	13	4326
sektörün	13	4327
sis	13	4328
skandal	13	4329
sunarak	13	4330
suçlarından	13	4331
suçtan	13	4332
sözler	13	4333
sürdüreceğiz	13	4334
sürülen	13	4335
sınırlarını	13	4336
takla	13	4337
tamamlayan	13	4338
tamamında	13	4339
tanınan	13	4340
taraflı	13	4341
taşımaktadır	13	4342
tehlikesi	13	4343
tehlikeye	13	4344
toplama	13	4345
toplantısına	13	4346
tutmaya	13	4347
tutuklanan	13	4348
ulaşarak	13	4349
uyarısında	13	4350
uzanan	13	4351
uzmanları	13	4352
uğrayan	13	4353
verdiler	13	4354
yakalandığını	13	4355
yakalanması	13	4356
yaklaşım	13	4357
yankı	13	4358
yapının	13	4359
yapıya	13	4360
yarıda	13	4361
yarışı	13	4362
yatan	13	4363
yatırımların	13	4364
yayımladığı	13	4365
yayınladığı	13	4366
yazılım	13	4367
yaşadığımız	13	4368
yaşta	13	4369
yolcunun	13	4370
yollarla	13	4371
yollarını	13	4372
yürütüyor	13	4373
yıllarında	13	4374
yılını	13	4375
öcalan	13	4376
çalışmalarında	13	4377
çalıştık	13	4378
çapında	13	4379
çarpan	13	4380
çirkin	13	4381
çocuğa	13	4382
öncelikli	13	4383
öncülüğünde	13	4384
önlemleri	13	4385
önünü	13	4386
ücretli	13	4387
ülkeyi	13	4388
üretime	13	4389
ilhan	13	4390
inegöl	13	4391
ingiltere'de	13	4392
şeridi'nin	13	4393
şehrinde	13	4394
şoförü	13	4395
divan	13	4396
akaryakıt	13	4397
arkadaş	13	4398
beklentilerin	13	4399
belediyenin	13	4400
boşanma	13	4401
böbrek	13	4402
dinamik	13	4403
düşman	13	4404
egzersiz	13	4405
kabin	13	4406
kazaya	13	4407
kurumlar	13	4408
kurşun	13	4409
mübarek	13	4410
operasyonları	13	4411
piyasalarda	13	4412
saldırıyı	13	4413
sanıklar	13	4414
tasarımı	13	4415
yapısal	13	4416
yaratıcı	13	4417
yardımı	13	4418
zorluklar	13	4419
çayı	13	4420
üyeliği	13	4421
şehirler	13	4422
ağız	13	4423
bal	13	4424
doktora	13	4425
efsane	13	4426
farkındalık	13	4427
fındık	13	4428
girişim	13	4429
görüntü	13	4430
katma	13	4431
kuran	13	4432
kutsal	13	4433
kuş	13	4434
kıyı	13	4435
market	13	4436
merkeze	13	4437
mutfak	13	4438
nereye	13	4439
otomobilde	13	4440
soğan	13	4441
tarafların	13	4442
şeref	13	4443
eren	13	4444
piyasası	13	4445
sulh	13	4446
tok	13	4447
bankaların	13	4448
ertesi	13	4449
gecesi	13	4450
işçilerin	13	4451
müjde	13	4452
onlarla	13	4453
reyting	13	4454
seri	13	4455
sportif	13	4456
törene	13	4457
zaferi	13	4458
bilişim	13	4459
bizde	13	4460
gazeteciler	13	4461
ceset	13	4462
danışma	13	4463
gümrük	13	4464
haftası	13	4465
mülteci	13	4466
müze	13	4467
platform	13	4468
çevredekilerin	13	4469
halihazırda	13	4470
kolları	13	4471
gelin	13	4472
abant	12	4473
akademisi	12	4474
aslı	12	4475
avrupa'nın	12	4476
bank	12	4477
beylikdüzü	12	4478
bingöl	12	4479
boluspor'un	12	4480
bora	12	4481
cevdet	12	4482
düzce	12	4483
efe	12	4484
elif	12	4485
ersin	12	4486
erzincan	12	4487
gezeravcı	12	4488
gülen'in	12	4489
hakkari	12	4490
hamza	12	4491
kahveci	12	4492
karagümrük	12	4493
kenan	12	4494
konyaspor	12	4495
levent	12	4496
meb	12	4497
macron	12	4498
mardin	12	4499
meydanı'nda	12	4500
muğla'nın	12	4501
naci	12	4502
narin'in	12	4503
nitekim	12	4504
ocak'ta	12	4505
ocakları	12	4506
paşa	12	4507
saadet	12	4508
serkan	12	4509
sezer	12	4510
tcg	12	4511
tsi	12	4512
tuzla	12	4513
ukrayna'ya	12	4514
vladimir	12	4515
zonguldak	12	4516
alanlarının	12	4517
alınırken	12	4518
anlamında	12	4519
anlatıyor	12	4520
anlayış	12	4521
aradı	12	4522
arkadaşlarımız	12	4523
arttığı	12	4524
atmaya	12	4525
azaldı	12	4526
açıklamalarına	12	4527
açılması	12	4528
başlayıp	12	4529
başlığı	12	4530
bebeğin	12	4531
beklediğini	12	4532
beraberlikle	12	4533
beyan	12	4534
binaların	12	4535
birbirlerine	12	4536
bulmak	12	4537
buğday	12	4538
büyüyen	12	4539
bırakılması	12	4540
coşkuyla	12	4541
davranış	12	4542
defnedildi	12	4543
der	12	4544
derinden	12	4545
deyip	12	4546
değerlendirildi	12	4547
değerlendirmesinde	12	4548
değişen	12	4549
değiştirme	12	4550
dileriz	12	4551
doktorların	12	4552
durumları	12	4553
dâhil	12	4554
dönüşü	12	4555
düzen	12	4556
düştüğünü	12	4557
düşünen	12	4558
edebilirsiniz	12	4559
ekiplerinden	12	4560
ekonomiye	12	4561
eleştirdi	12	4562
emeklileri	12	4563
etkileyen	12	4564
etkinliklerle	12	4565
etmeden	12	4566
farkına	12	4567
fazlasını	12	4568
forması	12	4569
futbolcunun	12	4570
gelişimi	12	4571
girmiş	12	4572
giyim	12	4573
golü	12	4574
görmeye	12	4575
görünen	12	4576
görüntüsü	12	4577
göstermektedir	12	4578
göstermesi	12	4579
göze	12	4580
güvence	12	4581
güzellik	12	4582
hastalıkların	12	4583
havaya	12	4584
haziranda	12	4585
hazırladığı	12	4586
hazırlıkları	12	4587
hedeflerine	12	4588
heyecanla	12	4589
iddianame	12	4590
iddiası	12	4591
ihmal	12	4592
ihtiyaçları	12	4593
ilgilendiren	12	4594
ilişkisi	12	4595
imha	12	4596
incelemelerde	12	4597
insanlığa	12	4598
isimlerden	12	4599
istenen	12	4600
iyisini	12	4601
izni	12	4602
işini	12	4603
işletmelerin	12	4604
kadrosu	12	4605
kadınlarda	12	4606
kalmadı	12	4607
kalması	12	4608
kalmayacak	12	4609
kalırken	12	4610
kariyerine	12	4611
karşılaşmasında	12	4612
kas	12	4613
kaçmaya	12	4614
kaşığı	12	4615
kesimlerde	12	4616
keyif	12	4617
komşu	12	4618
kontrollü	12	4619
kontrolünden	12	4620
kontrolünü	12	4621
konuların	12	4622
konuşuluyor	12	4623
koyan	12	4624
kullanıcıları	12	4625
kullanıcılarına	12	4626
kullanılamaz	12	4627
kısmını	12	4628
laf	12	4629
maaşlarına	12	4630
maddeler	12	4631
maçlar	12	4632
mesajları	12	4633
metrekare	12	4634
metrekarelik	12	4635
milyonu	12	4636
misafir	12	4637
muhafaza	12	4638
muhtemel	12	4639
müdahaleye	12	4640
müsabakada	12	4641
müteakip	12	4642
numaralı	12	4643
numarası	12	4644
okulların	12	4645
olacaklar	12	4646
oldum	12	4647
olmadığına	12	4648
oluşturuyor	12	4649
otelin	12	4650
oynayacak	12	4651
parasını	12	4652
personelin	12	4653
planlarını	12	4654
problem	12	4655
randevu	12	4656
romantik	12	4657
saldırılara	12	4658
saldırısında	12	4659
satışları	12	4660
sayısına	12	4661
sağladığını	12	4662
sağlanacak	12	4663
sağlayabilir	12	4664
seferleri	12	4665
sembolü	12	4666
seyirci	12	4667
simgesi	12	4668
sizlerle	12	4669
sorulara	12	4670
sorusunu	12	4671
soruyu	12	4672
sunmayı	12	4673
sürdürdüğü	12	4674
sürdüğünü	12	4675
süreleri	12	4676
sıklıkla	12	4677
tahminleri	12	4678
talebinde	12	4679
talebiyle	12	4680
tansiyon	12	4681
tanıklık	12	4682
taraftarların	12	4683
tartışmaya	12	4684
tarz	12	4685
tarzı	12	4686
tatile	12	4687
tazminat	12	4688
tazminatı	12	4689
taşıdığını	12	4690
tedbirleri	12	4691
temenni	12	4692
titizlikle	12	4693
tur	12	4694
törenine	12	4695
ulaşma	12	4696
uygulamalar	12	4697
uygulamaları	12	4698
uzaklıkta	12	4699
uçağının	12	4700
uğurlandı	12	4701
varlığı	12	4702
varlığını	12	4703
vereceğini	12	4704
verilerini	12	4705
yanlısı	12	4706
yansıtabilir	12	4707
yanındaki	12	4708
yanıtlayan	12	4709
yanıtı	12	4710
yapmıştır	12	4711
yatırımlar	12	4712
yayıldı	12	4713
yetki	12	4714
yolcular	12	4715
yorumlar	12	4716
yumurta	12	4717
yönetecek	12	4718
yönlendirildi	12	4719
yükselişle	12	4720
yürütülüyor	12	4721
zamandır	12	4722
zayıf	12	4723
ziyade	12	4724
çarpmanın	12	4725
ötv	12	4726
özhaseki	12	4727
çalışanların	12	4728
çekimi	12	4729
çevreleri	12	4730
çevreye	12	4731
çizdi	12	4732
çocuklarda	12	4733
çözülmesi	12	4734
çıkarken	12	4735
çıkarmak	12	4736
çıkmaya	12	4737
önlem	12	4738
önündeki	12	4739
örgütün	12	4740
örneği	12	4741
özellikler	12	4742
özgürlüğü	12	4743
ülkelerde	12	4744
ülkelerden	12	4745
üretiminin	12	4746
üzeri	12	4747
ingiltere'nin	12	4748
istanbul'daki	12	4749
şampiyonası	12	4750
şahısların	12	4751
şansı	12	4752
şeffaf	12	4753
şirketleri	12	4754
koca	12	4755
barınma	12	4756
benden	12	4757
bilen	12	4758
bölümünü	12	4759
coğrafi	12	4760
dayanıklı	12	4761
depremde	12	4762
diyabet	12	4763
gerekirse	12	4764
iktidarın	12	4765
indirimli	12	4766
içeride	12	4767
içerik	12	4768
jeopolitik	12	4769
kanlar	12	4770
köylerde	12	4771
kısmi	12	4772
protokol	12	4773
sözlü	12	4774
taklit	12	4775
tarifi	12	4776
tutuksuz	12	4777
çoğunluğu	12	4778
çığ	12	4779
parkı	12	4780
tv'de	12	4781
togg	12	4782
bel	12	4783
evlerde	12	4784
istişare	12	4785
kademeli	12	4786
masa	12	4787
metal	12	4788
ortada	12	4789
planlama	12	4790
sahadaki	12	4791
siyasetin	12	4792
tüketicilerin	12	4793
yaşı	12	4794
yukarıda	12	4795
ödemeler	12	4796
öğretmeni	12	4797
ülkemizi	12	4798
şehitler	12	4799
şirketten	12	4800
şık	12	4801
bağlar	12	4802
mimar	12	4803
başkanlığına	12	4804
belediyeler	12	4805
etkinlikte	12	4806
eşim	12	4807
filmin	12	4808
inanç	12	4809
kardeşler	12	4810
konuşmaların	12	4811
amacımız	12	4812
devrim	12	4813
la	12	4814
yükseköğretim	12	4815
geliştirme	12	4816
genelde	12	4817
ikincisi	12	4818
kanalizasyon	12	4819
rehabilitasyon	12	4820
yaban	12	4821
aksi	12	4822
arzu	12	4823
birileri	12	4824
adıyaman	11	4825
akif	11	4826
antony	11	4827
atilla	11	4828
avrupa'ya	11	4829
aydın'ın	11	4830
aş	11	4831
byd	11	4832
bahadır	11	4833
bakanlığı'na	11	4834
beyoğlu	11	4835
beşiktaş'ın	11	4836
bolat	11	4837
darıca	11	4838
dilek	11	4839
doğu'da	11	4840
ekim'den	11	4841
erdal	11	4842
esra	11	4843
ezgi	11	4844
galatasaray'a	11	4845
göztepe	11	4846
gülen	11	4847
james	11	4848
kyk	11	4849
kadıköy	11	4850
kahramanmaraş'ta	11	4851
kasım'da	11	4852
kayserispor	11	4853
kerim	11	4854
konak	11	4855
kudüs	11	4856
lig'e	11	4857
lübnan'a	11	4858
mahkemesi'nde	11	4859
marmaris	11	4860
menderes	11	4861
nato'nun	11	4862
nevzat	11	4863
nuri	11	4864
osmangazi	11	4865
portekizli	11	4866
roma	11	4867
semih	11	4868
stadyumu'nda	11	4869
star	11	4870
tbmm'de	11	4871
yks	11	4872
yahya	11	4873
almaları	11	4874
alınmıştı	11	4875
analizi	11	4876
andan	11	4877
anlatmak	11	4878
apartmanın	11	4879
araçlarda	11	4880
arenada	11	4881
artırdı	11	4882
askerleri	11	4883
askıya	11	4884
atması	11	4885
atıyor	11	4886
azalma	11	4887
açtık	11	4888
açıyor	11	4889
aşamada	11	4890
basına	11	4891
basında	11	4892
bağlantılı	11	4893
başlaması	11	4894
başlamış	11	4895
başlıklı	11	4896
başvurusunda	11	4897
bek	11	4898
beklenti	11	4899
belirlemek	11	4900
belirsiz	11	4901
benzersiz	11	4902
bilinmiyor	11	4903
boya	11	4904
bulundukları	11	4905
bulunmayan	11	4906
bırakmak	11	4907
cezaevinde	11	4908
cezalar	11	4909
cihazı	11	4910
dahilinde	11	4911
dediğimiz	11	4912
depremi	11	4913
derecede	11	4914
derinliğinde	11	4915
devamında	11	4916
değerlendirmede	11	4917
değerlendirmeler	11	4918
değerlendirmesini	11	4919
değişikliğe	11	4920
değişimi	11	4921
diyelim	11	4922
doluluk	11	4923
domuz	11	4924
doğaya	11	4925
duyulan	11	4926
dönüştü	11	4927
düzgün	11	4928
düşüyor	11	4929
dışından	11	4930
eklendi	11	4931
eleştiren	11	4932
ellerinden	11	4933
emeklisi	11	4934
eseri	11	4935
esnafı	11	4936
etmenin	11	4937
etmesine	11	4938
ettiren	11	4939
evlerine	11	4940
eğlence	11	4941
finalinde	11	4942
fiyatlarında	11	4943
gelecekteki	11	4944
gelince	11	4945
gelirli	11	4946
gelişen	11	4947
geliştirilmesi	11	4948
gelmedi	11	4949
gelmeye	11	4950
genelindeki	11	4951
gereğini	11	4952
gerginlik	11	4953
gerçekleştirdiğini	11	4954
getirecek	11	4955
geçirdiğini	11	4956
giriyor	11	4957
girişimleri	11	4958
gitmesi	11	4959
gittiğini	11	4960
gördüm	11	4961
gördüğünü	11	4962
görülmektedir	11	4963
görülmemiş	11	4964
gücünün	11	4965
gününden	11	4966
gününü	11	4967
hacmi	11	4968
ham	11	4969
hareketsiz	11	4970
hastası	11	4971
hatırlatarak	11	4972
havanın	11	4973
hazırlıklarına	11	4974
heyecanı	11	4975
hukuka	11	4976
hukukun	11	4977
ibadet	11	4978
iddiaların	11	4979
ilanı	11	4980
ilgisi	11	4981
imkanları	11	4982
incelemeler	11	4983
indi	11	4984
istedikleri	11	4985
istiyorlar	11	4986
iz	11	4987
izleyen	11	4988
içerdiği	11	4989
içeriği	11	4990
işlemler	11	4991
işlere	11	4992
kalacak	11	4993
kaleme	11	4994
kalmasını	11	4995
kamerası	11	4996
kanalı	11	4997
karakteri	11	4998
karla	11	4999
karıştığı	11	5000
karşın	11	5001
kavşakta	11	5002
kaybetmesi	11	5003
kayboldu	11	5004
kaydedilen	11	5005
kayyum	11	5006
kaçınılmaz	11	5007
kendileri	11	5008
keyfini	11	5009
kimliğini	11	5010
kitabı	11	5011
konteyner	11	5012
konutların	11	5013
koruyarak	11	5014
koruyor	11	5015
kullanılacak	11	5016
kullanılarak	11	5017
kuruluşları	11	5018
köşe	11	5019
kısmen	11	5020
kısmında	11	5021
kızın	11	5022
lastiği	11	5023
liste	11	5024
listesinde	11	5025
malzemeler	11	5026
maçlarda	11	5027
maçını	11	5028
mensupları	11	5029
mesajında	11	5030
milletinin	11	5031
moral	11	5032
motorlu	11	5033
mü	11	5034
mücadelesinde	11	5035
nakdi	11	5036
nakliye	11	5037
odasında	11	5038
olacağına	11	5039
oldular	11	5040
olduğumuzu	11	5041
olmazsa	11	5042
olmuyor	11	5043
oluşuyor	11	5044
oranla	11	5045
oranını	11	5046
otelde	11	5047
otomobille	11	5048
pazarında	11	5049
projelere	11	5050
projelerini	11	5051
projesinin	11	5052
puanını	11	5053
raporuna	11	5054
rehber	11	5055
rejiminin	11	5056
ruhunu	11	5057
saatlerine	11	5058
satan	11	5059
sayıları	11	5060
sağlanıyor	11	5061
sekiz	11	5062
seslendi	11	5063
sesleri	11	5064
sisteminin	11	5065
sizlere	11	5066
sunacak	11	5067
sunmak	11	5068
suçlamasıyla	11	5069
söylediler	11	5070
söyledim	11	5071
sürdürüyoruz	11	5072
süreçlerini	11	5073
sürüldü	11	5074
sıcaklığı	11	5075
sıkıntılar	11	5076
ta	11	5077
tablo	11	5078
takdir	11	5079
talimatı	11	5080
tamamlanmasının	11	5081
tarafta	11	5082
tarihinden	11	5083
tarihlerini	11	5084
tartıştığı	11	5085
taşındı	11	5086
tedbirli	11	5087
telefonda	11	5088
temalı	11	5089
teşhis	11	5090
toz	11	5091
turunda	11	5092
türleri	11	5093
ulaşması	11	5094
ulaştığını	11	5095
uyguladığı	11	5096
uçakta	11	5097
varken	11	5098
vatandaşlarla	11	5099
versiyonu	11	5100
yaklaşan	11	5101
yakınlarına	11	5102
yansıtır	11	5103
yapmamız	11	5104
yaptıktan	11	5105
yapılmadı	11	5106
yaratan	11	5107
yasağı	11	5108
yayınlanacak	11	5109
yaşadık	11	5110
yaşlarda	11	5111
yerindeki	11	5112
yerinin	11	5113
yerler	11	5114
yetiştirmek	11	5115
yumuşak	11	5116
yükselecek	11	5117
yüzünü	11	5118
zorluklarla	11	5119
çabaları	11	5120
çağırdı	11	5121
çekmeye	11	5122
çevresindeki	11	5123
çoğunlukla	11	5124
çıkaran	11	5125
çıkarılması	11	5126
ödemeye	11	5127
önerileri	11	5128
ülkelerine	11	5129
ülkesinde	11	5130
üretilen	11	5131
ürünlerine	11	5132
üyelerine	11	5133
istiklal	11	5134
şeria'da	11	5135
şartlarda	11	5136
şehre	11	5137
şeyden	11	5138
şeyleri	11	5139
candan	11	5140
gezi	11	5141
hürriyet	11	5142
kızılcık	11	5143
whatsapp	11	5144
belediyeye	11	5145
boru	11	5146
boy	11	5147
cam	11	5148
eğitimde	11	5149
eşya	11	5150
genetik	11	5151
hibe	11	5152
ileride	11	5153
içten	11	5154
kadınlara	11	5155
karanlık	11	5156
konuşması	11	5157
kulak	11	5158
listede	11	5159
metrobüs	11	5160
millete	11	5161
partiye	11	5162
paylaşılan	11	5163
restorasyon	11	5164
ruhu	11	5165
sergisi	11	5166
sezona	11	5167
soruşturmanın	11	5168
suçları	11	5169
tedaviye	11	5170
teknolojinin	11	5171
yöneticiler	11	5172
şiddetin	11	5173
keşke	11	5174
yüce	11	5175
ada	11	5176
anketi	11	5177
aramızda	11	5178
ekonomide	11	5179
etkinliğe	11	5180
eğitimin	11	5181
futbolu	11	5182
göl	11	5183
kendimi	11	5184
kendisinden	11	5185
konunun	11	5186
kulis	11	5187
kullanıcılar	11	5188
programın	11	5189
salonu	11	5190
serisi	11	5191
takımda	11	5192
varlık	11	5193
vatandaşlarımıza	11	5194
vücudun	11	5195
yaşananlar	11	5196
çiftçiler	11	5197
dağıtım	11	5198
seçme	11	5199
suresi	11	5200
yenidoğan	11	5201
bahçesi	11	5202
danışmanlık	11	5203
ekonomist	11	5204
elimizde	11	5205
gecede	11	5206
gencin	11	5207
harekat	11	5208
markanın	11	5209
patlamanın	11	5210
sigortası	11	5211
soruşturmada	11	5212
sırrı	11	5213
tıpkı	11	5214
bakanlar	11	5215
servisi	11	5216
sporları	11	5217
minik	11	5218
oda	11	5219
okulu	11	5220
tapu	11	5221
ülkemizdeki	11	5222
ihracatçı	11	5223
abd'ye	10	5224
aı	10	5225
abdurrahman	10	5226
aksu	10	5227
alemdar	10	5228
altun	10	5229
amerikalı	10	5230
ankara'ya	10	5231
arapça	10	5232
bakanlığından	10	5233
bakırköy	10	5234
batman	10	5235
berlin	10	5236
beşiktaş'ta	10	5237
brezilyalı	10	5238
büyükelçisi	10	5239
david	10	5240
dervişoğlu	10	5241
ebu	10	5242
erzurum	10	5243
fahrettin	10	5244
filistinliler	10	5245
filiz	10	5246
fransa'nın	10	5247
furkan	10	5248
galatasaray'da	10	5249
gerede	10	5250
gürbüz	10	5251
harun	10	5252
hint	10	5253
hizbullah	10	5254
kacır	10	5255
karabük	10	5256
karşıyaka	10	5257
katar	10	5258
kayseri'de	10	5259
kocaeli'de	10	5260
kuşadası	10	5261
kızılay	10	5262
lübnan'da	10	5263
lübnan'ın	10	5264
myk	10	5265
manchester	10	5266
meta	10	5267
meteoroloji'den	10	5268
mudurnu	10	5269
münih	10	5270
necip	10	5271
osmaniye	10	5272
paul	10	5273
pro	10	5274
rusya'ya	10	5275
suv	10	5276
salih	10	5277
samet	10	5278
sarıyer	10	5279
soner	10	5280
survivor	10	5281
sıla	10	5282
turkcell	10	5283
tuğba	10	5284
ulu	10	5285
veysel	10	5286
yargıtay	10	5287
ahlaki	10	5288
ahşap	10	5289
ailelere	10	5290
ailesini	10	5291
anlamını	10	5292
aracının	10	5293
araçla	10	5294
arsa	10	5295
artışa	10	5296
artışın	10	5297
arındırılmış	10	5298
arıyor	10	5299
avantaj	10	5300
ayrıntılı	10	5301
ayından	10	5302
azaltılması	10	5303
azaltır	10	5304
açıklanması	10	5305
açılışında	10	5306
açılışını	10	5307
bakalım	10	5308
bambaşka	10	5309
barışçıl	10	5310
barışı	10	5311
baskın	10	5312
bağlayan	10	5313
başkalarına	10	5314
başlamadan	10	5315
başlanacak	10	5316
başlayacağı	10	5317
başvuran	10	5318
başvurularını	10	5319
beklentilerinin	10	5320
beklerken	10	5321
belirlediği	10	5322
belirlenemeyen	10	5323
belirlenmesi	10	5324
beraberindeki	10	5325
bez	10	5326
binayı	10	5327
birbirlerini	10	5328
bitkisel	10	5329
bulma	10	5330
bulundurarak	10	5331
bulunurken	10	5332
buluşma	10	5333
büyümesini	10	5334
bıraktığı	10	5335
bırakıyor	10	5336
cinayeti	10	5337
cinsi	10	5338
dakikalık	10	5339
dan	10	5340
dehşet	10	5341
demeden	10	5342
denetimler	10	5343
dengesini	10	5344
denilen	10	5345
derecesi	10	5346
destekleri	10	5347
devir	10	5348
devletinin	10	5349
değerlendiriyor	10	5350
değiliz	10	5351
değişiyor	10	5352
değişti	10	5353
dikkatini	10	5354
dikkatle	10	5355
dilerim	10	5356
diyorum	10	5357
don	10	5358
doğrultuda	10	5359
dönmesi	10	5360
dönüp	10	5361
dönüşümü	10	5362
düzeni	10	5363
düzenini	10	5364
düzenlemeleri	10	5365
düşme	10	5366
düşünüyor	10	5367
düşünüyoruz	10	5368
dışarıda	10	5369
edilmemesi	10	5370
ediyordu	10	5371
ekrana	10	5372
eleman	10	5373
eliyle	10	5374
endüstriyel	10	5375
erişilebilir	10	5376
eserler	10	5377
esnafın	10	5378
etkileyecek	10	5379
evler	10	5380
eylemleri	10	5381
fabrikasında	10	5382
faizini	10	5383
faydaları	10	5384
firması	10	5385
formasıyla	10	5386
fotoğrafları	10	5387
gelebilir	10	5388
gelişimine	10	5389
geliştirilen	10	5390
geminin	10	5391
gençleri	10	5392
gerekecek	10	5393
gerekiyorsa	10	5394
gerektiğinin	10	5395
gerçekleştirmek	10	5396
gerçeği	10	5397
geçildi	10	5398
geçim	10	5399
geçirdik	10	5400
geçirerek	10	5401
geçişi	10	5402
girişiminin	10	5403
girmeden	10	5404
gittik	10	5405
golleri	10	5406
golünü	10	5407
grip	10	5408
grubun	10	5409
görevlileri	10	5410
görme	10	5411
görülür	10	5412
görüntülerini	10	5413
görüşmelerin	10	5414
göğüs	10	5415
güncelleme	10	5416
gündemine	10	5417
haberdar	10	5418
haberinde	10	5419
haftalarda	10	5420
haftaya	10	5421
hakemi	10	5422
hakkına	10	5423
harcama	10	5424
hayalini	10	5425
hazırladı	10	5426
hazırız	10	5427
helikopterin	10	5428
hesaplara	10	5429
hesapları	10	5430
hesaplarına	10	5431
hibrit	10	5432
hizmetlerinde	10	5433
huzurlu	10	5434
hızlıca	10	5435
i	10	5436
ihalesi	10	5437
ihtimal	10	5438
ilacı	10	5439
ilerleme	10	5440
ilgiyle	10	5441
illerde	10	5442
ilçelerde	10	5443
ilçeye	10	5444
imzalanan	10	5445
incelendiğinde	10	5446
insanlığın	10	5447
istediğimiz	10	5448
istemiyor	10	5449
isteği	10	5450
istikametine	10	5451
istikrar	10	5452
istikrarlı	10	5453
istikrarı	10	5454
içeri	10	5455
içerisindeki	10	5456
işlediği	10	5457
işlenen	10	5458
kadınları	10	5459
kaldırmak	10	5460
kaldırılırken	10	5461
kalmıyor	10	5462
kalmış	10	5463
kamyonet	10	5464
karışık	10	5465
karşılamak	10	5466
karşılaşacak	10	5467
karşılaştı	10	5468
katkılar	10	5469
katliam	10	5470
katılarak	10	5471
katılmak	10	5472
katılımcı	10	5473
katına	10	5474
kayda	10	5475
kayması	10	5476
kendime	10	5477
keşfetme	10	5478
kime	10	5479
kiralama	10	5480
kişilerde	10	5481
kişiyle	10	5482
koordinesinde	10	5483
koymak	10	5484
koşullarda	10	5485
kullanılıyor	10	5486
kurdu	10	5487
kökenli	10	5488
kılınacak	10	5489
kırdı	10	5490
kıyısında	10	5491
kızının	10	5492
mahkum	10	5493
mağlubiyet	10	5494
memnuniyet	10	5495
memnuniyeti	10	5496
memnuniyetle	10	5497
mensubu	10	5498
mesafe	10	5499
meşhur	10	5500
misiniz	10	5501
muazzam	10	5502
mümkündür	10	5503
müşterilere	10	5504
nedeninin	10	5505
neye	10	5506
nun	10	5507
odasına	10	5508
olabilirler	10	5509
olduktan	10	5510
olmakla	10	5511
olmalıdır	10	5512
olmamız	10	5513
olunması	10	5514
organik	10	5515
ortam	10	5516
ortamında	10	5517
otu	10	5518
oturup	10	5519
oyların	10	5520
oyu	10	5521
parça	10	5522
paylaşımla	10	5523
penaltı	10	5524
performansla	10	5525
personelinin	10	5526
piyasalarında	10	5527
primi	10	5528
programları	10	5529
projelerin	10	5530
projelerle	10	5531
rahatlıkla	10	5532
rahatsızlık	10	5533
rakamlara	10	5534
rakibini	10	5535
rehin	10	5536
rolü	10	5537
saatlik	10	5538
sabır	10	5539
sahiplerinin	10	5540
salgın	10	5541
satılan	10	5542
satılıyor	10	5543
sağlaması	10	5544
sağlayacağız	10	5545
sergiledi	10	5546
serinlemek	10	5547
sesi	10	5548
sevenlerine	10	5549
seçenekleri	10	5550
seçildi	10	5551
sipariş	10	5552
site	10	5553
siteleri	10	5554
siyasete	10	5555
skoru	10	5556
sonuca	10	5557
soyunma	10	5558
stratejisi	10	5559
sunmaya	10	5560
söndürme	10	5561
söyleyebilirim	10	5562
sözünü	10	5563
süresince	10	5564
süresinin	10	5565
sütü	10	5566
sıkışan	10	5567
sınırının	10	5568
talimat	10	5569
taraftarları	10	5570
tayin	10	5571
taziye	10	5572
taşıyacak	10	5573
te	10	5574
tehdidi	10	5575
tehlikesinin	10	5576
tekne	10	5577
teknolojisi	10	5578
telafi	10	5579
televizyonu	10	5580
tespiti	10	5581
topluma	10	5582
toplumu	10	5583
tutulması	10	5584
tuvalet	10	5585
tüketiciler	10	5586
ulaştığı	10	5587
ulaşımda	10	5588
uygulamasının	10	5589
uymayan	10	5590
verdim	10	5591
verilmiş	10	5592
vermedi	10	5593
yakınlarında	10	5594
yanda	10	5595
yapmadan	10	5596
yapmanın	10	5597
yapıların	10	5598
yapılmıştı	10	5599
yapıyorlar	10	5600
yardıma	10	5601
yargılanan	10	5602
yaşanacak	10	5603
yaşandığını	10	5604
yerlerden	10	5605
yerlere	10	5606
yerlerinde	10	5607
yetenekleri	10	5608
yeteneklerini	10	5609
yolla	10	5610
yorumu	10	5611
yönetici	10	5612
yönetmek	10	5613
yönlerden	10	5614
yöntemler	10	5615
yüklü	10	5616
zamanın	10	5617
zammın	10	5618
zekanın	10	5619
zirvede	10	5620
zirveye	10	5621
çayırova	10	5622
ünal	10	5623
üsküdar	10	5624
çalışanlarına	10	5625
çalışanlarının	10	5626
çalışarak	10	5627
çalışmalarla	10	5628
çalışmasıyla	10	5629
çalışmayı	10	5630
çip	10	5631
çiğ	10	5632
çocuklarını	10	5633
çıkmasını	10	5634
ödülünü	10	5635
öldürme	10	5636
öldüğü	10	5637
öldüğünü	10	5638
ölümcül	10	5639
önemlisi	10	5640
öğrencilerinin	10	5641
üreticilerin	10	5642
ürünün	10	5643
üssü	10	5644
üstlendiği	10	5645
üyelerini	10	5646
iett	10	5647
ittifakı'nın	10	5648
işkur	10	5649
ışığında	10	5650
şen	10	5651
şartı	10	5652
şiddete	10	5653
şüphe	10	5654
anneler	10	5655
müdürlüğüne	10	5656
nehri	10	5657
odaları	10	5658
sayısal	10	5659
tiktok	10	5660
adaylık	10	5661
adayının	10	5662
amca	10	5663
annesinin	10	5664
azaltma	10	5665
aşağıdaki	10	5666
bertaraf	10	5667
büyümenin	10	5668
cezai	10	5669
cihazın	10	5670
doğanın	10	5671
düzenlemenin	10	5672
elden	10	5673
erkekler	10	5674
fikri	10	5675
fırsatları	10	5676
hane	10	5677
hayatlarında	10	5678
iddialar	10	5679
iman	10	5680
iniş	10	5681
işletmeler	10	5682
karbon	10	5683
koalisyon	10	5684
korur	10	5685
madencilik	10	5686
mesele	10	5687
mezuniyet	10	5688
restoran	10	5689
sabaha	10	5690
sakin	10	5691
sevinç	10	5692
sonuçların	10	5693
uygulamasını	10	5694
yirmi	10	5695
çatı	10	5696
çayın	10	5697
çocuklarımıza	10	5698
üreticiler	10	5699
üreticileri	10	5700
ata	10	5701
harp	10	5702
kaan	10	5703
siyonist	10	5704
adliye	10	5705
aktarılan	10	5706
burs	10	5707
enflasyonda	10	5708
eşitlik	10	5709
ilkokul	10	5710
kardeşlerim	10	5711
milletimiz	10	5712
oruç	10	5713
oyunun	10	5714
sever	10	5715
seçimlerine	10	5716
sitesi	10	5717
siyasal	10	5718
tuz	10	5719
usul	10	5720
vatandaşlardan	10	5721
yasası	10	5722
yoğurt	10	5723
çocukluk	10	5724
şefi	10	5725
şehrimizin	10	5726
aksa	10	5727
balıkçı	10	5728
bayraklı	10	5729
ekşi	10	5730
er	10	5731
kurulunun	10	5732
rahim	10	5733
sudan	10	5734
taşkın	10	5735
yardımlaşma	10	5736
baraj	10	5737
bayramın	10	5738
başvuruların	10	5739
evdeki	10	5740
federasyon	10	5741
hamile	10	5742
koltuk	10	5743
kurulunda	10	5744
kurumları	10	5745
oyuncak	10	5746
pamuk	10	5747
savcısı	10	5748
von	10	5749
yabani	10	5750
yıllarca	10	5751
şarkı	10	5752
acaba	10	5753
asrın	10	5754
bak	10	5755
benimle	10	5756
engelliler	10	5757
kayak	10	5758
kazayı	10	5759
moda	10	5760
muhtar	10	5761
pazarlama	10	5762
yaralıların	10	5763
çevrimiçi	10	5764
aym	9	5765
adem	9	5766
adıyaman'da	9	5767
akbank	9	5768
aktaş	9	5769
alparslan	9	5770
altaylı	9	5771
android	9	5772
ankaragücü	9	5773
aviv	9	5774
ayşenur	9	5775
bakanlığına	9	5776
baran	9	5777
başsavcılığınca	9	5778
belediyespor	9	5779
bitlis	9	5780
bosna	9	5781
bursa'da	9	5782
chp'ye	9	5783
cemal	9	5784
cihan	9	5785
coşkun	9	5786
dha'nın	9	5787
ergün	9	5788
eygi'nin	9	5789
eğilmez	9	5790
filistin'e	9	5791
fuat	9	5792
genelkurmay	9	5793
giresun	9	5794
gürcistan	9	5795
htş	9	5796
hande	9	5797
hz	9	5798
kalkanı	9	5799
kanada	9	5800
karakaş	9	5801
karayolları	9	5802
kastamonu'nun	9	5803
kasımpaşa	9	5804
kurumu'na	9	5805
leyen	9	5806
mesut	9	5807
muzaffer	9	5808
müdürlüğü'ne	9	5809
nihal	9	5810
nihat	9	5811
oktay	9	5812
pkk'lı	9	5813
parti'den	9	5814
parti'ye	9	5815
portekiz	9	5816
rabbim	9	5817
reisi	9	5818
romanya	9	5819
sabancı	9	5820
samsunspor	9	5821
selahattin	9	5822
selçuklu	9	5823
tcmb'nin	9	5824
tl'lik	9	5825
tahran'da	9	5826
tesla	9	5827
türkmen	9	5828
uysal	9	5829
uçar	9	5830
yandaş	9	5831
yazıcı	9	5832
yenişehir	9	5833
yiğit	9	5834
yozgat	9	5835
yüreğir	9	5836
zirvesi	9	5837
adaya	9	5838
adayın	9	5839
adrese	9	5840
adımların	9	5841
adıyla	9	5842
ailesiyle	9	5843
aktardığına	9	5844
akıllara	9	5845
alabilir	9	5846
alamadı	9	5847
alandaki	9	5848
alanlara	9	5849
alanlarına	9	5850
aleyhine	9	5851
almayan	9	5852
almıştır	9	5853
alınmasını	9	5854
alıyoruz	9	5855
anahtarı	9	5856
anlayışı	9	5857
anlaşmalı	9	5858
antrenman	9	5859
aracını	9	5860
aralıklı	9	5861
arasından	9	5862
arayanlar	9	5863
arkadaşlarım	9	5864
arkasına	9	5865
artmasıyla	9	5866
artıran	9	5867
artışlar	9	5868
asist	9	5869
asılı	9	5870
atılı	9	5871
atıp	9	5872
avantajlı	9	5873
aylarının	9	5874
ayındaki	9	5875
azalması	9	5876
açmak	9	5877
açıklamasına	9	5878
açığı	9	5879
ağ	9	5880
ağırlayacak	9	5881
aşağıya	9	5882
bayramda	9	5883
bağış	9	5884
başlayarak	9	5885
baştan	9	5886
başvuruda	9	5887
beklenirken	9	5888
beklentilerini	9	5889
belirlemelere	9	5890
belirtileri	9	5891
belirtilirken	9	5892
bereketli	9	5893
bilinci	9	5894
bilinmektedir	9	5895
bilmek	9	5896
binası	9	5897
birimi	9	5898
birine	9	5899
birliğine	9	5900
bulduğu	9	5901
bulunmuyor	9	5902
bütünlüğünü	9	5903
büyüklüğündeki	9	5904
büyüyerek	9	5905
bıçakladı	9	5906
cesaret	9	5907
cesur	9	5908
cevabını	9	5909
cezayı	9	5910
daim	9	5911
daki	9	5912
dalga	9	5913
davranışları	9	5914
dek	9	5915
deki	9	5916
derbi	9	5917
desteklediğini	9	5918
destekleriyle	9	5919
devamına	9	5920
devrilmesi	9	5921
değerine	9	5922
değerlerin	9	5923
değerlerini	9	5924
değindi	9	5925
değişecek	9	5926
doların	9	5927
doğusunda	9	5928
durumla	9	5929
duruşu	9	5930
duvar	9	5931
duyan	9	5932
duyduklarını	9	5933
duyuyoruz	9	5934
döneminden	9	5935
dönümünde	9	5936
dükkanı	9	5937
dünyasına	9	5938
dürüst	9	5939
düzenlemeyle	9	5940
düşündüğünü	9	5941
düşünerek	9	5942
düşünme	9	5943
düşüşe	9	5944
dışarıdan	9	5945
ebeveynler	9	5946
edebiliyor	9	5947
edelim	9	5948
edilmesine	9	5949
edilmesinin	9	5950
ekibine	9	5951
ekonomisinin	9	5952
elimizden	9	5953
engelleri	9	5954
etkilediğini	9	5955
etkileyici	9	5956
etmedi	9	5957
evlerinde	9	5958
eyaletindeki	9	5959
eğitimler	9	5960
faaliyetlerine	9	5961
faaliyetlerinin	9	5962
farkla	9	5963
farklılık	9	5964
felaketinin	9	5965
filminin	9	5966
finansman	9	5967
formasını	9	5968
futbolcusu	9	5969
gazı	9	5970
gelenler	9	5971
gelirse	9	5972
gelsin	9	5973
gerilim	9	5974
gerisinde	9	5975
gerçekleştireceğiz	9	5976
gerçekleştiriyoruz	9	5977
gerçekleştiği	9	5978
getirirken	9	5979
geçerken	9	5980
geçirilmesi	9	5981
girdiğini	9	5982
gitme	9	5983
gitmeye	9	5984
grupların	9	5985
görmüş	9	5986
gösterebilir	9	5987
gösterirken	9	5988
gücüne	9	5989
güneşin	9	5990
günkü	9	5991
haftaki	9	5992
halkını	9	5993
hap	9	5994
hastaları	9	5995
hastalığın	9	5996
hatalar	9	5997
hattında	9	5998
hatıra	9	5999
hayali	9	6000
hayatlarını	9	6001
hayvancılık	9	6002
hayvanların	9	6003
hazırlayan	9	6004
hedeflediklerini	9	6005
hedefler	9	6006
hedefliyoruz	9	6007
herhalde	9	6008
hesabına	9	6009
hikayesini	9	6010
hizmetlerine	9	6011
huzurunda	9	6012
hüküm	9	6013
hükümetinin	9	6014
hızıyla	9	6015
iphone	9	6016
iddialara	9	6017
iddialarına	9	6018
ifadesine	9	6019
ihtimalini	9	6020
ihtiyaçlarına	9	6021
ikindi	9	6022
ikramiye	9	6023
ikramiyesi	9	6024
ileriye	9	6025
iletişime	9	6026
ilginin	9	6027
ilişkilerini	9	6028
ilişkisini	9	6029
ilçeleri	9	6030
imkânı	9	6031
imzaladı	9	6032
imzası	9	6033
insanlardan	9	6034
istemiyorum	9	6035
istendi	9	6036
istikametinde	9	6037
istiyorsanız	9	6038
ivme	9	6039
izleyici	9	6040
izliyor	9	6041
içe	9	6042
içeriyor	9	6043
içinden	9	6044
işgali	9	6045
işlemlerin	9	6046
işlemlerinde	9	6047
işlemlerini	9	6048
işçilerinin	9	6049
kalabalık	9	6050
kalarak	9	6051
kaldırdı	9	6052
kaldırılarak	9	6053
kalitesi	9	6054
kalmaya	9	6055
kameralara	9	6056
kapanış	9	6057
kapatma	9	6058
kapatıldı	9	6059
karakter	9	6060
kararlarına	9	6061
karışımı	9	6062
karşılayacak	9	6063
karşılığında	9	6064
karşılığını	9	6065
karşıtı	9	6066
katkıları	9	6067
katliamı	9	6068
kaybedenlerin	9	6069
kaynaklanan	9	6070
kesimi	9	6071
kesintileri	9	6072
kirli	9	6073
kol	9	6074
kolaylaştırmak	9	6075
konaklama	9	6076
konusunu	9	6077
konuştuk	9	6078
krizin	9	6079
kullanmaya	9	6080
kuralları	9	6081
kurallarına	9	6082
kurtardı	9	6083
kurulacak	9	6084
kuruluşlarının	9	6085
kuruluşunun	9	6086
kurumların	9	6087
küfür	9	6088
kısmının	9	6089
lastik	9	6090
liderliğini	9	6091
maaşının	9	6092
mahkemenin	9	6093
makam	9	6094
makine	9	6095
makineleri	9	6096
malzemeleri	9	6097
malzemelerin	9	6098
markası	9	6099
masada	9	6100
medyaya	9	6101
mensuplarının	9	6102
menzilli	9	6103
merkezinden	9	6104
metrelik	9	6105
meyveler	9	6106
miras	9	6107
mirasını	9	6108
miting	9	6109
modeller	9	6110
motosikletin	9	6111
mücadelesini	9	6112
namazına	9	6113
nelerdir	9	6114
nem	9	6115
niyet	9	6116
noktaları	9	6117
normalleşme	9	6118
okuma	9	6119
olacaklarını	9	6120
olanlara	9	6121
oluyoruz	9	6122
oluşturulan	9	6123
oluşur	9	6124
onarım	9	6125
operasyonla	9	6126
oranlarında	9	6127
oranlarını	9	6128
organ	9	6129
ortalaması	9	6130
oturdu	9	6131
oynamaya	9	6132
paylaşıyor	9	6133
peynir	9	6134
pişman	9	6135
planlayan	9	6136
platformları	9	6137
politikasının	9	6138
potansiyeli	9	6139
potansiyeline	9	6140
potansiyelini	9	6141
problemi	9	6142
problemleri	9	6143
programının	9	6144
puanları	9	6145
puanlık	9	6146
rahatlama	9	6147
rica	9	6148
ruhsal	9	6149
sahasına	9	6150
sahibine	9	6151
sakinlerinin	9	6152
saldırıların	9	6153
saldırılarını	9	6154
saldırısına	9	6155
sayım	9	6156
sağlamayı	9	6157
sağlanan	9	6158
sektördeki	9	6159
sektöründeki	9	6160
serdi	9	6161
sergilediği	9	6162
sesini	9	6163
seti	9	6164
sevdiği	9	6165
seviyelere	9	6166
sezonunun	9	6167
seçiminde	9	6168
sistemde	9	6169
siyasetçi	9	6170
sizinle	9	6171
sonucunu	9	6172
sonuçlarına	9	6173
sonuçlarının	9	6174
sorunlarının	9	6175
sularında	9	6176
sunuyoruz	9	6177
suretiyle	9	6178
suyla	9	6179
sürdürülebilirlik	9	6180
sıkıntıları	9	6181
sığındığı	9	6182
taciz	9	6183
tadını	9	6184
tahmini	9	6185
takımının	9	6186
tamamlanması	9	6187
tamamlayarak	9	6188
tamamını	9	6189
tamamının	9	6190
tanıyan	9	6191
tanıyor	9	6192
tarafsız	9	6193
tarif	9	6194
tartışmaları	9	6195
tartışması	9	6196
tavır	9	6197
tedavisinde	9	6198
teklifini	9	6199
temizliği	9	6200
temkinli	9	6201
temsilcileriyle	9	6202
tepkiler	9	6203
tohum	9	6204
topladığı	9	6205
toprakları	9	6206
topraklarına	9	6207
trajik	9	6208
tutar	9	6209
törenle	9	6210
tüfek	9	6211
tüketiminin	9	6212
ufak	9	6213
ulaşıma	9	6214
unsur	9	6215
uyarıyor	9	6216
uzaya	9	6217
uğruna	9	6218
vahşice	9	6219
vatandaşlarına	9	6220
vazgeçilmez	9	6221
ver	9	6222
verebilir	9	6223
verildiğini	9	6224
verilmesini	9	6225
virüsü	9	6226
vizyonu	9	6227
vurgulanıyor	9	6228
vurulmuş	9	6229
yakışır	9	6230
yanlarında	9	6231
yanından	9	6232
yapabilirsiniz	9	6233
yapacağımız	9	6234
yaparız	9	6235
yapmaktan	9	6236
yapmaları	9	6237
yaptırım	9	6238
yaptığım	9	6239
yapılabilecek	9	6240
yapılar	9	6241
yapılmalıdır	9	6242
yapın	9	6243
yapısının	9	6244
yargıya	9	6245
yarısından	9	6246
yarışında	9	6247
yatırımcılara	9	6248
yazısında	9	6249
yaşamaya	9	6250
yaşayanlar	9	6251
yemeği	9	6252
yepyeni	9	6253
yerle	9	6254
yiyen	9	6255
yolculuğa	9	6256
yolculuğunda	9	6257
yuvarlak	9	6258
yöntemiyle	9	6259
yükselirken	9	6260
yıkım	9	6261
zamanların	9	6262
zamla	9	6263
zamlar	9	6264
ziyaretinde	9	6265
ziyaretçilerin	9	6266
çiğli	9	6267
özlem	9	6268
çalışacak	9	6269
çalışanlara	9	6270
çalışırken	9	6271
çarparak	9	6272
çarptığı	9	6273
çatışmalar	9	6274
çekilmesi	9	6275
çekip	9	6276
çiftinin	9	6277
çiziyor	9	6278
çözüme	9	6279
çıkabilir	9	6280
çıkardığı	9	6281
çıkmasının	9	6282
ödemelerini	9	6283
ödenen	9	6284
öldüren	9	6285
ölüme	9	6286
öncelik	9	6287
önerisi	9	6288
öngörülen	9	6289
önler	9	6290
örnekleri	9	6291
ötesine	9	6292
ötürü	9	6293
özellikleriyle	9	6294
öğrendim	9	6295
öğretmenlerimizin	9	6296
ücretle	9	6297
ücretleri	9	6298
ülkesine	9	6299
üreticisi	9	6300
üretimde	9	6301
ürünlerinin	9	6302
üstünlük	9	6303
üzücü	9	6304
üzüm	9	6305
ilker	9	6306
inan	9	6307
isa	9	6308
isveç	9	6309
isveç'in	9	6310
isviçre	9	6311
italya'nın	9	6312
ışığı	9	6313
şanlıurfa	9	6314
şeria	9	6315
şeyda	9	6316
şeyh	9	6317
şişli	9	6318
şahit	9	6319
şahıslar	9	6320
şampiyonluğu	9	6321
şartıyla	9	6322
şaşkınlık	9	6323
şekil	9	6324
şikayeti	9	6325
şikayette	9	6326
şirkete	9	6327
şüpheliden	9	6328
şüpheliyi	9	6329
antalya'nın	9	6330
cumhuriyetimizin	9	6331
denetleme	9	6332
melek	9	6333
piyade	9	6334
sekreter	9	6335
uğurlu	9	6336
anlaşmanın	9	6337
araba	9	6338
askerlerin	9	6339
bıçaklı	9	6340
depolama	9	6341
değerler	9	6342
dizide	9	6343
dur	9	6344
egemen	9	6345
eyalet	9	6346
festivalin	9	6347
finansmanı	9	6348
firari	9	6349
fırlatma	9	6350
gençlerimizin	9	6351
görüldüğü	9	6352
haklarında	9	6353
heyelan	9	6354
hücre	9	6355
ilaçlar	9	6356
kaba	9	6357
kalem	9	6358
kamuda	9	6359
katılımcıların	9	6360
kaygı	9	6361
komedyen	9	6362
konfor	9	6363
merkezinin	9	6364
nihai	9	6365
obezite	9	6366
okulları	9	6367
onurlu	9	6368
raylı	9	6369
sakın	9	6370
sanal	9	6371
sonradan	9	6372
sığınmacı	9	6373
takımını	9	6374
talihsiz	9	6375
tarife	9	6376
titiz	9	6377
vatandaşımızın	9	6378
yararına	9	6379
yarışmada	9	6380
yurdun	9	6381
zanlının	9	6382
zehir	9	6383
ziyaretçi	9	6384
özgürlük	9	6385
üniversitenin	9	6386
mahalli	9	6387
suçlarla	9	6388
ankette	9	6389
bağımsızlık	9	6390
bereket	9	6391
dostluk	9	6392
filmde	9	6393
gerektiğinde	9	6394
gübre	9	6395
katılımcıları	9	6396
ligin	9	6397
muhtemelen	9	6398
muz	9	6399
müdürleri	9	6400
otomobili	9	6401
oyunları	9	6402
resim	9	6403
sanata	9	6404
tarihsel	9	6405
teravih	9	6406
tünel	9	6407
tüzük	9	6408
videoda	9	6409
çoban	9	6410
şükür	9	6411
aşı	9	6412
depremden	9	6413
hani	9	6414
konuşmanın	9	6415
ortaöğretim	9	6416
takımımızın	9	6417
teşkilat	9	6418
av	9	6419
evleri	9	6420
geleceğin	9	6421
görgü	9	6422
kene	9	6423
kitabın	9	6424
ofis	9	6425
seçkin	9	6426
üs	9	6427
işgalci	9	6428
ab'nin	8	6429
abbas	8	6430
adana'da	8	6431
all	8	6432
allah'ın	8	6433
alp	8	6434
amasya	8	6435
anadolu'da	8	6436
antakya	8	6437
antonio	8	6438
atatürk'ün	8	6439
atlas	8	6440
bbc	8	6441
bakanlığımız	8	6442
barcelona	8	6443
baykar	8	6444
bayramı'nda	8	6445
başak	8	6446
beşar	8	6447
bozbey	8	6448
boğaziçi	8	6449
brezilya	8	6450
bulvarı	8	6451
burdur	8	6452
bim	8	6453
bıyık	8	6454
ceo'su	8	6455
city	8	6456
cübbeli	8	6457
deaş	8	6458
davutoğlu	8	6459
denizi'nde	8	6460
eyt	8	6461
ece	8	6462
efendi	8	6463
emrah	8	6464
erhan	8	6465
erzan'ın	8	6466
esad'ın	8	6467
fenerbahçeli	8	6468
ferdi	8	6469
fernando	8	6470
fiat	8	6471
galler	8	6472
göynük	8	6473
günü'nü	8	6474
hdp	8	6475
haluk	8	6476
harris	8	6477
hastanesi'nde	8	6478
havalimanı'nda	8	6479
hindistan	8	6480
kanunu'nda	8	6481
kaymakamlığı	8	6482
keşan	8	6483
kiev	8	6484
konfederasyonu	8	6485
kurulu'na	8	6486
küçükçekmece	8	6487
kızıl	8	6488
lgs	8	6489
lübnan'dan	8	6490
lütfü	8	6491
maarif	8	6492
mahfi	8	6493
masterchef	8	6494
masterchef'te	8	6495
melih	8	6496
meryem	8	6497
mete	8	6498
mevlüt	8	6499
muhammet	8	6500
musa	8	6501
muş	8	6502
nazım	8	6503
nevşehir	8	6504
ptt	8	6505
pendikspor	8	6506
rtük	8	6507
rahmi	8	6508
rizespor	8	6509
robert	8	6510
sami	8	6511
samsun'da	8	6512
serhat	8	6513
seçil	8	6514
stadı'nda	8	6515
suat	8	6516
suriye'ye	8	6517
suriyelilerin	8	6518
sözcü	8	6519
taşdemir	8	6520
temsilciler	8	6521
thomas	8	6522
türkler	8	6523
umke	8	6524
uludağ	8	6525
vıp	8	6526
veli	8	6527
wanda	8	6528
yrp	8	6529
yasemin	8	6530
yazarlar	8	6531
yeşilyurt	8	6532
zehra	8	6533
adaylara	8	6534
adaylarını	8	6535
adaylarının	8	6536
adının	8	6537
aklı	8	6538
aktör	8	6539
aktüel	8	6540
alabiliyor	8	6541
alarm	8	6542
aldıklarını	8	6543
algı	8	6544
almadı	8	6545
alımına	8	6546
alınacağı	8	6547
alınmasına	8	6548
alışverişinde	8	6549
amaçlayan	8	6550
anahtar	8	6551
anlamları	8	6552
anlatmaya	8	6553
antioksidanlar	8	6554
anılan	8	6555
anımsatan	8	6556
aralığında	8	6557
araçtan	8	6558
arkadaşlarıma	8	6559
arkadaşlarıyla	8	6560
arkadaşım	8	6561
artacağını	8	6562
artmasına	8	6563
asfalt	8	6564
astım	8	6565
asılsız	8	6566
atma	8	6567
atmosfer	8	6568
atmış	8	6569
atılacak	8	6570
ayakkabı	8	6571
azaltabilir	8	6572
azalışla	8	6573
açıklamalarının	8	6574
açıklarken	8	6575
ağırlık	8	6576
aşamalı	8	6577
aştı	8	6578
bahçesine	8	6579
bakıma	8	6580
bakımda	8	6581
basını	8	6582
bayrağını	8	6583
bağ	8	6584
başkanlarının	8	6585
başladığında	8	6586
başlangıcı	8	6587
başlıca	8	6588
başrol	8	6589
başını	8	6590
beklediklerini	8	6591
belirttiği	8	6592
biber	8	6593
bildirim	8	6594
bilerek	8	6595
bilgisayar	8	6596
binasında	8	6597
binasının	8	6598
bini	8	6599
birliğiyle	8	6600
birtakım	8	6601
biten	8	6602
bitkinin	8	6603
budur	8	6604
bulunmadığı	8	6605
burayı	8	6606
burç	8	6607
bütçesi	8	6608
büyüdü	8	6609
büyüklüğü	8	6610
bırakma	8	6611
bırakılan	8	6612
cennet	8	6613
cezaevi	8	6614
cihazları	8	6615
cinsinden	8	6616
dairede	8	6617
dans	8	6618
davasının	8	6619
dayanan	8	6620
dağılımı	8	6621
dağıttı	8	6622
dağıtımı	8	6623
denetimlerini	8	6624
deneyimini	8	6625
derdi	8	6626
derecelendirme	8	6627
derinlemesine	8	6628
derinliği	8	6629
desteklemeye	8	6630
devamını	8	6631
devletli	8	6632
değerlendirmek	8	6633
değişikliklere	8	6634
değiştirmek	8	6635
dileklerini	8	6636
dili	8	6637
diliyoruz	8	6638
disipline	8	6639
diyalog	8	6640
dolarla	8	6641
dolaylı	8	6642
drone	8	6643
dualarla	8	6644
durdurdu	8	6645
durumdur	8	6646
duyarlılığı	8	6647
duydum	8	6648
dönemini	8	6649
dönüşünü	8	6650
düzenlemesi	8	6651
düzenliyor	8	6652
düşüncelerini	8	6653
düşüşü	8	6654
ebeveynlerin	8	6655
edileceği	8	6656
edileceğini	8	6657
edilmesiyle	8	6658
ekibiyle	8	6659
ekleyerek	8	6660
ekonominin	8	6661
ekranlara	8	6662
eksiklikleri	8	6663
eleştirilere	8	6664
ellerinde	8	6665
emeklinin	8	6666
engellemeye	8	6667
esmesi	8	6668
etkinliklere	8	6669
etkisinden	8	6670
etmediği	8	6671
etmekte	8	6672
etmekten	8	6673
etmiyorum	8	6674
etrafında	8	6675
etsin	8	6676
ettiğine	8	6677
evini	8	6678
evlere	8	6679
evlerin	8	6680
evlerinin	8	6681
eylemler	8	6682
eğitimden	8	6683
eğitimleri	8	6684
falan	8	6685
fedakarlık	8	6686
felaket	8	6687
ferah	8	6688
firmalara	8	6689
firmaya	8	6690
fiyatına	8	6691
fotoğrafını	8	6692
fırsatını	8	6693
gazetesinin	8	6694
gelirin	8	6695
geliştirdi	8	6696
geliştirdiği	8	6697
gelmesiyle	8	6698
gelmiyor	8	6699
gerekiyordu	8	6700
gereksiz	8	6701
gerekçe	8	6702
gerçekleştiriliyor	8	6703
gerçekçi	8	6704
getirmeye	8	6705
geçmişi	8	6706
geçmişti	8	6707
gider	8	6708
gidermek	8	6709
girişi	8	6710
girişinde	8	6711
girmesiyle	8	6712
gole	8	6713
grubuna	8	6714
grupta	8	6715
gölge	8	6716
görevlilerinin	8	6717
görmezden	8	6718
gösterge	8	6719
göstermeye	8	6720
güce	8	6721
gündemini	8	6722
güvenliğinin	8	6723
güçlendirir	8	6724
güçlük	8	6725
hakkının	8	6726
halı	8	6727
hamle	8	6728
harcamaları	8	6729
harcı	8	6730
hareketlilik	8	6731
hastalıklar	8	6732
hastalıklara	8	6733
havale	8	6734
hayran	8	6735
hayvanlara	8	6736
hazırlandığını	8	6737
hedefiyle	8	6738
hedeflere	8	6739
heyecanlı	8	6740
hijyen	8	6741
hizmetlerinin	8	6742
hâle	8	6743
iddiasını	8	6744
iftira	8	6745
ihlali	8	6746
ikisi	8	6747
ikiz	8	6748
ilerliyor	8	6749
ilgisiyle	8	6750
ilin	8	6751
ilki	8	6752
iller	8	6753
inceledi	8	6754
incelemesinin	8	6755
inceleyen	8	6756
indirimler	8	6757
inen	8	6758
insana	8	6759
insanlarının	8	6760
intikal	8	6761
iptali	8	6762
isimdir	8	6763
istemiyle	8	6764
istenmeyen	8	6765
isyan	8	6766
işleme	8	6767
işlerin	8	6768
işlerini	8	6769
iştiraki	8	6770
kadrosunda	8	6771
kalite	8	6772
kameraya	8	6773
kanıt	8	6774
kapak	8	6775
kapasitesini	8	6776
kararla	8	6777
kardeşlerimize	8	6778
kariyeri	8	6779
kariyerinde	8	6780
kariyerinin	8	6781
karşıladı	8	6782
karşılayan	8	6783
karşılaşmayı	8	6784
karşılaştırıldığında	8	6785
karşısındaki	8	6786
katılacağı	8	6787
katılımı	8	6788
kaynaklardan	8	6789
kayyım	8	6790
kazandırıyor	8	6791
kazanmış	8	6792
kazanıyor	8	6793
kenara	8	6794
kendiliğinden	8	6795
kesimleri	8	6796
kesintisi	8	6797
kirliliği	8	6798
kitapları	8	6799
kişilerle	8	6800
kodlu	8	6801
komik	8	6802
konforlu	8	6803
kontrolde	8	6804
kontrollerde	8	6805
konulan	8	6806
konulara	8	6807
konulu	8	6808
konutun	8	6809
konuşmak	8	6810
konuştuğu	8	6811
konuşulan	8	6812
konuşurken	8	6813
korunmak	8	6814
koruyucu	8	6815
koyduk	8	6816
kullanacak	8	6817
kullanıma	8	6818
kurumlara	8	6819
kutluyor	8	6820
kültürüne	8	6821
kıyıya	8	6822
liman	8	6823
limiti	8	6824
lisansını	8	6825
listesine	8	6826
maaşına	8	6827
maaşını	8	6828
maksimum	8	6829
maliyetlerini	8	6830
mekan	8	6831
memleketi	8	6832
merkezlerinden	8	6833
mevkiinde	8	6834
meşru	8	6835
modelleri	8	6836
motivasyon	8	6837
mutluyuz	8	6838
mücadelemiz	8	6839
mücadelemizi	8	6840
mühimmat	8	6841
müracaat	8	6842
mıdır	8	6843
nde	8	6844
nedenleri	8	6845
nesillere	8	6846
nitelendirdi	8	6847
noktalar	8	6848
nüfusun	8	6849
odak	8	6850
oksijen	8	6851
okulun	8	6852
olabilmesi	8	6853
olacağının	8	6854
olalım	8	6855
olaylarla	8	6856
olduğunuz	8	6857
olmaksızın	8	6858
olmasıdır	8	6859
olmasından	8	6860
olmasının	8	6861
oluyordu	8	6862
oluşacak	8	6863
oluştuğunu	8	6864
organizasyonu	8	6865
otomobile	8	6866
oturma	8	6867
oynar	8	6868
oyuncularla	8	6869
parası	8	6870
parmak	8	6871
patladı	8	6872
performansıyla	8	6873
peşine	8	6874
piyasasında	8	6875
planladığı	8	6876
platformda	8	6877
politikalarına	8	6878
projelerine	8	6879
projeyi	8	6880
rahatsızlığı	8	6881
rapor	8	6882
reddetti	8	6883
rejimi	8	6884
rengi	8	6885
saatle	8	6886
saatler	8	6887
sahiptirler	8	6888
sanatçısı	8	6889
satmak	8	6890
satılık	8	6891
savrulan	8	6892
saygıyla	8	6893
sağlamaya	8	6894
sağlığa	8	6895
seferber	8	6896
sendika	8	6897
seslenen	8	6898
sesli	8	6899
severler	8	6900
sevgisi	8	6901
sevgisini	8	6902
seçeneği	8	6903
sisteme	8	6904
sivillere	8	6905
sivillerin	8	6906
sonuçlara	8	6907
soruların	8	6908
soykırıma	8	6909
standartlarını	8	6910
sular	8	6911
suyunu	8	6912
söyleyeyim	8	6913
sürdürmek	8	6914
süregelen	8	6915
sürerek	8	6916
sürücüye	8	6917
sıkıntısı	8	6918
sınavında	8	6919
sıralamasında	8	6920
sıçradı	8	6921
tahsil	8	6922
takviye	8	6923
takımdan	8	6924
takımları	8	6925
takımlarından	8	6926
talebini	8	6927
tamamlanacak	8	6928
tamir	8	6929
tanı	8	6930
tarafına	8	6931
tarihindeki	8	6932
tat	8	6933
tatilinin	8	6934
tavan	8	6935
tavuk	8	6936
taşımak	8	6937
taşın	8	6938
tedbirler	8	6939
tedirgin	8	6940
teklifin	8	6941
tepkilere	8	6942
tepkisini	8	6943
tereyağı	8	6944
teşebbüs	8	6945
ticareti	8	6946
topraklarda	8	6947
turistlerin	8	6948
tutarında	8	6949
tutuklama	8	6950
tutuyor	8	6951
ulaştırılması	8	6952
ulaşımı	8	6953
uygulanması	8	6954
uygulanmaya	8	6955
uygulanıyor	8	6956
vatandaşımız	8	6957
veliler	8	6958
verdiklerini	8	6959
vereceği	8	6960
verelim	8	6961
verilmedi	8	6962
verimliliğini	8	6963
verisi	8	6964
vermediği	8	6965
vurulan	8	6966
vurularak	8	6967
yakalama	8	6968
yakınında	8	6969
yanımızda	8	6970
yapabilir	8	6971
yapanlar	8	6972
yapmıştı	8	6973
yapılırken	8	6974
yapısına	8	6975
yapısını	8	6976
yaraladı	8	6977
yaralanırken	8	6978
yarattığı	8	6979
yargılandığı	8	6980
yarışmacı	8	6981
yayılması	8	6982
yazan	8	6983
yazdığı	8	6984
yağdırdı	8	6985
yaşamak	8	6986
yaşamında	8	6987
yaşananları	8	6988
yaşanırken	8	6989
yaşına	8	6990
yediği	8	6991
yemekler	8	6992
yemin	8	6993
yenerek	8	6994
yerlerine	8	6995
yerleşik	8	6996
yetkilisi	8	6997
yitiren	8	6998
yoksun	8	6999
yollar	8	7000
yumuşama	8	7001
yönden	8	7002
yönettiği	8	7003
yüksektir	8	7004
yükseldiği	8	7005
yükseltti	8	7006
yıkıcı	8	7007
yıkıma	8	7008
zinciri	8	7009
ziyaretleri	8	7010
ziyaretçilere	8	7011
zorlukların	8	7012
zorunluluğu	8	7013
çankırı	8	7014
çağlar	8	7015
çağlayan	8	7016
çin'de	8	7017
özçelik	8	7018
ülker	8	7019
çatışmada	8	7020
çatışmaya	8	7021
çekerken	8	7022
çekim	8	7023
çekmişti	8	7024
çevresi	8	7025
çikolata	8	7026
çorba	8	7027
çıkacağını	8	7028
çıkacağız	8	7029
çıkmıştır	8	7030
öldürdü	8	7031
öldürüldü	8	7032
öldürüldüğü	8	7033
öncesine	8	7034
öneriyor	8	7035
öngörüyor	8	7036
özelinde	8	7037
özelliğini	8	7038
ülkelerdeki	8	7039
ülkelerinden	8	7040
ülkelerle	8	7041
üretmeye	8	7042
ilhami	8	7043
ismet	8	7044
israil'i	8	7045
şahan	8	7046
şampiyonası'nda	8	7047
şener	8	7048
şeridi'ndeki	8	7049
şanlı	8	7050
şerit	8	7051
şiddeti	8	7052
şiddetini	8	7053
albay	8	7054
aşık	8	7055
diyetisyen	8	7056
kararda	8	7057
mahir	8	7058
memleket	8	7059
müslümanlar	8	7060
peygamber	8	7061
sanatları	8	7062
seda	8	7063
toplantının	8	7064
yerleştirme	8	7065
ablası	8	7066
alay	8	7067
aniden	8	7068
art	8	7069
asil	8	7070
ateşi	8	7071
aydan	8	7072
ağabey	8	7073
ağı	8	7074
basının	8	7075
başkanlığını	8	7076
blok	8	7077
bronz	8	7078
bunlarla	8	7079
bölgemizin	8	7080
cerrahi	8	7081
cesedin	8	7082
denizin	8	7083
duruşmaya	8	7084
elma	8	7085
evinden	8	7086
faizi	8	7087
feci	8	7088
gayri	8	7089
geçmişten	8	7090
gördüğümüz	8	7091
görüntülerin	8	7092
görüşü	8	7093
halkımızın	8	7094
hasat	8	7095
hedefe	8	7096
hocası	8	7097
ihaleye	8	7098
kalbi	8	7099
kalkan	8	7100
kapıyı	8	7101
karaciğer	8	7102
kazan	8	7103
kilit	8	7104
kızım	8	7105
li	8	7106
makarna	8	7107
markette	8	7108
meme	8	7109
merhamet	8	7110
müşteki	8	7111
ol	8	7112
partisinden	8	7113
polisler	8	7114
politikalar	8	7115
pozisyonu	8	7116
radikal	8	7117
rakibine	8	7118
robot	8	7119
savunmaya	8	7120
selam	8	7121
senden	8	7122
sitenin	8	7123
soruldu	8	7124
taksi	8	7125
taraflar	8	7126
taraftarı	8	7127
tekstil	8	7128
temsilcimiz	8	7129
uygulamalı	8	7130
vakıf	8	7131
vatandaşlarımızı	8	7132
vefatının	8	7133
viral	8	7134
yaşa	8	7135
yöresel	8	7136
yılbaşından	8	7137
ödemiş	8	7138
ölçme	8	7139
çiftçilere	8	7140
ölümle	8	7141
üretimden	8	7142
ihbarla	8	7143
ikilinin	8	7144
ısınma	8	7145
şerbeti	8	7146
şoke	8	7147
şüphelilerden	8	7148
alevler	8	7149
açıkçası	8	7150
barajı	8	7151
boyun	8	7152
devletleri	8	7153
erbaş	8	7154
haberleşme	8	7155
kaptan	8	7156
milliyetçi	8	7157
portakal	8	7158
sanırım	8	7159
simge	8	7160
tamam	8	7161
topluluğu	8	7162
ultra	8	7163
varlıklarını	8	7164
apartman	8	7165
araştırmacılar	8	7166
aşağıda	8	7167
borçlanma	8	7168
davaya	8	7169
dünkü	8	7170
enfeksiyon	8	7171
gösteri	8	7172
kurumuna	8	7173
köfte	8	7174
ligdeki	8	7175
matematik	8	7176
medyanın	8	7177
mirası	8	7178
muhalefetin	8	7179
mutfakta	8	7180
mühendislik	8	7181
operasyonun	8	7182
oyunculuk	8	7183
sayan	8	7184
sporcular	8	7185
terim	8	7186
uygulamada	8	7187
uçan	8	7188
yapılmasına	8	7189
yarış	8	7190
yönetmenliğini	8	7191
öğretmenlik	8	7192
belgesel	8	7193
buz	8	7194
endeks	8	7195
gaziler	8	7196
gözde	8	7197
hakikaten	8	7198
hepimizi	8	7199
ışıklı	8	7200
kuşların	8	7201
liderler	8	7202
neyse	8	7203
tofaş	8	7204
yaralılardan	8	7205
yürütme	8	7206
ziyaretin	8	7207
infaz	8	7208
çakar	8	7209
önleme	8	7210
abb	7	7211
anka	7	7212
acar	7	7213
adana'nın	7	7214
ahmed	7	7215
akalın	7	7216
akbaş	7	7217
akıncı	7	7218
alkan	7	7219
aras	7	7220
arjantinli	7	7221
arnavutköy	7	7222
ateş'in	7	7223
avrupalı	7	7224
aydemir	7	7225
aysel	7	7226
aytekin	7	7227
azerbaycan'ın	7	7228
aöf	7	7229
bae	7	7230
brıcs	7	7231
babacan	7	7232
bakanlıktan	7	7233
bakanlığınca	7	7234
barbaros	7	7235
barosu	7	7236
batshuayi	7	7237
batuhan	7	7238
bayern	7	7239
başakşehir	7	7240
bekir	7	7241
beko	7	7242
brent	7	7243
buca	7	7244
bölgesi'nde	7	7245
caddesi'ndeki	7	7246
cumhurbaşkanımızın	7	7247
cüneyt	7	7248
dalı	7	7249
demirel	7	7250
edremit	7	7251
efes	7	7252
egemenlik	7	7253
erdoğan'dan	7	7254
erdoğan'ı	7	7255
esed	7	7256
eyüpspor	7	7257
fetö'nün	7	7258
fazıl	7	7259
fen	7	7260
fenerbahçe'de	7	7261
ferhat	7	7262
fethiye	7	7263
fethullah	7	7264
fetullah	7	7265
filenin	7	7266
galatasaraylı	7	7267
gaziantep'in	7	7268
goncalar	7	7269
grand	7	7270
gökçe	7	7271
güler'in	7	7272
güngör	7	7273
günü'nde	7	7274
haniye'nin	7	7275
hatayspor	7	7276
hülya	7	7277
ıng	7	7278
karaca	7	7279
karadeniz'in	7	7280
koç'un	7	7281
kurt	7	7282
kurulu'nun	7	7283
körfezi	7	7284
kübra	7	7285
kütahya	7	7286
kılıç'ın	7	7287
ligi'nin	7	7288
mke	7	7289
meclis'te	7	7290
meloni	7	7291
memişoğlu	7	7292
merih	7	7293
moskova	7	7294
musk'ın	7	7295
müge	7	7296
müslümanların	7	7297
nara	7	7298
netflix	7	7299
noel	7	7300
nur	7	7301
oba	7	7302
oscar	7	7303
oysa	7	7304
oğuzhan	7	7305
pm	7	7306
palandöken	7	7307
parklar	7	7308
peskov	7	7309
plus	7	7310
poyraz	7	7311
pınar	7	7312
rize	7	7313
rıza	7	7314
saint	7	7315
sanatkarlar	7	7316
sarıkamış	7	7317
sedat	7	7318
seferihisar	7	7319
sevgililer	7	7320
sezai	7	7321
sezgin	7	7322
sinop	7	7323
st	7	7324
sur	7	7325
sönmez	7	7326
tusaş	7	7327
trump'ı	7	7328
türkoğlu	7	7329
unesco	7	7330
unrwa	7	7331
ukrayna'nın	7	7332
valilikten	7	7333
volkan	7	7334
yahudiler	7	7335
yengeç	7	7336
z	7	7337
adımlarla	7	7338
agresif	7	7339
ailelerine	7	7340
akciğer	7	7341
akraba	7	7342
aksamalar	7	7343
alabilecek	7	7344
alabilmek	7	7345
alanlarını	7	7346
alanının	7	7347
aldıktan	7	7348
alevlere	7	7349
almadığını	7	7350
almaktadır	7	7351
altta	7	7352
altyapısı	7	7353
altından	7	7354
alçak	7	7355
alınmasının	7	7356
amaçla	7	7357
ameliyatı	7	7358
anki	7	7359
anlatarak	7	7360
anlayışla	7	7361
anlayışıyla	7	7362
anısına	7	7363
anıyorum	7	7364
aracıyla	7	7365
aralıklarla	7	7366
arasındadır	7	7367
arazide	7	7368
araziye	7	7369
araçlarını	7	7370
arkadaşımız	7	7371
arkadaşının	7	7372
arkası	7	7373
artırdığını	7	7374
artışları	7	7375
arzusunu	7	7376
arzı	7	7377
asistlik	7	7378
attığını	7	7379
atıfta	7	7380
avantajı	7	7381
aydınlık	7	7382
ayrılması	7	7383
ayrımcılık	7	7384
azaldığını	7	7385
azaltmaya	7	7386
azalırken	7	7387
açma	7	7388
açması	7	7389
açtığını	7	7390
açıklamasının	7	7391
açıldığı	7	7392
açıldığını	7	7393
açılmış	7	7394
babanın	7	7395
bahseden	7	7396
bahsetti	7	7397
bahçe	7	7398
balistik	7	7399
bankalarının	7	7400
banyo	7	7401
barındıran	7	7402
baskını	7	7403
bastı	7	7404
batısındaki	7	7405
bazlı	7	7406
bağlantısı	7	7407
başarının	7	7408
başarısı	7	7409
başarısız	7	7410
başarıyı	7	7411
başkanlığa	7	7412
başladılar	7	7413
başladım	7	7414
başlamıştı	7	7415
başıboş	7	7416
bedelini	7	7417
beklendiğini	7	7418
belirledik	7	7419
belirlenecek	7	7420
belirleyecek	7	7421
belirleyici	7	7422
belirtirken	7	7423
binaları	7	7424
binaya	7	7425
binde	7	7426
binek	7	7427
birey	7	7428
birliğini	7	7429
birçoğu	7	7430
bitecek	7	7431
bonservis	7	7432
borçlarını	7	7433
boyutu	7	7434
boyutunu	7	7435
bularak	7	7436
buradayız	7	7437
bölgeden	7	7438
bölgeleri	7	7439
bölgesinden	7	7440
bölgesinin	7	7441
bölücü	7	7442
bölümde	7	7443
bırakıp	7	7444
bıçak	7	7445
caminin	7	7446
cenazeleri	7	7447
cevabı	7	7448
ciddiye	7	7449
cihazların	7	7450
cildin	7	7451
coşku	7	7452
dakikasında	7	7453
damar	7	7454
dana	7	7455
dayanarak	7	7456
dekar	7	7457
delalet	7	7458
denetimlerin	7	7459
dengesi	7	7460
denizde	7	7461
dese	7	7462
destekle	7	7463
desteklerini	7	7464
destekçisi	7	7465
deyince	7	7466
değerlendirildiğini	7	7467
değerlendirmesi	7	7468
değişik	7	7469
değişiklikleri	7	7470
değişikliğinin	7	7471
değiştirdi	7	7472
dik	7	7473
dikiş	7	7474
dirençli	7	7475
doku	7	7476
domates	7	7477
doğumlu	7	7478
dualar	7	7479
durdu	7	7480
durmadan	7	7481
duruyor	7	7482
duyguları	7	7483
duyuran	7	7484
dönecek	7	7485
dönemdeki	7	7486
döner	7	7487
dönme	7	7488
dönmek	7	7489
düşerken	7	7490
düşürmek	7	7491
düşüşle	7	7492
edebilirler	7	7493
edenlere	7	7494
edilebilecek	7	7495
edilip	7	7496
ehliyet	7	7497
ekolojik	7	7498
eksiksiz	7	7499
eleştirerek	7	7500
eli	7	7501
elindeki	7	7502
elverişli	7	7503
enerjik	7	7504
enflasyona	7	7505
engeli	7	7506
engellemek	7	7507
erkeğin	7	7508
etap	7	7509
etapta	7	7510
etkinliklerin	7	7511
etkinliğin	7	7512
etkinliğinde	7	7513
etmesiyle	7	7514
etmeyeceğiz	7	7515
etmiştir	7	7516
etnik	7	7517
evrensel	7	7518
eşyaları	7	7519
faizsiz	7	7520
faktörler	7	7521
farkındayız	7	7522
fatura	7	7523
fay	7	7524
faydası	7	7525
firmaların	7	7526
fiyatlı	7	7527
fiziki	7	7528
formül	7	7529
forvet	7	7530
fotoğraflarını	7	7531
gayreti	7	7532
gazetecinin	7	7533
geldikten	7	7534
geldiler	7	7535
gelişmelerle	7	7536
gelişmesi	7	7537
geliştirmek	7	7538
gerekse	7	7539
gerektiren	7	7540
gereğince	7	7541
gerçekleştirecek	7	7542
gerçekleştirerek	7	7543
gerçekleştirilmesi	7	7544
getirdik	7	7545
getiri	7	7546
getirildiğini	7	7547
getirir	7	7548
geçip	7	7549
geçirecek	7	7550
geçirmesi	7	7551
gibidir	7	7552
gideceğini	7	7553
giderilmesi	7	7554
girişimci	7	7555
golcüsü	7	7556
gri	7	7557
gönderildiği	7	7558
göreceğiz	7	7559
görevde	7	7560
görevlerine	7	7561
görevlerini	7	7562
görmedim	7	7563
görmüştü	7	7564
görülecek	7	7565
görünür	7	7566
görüşmek	7	7567
gösterdikleri	7	7568
gösterdiğini	7	7569
gösterisi	7	7570
götürülen	7	7571
gözle	7	7572
gözlerini	7	7573
göçmenlerin	7	7574
günah	7	7575
günlerden	7	7576
günümüze	7	7577
güvenle	7	7578
güçler	7	7579
güçlerin	7	7580
haberini	7	7581
hafriyat	7	7582
haftayı	7	7583
halini	7	7584
haliyle	7	7585
harcamalarını	7	7586
hareketle	7	7587
hasadı	7	7588
hasara	7	7589
hasarlı	7	7590
hastalığa	7	7591
hastalığının	7	7592
hastaneler	7	7593
hastanelerde	7	7594
hastaneleri	7	7595
hataları	7	7596
hattından	7	7597
hattını	7	7598
hatırlattı	7	7599
hayatınızdaki	7	7600
hazırlama	7	7601
hazırlıklı	7	7602
hazırlığı	7	7603
hedeflerini	7	7604
hekim	7	7605
hepsini	7	7606
hesaba	7	7607
hesabında	7	7608
hesabını	7	7609
hesaplarından	7	7610
heyecanını	7	7611
hikayesi	7	7612
hisseden	7	7613
hissi	7	7614
hizmetlerin	7	7615
husus	7	7616
ios	7	7617
idam	7	7618
iddiasına	7	7619
idrak	7	7620
iflas	7	7621
ihbarıyla	7	7622
iktidarda	7	7623
ilaçların	7	7624
ilgilenen	7	7625
ilimizde	7	7626
ilke	7	7627
ilçelerine	7	7628
ilçesinin	7	7629
imkanlar	7	7630
imkanlarıyla	7	7631
imzalandı	7	7632
inandığını	7	7633
incelemenin	7	7634
indirimine	7	7635
indirimleri	7	7636
istatistikleri	7	7637
isteriz	7	7638
isteyenlerin	7	7639
istikrarın	7	7640
izlemek	7	7641
içecek	7	7642
işlevi	7	7643
işleyen	7	7644
kadarki	7	7645
kafasına	7	7646
kafaya	7	7647
kahvaltı	7	7648
kalitesinin	7	7649
kalmaz	7	7650
kamusal	7	7651
kanalına	7	7652
kanuna	7	7653
kapasite	7	7654
kapsamındaki	7	7655
karakterleri	7	7656
kararından	7	7657
kardeşlerimizin	7	7658
karpuz	7	7659
karşılaşan	7	7660
kategorisinde	7	7661
katkısı	7	7662
kattı	7	7663
katılması	7	7664
katındaki	7	7665
kaybetmişti	7	7666
kaybolduğu	7	7667
kaynaklarından	7	7668
kayısı	7	7669
kazandıran	7	7670
kazandırmak	7	7671
kazanması	7	7672
kendimizi	7	7673
kente	7	7674
kentine	7	7675
kentlerde	7	7676
kesildi	7	7677
kimlerin	7	7678
kimseyi	7	7679
kitlesi	7	7680
kitlesine	7	7681
kod	7	7682
koku	7	7683
kolaylık	7	7684
kolesterol	7	7685
komedi	7	7686
kontrolünün	7	7687
konudaki	7	7688
konumda	7	7689
konusuna	7	7690
konutlar	7	7691
konuğu	7	7692
konuşmalar	7	7693
konuşmasını	7	7694
koordinasyonunda	7	7695
koordineli	7	7696
koyuyor	7	7697
kozlarını	7	7698
kullandığını	7	7699
kullanılmış	7	7700
kullanırken	7	7701
kulübümüze	7	7702
kurtulmak	7	7703
kurulda	7	7704
kurumlarının	7	7705
kurup	7	7706
kusma	7	7707
kutlandı	7	7708
kutlayan	7	7709
kutluyorum	7	7710
kuzeyine	7	7711
kötüye	7	7712
kırık	7	7713
kıyma	7	7714
lige	7	7715
liranın	7	7716
listesini	7	7717
maddeden	7	7718
mahkemede	7	7719
makamları	7	7720
makamında	7	7721
mantar	7	7722
manzara	7	7723
masum	7	7724
maçlarını	7	7725
mecliste	7	7726
mekanda	7	7727
mekanizması	7	7728
memnuniyetini	7	7729
men	7	7730
merkezleri	7	7731
mesleğini	7	7732
mezunu	7	7733
milyarlarca	7	7734
muaf	7	7735
müdahalede	7	7736
müdahalesine	7	7737
müdahaleyi	7	7738
müthiş	7	7739
müziğin	7	7740
nda	7	7741
nedenlerle	7	7742
nezdinde	7	7743
niyetli	7	7744
noktadan	7	7745
numara	7	7746
okullarının	7	7747
okumak	7	7748
olabilecek	7	7749
olabilirsiniz	7	7750
olacağım	7	7751
olamaz	7	7752
olmaktadır	7	7753
olmasa	7	7754
olmasın	7	7755
olmayacağı	7	7756
olsaydı	7	7757
olumsuzluklara	7	7758
olurdu	7	7759
oluşturduğunu	7	7760
omuz	7	7761
onayı	7	7762
operasyonunda	7	7763
otobüsün	7	7764
oyuncularından	7	7765
paraları	7	7766
paralel	7	7767
partileri	7	7768
pas	7	7769
patlaması	7	7770
paylaşarak	7	7771
personeline	7	7772
pic	7	7773
planlar	7	7774
planlıyor	7	7775
planının	7	7776
platformlarda	7	7777
prestijli	7	7778
projeleriyle	7	7779
propagandası	7	7780
pus	7	7781
rahatlatıcı	7	7782
rakamı	7	7783
raporunu	7	7784
refahı	7	7785
rehinelerin	7	7786
rekoru	7	7787
rekorunu	7	7788
revize	7	7789
riskinin	7	7790
riskler	7	7791
sakatlığı	7	7792
saldırdı	7	7793
saldırılarının	7	7794
salonun	7	7795
sayfa	7	7796
sayının	7	7797
sayısız	7	7798
sağlayacaktır	7	7799
sağlayacağını	7	7800
sektöre	7	7801
sembol	7	7802
setinde	7	7803
sevgilisi	7	7804
seviyeleri	7	7805
seviyelerini	7	7806
seviyesinden	7	7807
seyrediyor	7	7808
seyyanen	7	7809
seyyar	7	7810
seçenekler	7	7811
seçenekleriyle	7	7812
silahlar	7	7813
sivilleri	7	7814
siyasette	7	7815
skor	7	7816
skorer	7	7817
sokaklarda	7	7818
soluk	7	7819
sonunu	7	7820
sorulan	7	7821
sorunsuz	7	7822
sorununa	7	7823
soykırımı	7	7824
sporcuların	7	7825
suda	7	7826
sunduğunu	7	7827
sunum	7	7828
suçlanan	7	7829
suçlardan	7	7830
söylemesi	7	7831
söyleniyor	7	7832
söylerken	7	7833
sözleriyle	7	7834
sürdürürken	7	7835
süreliğine	7	7836
süreçlerinin	7	7837
sınıfı	7	7838
sınırında	7	7839
sınırındaki	7	7840
sıradan	7	7841
sıralarda	7	7842
tahminlerini	7	7843
takası	7	7844
takibe	7	7845
takvimine	7	7846
takımların	7	7847
tanıttı	7	7848
taraftarlarının	7	7849
tarafındaki	7	7850
tartışmaların	7	7851
tasarrufu	7	7852
tedavisine	7	7853
tehditler	7	7854
teklifinin	7	7855
teklifler	7	7856
tekrardan	7	7857
telefonları	7	7858
temasları	7	7859
temelinde	7	7860
teminat	7	7861
teorik	7	7862
tercihleri	7	7863
tersine	7	7864
teröristi	7	7865
testleri	7	7866
toplamaya	7	7867
toplanarak	7	7868
toplandı	7	7869
toplantısının	7	7870
toplayan	7	7871
topraklarında	7	7872
turuna	7	7873
tutarları	7	7874
türler	7	7875
ulaşmış	7	7876
ulaştık	7	7877
umudu	7	7878
usulü	7	7879
utanç	7	7880
uyarılarda	7	7881
uygulamaların	7	7882
uygulamalarının	7	7883
uygulamasına	7	7884
uyumu	7	7885
uzunluğunda	7	7886
uçakları	7	7887
vade	7	7888
vahim	7	7889
varil	7	7890
verenler	7	7891
verilmişti	7	7892
verirse	7	7893
vesilesiyle	7	7894
yakalamak	7	7895
yakalayarak	7	7896
yaklaşımı	7	7897
yakını	7	7898
yakınındaki	7	7899
yansıması	7	7900
yapabileceğini	7	7901
yapacaklarını	7	7902
yapalım	7	7903
yapmaktadır	7	7904
yapıları	7	7905
yapılmalı	7	7906
yara	7	7907
yaralının	7	7908
yararlanmak	7	7909
yararlı	7	7910
yarısını	7	7911
yarıya	7	7912
yarışmasında	7	7913
yas	7	7914
yatırımı	7	7915
yayınında	7	7916
yazarak	7	7917
yazdırdı	7	7918
yazılan	7	7919
yaşadıkları	7	7920
yaşarken	7	7921
yaşatan	7	7922
yaşatmak	7	7923
yaşattı	7	7924
yaşayacak	7	7925
yeme	7	7926
yendi	7	7927
yetim	7	7928
yetişkin	7	7929
yetkililerden	7	7930
yetkililerin	7	7931
yineledi	7	7932
yiyecekler	7	7933
yorumunu	7	7934
yönetme	7	7935
yükseldiğini	7	7936
yükselerek	7	7937
yükünü	7	7938
yürütülecek	7	7939
yüzyılın	7	7940
yıkıldı	7	7941
zararlar	7	7942
zarfında	7	7943
zemine	7	7944
zorundayız	7	7945
çavuşoğlu	7	7946
özcan'ın	7	7947
çalıştıkları	7	7948
çalıştıklarını	7	7949
çalıştılar	7	7950
çapındaki	7	7951
çarptırıldı	7	7952
çarpışması	7	7953
çağrısına	7	7954
çekecek	7	7955
çevirdi	7	7956
çifti	7	7957
çocuğunu	7	7958
çocuğunun	7	7959
çöktü	7	7960
çözecek	7	7961
çıkacağı	7	7962
çıkarıyor	7	7963
çıkmasına	7	7964
çıktık	7	7965
çıkınca	7	7966
çıkıyoruz	7	7967
ödeyecek	7	7968
öldürmeye	7	7969
önemliydi	7	7970
öneriler	7	7971
özgün	7	7972
özgüven	7	7973
öğleden	7	7974
öğrencilerine	7	7975
öğrenilemeyen	7	7976
ülkesi	7	7977
üretimini	7	7978
üretiyor	7	7979
ürünlerinde	7	7980
üstesinden	7	7981
üvey	7	7982
üyelerin	7	7983
igfa	7	7984
inci	7	7985
inönü	7	7986
ipek	7	7987
ispanyol	7	7988
şam	7	7989
şanlıurfa'nın	7	7990
şahsen	7	7991
şaşırttı	7	7992
şehirleri	7	7993
şehrindeki	7	7994
şeye	7	7995
şifalar	7	7996
şikayetleri	7	7997
şirketinin	7	7998
şirketlerinin	7	7999
şüphesiz	7	8000
açılışta	7	8001
bakanımız	7	8002
benzin	7	8003
bilimleri	7	8004
canik	7	8005
cumhuriyetin	7	8006
dezenformasyonla	7	8007
fuarı	7	8008
hikmet	7	8009
manavgat	7	8010
max	7	8011
narkotik	7	8012
rektör	7	8013
vadisi	7	8014
yönetmeni	7	8015
adresi	7	8016
aktivite	7	8017
amaç	7	8018
annenin	7	8019
aradan	7	8020
arıza	7	8021
babasına	7	8022
bakır	7	8023
bugünden	7	8024
buradayım	7	8025
camiye	7	8026
cildi	7	8027
demokrasinin	7	8028
deri	7	8029
dinlenme	7	8030
dosya	7	8031
dumandan	7	8032
eleştiri	7	8033
fabrika	7	8034
garip	7	8035
gizlilik	7	8036
gözyaşları	7	8037
gıdalar	7	8038
haberin	7	8039
halkımıza	7	8040
imalat	7	8041
kaçakçılık	7	8042
kek	7	8043
kendinize	7	8044
kimisi	7	8045
kupaya	7	8046
kural	7	8047
kurs	7	8048
kâr	7	8049
mekanı	7	8050
merkezde	7	8051
misyonu	7	8052
muhakkak	7	8053
mühendis	7	8054
müşteriler	7	8055
odağında	7	8056
onaylı	7	8057
paket	7	8058
pil	7	8059
piyasalar	7	8060
sakatlıkları	7	8061
salon	7	8062
semt	7	8063
seçilmiş	7	8064
sit	7	8065
sizden	7	8066
sondaj	7	8067
susuz	7	8068
sırt	7	8069
taraftar	7	8070
tartışmalar	7	8071
tatilin	7	8072
tağşiş	7	8073
taşınmaz	7	8074
tütün	7	8075
vakfın	7	8076
vücutta	7	8077
yangından	7	8078
yeterlilik	7	8079
yürüyüşü	7	8080
zincir	7	8081
zirai	7	8082
çevik	7	8083
çelenk	7	8084
çetesi	7	8085
üretimin	7	8086
üretken	7	8087
üçlü	7	8088
idareler	7	8089
ı	7	8090
şehitleri	7	8091
şeffaflık	7	8092
bizlerin	7	8093
boğazı	7	8094
ciro	7	8095
damla	7	8096
futbolda	7	8097
halkların	7	8098
hocamızın	7	8099
klinik	7	8100
korosu	7	8101
kral	7	8102
kulüpler	7	8103
mimarlık	7	8104
otonom	7	8105
oya	7	8106
plajı	7	8107
radyo	7	8108
roman	7	8109
teleferik	7	8110
tokat	7	8111
traktör	7	8112
villa	7	8113
ailem	7	8114
ayet	7	8115
brüt	7	8116
bugünlerde	7	8117
bölümünden	7	8118
dede	7	8119
dul	7	8120
evcil	7	8121
irade	7	8122
istinaf	7	8123
kimya	7	8124
kiraz	7	8125
koordinatörü	7	8126
kreş	7	8127
köpeklerin	7	8128
köylüler	7	8129
lisede	7	8130
marketler	7	8131
mayısta	7	8132
müziği	7	8133
okulda	7	8134
oto	7	8135
partililer	7	8136
pazarda	7	8137
red	7	8138
senedi	7	8139
sporun	7	8140
takımlar	7	8141
tan	7	8142
tanıma	7	8143
tarlada	7	8144
treni	7	8145
turnuvada	7	8146
veteriner	7	8147
virüs	7	8148
yat	7	8149
çalışkan	7	8150
çam	7	8151
şeridi	7	8152
şoför	7	8153
ap	6	8154
aselsan	6	8155
abdülkerim	6	8156
akkaya	6	8157
akman	6	8158
akrep	6	8159
aksoy	6	8160
aktürk	6	8161
albayrak	6	8162
alevi	6	8163
alex	6	8164
almanya'ya	6	8165
alperen	6	8166
ankara'yı	6	8167
anonim	6	8168
antalyaspor	6	8169
asiye	6	8170
atatürk'ü	6	8171
ataşehir	6	8172
atletizm	6	8173
ayvacık	6	8174
aöl	6	8175
bddk	6	8176
bmw	6	8177
bağdat	6	8178
başiskele	6	8179
belediyesi'ne	6	8180
belçika	6	8181
boeing	6	8182
burhan	6	8183
büyükekşi	6	8184
büyükelçiliği	6	8185
büyükkılıç	6	8186
büyükçekmece	6	8187
carlo	6	8188
cenk	6	8189
ceyhan	6	8190
corendon	6	8191
cumhuriyet'in	6	8192
dkmp	6	8193
dna	6	8194
defne	6	8195
demirci	6	8196
denizi	6	8197
donetsk	6	8198
doğu'daki	6	8199
dries	6	8200
durak	6	8201
durul	6	8202
dusan	6	8203
dündar	6	8204
ecevit	6	8205
eda	6	8206
eray	6	8207
ereğli	6	8208
esat	6	8209
f	6	8210
fatih'te	6	8211
fransa'da	6	8212
gsyh	6	8213
gta	6	8214
galaxy	6	8215
gazimağusa	6	8216
gazzeli	6	8217
gizem	6	8218
gökçek	6	8219
halep	6	8220
haliç	6	8221
hanım	6	8222
hatay'ın	6	8223
hatice	6	8224
ıcardi'nin	6	8225
ıntel	6	8226
ısparta	6	8227
japonya'nın	6	8228
koah	6	8229
kahramankazan	6	8230
kamala	6	8231
kandilli	6	8232
kanunu'na	6	8233
kastamonu	6	8234
kavşağı'nda	6	8235
king	6	8236
komisyonu'nda	6	8237
komutanlığına	6	8238
kotan	6	8239
kremlin	6	8240
kur'an	6	8241
kuran'da	6	8242
kurulu'nda	6	8243
kurumu'nun	6	8244
kuveyt	6	8245
köprüsü	6	8246
külliyesi'nde	6	8247
kürtçe	6	8248
kırgızistan	6	8249
led	6	8250
lgbt	6	8251
leyla	6	8252
ligi'ne	6	8253
loto	6	8254
lyon	6	8255
mhp'nin	6	8256
macaristan	6	8257
mahkemesi'nin	6	8258
manisa'da	6	8259
martin	6	8260
meksika	6	8261
melisa	6	8262
microsoft	6	8263
mike	6	8264
müdürlüğü'nde	6	8265
mühendisleri	6	8266
naim	6	8267
norveç	6	8268
numan	6	8269
nvidia	6	8270
papa	6	8271
pentagon	6	8272
refah'a	6	8273
rektörü	6	8274
rıdvan	6	8275
spk	6	8276
sabiha	6	8277
safranbolu	6	8278
samsung	6	8279
sanatlar	6	8280
scholz	6	8281
sednaya	6	8282
selin	6	8283
sergen	6	8284
sinem	6	8285
sivas'ta	6	8286
soyer	6	8287
sports	6	8288
sultanları	6	8289
sırbistan	6	8290
tem	6	8291
tsk	6	8292
tahran	6	8293
tahsin	6	8294
takımı'nın	6	8295
tavşantepe	6	8296
tayfun	6	8297
toplantısı'nın	6	8298
tottenham	6	8299
trakya	6	8300
tuba	6	8301
tuncer	6	8302
töre	6	8303
tüpraş	6	8304
veysi	6	8305
washington	6	8306
yarışmaya	6	8307
yay	6	8308
yeşilay	6	8309
yeşilçam'ın	6	8310
yunanistan'ın	6	8311
acılı	6	8312
adalete	6	8313
adapte	6	8314
adaylığını	6	8315
adında	6	8316
ailelerinin	6	8317
akabinde	6	8318
akan	6	8319
akla	6	8320
aklama	6	8321
aklıma	6	8322
aksiyon	6	8323
akıcı	6	8324
alanını	6	8325
aldılar	6	8326
aldığında	6	8327
aleminin	6	8328
almasını	6	8329
almaz	6	8330
altyapısını	6	8331
alınmaya	6	8332
alınmış	6	8333
alınıp	6	8334
alıyorlar	6	8335
alışkanlıkları	6	8336
alışkanlığı	6	8337
amacının	6	8338
amaçlanıyor	6	8339
ameliyata	6	8340
anlamıyla	6	8341
anlara	6	8342
anlattım	6	8343
anlatır	6	8344
anlayışını	6	8345
anlaşmazlık	6	8346
anlaşıldı	6	8347
annesini	6	8348
antrenmanla	6	8349
anıldı	6	8350
anız	6	8351
apartmanda	6	8352
arabanın	6	8353
aracılık	6	8354
aradığını	6	8355
aramada	6	8356
aramaya	6	8357
aranıyor	6	8358
arayıp	6	8359
arazöz	6	8360
araştırılması	6	8361
araştırıyor	6	8362
ardında	6	8363
arkadaşlarımızın	6	8364
artı	6	8365
artırmaya	6	8366
asistle	6	8367
askerinin	6	8368
askerlerinin	6	8369
astronotu	6	8370
atıkları	6	8371
atılması	6	8372
avuç	6	8373
ayağına	6	8374
ayağında	6	8375
aylar	6	8376
aylardır	6	8377
ayrıldığı	6	8378
ayrıldığını	6	8379
ayıran	6	8380
aza	6	8381
açacak	6	8382
açarak	6	8383
açıklanmasının	6	8384
açıklanmıştı	6	8385
açılacak	6	8386
açılışına	6	8387
açısı	6	8388
ağabeyi	6	8389
ağırladı	6	8390
aşamasındaki	6	8391
aşarak	6	8392
aşmak	6	8393
aşılama	6	8394
bahis	6	8395
bahsediyoruz	6	8396
bakarak	6	8397
bakmak	6	8398
bakımdan	6	8399
bakıyor	6	8400
balon	6	8401
bankalara	6	8402
basamak	6	8403
baskısı	6	8404
baskısıyla	6	8405
basıncı	6	8406
basınç	6	8407
batısında	6	8408
bağları	6	8409
bağı	6	8410
bağımlılık	6	8411
bağırsak	6	8412
başarılarla	6	8413
başarıları	6	8414
başkalarının	6	8415
başkanının	6	8416
başlama	6	8417
başlamak	6	8418
başlatıldığını	6	8419
başlayacağını	6	8420
başlığıyla	6	8421
bebekleri	6	8422
bebeğe	6	8423
bebeği	6	8424
bedava	6	8425
bedel	6	8426
bedelli	6	8427
bedenine	6	8428
bedenini	6	8429
beklentiler	6	8430
belediyede	6	8431
belediyelere	6	8432
belirleme	6	8433
belirsizlik	6	8434
belirsizlikler	6	8435
belirtiler	6	8436
belirtmek	6	8437
beğenisine	6	8438
bildiği	6	8439
bilgilerin	6	8440
bilgiyi	6	8441
bilmiyoruz	6	8442
birilerinin	6	8443
birimlerinin	6	8444
birisinin	6	8445
birliklerinin	6	8446
bitiren	6	8447
bitkiler	6	8448
bolluk	6	8449
bombalar	6	8450
borçları	6	8451
bozacak	6	8452
bozuk	6	8453
branşlarda	6	8454
bugünlere	6	8455
bugünün	6	8456
bulabilirsiniz	6	8457
bulmakta	6	8458
bulmasını	6	8459
bulunduk	6	8460
bulunmadığını	6	8461
bulunmuş	6	8462
bulunuyordu	6	8463
buluşacak	6	8464
buluşmaya	6	8465
buluşturdu	6	8466
burçlar	6	8467
bölgesini	6	8468
bünyesindeki	6	8469
bütçesinin	6	8470
bütüncül	6	8471
bırakmadı	6	8472
bıraktık	6	8473
camı	6	8474
caydırıcı	6	8475
ciddiyetini	6	8476
cinayetinde	6	8477
cinsiyet	6	8478
coşkusu	6	8479
coşkusunu	6	8480
dalgalanmalar	6	8481
dağıtıldı	6	8482
dediğini	6	8483
demans	6	8484
demiş	6	8485
denetimde	6	8486
denizden	6	8487
deplasman	6	8488
depremlerde	6	8489
dereceyi	6	8490
derinlik	6	8491
derledik	6	8492
dersi	6	8493
destekliyor	6	8494
destekliyoruz	6	8495
desteğin	6	8496
detaylarını	6	8497
devlete	6	8498
devletini	6	8499
devriye	6	8500
değerlendirilen	6	8501
değerlerine	6	8502
değerlerinin	6	8503
değildik	6	8504
değişikliğine	6	8505
değişimin	6	8506
değiştiren	6	8507
dille	6	8508
dinamikleri	6	8509
direktörlük	6	8510
direniş	6	8511
disiplinli	6	8512
diyebiliriz	6	8513
diyenler	6	8514
diğeri	6	8515
doktorlar	6	8516
doğası	6	8517
doğusu	6	8518
drift	6	8519
durabildi	6	8520
durdurmak	6	8521
durumlarında	6	8522
duruş	6	8523
duruşması	6	8524
duş	6	8525
döken	6	8526
dökülen	6	8527
dönüşen	6	8528
dönüşüme	6	8529
düdük	6	8530
dükkan	6	8531
düz	6	8532
düzeyi	6	8533
düşer	6	8534
düşüncelerin	6	8535
düşünmüyorum	6	8536
düşüp	6	8537
düşürdü	6	8538
düşürülmesi	6	8539
dışa	6	8540
edeceğim	6	8541
edenlerin	6	8542
ederiz	6	8543
ederse	6	8544
edersiniz	6	8545
edildikten	6	8546
edilenlerin	6	8547
edindiği	6	8548
ekiplere	6	8549
ekiplerimiz	6	8550
ekipman	6	8551
ekmeği	6	8552
ekonomiyi	6	8553
eleştirileri	6	8554
elleri	6	8555
emeklilerine	6	8556
emri	6	8557
endişelendirdi	6	8558
endişeleri	6	8559
enfeksiyonu	6	8560
enflasyonist	6	8561
engellediği	6	8562
erişime	6	8563
eserleri	6	8564
etiket	6	8565
etkilemeye	6	8566
etkilere	6	8567
etkileyebilir	6	8568
etkileşim	6	8569
etkinliklerde	6	8570
etler	6	8571
etmediğini	6	8572
etmeniz	6	8573
etmesinin	6	8574
etmeyin	6	8575
etmiyoruz	6	8576
etrafındaki	6	8577
ettikten	6	8578
ettiriyor	6	8579
evlenen	6	8580
eğitimine	6	8581
eğitimini	6	8582
faaliyetler	6	8583
faaliyetlere	6	8584
faizleri	6	8585
farklar	6	8586
farklıdır	6	8587
faydalanan	6	8588
fenomen	6	8589
finalde	6	8590
firmalar	6	8591
firmasının	6	8592
fiyatlarındaki	6	8593
fon	6	8594
formayı	6	8595
futbolunun	6	8596
galibiyete	6	8597
geldiklerini	6	8598
geldin	6	8599
geldiğimiz	6	8600
geldiğimizde	6	8601
gelebilecek	6	8602
gelirdi	6	8603
gelire	6	8604
geliyoruz	6	8605
gelişimini	6	8606
gelişmelere	6	8607
gelse	6	8608
gemilerini	6	8609
genci	6	8610
genişleterek	6	8611
gençlerimize	6	8612
gerilimin	6	8613
gerçekleşmesi	6	8614
gerçekleştiriyor	6	8615
gerçekleştiğini	6	8616
gerçeğini	6	8617
getirilerek	6	8618
getirilmiştir	6	8619
getirmesi	6	8620
gezerek	6	8621
geçirildiğini	6	8622
geçiriyor	6	8623
geçmesine	6	8624
girdik	6	8625
giriyoruz	6	8626
girişiminde	6	8627
girme	6	8628
gittikçe	6	8629
giydiği	6	8630
gizemli	6	8631
golsüz	6	8632
golüyle	6	8633
grev	6	8634
grupları	6	8635
gururunu	6	8636
gönderdiği	6	8637
gönülden	6	8638
gördüğüm	6	8639
görecek	6	8640
görevinde	6	8641
görkemli	6	8642
görüldüğünü	6	8643
görüntüyü	6	8644
görüşleri	6	8645
görüşmelerine	6	8646
görüşmesi	6	8647
görüşmesinin	6	8648
görüşünü	6	8649
göstergesidir	6	8650
gösterildi	6	8651
gösteriliyor	6	8652
gösterin	6	8653
göstermişti	6	8654
göstermiştir	6	8655
götürmek	6	8656
gözüküyor	6	8657
gözünü	6	8658
göçük	6	8659
gücümüzle	6	8660
gündemdeki	6	8661
gündemiyle	6	8662
günlerin	6	8663
gününün	6	8664
güveni	6	8665
güvenini	6	8666
güzelliklerini	6	8667
güçlendirmeye	6	8668
hafifçe	6	8669
hakimlikçe	6	8670
halindeyken	6	8671
halinin	6	8672
hamam	6	8673
haritası	6	8674
haritasını	6	8675
hassasiyet	6	8676
hassasiyeti	6	8677
hastaneden	6	8678
hayvanlarının	6	8679
hazırlandı	6	8680
hazırlanmak	6	8681
hazırlanması	6	8682
hedeflerimize	6	8683
hedeflerinin	6	8684
hediyeler	6	8685
hemşire	6	8686
hijyenik	6	8687
his	6	8688
hizmetin	6	8689
hizmetini	6	8690
hiçe	6	8691
hobi	6	8692
hukuku	6	8693
huzuru	6	8694
hâkim	6	8695
hücreler	6	8696
hırsız	6	8697
hızını	6	8698
iddialarını	6	8699
ifadesiyle	6	8700
ifşa	6	8701
ihalede	6	8702
ihracatın	6	8703
ihracatında	6	8704
ihtiyaçlar	6	8705
ikisinin	6	8706
iktidarı	6	8707
ilana	6	8708
ilanların	6	8709
ilaçları	6	8710
iletişimi	6	8711
ilkelerine	6	8712
illeri	6	8713
illerinden	6	8714
ilçemizde	6	8715
imzalı	6	8716
inancımız	6	8717
inandıklarını	6	8718
incelemeye	6	8719
indirdi	6	8720
insanca	6	8721
ipuçları	6	8722
ishal	6	8723
isimlerinin	6	8724
istihdamı	6	8725
istismarı	6	8726
istiyorsa	6	8727
iyilik	6	8728
iyimser	6	8729
izini	6	8730
izinsiz	6	8731
izlediği	6	8732
izlenen	6	8733
izleri	6	8734
izlerini	6	8735
izleyiciler	6	8736
izniyle	6	8737
içecekler	6	8738
içerikli	6	8739
içeriye	6	8740
içini	6	8741
iğne	6	8742
işbirliğinin	6	8743
işine	6	8744
işlerden	6	8745
işletmelere	6	8746
iştirak	6	8747
kadim	6	8748
kaldık	6	8749
kaldıracak	6	8750
kaldırma	6	8751
kalmayı	6	8752
kalorili	6	8753
kalıntıları	6	8754
kameraları	6	8755
kampa	6	8756
kampanyasında	6	8757
kamuya	6	8758
kanalında	6	8759
kanaması	6	8760
kapattı	6	8761
kapatılan	6	8762
kapısının	6	8763
kararların	6	8764
kararlılık	6	8765
karıştırarak	6	8766
karşımızda	6	8767
karşıyayız	6	8768
katan	6	8769
katkısını	6	8770
katıldığını	6	8771
katılma	6	8772
katılımcılara	6	8773
kavuştu	6	8774
kaydedilmişti	6	8775
kaynaklara	6	8776
kaynaklarını	6	8777
kaynaklarının	6	8778
kaynağının	6	8779
kayıplar	6	8780
kayıpların	6	8781
kayıtları	6	8782
kazadan	6	8783
kazanacak	6	8784
kazananı	6	8785
kazılarda	6	8786
kaçınmak	6	8787
kelimesinin	6	8788
kenarına	6	8789
kenarındaki	6	8790
kendimize	6	8791
kendisiyle	6	8792
kesen	6	8793
kesiminde	6	8794
kesme	6	8795
kesmek	6	8796
kestane	6	8797
kesti	6	8798
keyfi	6	8799
kg	6	8800
kilosu	6	8801
kiminle	6	8802
kimler	6	8803
kolaylıkla	6	8804
koltuğu	6	8805
konulardan	6	8806
konuşuyoruz	6	8807
korudu	6	8808
korumaya	6	8809
korunmasına	6	8810
korurken	6	8811
koyun	6	8812
koşu	6	8813
koşullar	6	8814
koşullarını	6	8815
krem	6	8816
kullanmayı	6	8817
kullanıcılara	6	8818
kullanıcıya	6	8819
kullanıldığını	6	8820
kullanılmaktadır	6	8821
kurduk	6	8822
kurtuldu	6	8823
kurulmasına	6	8824
kurulmuş	6	8825
kuruluna	6	8826
kurutma	6	8827
kusurlu	6	8828
köpekler	6	8829
köyüne	6	8830
kıl	6	8831
kınıyorum	6	8832
kınıyoruz	6	8833
kıran	6	8834
kırıklığına	6	8835
kısım	6	8836
kısıtlı	6	8837
kıyılarında	6	8838
liderliği	6	8839
listeleri	6	8840
maddelerin	6	8841
makro	6	8842
makul	6	8843
maliyetinin	6	8844
maliyetlerin	6	8845
maliyetli	6	8846
malzemesi	6	8847
manzarası	6	8848
markaların	6	8849
maskeli	6	8850
maçların	6	8851
maçlarında	6	8852
maçtan	6	8853
meclise	6	8854
medyası	6	8855
mensuplarını	6	8856
mesafede	6	8857
mesafesi	6	8858
meyvesi	6	8859
mezar	6	8860
miktarının	6	8861
milletimizi	6	8862
milyonluk	6	8863
mimari	6	8864
mineral	6	8865
minnetle	6	8866
mm	6	8867
modelini	6	8868
modellerini	6	8869
motorin	6	8870
mutabakat	6	8871
mutlak	6	8872
mutluluğu	6	8873
müebbet	6	8874
müjdeli	6	8875
müstakil	6	8876
naaşı	6	8877
nadir	6	8878
namazını	6	8879
nedenlerinden	6	8880
negatif	6	8881
netlik	6	8882
neyi	6	8883
nihayet	6	8884
nitelikte	6	8885
niteliği	6	8886
noktalarında	6	8887
okuyun	6	8888
olanağı	6	8889
olduğumu	6	8890
olmalarını	6	8891
olmam	6	8892
olmamış	6	8893
olmanız	6	8894
oluşturabilir	6	8895
oluşturuldu	6	8896
oluşturur	6	8897
oluşumunu	6	8898
organizasyon	6	8899
ormanda	6	8900
otomobildeki	6	8901
otoyol	6	8902
oturumda	6	8903
oturuyor	6	8904
oyla	6	8905
oylama	6	8906
oynadık	6	8907
oğulları	6	8908
paniğe	6	8909
paralar	6	8910
paranın	6	8911
parayla	6	8912
parlamento	6	8913
partisine	6	8914
partiyi	6	8915
parçalar	6	8916
patlamaya	6	8917
payları	6	8918
pazarın	6	8919
perde	6	8920
pes	6	8921
peyniri	6	8922
piknik	6	8923
pis	6	8924
piyasaların	6	8925
piyasalarındaki	6	8926
planlaması	6	8927
politikalarının	6	8928
poz	6	8929
pozisyonda	6	8930
programlar	6	8931
programını	6	8932
projesini	6	8933
propaganda	6	8934
raporlar	6	8935
reddeden	6	8936
referans	6	8937
rekabetin	6	8938
rekabetçi	6	8939
riskine	6	8940
rolünü	6	8941
rüşvet	6	8942
saatlerce	6	8943
sahibiz	6	8944
sakatlık	6	8945
saldıran	6	8946
saldırdığı	6	8947
saldırganın	6	8948
salonda	6	8949
sanatsal	6	8950
sandalye	6	8951
sanıkların	6	8952
satıldığı	6	8953
sayfasında	6	8954
sayımı	6	8955
sağlamış	6	8956
sağlamıştır	6	8957
sebebiyet	6	8958
sebzeler	6	8959
seferler	6	8960
senedir	6	8961
seramik	6	8962
sergileyen	6	8963
seriyor	6	8964
sertifikalarını	6	8965
seslerini	6	8966
sevenleriyle	6	8967
sevgiyle	6	8968
sevincini	6	8969
sevindirici	6	8970
seviye	6	8971
seviyor	6	8972
seçildikten	6	8973
sisteminde	6	8974
sistemiyle	6	8975
sistemler	6	8976
sistemlerinin	6	8977
sokaklara	6	8978
sokağa	6	8979
sonucun	6	8980
sorumluluklarını	6	8981
soruna	6	8982
soruşturması	6	8983
sporcuları	6	8984
sporu	6	8985
sunulması	6	8986
suyunun	6	8987
suçlamaları	6	8988
suçlu	6	8989
suçunu	6	8990
söylediğini	6	8991
söylemeye	6	8992
söylemiş	6	8993
söyler	6	8994
sözleşmesini	6	8995
sürdürdüğünü	6	8996
sürecinden	6	8997
süresini	6	8998
sürücüleri	6	8999
süs	6	9000
sıcaklıkların	6	9001
sıkıntılı	6	9002
sınavına	6	9003
sınırına	6	9004
sınırını	6	9005
sıralaması	6	9006
sırası	6	9007
sırasıyla	6	9008
tadilat	6	9009
tadı	6	9010
tahminlerine	6	9011
tahrik	6	9012
tahta	6	9013
tahıl	6	9014
taktiksel	6	9015
takımla	6	9016
takımına	6	9017
talebin	6	9018
talebine	6	9019
talepte	6	9020
talimatını	6	9021
tamamına	6	9022
tampon	6	9023
tanıdığını	6	9024
tanınır	6	9025
tanır	6	9026
tartışmalara	6	9027
tartışmalarına	6	9028
tartışılan	6	9029
tatilinde	6	9030
taşınan	6	9031
tedavisinin	6	9032
tedbirlerin	6	9033
teklifine	6	9034
teknolojiye	6	9035
teknolojiyi	6	9036
telef	6	9037
telefonla	6	9038
telefonuyla	6	9039
temaslarda	6	9040
temasıyla	6	9041
temelini	6	9042
temizlenmesi	6	9043
teröristlerin	6	9044
tescil	6	9045
teslimat	6	9046
teyit	6	9047
teşekkürlerini	6	9048
teşkilatının	6	9049
tonluk	6	9050
toparlanma	6	9051
topla	6	9052
toplanacak	6	9053
toprakla	6	9054
topraklarındaki	6	9055
torba	6	9056
transferini	6	9057
tribünde	6	9058
turistler	6	9059
tuttuğu	6	9060
tutuklanmış	6	9061
tutukluluk	6	9062
tövbe	6	9063
tüketildiğinde	6	9064
tüketilmesi	6	9065
tüketimini	6	9066
türlerinin	6	9067
u	6	9068
ulaşacak	6	9069
ulaşılan	6	9070
unsurları	6	9071
uyaran	6	9072
uygulamalara	6	9073
uygulamalarını	6	9074
uzmanlık	6	9075
uçakla	6	9076
uçuşu	6	9077
varlığına	6	9078
vatandaşa	6	9079
verilerek	6	9080
veriliyor	6	9081
vermenin	6	9082
vermiştir	6	9083
videoları	6	9084
vuruldu	6	9085
vurulduğu	6	9086
vücudu	6	9087
yakalandığı	6	9088
yaktı	6	9089
yakılan	6	9090
yakınlarındaki	6	9091
yakınlarının	6	9092
yanarak	6	9093
yangınına	6	9094
yanmalı	6	9095
yansıyor	6	9096
yanındayız	6	9097
yapacakları	6	9098
yapacaktır	6	9099
yaparlar	6	9100
yapmadı	6	9101
yapmalı	6	9102
yaprak	6	9103
yaptırdı	6	9104
yaptırmak	6	9105
yaptırımlar	6	9106
yapılmadan	6	9107
yapılmak	6	9108
yaralandığını	6	9109
yaralanma	6	9110
yarar	6	9111
yaratmak	6	9112
yargılanmak	6	9113
yargının	6	9114
yatacak	6	9115
yatırımcıları	6	9116
yayılan	6	9117
yayıldığı	6	9118
yayına	6	9119
yazımızda	6	9120
yağışının	6	9121
yaşaması	6	9122
yaşamayı	6	9123
yaşamış	6	9124
yaşatacak	6	9125
yaşlanma	6	9126
yaşlılar	6	9127
yaşıyorum	6	9128
yenilgi	6	9129
yenilik	6	9130
yerlerinden	6	9131
yetenek	6	9132
yetenekli	6	9133
yetiştirdiği	6	9134
yitirdiği	6	9135
yitirirken	6	9136
yiyeceklerden	6	9137
yollarının	6	9138
yorumlanır	6	9139
yumruk	6	9140
yöneltilen	6	9141
yöneticilerin	6	9142
yönetimini	6	9143
yönetmelik	6	9144
yönüne	6	9145
yükselten	6	9146
yükselterek	6	9147
yürüttü	6	9148
yürütülmesi	6	9149
yüzme	6	9150
yıkılan	6	9151
yıkılmış	6	9152
yılbaşı	6	9153
yılındaki	6	9154
zarara	6	9155
zararları	6	9156
zehirli	6	9157
zengindir	6	9158
ziyaretini	6	9159
ziyaretçiler	6	9160
zorlukları	6	9161
çekya	6	9162
çetinkaya	6	9163
çin'e	6	9164
çukurova	6	9165
özdağ	6	9166
özkaya	6	9167
özlü	6	9168
üniversitesi'nde	6	9169
çabalar	6	9170
çabasına	6	9171
çabasını	6	9172
çadır	6	9173
çaldı	6	9174
çalışanlarımızın	6	9175
çalışanın	6	9176
çalışıldığını	6	9177
çalışılıyor	6	9178
çalışıp	6	9179
çalışıyorum	6	9180
çare	6	9181
çaresiz	6	9182
çatışmalara	6	9183
çatışmanın	6	9184
çağrıları	6	9185
çekirdek	6	9186
çekirdeği	6	9187
çekmektedir	6	9188
çekmesi	6	9189
çevresine	6	9190
çeyreği	6	9191
çiftlerin	6	9192
çiftçilerin	6	9193
çizmek	6	9194
çiçekleri	6	9195
çocuklarla	6	9196
çocuklarımızı	6	9197
çokluğuyla	6	9198
çoktan	6	9199
çıkarma	6	9200
çıkmadı	6	9201
çıkmaması	6	9202
çıktıktan	6	9203
çıkışında	6	9204
çıplak	6	9205
ödemek	6	9206
ödemeli	6	9207
ödenecek	6	9208
öksürük	6	9209
öldürdüğü	6	9210
öldürdüğünü	6	9211
öldürmek	6	9212
öldürüldüğünü	6	9213
ölümden	6	9214
ölümüyle	6	9215
önemle	6	9216
öngörüyoruz	6	9217
örgüte	6	9218
örgütleri	6	9219
örnekler	6	9220
özellik	6	9221
özelliklere	6	9222
özgürce	6	9223
özgürlüğüne	6	9224
özgürlüğünü	6	9225
öğlen	6	9226
öğrendi	6	9227
öğrenim	6	9228
öğün	6	9229
ücretlerini	6	9230
üreme	6	9231
üreticilerinin	6	9232
üretmek	6	9233
ürünlerde	6	9234
ürünlere	6	9235
üstünlüğünü	6	9236
üyelerinden	6	9237
üyelik	6	9238
üzerimize	6	9239
üzerlerine	6	9240
ikizler	6	9241
ilkokulu	6	9242
imamoğlu'nun	6	9243
iran'a	6	9244
iranlı	6	9245
irlanda	6	9246
islami	6	9247
ırkçı	6	9248
ırkçılık	6	9249
ısrarla	6	9250
şam'a	6	9251
şükrü	6	9252
şahsı	6	9253
şarampole	6	9254
şarkıları	6	9255
şartlarına	6	9256
şartlarını	6	9257
şehirlerde	6	9258
şehrimiz	6	9259
şehrimize	6	9260
şekeri	6	9261
şekillerde	6	9262
şifalı	6	9263
şifre	6	9264
şirketlerinden	6	9265
şükranlarımı	6	9266
başkanın	6	9267
başsavcı	6	9268
buluşmaları	6	9269
demet	6	9270
hele	6	9271
hisar	6	9272
kaymakam	6	9273
kaymakamlık	6	9274
makas	6	9275
otoyolu	6	9276
rafa	6	9277
show	6	9278
soykırımcı	6	9279
tim	6	9280
ufuk	6	9281
vicdan	6	9282
ailemiz	6	9283
aileyi	6	9284
antioksidan	6	9285
antrenmanda	6	9286
araştırmada	6	9287
araştırmanın	6	9288
at	6	9289
avukatlar	6	9290
ağacı	6	9291
baharatlı	6	9292
başkanlığındaki	6	9293
belediyeleri	6	9294
belgelerin	6	9295
beyefendi	6	9296
bilhassa	6	9297
birbirimize	6	9298
bozan	6	9299
bölgemizde	6	9300
camiamıza	6	9301
cinayetin	6	9302
daimi	6	9303
demiryolu	6	9304
depresyon	6	9305
derneğin	6	9306
dosyada	6	9307
dünden	6	9308
düğünde	6	9309
edebiyat	6	9310
empati	6	9311
enerjisi	6	9312
eserin	6	9313
eylülde	6	9314
gençlerle	6	9315
halkçı	6	9316
halkımız	6	9317
hareketler	6	9318
ihracatta	6	9319
imalatı	6	9320
insülin	6	9321
istenilen	6	9322
kapanışa	6	9323
kazancı	6	9324
kendinizi	6	9325
kimlikleri	6	9326
kraliyet	6	9327
kurallara	6	9328
kuvvetlerinin	6	9329
köye	6	9330
köyün	6	9331
küme	6	9332
mermi	6	9333
mesire	6	9334
monte	6	9335
muhaliflerin	6	9336
nakil	6	9337
numune	6	9338
operasyonlar	6	9339
organizasyonun	6	9340
orijinal	6	9341
oteller	6	9342
reform	6	9343
sanatın	6	9344
saygılı	6	9345
sağın	6	9346
sera	6	9347
sınavlar	6	9348
sığınma	6	9349
termal	6	9350
yarından	6	9351
yağışın	6	9352
yönetmen	6	9353
çifte	6	9354
ihracatçılar	6	9355
ılık	6	9356
şair	6	9357
astsubay	6	9358
babamın	6	9359
denizcilik	6	9360
depremle	6	9361
dikey	6	9362
efendim	6	9363
eminim	6	9364
emtia	6	9365
evimiz	6	9366
fox	6	9367
fizik	6	9368
görüntüde	6	9369
hatip	6	9370
hocamız	6	9371
jüri	6	9372
kendilerinden	6	9373
kuyumcu	6	9374
mahallesinde	6	9375
mobilya	6	9376
oğlum	6	9377
oğlumun	6	9378
partimiz	6	9379
partimizin	6	9380
profesör	6	9381
sterlin	6	9382
suçlar	6	9383
tabiat	6	9384
total	6	9385
yayıncı	6	9386
yuva	6	9387
iktisadi	6	9388
çağ	6	9389
önümüzde	6	9390
şırnak	6	9391
aa'da	5	9392
abd'deki	5	9393
abd'den	5	9394
avm	5	9395
abdülkadir	5	9396
akademi	5	9397
akbaba	5	9398
aksaray	5	9399
aksaray'da	5	9400
aktürkoğlu	5	9401
akça	5	9402
akçay	5	9403
akşener'in	5	9404
allah'a	5	9405
altındağ	5	9406
alzheimer	5	9407
amazon	5	9408
ancelotti	5	9409
anıl	5	9410
apple'ın	5	9411
arif	5	9412
arjantin	5	9413
arnavutluk	5	9414
arıkan	5	9415
aslıhan	5	9416
ataman	5	9417
atatürk'e	5	9418
avustralya	5	9419
aykan	5	9420
aykut	5	9421
aytaç	5	9422
azerbaycan'da	5	9423
baibü	5	9424
bahtiyar	5	9425
bankasının	5	9426
baro	5	9427
basri	5	9428
bayar	5	9429
bayramı'nı	5	9430
başkanlığı'na	5	9431
başkanlığı'ndan	5	9432
başsavcısı	5	9433
bektaş	5	9434
belediyemizin	5	9435
belgorod	5	9436
berat	5	9437
bergama	5	9438
betül	5	9439
beşikçioğlu	5	9440
beştaş	5	9441
bilindiği	5	9442
birliği'nin	5	9443
bornova	5	9444
bulgaristan	5	9445
buse	5	9446
chp'den	5	9447
cafer	5	9448
camii'nde	5	9449
celal	5	9450
cemiyeti	5	9451
cihat	5	9452
cumhuriyeti'nin	5	9453
dgs	5	9454
dha'da	5	9455
dsö	5	9456
dw	5	9457
daily	5	9458
danimarka	5	9459
destici	5	9460
dinç	5	9461
diyarbakır'ın	5	9462
dragon	5	9463
dubai	5	9464
dörtyol	5	9465
düzce'de	5	9466
elmas	5	9467
endonezya	5	9468
erdek	5	9469
erzurum'un	5	9470
evren	5	9471
eyüp	5	9472
eğertutmaz	5	9473
facebook	5	9474
fayı	5	9475
festival	5	9476
finlandiya	5	9477
fitch	5	9478
fonu	5	9479
francis	5	9480
gb	5	9481
ges	5	9482
girne	5	9483
gökçen	5	9484
gölü'nün	5	9485
günay	5	9486
güneş'in	5	9487
gürsel	5	9488
hgs	5	9489
hadise	5	9490
halit	5	9491
hamas'a	5	9492
hastanesi'ndeki	5	9493
havalimanı'na	5	9494
hazal	5	9495
hilal	5	9496
hong	5	9497
ııı	5	9498
ımf	5	9499
ılıcalı'nın	5	9500
ınternational'ın	5	9501
ırak'ta	5	9502
ığdır	5	9503
john	5	9504
johnson	5	9505
khk	5	9506
kktc'nin	5	9507
kahire'de	5	9508
kanada'nın	5	9509
kanunu'nun	5	9510
karadağ	5	9511
karakaya	5	9512
karaman	5	9513
karasu	5	9514
kartalkaya	5	9515
kate	5	9516
kavak	5	9517
kavala	5	9518
kazakistan	5	9519
kepez	5	9520
kevin	5	9521
kilis	5	9522
kocaeli'nde	5	9523
konseyi'nin	5	9524
konya'da	5	9525
korkmaz	5	9526
kozan	5	9527
kupası'nda	5	9528
köroğlu	5	9529
kürdistan	5	9530
kürtler	5	9531
kürtlerin	5	9532
kıbrıs'ta	5	9533
kılınç	5	9534
kırklareli	5	9535
kırıkkale	5	9536
lpg	5	9537
le	5	9538
lefkoşa	5	9539
lig'den	5	9540
lisesi'nde	5	9541
londra	5	9542
mhk	5	9543
mahkemesi'ne	5	9544
mahkemesinin	5	9545
malatya'da	5	9546
mamak	5	9547
manisa'nın	5	9548
maria	5	9549
marmara'nın	5	9550
mars	5	9551
meclisin	5	9552
melikgazi	5	9553
mengen	5	9554
mercan	5	9555
mezarlığı'na	5	9556
michael	5	9557
michy	5	9558
miçotakis	5	9559
montella	5	9560
muhammed'in	5	9561
muhsin	5	9562
müdürlüğümüz	5	9563
müdürlüğünce	5	9564
müsavat	5	9565
müzesi'nde	5	9566
mısırlı	5	9567
nba	5	9568
now	5	9569
nazi	5	9570
nazlı	5	9571
necdet	5	9572
niğde	5	9573
nobel	5	9574
ovp	5	9575
onursal	5	9576
opel	5	9577
oral	5	9578
pkk'ya	5	9579
pakistan	5	9580
parlamentosu	5	9581
paşinyan	5	9582
pera	5	9583
pezeşkiyan	5	9584
prime	5	9585
putin'in	5	9586
rabbimizin	5	9587
rize'de	5	9588
ronaldo	5	9589
rusya'da	5	9590
rusya'dan	5	9591
s	5	9592
sabri	5	9593
sait	5	9594
sakarya'nın	5	9595
sakaryaspor	5	9596
sarayı	5	9597
sarayı'nda	5	9598
saymaz	5	9599
selman	5	9600
seninle	5	9601
sibel	5	9602
sincan	5	9603
sinop'ta	5	9604
sokak'taki	5	9605
solmaz	5	9606
soylu	5	9607
sıddık	5	9608
tc	5	9609
teknofest	5	9610
tk	5	9611
tl'nin	5	9612
taksim	5	9613
taliban	5	9614
taner	5	9615
timur	5	9616
toyota	5	9617
trabzon'da	5	9618
trabzon'un	5	9619
trabzonspor'un	5	9620
tuğamiral	5	9621
töreni'nde	5	9622
tülay	5	9623
türkçe'nin	5	9624
unrwa'nın	5	9625
ulaş	5	9626
uzm	5	9627
vakıflar	5	9628
world	5	9629
yargıç	5	9630
yarışması'nda	5	9631
yavaş'ın	5	9632
yayman	5	9633
yazgan	5	9634
yemen	5	9635
yeniköy	5	9636
york'ta	5	9637
york'taki	5	9638
yunanistan'a	5	9639
yüksekova	5	9640
zelenskiy	5	9641
zinnur	5	9642
ziya	5	9643
abartılı	5	9644
abisi	5	9645
acele	5	9646
acısı	5	9647
acısını	5	9648
adalesinde	5	9649
adaleti	5	9650
ahlak	5	9651
ailelerimizin	5	9652
aileye	5	9653
aktararak	5	9654
akılla	5	9655
akışı	5	9656
alabilmesi	5	9657
alanlardan	5	9658
alemi	5	9659
algınlığı	5	9660
alkış	5	9661
almaktan	5	9662
almasının	5	9663
alttan	5	9664
altyapısına	5	9665
alınamayan	5	9666
alıyordu	5	9667
alıyorum	5	9668
alış	5	9669
amaçladığını	5	9670
amcası	5	9671
amcasının	5	9672
anaokulu	5	9673
anayasal	5	9674
animasyon	5	9675
anketine	5	9676
anlamak	5	9677
anlayışının	5	9678
anlaşmalar	5	9679
anlaşmaları	5	9680
anlaşılıyor	5	9681
antrenör	5	9682
anımsatarak	5	9683
anına	5	9684
arabuluculuk	5	9685
aralarındaki	5	9686
aramalar	5	9687
arayışı	5	9688
araçlarla	5	9689
araçlarının	5	9690
araştırmalarda	5	9691
arkadaşlarına	5	9692
arkadaşlık	5	9693
arkeolojik	5	9694
artar	5	9695
artmasının	5	9696
artırdığı	5	9697
artırıcı	5	9698
artırılmasına	5	9699
artırır	5	9700
artırırken	5	9701
artışlarının	5	9702
asit	5	9703
atanan	5	9704
atanması	5	9705
atarken	5	9706
atıyoruz	5	9707
atıştırmalıklar	5	9708
ayakları	5	9709
ayna	5	9710
aynısını	5	9711
ayırt	5	9712
azalmasına	5	9713
açabiliyor	5	9714
açar	5	9715
açmıştı	5	9716
açıklamalarını	5	9717
açıklıyor	5	9718
açıkta	5	9719
açıktan	5	9720
açığının	5	9721
ağabeyim	5	9722
ağacın	5	9723
ağaçlar	5	9724
ağaçlarının	5	9725
ağlara	5	9726
ağırlıklı	5	9727
ağırlığı	5	9728
aşkı	5	9729
bahane	5	9730
bahçede	5	9731
bakmadan	5	9732
baktığınızda	5	9733
bankacılığı	5	9734
barışa	5	9735
baskınlarına	5	9736
batarya	5	9737
bağlama	5	9738
bağlamında	5	9739
bağlarını	5	9740
bağlılığı	5	9741
bağlılığını	5	9742
bağımlı	5	9743
başarılara	5	9744
başarısını	5	9745
başkanlarına	5	9746
başkanımızın	5	9747
başlamasıyla	5	9748
başlarken	5	9749
başlatacağız	5	9750
başlatıyoruz	5	9751
başlayınca	5	9752
başlı	5	9753
başvurarak	5	9754
başvurmak	5	9755
başvurularının	5	9756
becerilerini	5	9757
bedelinin	5	9758
bekledi	5	9759
bekleme	5	9760
beklendiği	5	9761
beklenenden	5	9762
beklenmektedir	5	9763
bekçi	5	9764
bela	5	9765
belge	5	9766
belgeler	5	9767
belirlendiğini	5	9768
belirlenirken	5	9769
belirlenmesine	5	9770
belirlenmişti	5	9771
belirtilerini	5	9772
benzeyen	5	9773
bildirilmesi	5	9774
bildiğimiz	5	9775
bileşenler	5	9776
bilgilendirmede	5	9777
bilgilerine	5	9778
bilgisine	5	9779
bilinç	5	9780
bilinçsiz	5	9781
bilir	5	9782
binadan	5	9783
binalarda	5	9784
binasına	5	9785
bindiği	5	9786
birikim	5	9787
birikimini	5	9788
birleşerek	5	9789
birliğinde	5	9790
biter	5	9791
bitmek	5	9792
bombaladı	5	9793
borcunu	5	9794
borsalarında	5	9795
borçlu	5	9796
boykot	5	9797
boyutları	5	9798
boyutlu	5	9799
bulamadı	5	9800
bulamadık	5	9801
bulduk	5	9802
buldum	5	9803
bulduğunu	5	9804
bulgur	5	9805
bulması	5	9806
bulmaya	5	9807
bulmuş	5	9808
bulunacağını	5	9809
bulunduğumuz	5	9810
bulunma	5	9811
bulunmasına	5	9812
bulunmayı	5	9813
bulunup	5	9814
buluşturan	5	9815
bunda	5	9816
buralarda	5	9817
burun	5	9818
burçları	5	9819
buzlanma	5	9820
bölgelerin	5	9821
bölgelerine	5	9822
bölgemize	5	9823
bölümüne	5	9824
bölümüyle	5	9825
bütünlüğü	5	9826
büyükbaş	5	9827
büyüklüğünü	5	9828
büyüleyici	5	9829
büyümeye	5	9830
bırak	5	9831
bırakmış	5	9832
bıraktığını	5	9833
bırakıldığı	5	9834
bırakılmasına	5	9835
bırakır	5	9836
bıçaklanarak	5	9837
camide	5	9838
cani	5	9839
cevaplar	5	9840
cevapları	5	9841
civarına	5	9842
cm	5	9843
dairenin	5	9844
dakikaya	5	9845
dalış	5	9846
damat	5	9847
damgasını	5	9848
davalarda	5	9849
davasına	5	9850
dayandırdığı	5	9851
dayanıyor	5	9852
defnedilecektir	5	9853
delil	5	9854
denemeye	5	9855
denetiminde	5	9856
deneyimler	5	9857
dengeyi	5	9858
denli	5	9859
deplasmanında	5	9860
deposu	5	9861
depremlerden	5	9862
depremlerin	5	9863
derinlikte	5	9864
derinliğini	5	9865
derlediği	5	9866
dersleri	5	9867
desteklemek	5	9868
destekçilerinin	5	9869
destinasyon	5	9870
devasa	5	9871
devi	5	9872
devrilen	5	9873
deyimi	5	9874
değerlendirilerek	5	9875
değerlendirilmesi	5	9876
değerlendirmeye	5	9877
değiller	5	9878
değişebilir	5	9879
değişiklikle	5	9880
değişikliklerinin	5	9881
değişikliğiyle	5	9882
değişime	5	9883
değişmesi	5	9884
değiştirecek	5	9885
değiştirmeye	5	9886
diken	5	9887
dileklerimi	5	9888
dinleme	5	9889
dinletti	5	9890
direğine	5	9891
diyaloğa	5	9892
diyebilirim	5	9893
dizilerin	5	9894
dizisindeki	5	9895
diğerleri	5	9896
dokunulmazlık	5	9897
dolandırıcıların	5	9898
dolduran	5	9899
donanım	5	9900
donatılan	5	9901
dosyası	5	9902
doğayla	5	9903
doğdu	5	9904
doğruladı	5	9905
dudak	5	9906
durağı	5	9907
durma	5	9908
durumdayız	5	9909
durumlarının	5	9910
duruşunda	5	9911
duruşunu	5	9912
duydukları	5	9913
duyduğumuz	5	9914
duygusunu	5	9915
duyuruya	5	9916
dökülmesi	5	9917
döndükten	5	9918
döndüğünü	5	9919
dönemden	5	9920
dönerek	5	9921
dönmüş	5	9922
dönüşmüş	5	9923
dönüşümün	5	9924
dünyasını	5	9925
düzene	5	9926
düzeye	5	9927
düşecek	5	9928
düşmeyen	5	9929
düşmüş	5	9930
düşündüklerini	5	9931
düşünülüyor	5	9932
düşünüyorsunuz	5	9933
düşürme	5	9934
düşürüldü	5	9935
düşürür	5	9936
düşüşleri	5	9937
edebilecek	5	9938
edebilmek	5	9939
edebiyata	5	9940
ederler	5	9941
edildikleri	5	9942
edilebiliyor	5	9943
edilecektir	5	9944
edilirse	5	9945
edilmek	5	9946
edilmeye	5	9947
edince	5	9948
egemenliğine	5	9949
ekibinde	5	9950
ekibini	5	9951
ekimde	5	9952
ekimi	5	9953
ekipmanlar	5	9954
elebaşı	5	9955
eleştiriler	5	9956
elinin	5	9957
ellerindeki	5	9958
emeklisine	5	9959
emeklisinin	5	9960
emniyete	5	9961
endemik	5	9962
endişelerini	5	9963
endişeli	5	9964
enerjiyi	5	9965
engellendi	5	9966
epilepsi	5	9967
erkeklerde	5	9968
ermesi	5	9969
esnafa	5	9970
esrar	5	9971
etiketiyle	5	9972
etkilerinden	5	9973
etkinlikle	5	9974
etmelerini	5	9975
etmeyen	5	9976
ettireceğiz	5	9977
eyle	5	9978
ezeli	5	9979
eğilimi	5	9980
eğiliminde	5	9981
eğitimli	5	9982
eşine	5	9983
faaliyete	5	9984
faaliyette	5	9985
farz	5	9986
faturası	5	9987
faydalanabilecek	5	9988
feda	5	9989
felaketin	5	9990
fenalaşarak	5	9991
fenomeni	5	9992
feribot	5	9993
fileleri	5	9994
finanse	5	9995
firmaları	5	9996
fiyatını	5	9997
fişek	5	9998
fişeği	5	9999
fonları	5	10000
fotoğraflar	5	10001
füzeler	5	10002
füzeleri	5	10003
gecikmedi	5	10004
geldim	5	10005
gelenek	5	10006
gelinen	5	10007
gelirlerinin	5	10008
gelişmesine	5	10009
gemilerin	5	10010
gemisinde	5	10011
geneline	5	10012
genişleme	5	10013
genişletilmesi	5	10014
gençliği	5	10015
gerekebilir	5	10016
gerginliğin	5	10017
gerilediğini	5	10018
gerileyen	5	10019
gerilimler	5	10020
gerçekleşiyor	5	10021
gerçekleştirdik	5	10022
gerçekte	5	10023
gerçektir	5	10024
getirdiler	5	10025
getirebilir	5	10026
getirilirken	5	10027
getirip	5	10028
getirisi	5	10029
getirmenin	5	10030
getirmesini	5	10031
getirmeyi	5	10032
gezdi	5	10033
geçilecek	5	10034
geçirmesine	5	10035
geçirmeye	5	10036
geçirmiş	5	10037
geçit	5	10038
geçmişini	5	10039
geçtikçe	5	10040
giderleri	5	10041
gidince	5	10042
gidiyorum	5	10043
gidiyoruz	5	10044
girer	5	10045
girerken	5	10046
girişime	5	10047
girişimine	5	10048
girişimini	5	10049
girişini	5	10050
gitmeden	5	10051
gitmeyi	5	10052
golcü	5	10053
golden	5	10054
gollerini	5	10055
grubunun	5	10056
gururla	5	10057
gönderilmesi	5	10058
görenler	5	10059
görevlendirildi	5	10060
görevler	5	10061
görmenin	5	10062
görmesi	5	10063
görülmesi	5	10064
görülürken	5	10065
görünse	5	10066
görüntülere	5	10067
görünümü	5	10068
görürken	5	10069
görüşlerini	5	10070
görüşmesine	5	10071
görüşülen	5	10072
gözetiminde	5	10073
gözlük	5	10074
gözyaşlarına	5	10075
göçmenler	5	10076
gücüyle	5	10077
güneyinde	5	10078
güneyine	5	10079
günlere	5	10080
günümüzün	5	10081
gürültü	5	10082
güvende	5	10083
güvenliğine	5	10084
güvensizlik	5	10085
güvercin	5	10086
güzellikleri	5	10087
güzide	5	10088
güçlendirecek	5	10089
güçlendiriyor	5	10090
güçlükle	5	10091
haberle	5	10092
haberlerde	5	10093
haberlerin	5	10094
habersiz	5	10095
hakaretler	5	10096
hakemleri	5	10097
hakkımız	5	10098
haklarına	5	10099
haklarının	5	10100
halsizlik	5	10101
hamlesi	5	10102
hamsi	5	10103
haneye	5	10104
hareketin	5	10105
has	5	10106
hastalıklardan	5	10107
hastanenin	5	10108
hastaya	5	10109
hatırlatmak	5	10110
hatırlatır	5	10111
havalarda	5	10112
havayolu	5	10113
hayalleri	5	10114
hayatındaki	5	10115
hayatınızda	5	10116
hayranları	5	10117
hayvanlar	5	10118
hayırlara	5	10119
hazırlamak	5	10120
hazırlamış	5	10121
hazırlıklar	5	10122
hedefimize	5	10123
hedefin	5	10124
hedefine	5	10125
hedefini	5	10126
hedeflerinden	5	10127
hedefleyen	5	10128
hekimlerin	5	10129
hepsinin	5	10130
hesaplandı	5	10131
hesaplanıyor	5	10132
hesaplarında	5	10133
hesaplarını	5	10134
heyetin	5	10135
hidrojen	5	10136
hissedilen	5	10137
hissettiklerini	5	10138
hissettiği	5	10139
hizmetine	5	10140
hususlar	5	10141
huzurunu	5	10142
hücrelerinin	5	10143
hükmetti	5	10144
hükmü	5	10145
hükümete	5	10146
iadesi	5	10147
ibaret	5	10148
ideolojik	5	10149
ifadelerle	5	10150
ihanet	5	10151
ihbarda	5	10152
ihracatla	5	10153
ihtimalinin	5	10154
ihtimalle	5	10155
ihtiyaçlara	5	10156
ikmal	5	10157
ilerlemeye	5	10158
ilerliyoruz	5	10159
ilgiyi	5	10160
ilim	5	10161
illere	5	10162
imal	5	10163
imkanlarını	5	10164
imkansız	5	10165
inanan	5	10166
inancı	5	10167
inanıyor	5	10168
incelemeleri	5	10169
incelenmesi	5	10170
inceleyerek	5	10171
incir	5	10172
inkar	5	10173
inme	5	10174
insanlarla	5	10175
insanlığı	5	10176
inşaatta	5	10177
inşaatı	5	10178
inşaatında	5	10179
inşasını	5	10180
isimlerini	5	10181
isimlerle	5	10182
istediğim	5	10183
istemeyenler	5	10184
isteniyor	5	10185
istikameti	5	10186
istismarda	5	10187
istişarelerde	5	10188
itfaiyenin	5	10189
izine	5	10190
izlemeye	5	10191
izlendi	5	10192
izleyebilirsiniz	5	10193
izleyicilere	5	10194
izleyicileri	5	10195
içeriğini	5	10196
içki	5	10197
içmek	5	10198
işbirlikleri	5	10199
işbirliğini	5	10200
işbirliğiyle	5	10201
işkence	5	10202
işyeri	5	10203
işçileri	5	10204
kadarıyla	5	10205
kaderini	5	10206
kadroda	5	10207
kafe	5	10208
kakao	5	10209
kaldıklarını	5	10210
kaldırılıp	5	10211
kalesinde	5	10212
kaleye	5	10213
kalmadığını	5	10214
kalmaması	5	10215
kalmıştı	5	10216
kalori	5	10217
kalsiyum	5	10218
kalıp	5	10219
kamerasıyla	5	10220
kampına	5	10221
kamuoyunu	5	10222
kanalının	5	10223
kapasitesine	5	10224
kapatan	5	10225
kapladı	5	10226
kapsıyor	5	10227
kapıda	5	10228
kapılarak	5	10229
kapısından	5	10230
kapıya	5	10231
karakterini	5	10232
kararlılığını	5	10233
kararında	5	10234
kardeşlerimiz	5	10235
kardeşlik	5	10236
karne	5	10237
kartlar	5	10238
kartını	5	10239
karışan	5	10240
karıştırın	5	10241
karşılanan	5	10242
karşılanırken	5	10243
karşılaşılan	5	10244
kasa	5	10245
kasap	5	10246
katili	5	10247
katmak	5	10248
katta	5	10249
kattaki	5	10250
kattan	5	10251
katılmayı	5	10252
katılmış	5	10253
katıyor	5	10254
kaybedenler	5	10255
kaybetmeden	5	10256
kaybetmesinin	5	10257
kaybına	5	10258
kaynaklandığını	5	10259
kaynaklanıyor	5	10260
kaynaklarına	5	10261
kazandırdığımız	5	10262
kazanmasına	5	10263
kazanmaya	5	10264
kazanıp	5	10265
kazanırken	5	10266
kaçakçılığı	5	10267
kaçtığı	5	10268
kağıdı	5	10269
kediyi	5	10270
kendilerinin	5	10271
kentlere	5	10272
kentlerinde	5	10273
keserek	5	10274
kesiliyor	5	10275
kesinleşmiş	5	10276
keşfedilen	5	10277
keşfetmek	5	10278
kilometreye	5	10279
kirlilik	5	10280
kitlelere	5	10281
kişilerden	5	10282
kişileri	5	10283
kocası	5	10284
kodu	5	10285
kolaylıklar	5	10286
kolaylığı	5	10287
kolu	5	10288
komşuları	5	10289
kongreye	5	10290
konkordato	5	10291
konması	5	10292
kontrolsüz	5	10293
kontrolünde	5	10294
konularla	5	10295
konuma	5	10296
konuşmaya	5	10297
koordine	5	10298
koruduğu	5	10299
korusun	5	10300
koruyacak	5	10301
koymaya	5	10302
koyup	5	10303
kozmetik	5	10304
koşullara	5	10305
koşullarına	5	10306
koşullarında	5	10307
koşullarının	5	10308
kredileri	5	10309
kulağı	5	10310
kullandıkları	5	10311
kullanılabilecek	5	10312
kullanılabilir	5	10313
kullanılmayan	5	10314
kullanılmıştır	5	10315
kullanışlı	5	10316
kurduğunu	5	10317
kurtarılan	5	10318
kurultayda	5	10319
kuruluşlarından	5	10320
kuruluşun	5	10321
kuruluşuna	5	10322
kuruluşundan	5	10323
kuzeydoğu	5	10324
kökeni	5	10325
kötülük	5	10326
köyden	5	10327
köşesinde	5	10328
kültürde	5	10329
külçe	5	10330
kürsüye	5	10331
küçükbaş	5	10332
kılan	5	10333
kılmak	5	10334
kılıyor	5	10335
kıskançlık	5	10336
kısıtlama	5	10337
kıvılcım	5	10338
kızları	5	10339
laboratuvar	5	10340
laik	5	10341
laiklik	5	10342
liderin	5	10343
liderleri	5	10344
liderlerinden	5	10345
maaşlarını	5	10346
macera	5	10347
maceraya	5	10348
maddeleri	5	10349
mahallelerinde	5	10350
mahkûm	5	10351
maliyetlerinin	5	10352
mama	5	10353
margarin	5	10354
martta	5	10355
masrafları	5	10356
materyal	5	10357
mağduriyeti	5	10358
medyayı	5	10359
mekanik	5	10360
memurlar	5	10361
menşeli	5	10362
merkezindeki	5	10363
merkezlerinin	5	10364
mesajın	5	10365
mesajını	5	10366
meseleler	5	10367
meselesidir	5	10368
mevkidaşı	5	10369
mevsiminde	5	10370
mevsiminin	5	10371
mezarlık	5	10372
milleti	5	10373
milliler	5	10374
mineraller	5	10375
minibüsün	5	10376
minimum	5	10377
mitinginde	5	10378
modellerinin	5	10379
motoru	5	10380
muamele	5	10381
muhalefete	5	10382
muhtaç	5	10383
müfredat	5	10384
müreffeh	5	10385
mürettebat	5	10386
müttefiki	5	10387
müzakerelerde	5	10388
müşterilerine	5	10389
mısın	5	10390
mısınız	5	10391
mıydı	5	10392
namazından	5	10393
namlulu	5	10394
nane	5	10395
nebze	5	10396
nereli	5	10397
nesiller	5	10398
nikah	5	10399
nitelendirildi	5	10400
niyaz	5	10401
noktalara	5	10402
noktalarda	5	10403
noktasını	5	10404
normale	5	10405
noter	5	10406
notunu	5	10407
odaya	5	10408
okuldaki	5	10409
okullara	5	10410
okundu	5	10411
olabileceğine	5	10412
olamadı	5	10413
olana	5	10414
olanakları	5	10415
olanı	5	10416
olasılığı	5	10417
olayının	5	10418
olmasaydı	5	10419
olmayınca	5	10420
olmuşlar	5	10421
olsunlar	5	10422
oluşturduk	5	10423
oluşturması	5	10424
oluşturmayı	5	10425
oluşturulacak	5	10426
oluştururken	5	10427
onayladı	5	10428
onkoloji	5	10429
onlardan	5	10430
oranına	5	10431
ordusuna	5	10432
organizasyona	5	10433
ortaklaşa	5	10434
ortalık	5	10435
ortaokul	5	10436
otların	5	10437
otobüsle	5	10438
otobüsünün	5	10439
oturduğu	5	10440
oynadığını	5	10441
oynamayı	5	10442
oyunculara	5	10443
oyunlar	5	10444
paketinin	5	10445
parkta	5	10446
parçalanmış	5	10447
parçalara	5	10448
parçaların	5	10449
pasta	5	10450
patatesin	5	10451
patlak	5	10452
paylaşacağız	5	10453
paylaşımını	5	10454
payının	5	10455
penceresinden	5	10456
personele	5	10457
petrolün	5	10458
peşinden	5	10459
piyasaları	5	10460
piyasasındaki	5	10461
pişirin	5	10462
planladığını	5	10463
planlamasını	5	10464
planlandığını	5	10465
planlarına	5	10466
planlıyoruz	5	10467
planın	5	10468
platformlarında	5	10469
politikaların	5	10470
politikanın	5	10471
politikasını	5	10472
potasyum	5	10473
pozisyonunda	5	10474
programlarına	5	10475
projelerde	5	10476
projelerinin	5	10477
provokatif	5	10478
puanda	5	10479
rahatsızlanarak	5	10480
rahatsızlıkları	5	10481
rakipleri	5	10482
reformları	5	10483
rehberlik	5	10484
rekabeti	5	10485
rekolte	5	10486
rekora	5	10487
rekorları	5	10488
restoranda	5	10489
rezervi	5	10490
rezervleri	5	10491
rota	5	10492
röportajda	5	10493
sabahın	5	10494
sade	5	10495
sahipti	5	10496
sakatlanan	5	10497
sakinlerine	5	10498
salgını	5	10499
sandığa	5	10500
santimetre	5	10501
sanıklardan	5	10502
sardı	5	10503
sarsıntı	5	10504
sarımsak	5	10505
satışlarında	5	10506
savaşların	5	10507
savaşta	5	10508
savaştan	5	10509
sayımız	5	10510
sağlanmıştır	5	10511
sağlıyoruz	5	10512
sebebini	5	10513
sektörlerde	5	10514
sembolik	5	10515
sembolüdür	5	10516
seneye	5	10517
sertifikalı	5	10518
sesle	5	10519
seslenerek	5	10520
sevdiğimiz	5	10521
seven	5	10522
seviyelerine	5	10523
seviyesinin	5	10524
seviyoruz	5	10525
seyrini	5	10526
seçimine	5	10527
seçimlerinin	5	10528
seçtiği	5	10529
silahı	5	10530
simit	5	10531
sindirimi	5	10532
sinemasının	5	10533
sismik	5	10534
sistemlerini	5	10535
sokakları	5	10536
sonlandırdı	5	10537
sonlandırılması	5	10538
sonucuna	5	10539
sorgusu	5	10540
sorumluluklar	5	10541
sorumlulukları	5	10542
sorunlarıyla	5	10543
sorunumuz	5	10544
sorununun	5	10545
sorusunun	5	10546
soruşturmayı	5	10547
sporcularımız	5	10548
sporcusu	5	10549
sporla	5	10550
stabil	5	10551
stoper	5	10552
stratejiler	5	10553
sucuk	5	10554
suları	5	10555
suların	5	10556
sularına	5	10557
sunacağı	5	10558
suçlara	5	10559
suçların	5	10560
söndürdü	5	10561
söyledikleri	5	10562
söylemi	5	10563
söylenen	5	10564
söyleyebiliriz	5	10565
söyleşide	5	10566
söylüyoruz	5	10567
sözlere	5	10568
sözlerin	5	10569
sözlerle	5	10570
sözleşmeleri	5	10571
sözleşmenin	5	10572
sözleşmeye	5	10573
sözleşmeyi	5	10574
sürdürecek	5	10575
sürdürmeye	5	10576
sürdürülen	5	10577
süreceğini	5	10578
süreçten	5	10579
sürücülere	5	10580
sürücüyü	5	10581
sürülmüştü	5	10582
sıcaklıkları	5	10583
sıcaklıklarının	5	10584
sıcaklığında	5	10585
sıklığı	5	10586
sıkıntıyı	5	10587
sınavın	5	10588
sınavını	5	10589
tabanlı	5	10590
tabanı	5	10591
tabelası	5	10592
tabir	5	10593
tahminler	5	10594
tahrip	5	10595
tahvil	5	10596
takas	5	10597
takdirle	5	10598
takipçileri	5	10599
taksici	5	10600
takılan	5	10601
talebinin	5	10602
taleplerinin	5	10603
talip	5	10604
tamamlamaları	5	10605
tanıdığı	5	10606
tanıması	5	10607
tanımlanan	5	10608
tanısı	5	10609
tanıtıldı	5	10610
taraftarının	5	10611
tarihî	5	10612
tarzında	5	10613
tarımda	5	10614
tasarlanan	5	10615
tasarımını	5	10616
tasfiye	5	10617
tavada	5	10618
tavanı	5	10619
taşımacılık	5	10620
taşıt	5	10621
tecelli	5	10622
tedavileri	5	10623
tehdidin	5	10624
tehditleri	5	10625
teklife	5	10626
teknolojiler	5	10627
teknolojilerin	5	10628
telefonlar	5	10629
telefonuna	5	10630
telefonunu	5	10631
temeli	5	10632
temsilcilerinin	5	10633
tepkiyi	5	10634
tercihini	5	10635
teröristin	5	10636
terörizmin	5	10637
tesislerinde	5	10638
tesislerine	5	10639
tespitte	5	10640
tohumları	5	10641
tonlarca	5	10642
tonu	5	10643
topa	5	10644
toplamak	5	10645
toplantılarda	5	10646
toplantısını	5	10647
toplumumuzun	5	10648
topluyor	5	10649
trafikten	5	10650
turda	5	10651
turnuvaya	5	10652
turuncu	5	10653
tutarlı	5	10654
tutma	5	10655
tutuldu	5	10656
tutumu	5	10657
tutun	5	10658
töreninin	5	10659
tüfekle	5	10660
tüketmek	5	10661
tümör	5	10662
tüp	5	10663
türünün	5	10664
tıra	5	10665
ulaşamadı	5	10666
ulaşmanın	5	10667
ulaşmasını	5	10668
ulaşmıştır	5	10669
ulaşıldı	5	10670
unsurlar	5	10671
unutmayın	5	10672
ustalar	5	10673
uyarılar	5	10674
uygulamayı	5	10675
uygulanabilir	5	10676
uygulandığını	5	10677
uzatma	5	10678
uzatıldı	5	10679
uçuklattı	5	10680
uçuşların	5	10681
uğradığını	5	10682
vahşi	5	10683
vaka	5	10684
varmış	5	10685
vasıtasıyla	5	10686
vatandaşla	5	10687
vefatını	5	10688
verenlerin	5	10689
verilerinin	5	10690
verilmemesi	5	10691
verilmiştir	5	10692
verirler	5	10693
vermeyen	5	10694
vurarak	5	10695
vurmaya	5	10696
vücuda	5	10697
yakalanmasına	5	10698
yakalanırken	5	10699
yaklaştı	5	10700
yanan	5	10701
yanaşan	5	10702
yandı	5	10703
yangınları	5	10704
yanları	5	10705
yanlarına	5	10706
yanmaya	5	10707
yansıtıyor	5	10708
yapacağım	5	10709
yapanların	5	10710
yaparsa	5	10711
yaparım	5	10712
yapmalarını	5	10713
yapsın	5	10714
yaptınız	5	10715
yapıcı	5	10716
yapıda	5	10717
yapılabileceği	5	10718
yapılacaktır	5	10719
yapılanmasına	5	10720
yapıldığına	5	10721
yapılmaması	5	10722
yapılmasının	5	10723
yapılırsa	5	10724
yapımcı	5	10725
yapımına	5	10726
yapımında	5	10727
yapısında	5	10728
yapısıyla	5	10729
yapıyı	5	10730
yaralama	5	10731
yaralanmasına	5	10732
yaralayan	5	10733
yaralılara	5	10734
yararlanarak	5	10735
yaratabilir	5	10736
yaratacak	5	10737
yarının	5	10738
yarıyıl	5	10739
yarışa	5	10740
yasaklı	5	10741
yasama	5	10742
yatak	5	10743
yatırımlarını	5	10744
yatıyor	5	10745
yayan	5	10746
yazarlarından	5	10747
yazdıran	5	10748
yazmış	5	10749
yazılmış	5	10750
yazıp	5	10751
yağlar	5	10752
yaşamlarını	5	10753
yaşananların	5	10754
yaşanmış	5	10755
yaşatacağız	5	10756
yaşayabilir	5	10757
yaşayanların	5	10758
yaşından	5	10759
yelpazede	5	10760
yenilenen	5	10761
yenilenme	5	10762
yenilenmesi	5	10763
yenisi	5	10764
yerlerinin	5	10765
yerleşti	5	10766
yerlilik	5	10767
yeteneklere	5	10768
yeterlidir	5	10769
yetersizliği	5	10770
yetiştirme	5	10771
yetkililerinin	5	10772
yetmezliği	5	10773
yiyeceklerin	5	10774
yokken	5	10775
yollara	5	10776
yollarda	5	10777
yollardan	5	10778
yolların	5	10779
yolsuzluk	5	10780
yolundan	5	10781
yorumları	5	10782
yönelen	5	10783
yönetilen	5	10784
yönetime	5	10785
yönetimler	5	10786
yönlendirme	5	10787
yöntemle	5	10788
yöntemleriyle	5	10789
yönü	5	10790
yönünden	5	10791
yükleme	5	10792
yüksekliği	5	10793
yükselişe	5	10794
yükseltmek	5	10795
yükü	5	10796
yürüdü	5	10797
yürüyerek	5	10798
yüze	5	10799
yüzyıllardır	5	10800
yılan	5	10801
yıldönümünde	5	10802
yıllara	5	10803
zamları	5	10804
zamma	5	10805
zararı	5	10806
zararın	5	10807
zekaya	5	10808
zenginlik	5	10809
zincirleme	5	10810
ziyaretinin	5	10811
ziyaretler	5	10812
zorlayıcı	5	10813
çalık	5	10814
çamlı	5	10815
çankaya	5	10816
çelebi	5	10817
çiğdem	5	10818
çılgın	5	10819
ören	5	10820
özbekistan	5	10821
ümraniye	5	10822
çabuk	5	10823
çakşır	5	10824
çalan	5	10825
çaldığı	5	10826
çalışmamız	5	10827
çalışmayla	5	10828
çalışsa	5	10829
çalışır	5	10830
çapraz	5	10831
çarptıktan	5	10832
çarpıp	5	10833
çarpıştığı	5	10834
çatısında	5	10835
çatışmaların	5	10836
çağın	5	10837
çağırarak	5	10838
çekildiği	5	10839
çekiliş	5	10840
çekilme	5	10841
çektiklerini	5	10842
çeviren	5	10843
çevrelerinin	5	10844
çevresini	5	10845
çeyreğine	5	10846
çilek	5	10847
çizerek	5	10848
çiçeği	5	10849
çocuklarıyla	5	10850
çokça	5	10851
çökertildiğini	5	10852
çökme	5	10853
çözmeye	5	10854
çözümün	5	10855
çıkarabilirsiniz	5	10856
çıkarmaya	5	10857
çıkarmayı	5	10858
çıkarsa	5	10859
çıkartarak	5	10860
çıkartılan	5	10861
çıkarıldıkları	5	10862
çıkarıldığını	5	10863
çıkarıp	5	10864
çıkmadan	5	10865
çıkmayı	5	10866
ödediği	5	10867
ödemelerin	5	10868
ödemesine	5	10869
ödemesini	5	10870
ödüller	5	10871
öldürülmesine	5	10872
ölçüldü	5	10873
ölçülüyor	5	10874
önerdiği	5	10875
önerilerini	5	10876
önerilir	5	10877
önlemeye	5	10878
önlemlerin	5	10879
önlenmesine	5	10880
önü	5	10881
önünden	5	10882
örgütlerine	5	10883
örgütsel	5	10884
öyküsü	5	10885
özenle	5	10886
özverili	5	10887
özveriyle	5	10888
öğrencilerden	5	10889
öğrencilerimizin	5	10890
öğrendik	5	10891
öğrenen	5	10892
ücretine	5	10893
ücretini	5	10894
ücrette	5	10895
ülkeleriyle	5	10896
üreticinin	5	10897
üretiminde	5	10898
üretimine	5	10899
ürettiği	5	10900
üründe	5	10901
üyeliğinden	5	10902
üçte	5	10903
ibb'nin	5	10904
iski	5	10905
ilayda	5	10906
irem	5	10907
israil'de	5	10908
istanbul'dan	5	10909
italya'da	5	10910
izlanda	5	10911
şamil	5	10912
şanlıurfa'da	5	10913
şayet	5	10914
şevki	5	10915
şirin	5	10916
şahsi	5	10917
şampiyonluğa	5	10918
şampiyonluğunu	5	10919
şarkılarını	5	10920
şarkısı	5	10921
şaşırtıcı	5	10922
şefkat	5	10923
şehitlerimizin	5	10924
şiddetiyle	5	10925
şirketlere	5	10926
şükranla	5	10927
şüphesiyle	5	10928
analistler	5	10929
anıt	5	10930
araştırmaları	5	10931
araştırması	5	10932
arefe	5	10933
ayçiçek	5	10934
babalar	5	10935
bakanlığımızın	5	10936
cumhurbaşkanına	5	10937
düş	5	10938
gürgen	5	10939
hafız	5	10940
hamdolsun	5	10941
haritalar	5	10942
hastanesinin	5	10943
havalar	5	10944
havalimanına	5	10945
kadem	5	10946
karma	5	10947
kooperatif	5	10948
kursu	5	10949
kuvvet	5	10950
kısaca	5	10951
listenin	5	10952
maymun	5	10953
metrosu	5	10954
mezarlığına	5	10955
mezarlığında	5	10956
muhalifler	5	10957
müdürlük	5	10958
ormanı	5	10959
piyasadaki	5	10960
seka	5	10961
sms	5	10962
saran	5	10963
sağlığın	5	10964
tesisin	5	10965
törenin	5	10966
türksat	5	10967
verimlilik	5	10968
yürüyüşe	5	10969
adalar	5	10970
annemin	5	10971
arkadaşlarımızla	5	10972
aromatik	5	10973
atak	5	10974
atölyesi	5	10975
balıkçılar	5	10976
bebeklere	5	10977
beldesi	5	10978
bende	5	10979
borsada	5	10980
buluşması	5	10981
bölgemiz	5	10982
cihaz	5	10983
devletimizin	5	10984
diplomasi	5	10985
dolandırıcılar	5	10986
doğayı	5	10987
doğrusu	5	10988
düzenlenmesi	5	10989
geçidi	5	10990
gönüllüleri	5	10991
görüşmelerde	5	10992
hac	5	10993
hakimliğine	5	10994
hediyelik	5	10995
hekimliği	5	10996
hocanın	5	10997
iltica	5	10998
imamı	5	10999
iskele	5	11000
kabak	5	11001
kadınlarımız	5	11002
kalmasın	5	11003
karlı	5	11004
kesinti	5	11005
kokusu	5	11006
kongresi	5	11007
konserve	5	11008
korsan	5	11009
kulübümüzün	5	11010
kuzu	5	11011
kuşak	5	11012
köpekleri	5	11013
kızarmış	5	11014
magnezyum	5	11015
makyaj	5	11016
marul	5	11017
mağazası	5	11018
meclisinde	5	11019
menzil	5	11020
meydanında	5	11021
mitingi	5	11022
modelin	5	11023
nizam	5	11024
opera	5	11025
organizasyonda	5	11026
osteoporoz	5	11027
oyuncularımız	5	11028
parlamentoda	5	11029
partimize	5	11030
pişirme	5	11031
resimli	5	11032
rock	5	11033
sabırlı	5	11034
savcının	5	11035
sirke	5	11036
sodyum	5	11037
sokaktaki	5	11038
sosyalist	5	11039
sürat	5	11040
sürer	5	11041
sıradaki	5	11042
taksirle	5	11043
telefonun	5	11044
turnuva	5	11045
vitaminler	5	11046
vücudunda	5	11047
yarışması	5	11048
yaşasın	5	11049
çevreden	5	11050
çocuğuna	5	11051
ödülleri	5	11052
ölenlerin	5	11053
ölçekli	5	11054
ömür	5	11055
istasyon	5	11056
şef	5	11057
aa'nın	4	11058
akp'nin	4	11059
aski	4	11060
aym'nin	4	11061
adası	4	11062
advan	4	11063
afgan	4	11064
afrika'nın	4	11065
afyon	4	11066
afyonkarahisar'da	4	11067
afşin	4	11068
akar	4	11069
akbıyık	4	11070
akdağ	4	11071
alanya'da	4	11072
alexander	4	11073
almanlar	4	11074
almanların	4	11075
aman	4	11076
amerika'nın	4	11077
ankara'daki	4	11078
antalya'ya	4	11079
apaydın	4	11080
arabistan'ın	4	11081
arat	4	11082
ardahan	4	11083
arslan'ın	4	11084
asbaşkanı	4	11085
aslanoğlu	4	11086
aslantaş	4	11087
aston	4	11088
atakan	4	11089
atletico	4	11090
atlı	4	11091
avcılar	4	11092
avrupa'daki	4	11093
avşar	4	11094
ayasofya	4	11095
aygün	4	11096
aylin	4	11097
aytekin'in	4	11098
ayça	4	11099
ağbaba	4	11100
aihm	4	11101
bbc'ye	4	11102
bbp	4	11103
bmgk	4	11104
btk	4	11105
baas	4	11106
bahçelievler	4	11107
bakanı'nın	4	11108
balat	4	11109
bandırma	4	11110
bandırmaspor	4	11111
banu	4	11112
battalgazi	4	11113
bayramı'nın	4	11114
başantrenörü	4	11115
başar	4	11116
başkanlığı'nda	4	11117
başkanlığınca	4	11118
beetlejuice	4	11119
bekar	4	11120
belediyemiz	4	11121
belediyesinden	4	11122
belçikalı	4	11123
berfin	4	11124
bey'e	4	11125
beykoz'da	4	11126
beyt	4	11127
beyza	4	11128
beşiktaş'a	4	11129
beşiktaş'tan	4	11130
beşiktaş'ı	4	11131
beşiktaşlı	4	11132
bilge	4	11133
bilimler	4	11134
birol	4	11135
bodrum'da	4	11136
boey	4	11137
bolu'dan	4	11138
bolu'ya	4	11139
bordo	4	11140
borrell	4	11141
bostan	4	11142
bozdağ	4	11143
boğa	4	11144
bright	4	11145
burdur'da	4	11146
bursaspor	4	11147
business	4	11148
bülbül	4	11149
büyükelçi	4	11150
büyükerşen	4	11151
büşra	4	11152
ceo	4	11153
california	4	11154
canan	4	11155
carlos	4	11156
carolina	4	11157
cemalettin	4	11158
center	4	11159
ceren	4	11160
charles	4	11161
chery	4	11162
cihana	4	11163
cihangir	4	11164
cihantimur	4	11165
city'nin	4	11166
cizre	4	11167
ciğerci	4	11168
cumhurbaşkanı'mız	4	11169
deaş'a	4	11170
dsi	4	11171
dus	4	11172
danış	4	11173
darende	4	11174
davut	4	11175
demir'in	4	11176
demiral	4	11177
demirtaş'ın	4	11178
demokratlar	4	11179
demokratların	4	11180
denis	4	11181
derici	4	11182
devleti'nin	4	11183
dicle	4	11184
divanı	4	11185
doğan'ın	4	11186
durmuş	4	11187
dzeko	4	11188
ebrd	4	11189
ecb	4	11190
edirne'de	4	11191
efeler	4	11192
ekinözü	4	11193
emirlikleri	4	11194
emmanuel	4	11195
endonezya'nın	4	11196
enstitüsü	4	11197
enver	4	11198
erbay	4	11199
erbil	4	11200
erden	4	11201
ergin	4	11202
ergül	4	11203
erman	4	11204
ermenistan'ın	4	11205
eroğlu	4	11206
ersan	4	11207
esen	4	11208
esenler	4	11209
esentepe	4	11210
eskişehir'de	4	11211
ethereum	4	11212
etiyopya	4	11213
ey	4	11214
eyüpsultan	4	11215
eşref	4	11216
fbı	4	11217
fıfa	4	11218
federasyonu'nun	4	11219
fehmi	4	11220
ferit	4	11221
feyyaz	4	11222
figen	4	11223
filistin'in	4	11224
filistinlileri	4	11225
flake	4	11226
florida	4	11227
formula	4	11228
fred	4	11229
g	4	11230
galatasaray'ı	4	11231
gallant	4	11232
game	4	11233
gaye	4	11234
gazipaşa	4	11235
georgia	4	11236
gergerlioğlu	4	11237
golan	4	11238
gold	4	11239
group	4	11240
gökçek'in	4	11241
gölbaşı	4	11242
gölköy	4	11243
gölü'nde	4	11244
gönen	4	11245
görkem	4	11246
gültekin	4	11247
gültepe	4	11248
güner	4	11249
güngören	4	11250
haber'de	4	11251
hacıosmanoğlu	4	11252
hakkari'nin	4	11253
halid	4	11254
halis	4	11255
halisdemir	4	11256
hamdi	4	11257
hamidiye	4	11258
hastanesinde	4	11259
hatırlanacağı	4	11260
havaalanı	4	11261
hayri	4	11262
hazreti	4	11263
hekimoğlu	4	11264
hizbullah'ın	4	11265
hristiyan	4	11266
huawei	4	11267
hull	4	11268
hulusi	4	11269
husiler	4	11270
husilerin	4	11271
ılgaz	4	11272
ımmobile	4	11273
joao	4	11274
joshua	4	11275
junior	4	11276
kgm	4	11277
kkm	4	11278
kafkas	4	11279
kandil	4	11280
kandıra	4	11281
karabat	4	11282
karabağlar	4	11283
karadeniz'de	4	11284
karahan	4	11285
karatay	4	11286
kars	4	11287
kasımpaşa'yı	4	11288
kay	4	11289
kaynarca	4	11290
kebir	4	11291
keleş	4	11292
kenti'nde	4	11293
kenya	4	11294
kirby	4	11295
kocaman	4	11296
kocasinan	4	11297
komutanlığınca	4	11298
kongo	4	11299
koreli	4	11300
krallık	4	11301
kuantum	4	11302
kudüs'te	4	11303
kuvvetlerimiz	4	11304
köprüsü'nde	4	11305
köse	4	11306
kıbrıs'a	4	11307
kıraç	4	11308
kırıkkale'de	4	11309
kıvanç	4	11310
kızımın	4	11311
limanı	4	11312
liselere	4	11313
liverpool	4	11314
lübnan'daki	4	11315
mtv	4	11316
macron'un	4	11317
madem	4	11318
madrid'de	4	11319
madrid'e	4	11320
mahkemesinde	4	11321
mahmud	4	11322
malta	4	11323
maraş	4	11324
mazhar	4	11325
meclisi'nde	4	11326
meclisi'nin	4	11327
mehmetçik	4	11328
meler	4	11329
melike	4	11330
memduh	4	11331
memnu	4	11332
mendes	4	11333
meriç	4	11334
mersin'i	4	11335
metehan	4	11336
meydanı'na	4	11337
mezarlığı'nda	4	11338
midyat	4	11339
migros	4	11340
mimarlar	4	11341
mourinho'nun	4	11342
muharip	4	11343
muğla'da	4	11344
müsiad	4	11345
mücahit	4	11346
müdürlüğü'nden	4	11347
müdürlüğünün	4	11348
müftülüğü	4	11349
müftüsü	4	11350
mühendisliği	4	11351
münevver	4	11352
müslümanları	4	11353
nasa	4	11354
nato'ya	4	11355
nacar	4	11356
napoli	4	11357
news	4	11358
nisan'dan	4	11359
norveç'in	4	11360
norveçli	4	11361
o'nun	4	11362
oecd	4	11363
orc	4	11364
okulu'nda	4	11365
olympiakos	4	11366
ortaokulu	4	11367
ortaokulu'nda	4	11368
ortodoks	4	11369
otoyolu'nda	4	11370
ovacık	4	11371
oğlak	4	11372
pkk'nın	4	11373
pakistan'ın	4	11374
panama	4	11375
parkı'nda	4	11376
parti'de	4	11377
pegasus	4	11378
pehlivan	4	11379
pelin	4	11380
peru	4	11381
pistorius	4	11382
pixel	4	11383
piyango	4	11384
polat'ın	4	11385
polonyalı	4	11386
prensesi	4	11387
rams	4	11388
rabia	4	11389
rauf	4	11390
reha	4	11391
reis	4	11392
renault	4	11393
restoranlar	4	11394
rio	4	11395
riyad	4	11396
rusların	4	11397
ryder	4	11398
segbis	4	11399
sakarya'da	4	11400
samsun'un	4	11401
san	4	11402
sanayicileri	4	11403
santa	4	11404
santos	4	11405
sapanca	4	11406
savcılığı	4	11407
selen	4	11408
sevim	4	11409
silopi	4	11410
silva	4	11411
sisi	4	11412
slovenya	4	11413
soylu'nun	4	11414
spor'un	4	11415
sport	4	11416
stanley	4	11417
steinmeier	4	11418
stephen	4	11419
sultanlar	4	11420
sığmazam	4	11421
t	4	11422
tff'nin	4	11423
tgrt	4	11424
tır'ın	4	11425
tl'sinde	4	11426
ttk	4	11427
tv'nin	4	11428
tacikistan	4	11429
tadic'in	4	11430
taha	4	11431
tahrir	4	11432
tamer	4	11433
tarsus	4	11434
tarık	4	11435
tayfur	4	11436
tayvan	4	11437
tayyar	4	11438
taştan	4	11439
tekke	4	11440
tiggo	4	11441
timleri	4	11442
topal	4	11443
toplantısı'nda	4	11444
torun	4	11445
tosun	4	11446
tufan	4	11447
tuncay	4	11448
tunceli	4	11449
tunus	4	11450
tusk	4	11451
tuğgeneral	4	11452
tuğçe	4	11453
tümgeneral	4	11454
türk'ün	4	11455
türkevi'nde	4	11456
türklerin	4	11457
uad	4	11458
united	4	11459
ursula	4	11460
uzuner	4	11461
vadisi'nin	4	11462
van'da	4	11463
van'ın	4	11464
victor	4	11465
volkswagen	4	11466
vural	4	11467
watch	4	11468
william	4	11469
windows	4	11470
yht	4	11471
yakası'nda	4	11472
yakup	4	11473
yalova	4	11474
yalçınkaya	4	11475
yaman	4	11476
yapıcıoğlu	4	11477
yazıcıoğlu	4	11478
yağız	4	11479
yener	4	11480
yeniçağa	4	11481
yenişehirlioğlu	4	11482
yeşiller	4	11483
yoav	4	11484
yolunuz	4	11485
yılmaz'ın	4	11486
zaha	4	11487
zeybek	4	11488
zeytinburnu	4	11489
ziyech	4	11490
abi	4	11491
acılar	4	11492
acılarını	4	11493
adaletli	4	11494
adaletsizlik	4	11495
adamlar	4	11496
adayımız	4	11497
adlandırılır	4	11498
adres	4	11499
adresinde	4	11500
adımdır	4	11501
adındaki	4	11502
ahır	4	11503
ailemize	4	11504
aittir	4	11505
akademisyen	4	11506
akademisyenler	4	11507
akrabalarının	4	11508
aktardığı	4	11509
aktarma	4	11510
aktive	4	11511
aktiviteler	4	11512
akımına	4	11513
akışını	4	11514
akşamları	4	11515
alacaklar	4	11516
alalım	4	11517
alamadık	4	11518
aldığım	4	11519
aldığınız	4	11520
alenen	4	11521
alerjik	4	11522
alerjisi	4	11523
alet	4	11524
aletler	4	11525
alfabesi	4	11526
almadan	4	11527
almalarını	4	11528
almalıdır	4	11529
almaması	4	11530
almanın	4	11531
almasına	4	11532
alnından	4	11533
altyapısının	4	11534
altıncı	4	11535
alınacağını	4	11536
alındıktan	4	11537
alınma	4	11538
alınmaması	4	11539
alırlar	4	11540
alışverişi	4	11541
ambalajın	4	11542
ambargo	4	11543
ambargosu	4	11544
ambulanslarla	4	11545
anbean	4	11546
andaki	4	11547
anketlerde	4	11548
anlamlara	4	11549
anlamsız	4	11550
anlarını	4	11551
anlatıldı	4	11552
anlatımı	4	11553
anlayabilmek	4	11554
anlayışlı	4	11555
anlayışın	4	11556
anlaşmak	4	11557
anlaşmasına	4	11558
anlaşmasıyla	4	11559
anlaşmazlıklar	4	11560
anlaşılan	4	11561
anlaşılır	4	11562
annesiyle	4	11563
antibiyotik	4	11564
arabasını	4	11565
aracılığı	4	11566
aradığı	4	11567
aralıkta	4	11568
aralığına	4	11569
aramak	4	11570
arasındaydı	4	11571
arasını	4	11572
arazinin	4	11573
araçlardan	4	11574
arkadaşlarını	4	11575
arkadaşlarının	4	11576
arkasındaki	4	11577
arkasından	4	11578
armağan	4	11579
arsayı	4	11580
artacak	4	11581
artmasından	4	11582
artmış	4	11583
arttırarak	4	11584
arttırmak	4	11585
arttırılması	4	11586
artışların	4	11587
arzusu	4	11588
arzında	4	11589
arızası	4	11590
asansör	4	11591
asitleri	4	11592
askere	4	11593
asıllı	4	11594
atamalar	4	11595
atanacak	4	11596
ateşkesin	4	11597
atladı	4	11598
atmıştır	4	11599
atıldığı	4	11600
atın	4	11601
avukatların	4	11602
ayaklar	4	11603
ayları	4	11604
ayrılmıştı	4	11605
ayrıntıları	4	11606
ayrıntılarını	4	11607
azalacağı	4	11608
azaldığı	4	11609
azaltan	4	11610
azaltarak	4	11611
azaltmayı	4	11612
azalıyor	4	11613
azalış	4	11614
açabileceği	4	11615
açacaktır	4	11616
açlıktan	4	11617
açmasını	4	11618
açmıştır	4	11619
açıklamak	4	11620
açıklamanın	4	11621
açıklamasıyla	4	11622
açıklanırken	4	11623
açıklanıyor	4	11624
açıklayacağı	4	11625
açıp	4	11626
açığa	4	11627
ağaçlandırma	4	11628
ağaçları	4	11629
ağzı	4	11630
ağırlaştırılmış	4	11631
ağırlığında	4	11632
ağızda	4	11633
aşaması	4	11634
aşamasına	4	11635
aşamaya	4	11636
aştığı	4	11637
aştığını	4	11638
babasından	4	11639
badem	4	11640
baka	4	11641
bakterilerin	4	11642
baktım	4	11643
bakılıyor	4	11644
bakımına	4	11645
balkondan	4	11646
balıklar	4	11647
bankaları	4	11648
bankalarından	4	11649
bariyere	4	11650
basketbolcu	4	11651
baskılar	4	11652
baskınları	4	11653
baskıya	4	11654
basımı	4	11655
batan	4	11656
bazılarında	4	11657
bazılarını	4	11658
bağladı	4	11659
bağladığını	4	11660
bağlanarak	4	11661
bağlıdır	4	11662
bağımlılığı	4	11663
bağımlılığın	4	11664
bağımlısı	4	11665
bağımsızlığını	4	11666
başaran	4	11667
başardık	4	11668
başarıda	4	11669
başarılarını	4	11670
başarılarıyla	4	11671
başarısıyla	4	11672
başarısızlığı	4	11673
başkanlarından	4	11674
başkanlarını	4	11675
başkanlarıyla	4	11676
başkanım	4	11677
başkası	4	11678
başkasının	4	11679
başla	4	11680
başladıklarını	4	11681
başladığımız	4	11682
başlangıcında	4	11683
başlangıçta	4	11684
başlanmıştır	4	11685
başları	4	11686
başlatarak	4	11687
başlatmış	4	11688
başlatılması	4	11689
başlatılmıştı	4	11690
başlık	4	11691
başvurulan	4	11692
başvurusunu	4	11693
başıma	4	11694
başımıza	4	11695
başımızın	4	11696
başındaki	4	11697
be	4	11698
beklentilerine	4	11699
bekleyenler	4	11700
bekleyiş	4	11701
bekliyordu	4	11702
beldesinde	4	11703
belediyeciliğin	4	11704
belediyedeki	4	11705
belediyeden	4	11706
belgesine	4	11707
belirlenmiş	4	11708
belirlenmiştir	4	11709
belirler	4	11710
belirsizliğin	4	11711
belirtilmişti	4	11712
belirttiler	4	11713
benziyor	4	11714
beraberliği	4	11715
besinleri	4	11716
besinlerle	4	11717
beslediği	4	11718
beslenmek	4	11719
beslenmesi	4	11720
besleyici	4	11721
beyazlı	4	11722
bildiklerini	4	11723
bildiri	4	11724
bildirilen	4	11725
bildiriliyor	4	11726
bileti	4	11727
bileşik	4	11728
bilincindeyiz	4	11729
bilincini	4	11730
bilinirler	4	11731
bilinçaltındaki	4	11732
bilinçlendirme	4	11733
biliyorduk	4	11734
biliyorlar	4	11735
bilmem	4	11736
bindiğini	4	11737
binen	4	11738
birbirini	4	11739
birbiriyle	4	11740
bire	4	11741
birebir	4	11742
birimine	4	11743
biriydi	4	11744
birleşince	4	11745
bitirilmesi	4	11746
bitirme	4	11747
bitmeyen	4	11748
bitmiş	4	11749
bombalaması	4	11750
bombası	4	11751
borcun	4	11752
borçların	4	11753
borçlarının	4	11754
bot	4	11755
boyut	4	11756
boyutlara	4	11757
bozabilir	4	11758
boğaz	4	11759
boğularak	4	11760
boğulma	4	11761
boşa	4	11762
branşında	4	11763
bulaşıcı	4	11764
bulunabiliyor	4	11765
bulunmasının	4	11766
bulunmaya	4	11767
bulunuyoruz	4	11768
bulup	4	11769
bulur	4	11770
buluşarak	4	11771
buluştuğu	4	11772
burcunun	4	11773
buzdolabında	4	11774
bölgelerden	4	11775
bölümler	4	11776
böylesi	4	11777
bütçenin	4	11778
bütçeye	4	11779
büyümeyi	4	11780
büyüsü	4	11781
büyüyor	4	11782
bırakacak	4	11783
bırakması	4	11784
bırakmayacağız	4	11785
bırakmayan	4	11786
bıraktım	4	11787
bıçaklayıp	4	11788
caizdir	4	11789
camiasının	4	11790
camilerde	4	11791
camiyi	4	11792
canla	4	11793
canlılık	4	11794
casusluk	4	11795
cc	4	11796
cemaat	4	11797
cenneti	4	11798
cephe	4	11799
cesaretle	4	11800
cesedini	4	11801
cevapladı	4	11802
cezaevinden	4	11803
cezaları	4	11804
cezaların	4	11805
cihazlar	4	11806
cihazlarla	4	11807
cihazlarının	4	11808
coşkulu	4	11809
cümle	4	11810
dalgası	4	11811
dalında	4	11812
damadı	4	11813
dansları	4	11814
davasını	4	11815
davayla	4	11816
daveti	4	11817
davetliler	4	11818
davranışlar	4	11819
davul	4	11820
dayak	4	11821
dayanamayan	4	11822
dayanıklılık	4	11823
dayanır	4	11824
dağın	4	11825
defans	4	11826
deme	4	11827
demedik	4	11828
demeçte	4	11829
den	4	11830
dendi	4	11831
denemek	4	11832
denetimi	4	11833
denetimlere	4	11834
denetimleri	4	11835
deney	4	11836
deneyimleri	4	11837
deneyimlerini	4	11838
dengelemek	4	11839
dengeleri	4	11840
denilerek	4	11841
denizaltı	4	11842
depo	4	11843
depoya	4	11844
depremleri	4	11845
depremzede	4	11846
derbisi	4	11847
dergisinde	4	11848
derinliklerinde	4	11849
dert	4	11850
destan	4	11851
destekleyecek	4	11852
destekleyerek	4	11853
destekleyici	4	11854
destekçileri	4	11855
desteğinden	4	11856
desteğinin	4	11857
detaylara	4	11858
detoks	4	11859
devleri	4	11860
devri	4	11861
deyimiyle	4	11862
dezenflasyon	4	11863
değerindeki	4	11864
değerlendirdik	4	11865
değerlidir	4	11866
değinerek	4	11867
değişimler	4	11868
değişirken	4	11869
değiştirmenin	4	11870
dikenli	4	11871
dikkatlice	4	11872
dilekleri	4	11873
dilekçesi	4	11874
dilekçesinde	4	11875
dileyen	4	11876
dileğinde	4	11877
dinledi	4	11878
dinleyen	4	11879
direk	4	11880
direncini	4	11881
direnen	4	11882
disiplini	4	11883
diyordu	4	11884
diz	4	11885
diziler	4	11886
dizilerde	4	11887
dolaşan	4	11888
dolaşımı	4	11889
dolup	4	11890
dolusu	4	11891
donanımlı	4	11892
donatıldı	4	11893
donmuş	4	11894
dostane	4	11895
dostum	4	11896
dosyasına	4	11897
doğaseverler	4	11898
doğmuş	4	11899
doğrulandı	4	11900
dron	4	11901
duaların	4	11902
duası	4	11903
duracağız	4	11904
durduk	4	11905
durdurması	4	11906
durdurmaya	4	11907
durdurulan	4	11908
durgunluk	4	11909
durmak	4	11910
durması	4	11911
durumdadır	4	11912
durumdaki	4	11913
durumlara	4	11914
durumlarına	4	11915
durumundayız	4	11916
durumuyla	4	11917
duruşmanın	4	11918
duruşmasında	4	11919
duruşun	4	11920
duvarına	4	11921
duyarlılık	4	11922
duygularla	4	11923
duyguların	4	11924
duygusu	4	11925
duymak	4	11926
duyulduğunu	4	11927
duyuru	4	11928
duyurulacak	4	11929
duyurusu	4	11930
duyuyor	4	11931
duyuyorum	4	11932
dökerek	4	11933
dökülmesini	4	11934
döndüğü	4	11935
dönemindeki	4	11936
dönemleri	4	11937
dönümünü	4	11938
dönüşmesi	4	11939
dünyasından	4	11940
düzeltilmesi	4	11941
düzenledikleri	4	11942
düzenlediğini	4	11943
düzenlemelerin	4	11944
düzenlemelerine	4	11945
düzenlemelerle	4	11946
düzenlendiğini	4	11947
düzenleniyor	4	11948
düzenleyecek	4	11949
düğmeye	4	11950
düşünceleri	4	11951
düşünün	4	11952
düşürüyor	4	11953
düşüşün	4	11954
ebedi	4	11955
edebileceğiniz	4	11956
edeceğimiz	4	11957
edeceğine	4	11958
edemeyen	4	11959
edemez	4	11960
edilemeyecek	4	11961
edilenleri	4	11962
edilmeden	4	11963
edilmelidir	4	11964
edilmesinden	4	11965
edindi	4	11966
ehliyetsiz	4	11967
ekipte	4	11968
ekleme	4	11969
eklenerek	4	11970
ekleyip	4	11971
ekosistem	4	11972
ekosisteminin	4	11973
ekranda	4	11974
eksi	4	11975
eksiklikler	4	11976
elastikiyetini	4	11977
elendi	4	11978
ellerde	4	11979
ellerini	4	11980
elleriyle	4	11981
emaneti	4	11982
emeklilerimiz	4	11983
emrini	4	11984
encümen	4	11985
endüstrisinin	4	11986
enerjide	4	11987
enfeksiyonlara	4	11988
enflasyonunun	4	11989
engellendiğini	4	11990
engellenmesi	4	11991
engeller	4	11992
erişimini	4	11993
erteleme	4	11994
esasen	4	11995
esasına	4	11996
eserlerinden	4	11997
esnafının	4	11998
etkilerinin	4	11999
etkileşime	4	12000
etkinliğini	4	12001
etkisinin	4	12002
etlerin	4	12003
etmedim	4	12004
etmekle	4	12005
etmemesi	4	12006
ettirilmesi	4	12007
ettirmek	4	12008
ettiğim	4	12009
ettiğinde	4	12010
ettiğiniz	4	12011
evime	4	12012
evinizde	4	12013
evlat	4	12014
evlenme	4	12015
evlerini	4	12016
eylemin	4	12017
eylemlerine	4	12018
ezmesi	4	12019
eğilim	4	12020
eğilimindedir	4	12021
eşdeğer	4	12022
eşek	4	12023
eşitlikle	4	12024
eşitliği	4	12025
eşleşti	4	12026
eşyalar	4	12027
faaliyetlerin	4	12028
fabrikanın	4	12029
faizin	4	12030
faizlerin	4	12031
fakirlik	4	12032
faktörlere	4	12033
faktörü	4	12034
farklılıklar	4	12035
farkındalığı	4	12036
farkındalığını	4	12037
farkını	4	12038
favori	4	12039
faydalıdır	4	12040
fazladan	4	12041
fazlasıyla	4	12042
federasyonun	4	12043
felaketi	4	12044
felsefesi	4	12045
ferahlık	4	12046
festivaller	4	12047
fiili	4	12048
fikrin	4	12049
filmini	4	12050
fiyatlamalarda	4	12051
fiyatlandırma	4	12052
fiyatlara	4	12053
fiyatlarda	4	12054
fiyatın	4	12055
fonksiyonel	4	12056
fonların	4	12057
for	4	12058
formu	4	12059
fotoğrafına	4	12060
futbolculardan	4	12061
futbolcuların	4	12062
futbolcumuz	4	12063
futbolun	4	12064
fırsatlarını	4	12065
fırsatta	4	12066
fırtınaya	4	12067
gasp	4	12068
gazetecileri	4	12069
gecenin	4	12070
geldiğine	4	12071
gelecektir	4	12072
geleceğiz	4	12073
gelene	4	12074
gelenin	4	12075
gelinlik	4	12076
gelirini	4	12077
gelirleri	4	12078
geliyorum	4	12079
gelişiyle	4	12080
geliştirdiğimiz	4	12081
geliştirerek	4	12082
geliştirmeye	4	12083
gelmişim	4	12084
gemileri	4	12085
genelge	4	12086
geneli	4	12087
genelinin	4	12088
genişlemesi	4	12089
gerekenler	4	12090
gereklidir	4	12091
gerekçesi	4	12092
gerileyerek	4	12093
gerilimi	4	12094
gerçekleri	4	12095
gerçekleşirken	4	12096
gerçekleşmiştir	4	12097
gerçekleştireceği	4	12098
gerçeklik	4	12099
gerçeğe	4	12100
getirdikleri	4	12101
getirdiklerini	4	12102
getirdim	4	12103
getirdiğini	4	12104
getireceğini	4	12105
getirildiği	4	12106
getirilmesine	4	12107
getirin	4	12108
getiriyoruz	4	12109
getirmiştir	4	12110
gezen	4	12111
geçemeden	4	12112
geçerlidir	4	12113
geçersiz	4	12114
geçirdiklerini	4	12115
geçirdikten	4	12116
geçirdiğimiz	4	12117
geçireceğiz	4	12118
geçirilmiş	4	12119
geçiriyoruz	4	12120
geçirmeyi	4	12121
geçişinde	4	12122
geçme	4	12123
geçmektedir	4	12124
geçmişe	4	12125
geçtik	4	12126
gideceği	4	12127
gideceğim	4	12128
giderim	4	12129
gidilecek	4	12130
gidilen	4	12131
gidilir	4	12132
gidiliyor	4	12133
girdikten	4	12134
gireceğini	4	12135
girişimcilik	4	12136
girişimde	4	12137
girişimlerin	4	12138
gitmedi	4	12139
gittikleri	4	12140
giyemeyecek	4	12141
giyerek	4	12142
gizliliği	4	12143
goller	4	12144
golleriyle	4	12145
gr	4	12146
greve	4	12147
grubundaki	4	12148
gruplara	4	12149
gökyüzüne	4	12150
gönderilen	4	12151
gönderme	4	12152
gördükleri	4	12153
gördüklerini	4	12154
gördükten	4	12155
gördünüz	4	12156
gördüğünüz	4	12157
görebiliyoruz	4	12158
görece	4	12159
görerek	4	12160
görevlerde	4	12161
görevleri	4	12162
görmedi	4	12163
görmekten	4	12164
görmeniz	4	12165
görülmeye	4	12166
görünmesi	4	12167
görünmesini	4	12168
görünmez	4	12169
görüntülerine	4	12170
görüntülü	4	12171
görüntünün	4	12172
görünüme	4	12173
görüp	4	12174
görüşmelerinde	4	12175
görüşmelerinin	4	12176
gösterdik	4	12177
gösterileriyle	4	12178
gösterilmesi	4	12179
gösterime	4	12180
göstermiyor	4	12181
götürdü	4	12182
götüren	4	12183
gözdesi	4	12184
gözlem	4	12185
gözlemleniyor	4	12186
gözlendi	4	12187
gözleri	4	12188
gözlüğü	4	12189
gözünde	4	12190
gücün	4	12191
güncelledi	4	12192
güncellemeler	4	12193
gündemindeki	4	12194
gündeminden	4	12195
güneşli	4	12196
güvenliğe	4	12197
güçlendirdik	4	12198
güçlendirilmesi	4	12199
güçlendirme	4	12200
güçlerini	4	12201
haberimiz	4	12202
haciz	4	12203
haftadır	4	12204
haftalar	4	12205
haftasına	4	12206
hakemin	4	12207
hakemlerin	4	12208
hakimi	4	12209
hakkından	4	12210
hamur	4	12211
hanedan	4	12212
haneli	4	12213
hanımlarına	4	12214
hapisle	4	12215
harcaması	4	12216
hareketini	4	12217
hareketli	4	12218
harfi	4	12219
harikası	4	12220
hastalarımız	4	12221
hatlarda	4	12222
hatlarına	4	12223
hattına	4	12224
hatırlamıyorum	4	12225
hatırlatılması	4	12226
hatırlatıyor	4	12227
havalanan	4	12228
havalandırdı	4	12229
hayatımıza	4	12230
hayatımızın	4	12231
hayatıyla	4	12232
hayranlarını	4	12233
hazırladık	4	12234
hekimleri	4	12235
hesabınızı	4	12236
hesaplarının	4	12237
heyetinin	4	12238
hikaye	4	12239
hikâyesi	4	12240
hisseder	4	12241
hissedildiği	4	12242
hisseleri	4	12243
hissini	4	12244
hizmetinden	4	12245
hizmetlerden	4	12246
hizmetlerini	4	12247
hocayla	4	12248
hor	4	12249
hortum	4	12250
husumet	4	12251
hücreleri	4	12252
hür	4	12253
hızlandırmak	4	12254
ibadetler	4	12255
icat	4	12256
iddialarının	4	12257
idman	4	12258
ifadesinin	4	12259
ihlalleri	4	12260
ihracata	4	12261
ihtimaline	4	12262
ikisini	4	12263
ikram	4	12264
ilanlar	4	12265
ilaçlarla	4	12266
ilerlemesi	4	12267
iletişimin	4	12268
ilgisinin	4	12269
ili	4	12270
ilimiz	4	12271
ilimize	4	12272
ilimizi	4	12273
ilimizin	4	12274
iliği	4	12275
ilişkilendirilir	4	12276
ilişkilerinde	4	12277
ilişkili	4	12278
ilişkinin	4	12279
ilkbahar	4	12280
ilçedeki	4	12281
imkanlarının	4	12282
imkân	4	12283
imzalayan	4	12284
imzasıyla	4	12285
inanılır	4	12286
incelemelerin	4	12287
incelemesi	4	12288
indirmek	4	12289
indirmeye	4	12290
inek	4	12291
inerek	4	12292
inisiyatif	4	12293
insanımız	4	12294
internette	4	12295
intibak	4	12296
inç	4	12297
inşası	4	12298
ip	4	12299
iradenin	4	12300
iradesi	4	12301
irtibat	4	12302
ispat	4	12303
istasyonunda	4	12304
istemediğini	4	12305
istemeyen	4	12306
istemişti	4	12307
isterken	4	12308
isterseniz	4	12309
isteyerek	4	12310
isteğim	4	12311
istifade	4	12312
istifası	4	12313
istikrarını	4	12314
istiyordum	4	12315
ithalatı	4	12316
itibarını	4	12317
itirazın	4	12318
ittifakın	4	12319
ittifakının	4	12320
iyidir	4	12321
iyileşmesi	4	12322
iyileştirilmesi	4	12323
iyileştirme	4	12324
iyileştirmek	4	12325
iyiyim	4	12326
izah	4	12327
izi	4	12328
izleyicilerin	4	12329
izole	4	12330
içerikleri	4	12331
içeriklerin	4	12332
içerisindeyiz	4	12333
içindeyiz	4	12334
içinse	4	12335
içiyorum	4	12336
işaretleri	4	12337
işgalcilerin	4	12338
işgalin	4	12339
işgaline	4	12340
işlemin	4	12341
işleminin	4	12342
işlerimizi	4	12343
işlerine	4	12344
işletim	4	12345
işlev	4	12346
işsiz	4	12347
işyerinde	4	12348
işçilerle	4	12349
işçiye	4	12350
jürinin	4	12351
kademelerinde	4	12352
kahvaltıda	4	12353
kalanların	4	12354
kalbimizde	4	12355
kalbini	4	12356
kaldıracağız	4	12357
kaldırarak	4	12358
kaldırılmasının	4	12359
kaldırım	4	12360
kaldırıma	4	12361
kalecisi	4	12362
kalemleri	4	12363
kalitesiyle	4	12364
kalktı	4	12365
kalmadığı	4	12366
kalmasına	4	12367
kalmayıp	4	12368
kalınarak	4	12369
kalınca	4	12370
kamerada	4	12371
kameralarına	4	12372
kameralarını	4	12373
kampanyasına	4	12374
kampanyasının	4	12375
kamuoyuyla	4	12376
kamyona	4	12377
kamyonete	4	12378
kanama	4	12379
kansere	4	12380
kanunun	4	12381
kanununa	4	12382
kanıtladı	4	12383
kapasiteli	4	12384
kapasitesinin	4	12385
kapatarak	4	12386
kapatmak	4	12387
kapattık	4	12388
kapatılması	4	12389
kapağı	4	12390
kapağında	4	12391
kaplandı	4	12392
kaplı	4	12393
kapsamı	4	12394
kapılar	4	12395
kapıları	4	12396
karakterler	4	12397
kararlılığı	4	12398
karaya	4	12399
karayolunun	4	12400
kardeşimiz	4	12401
kardeşlerimizi	4	12402
kardeşlerin	4	12403
kardiyoloji	4	12404
kartla	4	12405
kartlarına	4	12406
kartına	4	12407
karşıladıklarını	4	12408
karşılamaya	4	12409
karşılanıyor	4	12410
karşılarına	4	12411
karşılaşabilir	4	12412
karşılaşmasının	4	12413
karşılaşmaya	4	12414
karşılıyor	4	12415
karşınıza	4	12416
kast	4	12417
kasıtlı	4	12418
katalog	4	12419
kategoride	4	12420
katkılarda	4	12421
katkılarıyla	4	12422
katkıyı	4	12423
katlanarak	4	12424
katliama	4	12425
katliamın	4	12426
kattığı	4	12427
katılacağını	4	12428
katılımla	4	12429
katılımını	4	12430
katından	4	12431
kavun	4	12432
kavurucu	4	12433
kavurun	4	12434
kavşağında	4	12435
kaybettik	4	12436
kaydıyla	4	12437
kaynaklarımızı	4	12438
kaynakların	4	12439
kazalara	4	12440
kazancıyla	4	12441
kazandırdı	4	12442
kazandırmış	4	12443
kazandırır	4	12444
kazandığını	4	12445
kazanma	4	12446
kazanmayı	4	12447
kazançlar	4	12448
kazanılan	4	12449
kazayla	4	12450
kaçarak	4	12451
kaçıran	4	12452
kaçırma	4	12453
kaçırmayın	4	12454
kedileri	4	12455
kemiği	4	12456
kemoterapi	4	12457
kendim	4	12458
kendimiz	4	12459
kentimizin	4	12460
kesici	4	12461
kesilecek	4	12462
kesilen	4	12463
kesilerek	4	12464
kesilmesine	4	12465
kesip	4	12466
kestiği	4	12467
keyifle	4	12468
keşfedildi	4	12469
keşfetmeye	4	12470
kilitlenmiş	4	12471
kiloluk	4	12472
kimseden	4	12473
kiracılar	4	12474
kiraya	4	12475
kitaplar	4	12476
kitle	4	12477
kitleye	4	12478
kokan	4	12479
kolluk	4	12480
kolon	4	12481
koltukta	4	12482
kombine	4	12483
komşuluk	4	12484
komşusu	4	12485
kongrede	4	12486
konserde	4	12487
konseri	4	12488
konserler	4	12489
konsolide	4	12490
kontenjan	4	12491
kontrolleri	4	12492
kontrollerini	4	12493
kontrolün	4	12494
kontrolündeki	4	12495
konulduğu	4	12496
konumuna	4	12497
konusunun	4	12498
konutlarda	4	12499
konutları	4	12500
konutu	4	12501
konutunun	4	12502
konuşmasına	4	12503
konuşuldu	4	12504
konuşulduğu	4	12505
konuşuyor	4	12506
kopmuş	4	12507
korkutucu	4	12508
koruduğunu	4	12509
koruması	4	12510
korumasına	4	12511
korumayı	4	12512
koruyup	4	12513
kovan	4	12514
koyduğumuz	4	12515
koymayı	4	12516
koşarken	4	12517
kriterleri	4	12518
krize	4	12519
krizlere	4	12520
krizlerin	4	12521
krom	4	12522
kruvaziyer	4	12523
kulağa	4	12524
kullanabilir	4	12525
kullananlar	4	12526
kullananların	4	12527
kullanılabilen	4	12528
kullanılmak	4	12529
kullanılmaya	4	12530
kullanımını	4	12531
kullanıyorsanız	4	12532
kulübe	4	12533
kupalarında	4	12534
kuracağı	4	12535
kuracağız	4	12536
kuraklık	4	12537
kurallar	4	12538
kurar	4	12539
kurbanlık	4	12540
kursları	4	12541
kurslarında	4	12542
kurtarmaya	4	12543
kuruldu	4	12544
kurulduğu	4	12545
kurulmasını	4	12546
kurultay	4	12547
kuruluşlarına	4	12548
kuruma	4	12549
kurumlarımızın	4	12550
kurumlarına	4	12551
kurunda	4	12552
kurundaki	4	12553
kurye	4	12554
kutlanıyor	4	12555
kutlayacak	4	12556
kutluyoruz	4	12557
kutusuna	4	12558
kuşlar	4	12559
köklerini	4	12560
köpeğin	4	12561
köprüye	4	12562
küfürler	4	12563
kürsüde	4	12564
kılavuzu	4	12565
kınadı	4	12566
kırarak	4	12567
kırsalda	4	12568
kırıklığı	4	12569
kırıldı	4	12570
kırılma	4	12571
kırılmış	4	12572
kısmından	4	12573
kısımları	4	12574
kısırlaştırma	4	12575
kısıtlamaları	4	12576
kısıtlaması	4	12577
kısıtlanması	4	12578
kıvam	4	12579
kıyafet	4	12580
kızartma	4	12581
kızlarının	4	12582
kızıyla	4	12583
layıkıyla	4	12584
lehine	4	12585
lens	4	12586
liderliğindeki	4	12587
lisanslı	4	12588
logosu	4	12589
lot	4	12590
maaşlarında	4	12591
maaşlarının	4	12592
macunu	4	12593
maddenin	4	12594
maddesinde	4	12595
mahallelerde	4	12596
mahkumların	4	12597
makamlarca	4	12598
makinası	4	12599
makineleriyle	4	12600
makinesine	4	12601
maksimize	4	12602
maliyetlere	4	12603
maliyetlerindeki	4	12604
malları	4	12605
mallarında	4	12606
malı	4	12607
mantarlar	4	12608
manyetik	4	12609
markalar	4	12610
markasının	4	12611
markete	4	12612
marketin	4	12613
maçlarının	4	12614
mağazanın	4	12615
mağduriyet	4	12616
mağlubiyetini	4	12617
mağlubiyetle	4	12618
mecbur	4	12619
mekanizma	4	12620
menfaat	4	12621
mercek	4	12622
merdiven	4	12623
merkezin	4	12624
merkezlerinde	4	12625
mermisi	4	12626
meselesinin	4	12627
mesken	4	12628
mesleğe	4	12629
mesleği	4	12630
metabolizmayı	4	12631
metreküplük	4	12632
metroyu	4	12633
mevsimlik	4	12634
mevzuata	4	12635
meydanlarda	4	12636
mezarları	4	12637
meşin	4	12638
miktarlarda	4	12639
miktarın	4	12640
mil	4	12641
mimarisi	4	12642
mimarı	4	12643
mini	4	12644
miydi	4	12645
modeline	4	12646
modeliyle	4	12647
modellerin	4	12648
modellerinde	4	12649
mola	4	12650
moloz	4	12651
motivasyonunu	4	12652
motive	4	12653
muhabiri	4	12654
muhabirinin	4	12655
muhalefeti	4	12656
musun	4	12657
mutabakata	4	12658
mutfağında	4	12659
mutsuz	4	12660
müddet	4	12661
müfettiş	4	12662
mühendisi	4	12663
mürettebatı	4	12664
müzakerelere	4	12665
müzisyen	4	12666
na	4	12667
namazın	4	12668
namus	4	12669
nazik	4	12670
nedenine	4	12671
nefret	4	12672
neleri	4	12673
nevi	4	12674
neşeli	4	12675
nitelendiren	4	12676
nitelendirilen	4	12677
nohut	4	12678
noktalarından	4	12679
noktayı	4	12680
normalde	4	12681
normalleri	4	12682
normallerinin	4	12683
normalleşmenin	4	12684
nöbet	4	12685
nüfusuna	4	12686
nüfusunun	4	12687
nüfuz	4	12688
ocağın	4	12689
odun	4	12690
odur	4	12691
ofisinde	4	12692
ofsayt	4	12693
okudu	4	12694
okuduğu	4	12695
okunan	4	12696
okunması	4	12697
okuyarak	4	12698
olabilirdi	4	12699
olabilmek	4	12700
olacaksa	4	12701
olacaktı	4	12702
olamayacağını	4	12703
olanları	4	12704
olanın	4	12705
olaylarda	4	12706
olayını	4	12707
olduklarına	4	12708
olduğunca	4	12709
olmadıkça	4	12710
olmalıyız	4	12711
olmamalı	4	12712
olmasında	4	12713
olmasıyla	4	12714
olmayacaktır	4	12715
olmazdı	4	12716
olmazken	4	12717
olursak	4	12718
olursanız	4	12719
oluruz	4	12720
oluyorlar	4	12721
oluşturma	4	12722
oluşturmaya	4	12723
oluşturulması	4	12724
oluşturulmasını	4	12725
onayladığı	4	12726
operasyonel	4	12727
operasyonlarını	4	12728
oranın	4	12729
oranıyla	4	12730
orduya	4	12731
ortadadır	4	12732
ortaklık	4	12733
ortalamanın	4	12734
ortama	4	12735
otomobiller	4	12736
oturumunda	4	12737
oylamaya	4	12738
oylar	4	12739
oynama	4	12740
oynamıştır	4	12741
oynarken	4	12742
oynayarak	4	12743
oyuncuya	4	12744
oyundan	4	12745
oyununu	4	12746
oğluna	4	12747
oğluyla	4	12748
oğul	4	12749
paketten	4	12750
paralarını	4	12751
paraya	4	12752
parkın	4	12753
parsel	4	12754
partiden	4	12755
partilerinin	4	12756
partisini	4	12757
parçasıdır	4	12758
pasaport	4	12759
pasaportu	4	12760
pasif	4	12761
patlamalar	4	12762
patlayıcı	4	12763
paylaşacak	4	12764
paylaşma	4	12765
paylaştık	4	12766
paylaşımlarda	4	12767
paylaşımına	4	12768
paylaşıyoruz	4	12769
pazarlarda	4	12770
pazarlarına	4	12771
pazarını	4	12772
performansları	4	12773
personeller	4	12774
pestisit	4	12775
pilotu	4	12776
pirinç	4	12777
pist	4	12778
piyasasının	4	12779
pişmanlık	4	12780
platformunda	4	12781
polisinin	4	12782
polisleri	4	12783
polisten	4	12784
politikalarını	4	12785
popülist	4	12786
portföy	4	12787
pozisyona	4	12788
pozisyonları	4	12789
profil	4	12790
programla	4	12791
programımız	4	12792
programıyla	4	12793
projesiyle	4	12794
promosyonu	4	12795
protokolde	4	12796
provoke	4	12797
pudra	4	12798
püf	4	12799
rahatlatmak	4	12800
rahatsızlıklarına	4	12801
rakiplerine	4	12802
raporlara	4	12803
raporları	4	12804
raporunun	4	12805
rapçi	4	12806
rasyonel	4	12807
rağbet	4	12808
reddederek	4	12809
reddetmesi	4	12810
reddettiği	4	12811
reformlar	4	12812
rehine	4	12813
rejimine	4	12814
renklerini	4	12815
restorana	4	12816
restore	4	12817
robotik	4	12818
roket	4	12819
rollerini	4	12820
rolüyle	4	12821
ruhsatı	4	12822
rövanş	4	12823
rüyanın	4	12824
saatlerin	4	12825
saatten	4	12826
sabahtan	4	12827
sabahı	4	12828
sabun	4	12829
sadaka	4	12830
saf	4	12831
sahibinden	4	12832
sahibini	4	12833
sahibiyle	4	12834
sahnesinde	4	12835
sahur	4	12836
sakini	4	12837
saklama	4	12838
saklanan	4	12839
saklandığı	4	12840
salatalık	4	12841
saldırmaya	4	12842
saldırısını	4	12843
sanatla	4	12844
sanatçıdır	4	12845
sanatçıları	4	12846
sanatçının	4	12847
sanatı	4	12848
sanayimizin	4	12849
sanayinde	4	12850
sanayiye	4	12851
saniyede	4	12852
santralin	4	12853
sarsan	4	12854
satarak	4	12855
satıldığını	4	12856
satıyor	4	12857
satıyoruz	4	12858
satışlarının	4	12859
satışta	4	12860
satışından	4	12861
savaşını	4	12862
savaşının	4	12863
savcılıkta	4	12864
savunarak	4	12865
savunması	4	12866
savunmasını	4	12867
savunmasız	4	12868
savunucuları	4	12869
savunurken	4	12870
saygın	4	12871
sayma	4	12872
sayılarını	4	12873
sayımızı	4	12874
sayısındaki	4	12875
sağa	4	12876
sağladık	4	12877
sağlandığını	4	12878
sağlayıcısı	4	12879
sağlıkta	4	12880
sebebinin	4	12881
seferi	4	12882
seferinde	4	12883
seferlerinin	4	12884
seks	4	12885
sektörünü	4	12886
selamladı	4	12887
senaryo	4	12888
sendikanın	4	12889
seneki	4	12890
sentetik	4	12891
sergilendi	4	12892
sergiliyor	4	12893
sermayenin	4	12894
servisine	4	12895
sesine	4	12896
seslendirdi	4	12897
sevdikleriyle	4	12898
sevinci	4	12899
seviyeyi	4	12900
seyrettiği	4	12901
seyri	4	12902
sezonki	4	12903
seçeneğini	4	12904
seçici	4	12905
seçilecek	4	12906
seçilir	4	12907
seçimden	4	12908
seçimini	4	12909
seçiminin	4	12910
seçimlerden	4	12911
seçimlerini	4	12912
seçimli	4	12913
seçmene	4	12914
seçmeni	4	12915
seçmenin	4	12916
seçti	4	12917
sigortalı	4	12918
silahların	4	12919
silahını	4	12920
sinek	4	12921
sinyali	4	12922
sistemlerin	4	12923
sitesini	4	12924
sizleri	4	12925
sloganları	4	12926
sloganı	4	12927
sloganıyla	4	12928
sofraya	4	12929
sokaklar	4	12930
sokaktan	4	12931
solo	4	12932
sonbaharda	4	12933
sonları	4	12934
sonlarında	4	12935
sonsuz	4	12936
sordum	4	12937
sorgulamak	4	12938
sorgulanıyor	4	12939
sormak	4	12940
sorularına	4	12941
sorularının	4	12942
sorulması	4	12943
sorumluluğunu	4	12944
sorunlu	4	12945
soruyor	4	12946
soyadı	4	12947
soğanı	4	12948
sponsor	4	12949
sponsorluk	4	12950
spora	4	12951
sporcularının	4	12952
sporuna	4	12953
stada	4	12954
stadyumun	4	12955
standartlarda	4	12956
standartlarına	4	12957
statüsünde	4	12958
stoku	4	12959
stresi	4	12960
sularının	4	12961
sultanı	4	12962
sunabilir	4	12963
sunacağını	4	12964
sunacağız	4	12965
sunulmasıyla	4	12966
suçlamalarıyla	4	12967
suçlarına	4	12968
suçlarını	4	12969
suçun	4	12970
suçüstü	4	12971
swap	4	12972
sömestr	4	12973
söylemiyorum	4	12974
söylemiştim	4	12975
söyleyecek	4	12976
söyleyip	4	12977
sözüne	4	12978
süpürge	4	12979
süratle	4	12980
sürdürülebilirliği	4	12981
sürdürülmesi	4	12982
sürenin	4	12983
süresine	4	12984
süreçlerin	4	12985
süreçtir	4	12986
sürmek	4	12987
sütün	4	12988
sıcaklıklarında	4	12989
sıcaklığının	4	12990
sıfırdan	4	12991
sıfırın	4	12992
sıkıntıların	4	12993
sıkışmış	4	12994
sıkıştı	4	12995
sınavlara	4	12996
sınıfta	4	12997
sınırlar	4	12998
sınırlarına	4	12999
sıraladı	4	13000
sıralamasına	4	13001
sıralandı	4	13002
sırtına	4	13003
sığınan	4	13004
sığınmacıların	4	13005
taahhüt	4	13006
tablosu	4	13007
tabuta	4	13008
tahliyesine	4	13009
tahminlerde	4	13010
takipsizlik	4	13011
takipçi	4	13012
takipçileriyle	4	13013
taksit	4	13014
taktığı	4	13015
takıldı	4	13016
takımlara	4	13017
takımlarında	4	13018
takımımız	4	13019
talebimiz	4	13020
talimatıyla	4	13021
tamamladık	4	13022
tamamlamak	4	13023
tamamlamış	4	13024
tansiyonu	4	13025
tanıkları	4	13026
tanımladı	4	13027
tanımlanıyor	4	13028
tanınmış	4	13029
tanıtan	4	13030
tanıtımına	4	13031
taraftarlarımızı	4	13032
tarafını	4	13033
tarama	4	13034
taramaları	4	13035
taraması	4	13036
tarihimiz	4	13037
tarihimizin	4	13038
tarihten	4	13039
tartışan	4	13040
tarıma	4	13041
tasarrufunda	4	13042
tasarımlar	4	13043
tasarısının	4	13044
taslak	4	13045
tatilcilerin	4	13046
tatilini	4	13047
tatmin	4	13048
taviz	4	13049
tavsiyem	4	13050
taşeron	4	13051
taşınması	4	13052
taşırken	4	13053
taşıyacağız	4	13054
taşıyarak	4	13055
tecrübe	4	13056
tedavilerinin	4	13057
tehditlere	4	13058
tehlikenin	4	13059
teknikler	4	13060
teknikleri	4	13061
televizyonda	4	13062
telif	4	13063
teller	4	13064
teması	4	13065
temelli	4	13066
temennisinde	4	13067
temizlemek	4	13068
temmuzda	4	13069
tepkilerini	4	13070
tepkisi	4	13071
tercihi	4	13072
terfi	4	13073
terleme	4	13074
terminal	4	13075
terörün	4	13076
tesisler	4	13077
testinde	4	13078
testler	4	13079
tezahürat	4	13080
titreme	4	13081
tohumu	4	13082
tokluk	4	13083
toplamı	4	13084
toplantılar	4	13085
toplantıları	4	13086
topluluk	4	13087
topraklarını	4	13088
topraklarının	4	13089
toptan	4	13090
topuna	4	13091
tozu	4	13092
trafiğine	4	13093
transit	4	13094
trendi	4	13095
turizmi	4	13096
turizminin	4	13097
turları	4	13098
turunun	4	13099
tutanak	4	13100
tutarken	4	13101
tutarının	4	13102
tutku	4	13103
tutkunları	4	13104
tutması	4	13105
tutmuş	4	13106
tutuklanmıştı	4	13107
tutulacak	4	13108
tutulan	4	13109
tutulur	4	13110
tutumunu	4	13111
tuzağına	4	13112
tuzlu	4	13113
tuzu	4	13114
töreniyle	4	13115
tüfeği	4	13116
tüketiciyi	4	13117
tüketilen	4	13118
tüketimine	4	13119
türlerden	4	13120
türüdür	4	13121
tüyleri	4	13122
tırmanan	4	13123
tırnak	4	13124
tırın	4	13125
ulaşabilirsiniz	4	13126
ulaşmayı	4	13127
ulaştıran	4	13128
ulaşıyor	4	13129
ulus	4	13130
umduklarını	4	13131
umutla	4	13132
umutlarla	4	13133
unsurlarının	4	13134
unu	4	13135
uyandıran	4	13136
uyararak	4	13137
uyarılarına	4	13138
uydu	4	13139
uyguladığımız	4	13140
uygulandığı	4	13141
uygulanmasını	4	13142
uygulayarak	4	13143
uygunsuz	4	13144
uzaklaşan	4	13145
uzaklaştı	4	13146
uzantısı	4	13147
uzatılan	4	13148
uzlaşma	4	13149
uçuruma	4	13150
uğraması	4	13151
uğraş	4	13152
uğraşan	4	13153
uğraşlar	4	13154
vaadiyle	4	13155
vardığını	4	13156
varlıklarına	4	13157
varlığının	4	13158
vatandaşlarını	4	13159
vatandaşlarının	4	13160
vazgeçilmezi	4	13161
vaziyette	4	13162
vefa	4	13163
vefatı	4	13164
velilerin	4	13165
verebileceğini	4	13166
vereceğine	4	13167
vergiler	4	13168
vergilerin	4	13169
verilecektir	4	13170
verilirken	4	13171
verilmediği	4	13172
verilmesine	4	13173
veririm	4	13174
veririz	4	13175
veriyorum	4	13176
vermekle	4	13177
vermektedir	4	13178
vermeyeceklerini	4	13179
vermiyor	4	13180
versin	4	13181
versiyonda	4	13182
vicdanı	4	13183
vicdanını	4	13184
videonun	4	13185
videoya	4	13186
vizyonunu	4	13187
vizyonuyla	4	13188
vurduğu	4	13189
vurduğunu	4	13190
vurgulamak	4	13191
vurgulanırken	4	13192
vurgusu	4	13193
vuruşunda	4	13194
yabancılar	4	13195
yad	4	13196
yakacak	4	13197
yakalananların	4	13198
yaklaşırken	4	13199
yalanladı	4	13200
yangınlar	4	13201
yangınlarına	4	13202
yankıları	4	13203
yanlışlıkla	4	13204
yansımaları	4	13205
yansırken	4	13206
yansıtan	4	13207
yanıltıcı	4	13208
yanıma	4	13209
yanınızda	4	13210
yap	4	13211
yapabilecek	4	13212
yapabiliriz	4	13213
yapabilirler	4	13214
yapmadık	4	13215
yapmadığını	4	13216
yapmasını	4	13217
yapmıyor	4	13218
yaptırılan	4	13219
yaptırımları	4	13220
yapılaşma	4	13221
yapılmaktadır	4	13222
yapılmaya	4	13223
yapılmayan	4	13224
yapılmaz	4	13225
yapımını	4	13226
yapıyordum	4	13227
yapıyorsunuz	4	13228
yapıyorum	4	13229
yaralanmıştı	4	13230
yaraları	4	13231
yararlanan	4	13232
yaratarak	4	13233
yaratırken	4	13234
yardımcılıklarını	4	13235
yardımın	4	13236
yargılama	4	13237
yargılanıyor	4	13238
yarınki	4	13239
yarısına	4	13240
yarışacak	4	13241
yarışmanın	4	13242
yarışmasının	4	13243
yasadışı	4	13244
yasalar	4	13245
yattım	4	13246
yatırıldı	4	13247
yatırımcının	4	13248
yatırımcıyı	4	13249
yatırımlarla	4	13250
yavru	4	13251
yayılmasını	4	13252
yayılmasının	4	13253
yayımlandığı	4	13254
yayını	4	13255
yayınına	4	13256
yazma	4	13257
yazmaya	4	13258
yağan	4	13259
yağlardan	4	13260
yağma	4	13261
yağmurlu	4	13262
yağmuruna	4	13263
yaşamanın	4	13264
yaşamasını	4	13265
yaşamına	4	13266
yaşanabilecek	4	13267
yaşananlara	4	13268
yaşatmaya	4	13269
yaşları	4	13270
yedik	4	13271
yemekleri	4	13272
yemeklerin	4	13273
yemekte	4	13274
yemekten	4	13275
yerdeki	4	13276
yerleşimcilerin	4	13277
yetecek	4	13278
yeteneğini	4	13279
yetişen	4	13280
yetkilerini	4	13281
yetkililerini	4	13282
yetkiyi	4	13283
yitirdiğini	4	13284
yitirenlerin	4	13285
yoksul	4	13286
yolculuğunu	4	13287
yolcuya	4	13288
yorgunluk	4	13289
yorumcusu	4	13290
yorumlarla	4	13291
yorumlarına	4	13292
yumurtanın	4	13293
yurttaşların	4	13294
yuvarlandı	4	13295
yöndeki	4	13296
yöneliyor	4	13297
yönetiminden	4	13298
yönetimlerin	4	13299
yönetiyor	4	13300
yönlendirdi	4	13301
yöntemlerin	4	13302
yöntemlerine	4	13303
yönündeydi	4	13304
yönüyle	4	13305
yüklendi	4	13306
yükselişi	4	13307
yükselişini	4	13308
yükselme	4	13309
yükselmesi	4	13310
yükselmesine	4	13311
yükseltirken	4	13312
yün	4	13313
yürek	4	13314
yürümeye	4	13315
yürütmeye	4	13316
yürütüyoruz	4	13317
yüzer	4	13318
yüzey	4	13319
yüzlerinin	4	13320
yüzük	4	13321
yüzünde	4	13322
yüzündeki	4	13323
yı	4	13324
yıkama	4	13325
yıkamak	4	13326
yıkarak	4	13327
yıldaki	4	13328
yıldızları	4	13329
yılların	4	13330
yıllığına	4	13331
yığıldı	4	13332
zaferle	4	13333
zamanını	4	13334
zamlı	4	13335
zarafeti	4	13336
zehirlenme	4	13337
zihniyet	4	13338
zincirleri	4	13339
zirvesinde	4	13340
ziyaretçilerini	4	13341
zorlanan	4	13342
zorlandığı	4	13343
zorlandığını	4	13344
zorlayan	4	13345
zorlaştırabilir	4	13346
zorluklara	4	13347
zorluğu	4	13348
zulme	4	13349
zulmü	4	13350
zulmün	4	13351
zulüm	4	13352
çed	4	13353
çakır	4	13354
çanakkale'de	4	13355
çaycuma	4	13356
çağlayancerit	4	13357
çorlu	4	13358
çorum'un	4	13359
çıldır	4	13360
ödülü'ne	4	13361
özbay	4	13362
özden	4	13363
özel'i	4	13364
öztürk'ün	4	13365
üfe	4	13366
üniversitesi'nden	4	13367
üniversitesi'nin	4	13368
ürdün	4	13369
üsküdar'da	4	13370
çabalarına	4	13371
çabalarını	4	13372
çabalarıyla	4	13373
çalıyor	4	13374
çalışmalarımıza	4	13375
çalışmasında	4	13376
çalışmasının	4	13377
çalıştırıcı	4	13378
çalışıyordu	4	13379
çapta	4	13380
çarpışma	4	13381
çarşıda	4	13382
çatlak	4	13383
çatlağı	4	13384
çatısına	4	13385
çatışmalarda	4	13386
çağrısını	4	13387
çek	4	13388
çekildiğini	4	13389
çekilişi	4	13390
çekilmiş	4	13391
çekişmeli	4	13392
çekme	4	13393
çektirdi	4	13394
çektiğini	4	13395
çerçeve	4	13396
çevirerek	4	13397
çevrelerin	4	13398
çevresinin	4	13399
çevreyi	4	13400
çeyrekte	4	13401
çeşit	4	13402
çiftler	4	13403
çiftçilerimizin	4	13404
çiçeklerle	4	13405
çocuğumuz	4	13406
çoklu	4	13407
çoğunluk	4	13408
çoğunun	4	13409
çuval	4	13410
çöküş	4	13411
çözüldü	4	13412
çözülmesini	4	13413
çözümleri	4	13414
çıkacaklar	4	13415
çıkaracak	4	13416
çıkardık	4	13417
çıkardıkları	4	13418
çıkardılar	4	13419
çıkardığını	4	13420
çıkarlar	4	13421
çıkarlarına	4	13422
çıkarttık	4	13423
çıkartıldı	4	13424
çıkarılmış	4	13425
çıkmaktadır	4	13426
çıkışı	4	13427
ödedik	4	13428
ödemelerinin	4	13429
ödeneği	4	13430
ödeniyor	4	13431
ödenmesi	4	13432
ödüle	4	13433
ödüllü	4	13434
ödün	4	13435
ödüyor	4	13436
öfke	4	13437
öldürülmesi	4	13438
öldürülmüştü	4	13439
öldürüp	4	13440
ölçekte	4	13441
ölçülü	4	13442
ölümünü	4	13443
ömrünü	4	13444
öncülüğündeki	4	13445
öncüsü	4	13446
önemde	4	13447
öneminin	4	13448
önemsiyoruz	4	13449
önerdi	4	13450
önerilen	4	13451
önlemlerinin	4	13452
önlemlerle	4	13453
örgütlerinin	4	13454
örtü	4	13455
özelliklerinden	4	13456
özü	4	13457
öğrencinin	4	13458
öğrenciyi	4	13459
öğrenilirken	4	13460
öğreniyor	4	13461
öğreniyoruz	4	13462
öğrenmiş	4	13463
öğretmene	4	13464
öğretmenin	4	13465
ücretlerine	4	13466
ücretlerinin	4	13467
ülkelerinde	4	13468
üniforma	4	13469
üretecek	4	13470
üretimimizi	4	13471
üretimiyle	4	13472
üretme	4	13473
üretmiş	4	13474
üstlenecek	4	13475
üstlenen	4	13476
üyeler	4	13477
üyelere	4	13478
üyelerimiz	4	13479
üyeleriyle	4	13480
üyeliğine	4	13481
üyeliğini	4	13482
üzdü	4	13483
üzüntüsünü	4	13484
üçüncülük	4	13485
iga	4	13486
isu	4	13487
ito	4	13488
izsu	4	13489
ihsan	4	13490
ihtisas	4	13491
ikbal	4	13492
ilahiyat	4	13493
imamoğlu'na	4	13494
inanoğlu	4	13495
ingiltere'ye	4	13496
iran'da	4	13497
iskoçya	4	13498
islahiye	4	13499
islam'ın	4	13500
istanbulspor	4	13501
isviçre'de	4	13502
isviçre'nin	4	13503
izmir'e	4	13504
izmir'i	4	13505
izmirli	4	13506
iznik	4	13507
ısrarcı	4	13508
ısı	4	13509
ızgara	4	13510
şam'ın	4	13511
şampiyonası'nın	4	13512
şanghay	4	13513
şebnem	4	13514
şili	4	13515
şırnak'ın	4	13516
şahsa	4	13517
şaka	4	13518
şansa	4	13519
şanslı	4	13520
şarkıcının	4	13521
şartsız	4	13522
şebekesinin	4	13523
şehirlerin	4	13524
şehitlerimize	4	13525
şehitlerimizi	4	13526
şekerini	4	13527
şekillendirecek	4	13528
şeklindeki	4	13529
şeklini	4	13530
şeylerin	4	13531
şiddetinde	4	13532
şifresi	4	13533
şikayetler	4	13534
şikayetlerini	4	13535
şikayetlerle	4	13536
şimdilerde	4	13537
şişlik	4	13538
şüphelilere	4	13539
şüphelisi	4	13540
albüm	4	13541
alevlerin	4	13542
anayasanın	4	13543
anketlere	4	13544
araştırmalara	4	13545
aylarca	4	13546
babaanne	4	13547
bakanları	4	13548
bankamızın	4	13549
belediyemize	4	13550
bildiğim	4	13551
büyükelçilik	4	13552
dağlık	4	13553
desen	4	13554
değişken	4	13555
dikili	4	13556
doğrulama	4	13557
eczacı	4	13558
elhamdülillah	4	13559
emekçi	4	13560
engelsiz	4	13561
entegrasyonu	4	13562
erik	4	13563
eyaletin	4	13564
festivalde	4	13565
fide	4	13566
gel	4	13567
general	4	13568
gerçeğin	4	13569
girdiğimiz	4	13570
göle	4	13571
güller	4	13572
güneşi	4	13573
harekâtı	4	13574
hayalet	4	13575
hayatımda	4	13576
hududu	4	13577
hukuksuz	4	13578
hükmünde	4	13579
hükümetlerin	4	13580
ıhlamur	4	13581
ışıl	4	13582
jak	4	13583
kap	4	13584
kandaki	4	13585
karesi	4	13586
kayan	4	13587
kolajen	4	13588
komitesinin	4	13589
komünist	4	13590
konferansa	4	13591
korumalı	4	13592
kova	4	13593
kupayı	4	13594
kurultayı	4	13595
kurulunu	4	13596
kuvvetlerine	4	13597
kısacası	4	13598
lale	4	13599
listedeki	4	13600
maaşlara	4	13601
memura	4	13602
meşe	4	13603
milyoner	4	13604
mobilite	4	13605
motosikleti	4	13606
muhafazakar	4	13607
muhalefetteki	4	13608
muharebe	4	13609
müdürlükleri	4	13610
ocakta	4	13611
okçu	4	13612
onlarda	4	13613
otoyolun	4	13614
partide	4	13615
partimizi	4	13616
patent	4	13617
patlıcan	4	13618
pizza	4	13619
pişmiş	4	13620
premium	4	13621
psikoloji	4	13622
rakibin	4	13623
rehberi	4	13624
restoranın	4	13625
reşit	4	13626
rüyasında	4	13627
safran	4	13628
sandıktan	4	13629
sandığı	4	13630
savaşları	4	13631
sendikaları	4	13632
sermayesi	4	13633
sertifika	4	13634
servet	4	13635
sizce	4	13636
statüsü	4	13637
sürü	4	13638
sırf	4	13639
tanrı	4	13640
tatbikat	4	13641
tatbikatı	4	13642
temennimiz	4	13643
teröristleri	4	13644
toksik	4	13645
tramvay	4	13646
turbo	4	13647
tüy	4	13648
uzmanlığı	4	13649
vergide	4	13650
yapılanması	4	13651
yardımcılığı	4	13652
yayla	4	13653
yazıklar	4	13654
yukarıdaki	4	13655
idrar	4	13656
ihaleyi	4	13657
inanır	4	13658
iyisi	4	13659
çamaşır	4	13660
çarpışmanın	4	13661
çağı	4	13662
çene	4	13663
çiftçilerimiz	4	13664
örümcek	4	13665
özerk	4	13666
üniversiteye	4	13667
şimdilik	4	13668
abd'yi	3	13669
ac	3	13670
add	3	13671
alkü	3	13672
atv'de	3	13673
auzef	3	13674
abdullah'ın	3	13675
acemoğlu	3	13676
adanaspor	3	13677
adliyesi	3	13678
afd	3	13679
afife	3	13680
afrika'dan	3	13681
ahlat	3	13682
ahu	3	13683
ailesi'nin	3	13684
airbus	3	13685
airlines	3	13686
ajansı'nın	3	13687
akkol	3	13688
akkuyu	3	13689
aksaz	3	13690
aktürkoğlu'nun	3	13691
akyazı	3	13692
akış	3	13693
alaattin	3	13694
aladağ	3	13695
alagöz	3	13696
alem	3	13697
aliağa	3	13698
alim	3	13699
aliyev	3	13700
alkmaar	3	13701
almanca	3	13702
alper'in	3	13703
altuntaş	3	13704
altınay	3	13705
altınova	3	13706
altıntaş	3	13707
alüminyum	3	13708
america	3	13709
antutu	3	13710
anagold	3	13711
anavatan	3	13712
ankara'dan	3	13713
ankaragücü'nde	3	13714
ankaralı	3	13715
anlı	3	13716
annem	3	13717
antalya'dan	3	13718
antika	3	13719
arda'nın	3	13720
ardahan'da	3	13721
arife	3	13722
arizona	3	13723
aslanlar	3	13724
astroloji	3	13725
asım	3	13726
atakum	3	13727
atasay	3	13728
athletic	3	13729
atik	3	13730
aurelio	3	13731
avcılar'da	3	13732
avdagiç	3	13733
aviv'de	3	13734
aviv'in	3	13735
avramovski	3	13736
avusturya'yı	3	13737
ay'ın	3	13738
azerbaycanlı	3	13739
aü	3	13740
ağa	3	13741
ağustos'tan	3	13742
aşklar	3	13743
b'nin	3	13744
bes	3	13745
bjk	3	13746
badan	3	13747
bahtiyar'ın	3	13748
bahçeler	3	13749
bahçıvan	3	13750
bakanlığında	3	13751
bakanımızın	3	13752
bakara	3	13753
bakü	3	13754
baladın'ın	3	13755
balcı	3	13756
balıkesir'de	3	13757
balıkesir'in	3	13758
bangladeş	3	13759
bankkart	3	13760
barcelona'da	3	13761
bardakcı	3	13762
bartu	3	13763
basel	3	13764
bayer	3	13765
bayileri	3	13766
bayındırlık	3	13767
başdanışmanı	3	13768
başkanlığı'nın	3	13769
başkanlığının	3	13770
beach	3	13771
belediyesi'nde	3	13772
belediyesinde	3	13773
benderlioğlu	3	13774
benfica	3	13775
benjamin	3	13776
benyamin	3	13777
berova	3	13778
besim	3	13779
beyrut'un	3	13780
beyşehir	3	13781
bilbao	3	13782
bildiride	3	13783
bildiğiniz	3	13784
bilecik	3	13785
bilgin	3	13786
binali	3	13787
birgün'den	3	13788
birecik	3	13789
biricik	3	13790
birincisi	3	13791
birlikleri	3	13792
birliği'ne	3	13793
bitcoin'in	3	13794
bloomberg	3	13795
blue	3	13796
bodrum'un	3	13797
bolu'yu	3	13798
borussia	3	13799
bosnalı	3	13800
boğazı'nda	3	13801
boğazı'ndan	3	13802
boşnak	3	13803
brad	3	13804
brüksel	3	13805
buket	3	13806
bundesliga'da	3	13807
burger	3	13808
burhaniye	3	13809
bursalı	3	13810
buruk'un	3	13811
burçin	3	13812
buğra	3	13813
buğrahan	3	13814
bölükbaşı	3	13815
bünyamin	3	13816
bürosu	3	13817
bürosunca	3	13818
büyükada	3	13819
büyükgöz	3	13820
büyüküstün	3	13821
cıa	3	13822
cmk	3	13823
ctp	3	13824
cv	3	13825
caddesinde	3	13826
cadiz	3	13827
camii'ne	3	13828
candaş	3	13829
caner	3	13830
cenevre	3	13831
cenin	3	13832
cezaevi'nde	3	13833
cezayir	3	13834
charlie	3	13835
chelsea	3	13836
cide	3	13837
cimbom	3	13838
community	3	13839
cristiano	3	13840
cumhurbaşkanlığına	3	13841
cumhurbaşkanımıza	3	13842
cumhuriyet'te	3	13843
cumhuriyetçilerin	3	13844
d'de	3	13845
dmm	3	13846
dacia	3	13847
dallas	3	13848
daniele	3	13849
darphane	3	13850
dağlıoğlu	3	13851
dağı'nda	3	13852
demirbaş	3	13853
demirel'in	3	13854
demirkol	3	13855
demre	3	13856
denizbank	3	13857
deresi'nde	3	13858
deresi'ne	3	13859
dernekleri	3	13860
derneği'nin	3	13861
deyr	3	13862
diaz	3	13863
dilovası	3	13864
dinamo	3	13865
dinçer	3	13866
direktörümüz	3	13867
dmitriy	3	13868
dokuma	3	13869
dokuzlar	3	13870
dondurulmuş	3	13871
doğanşehir	3	13872
doğukan	3	13873
duster	3	13874
dönmez	3	13875
düden	3	13876
düzce'deki	3	13877
düşünsenize	3	13878
dibs	3	13879
disk	3	13880
ecb'nin	3	13881
eft	3	13882
ekap	3	13883
epdk	3	13884
ebubekir	3	13885
eczacıbaşı	3	13886
ekin	3	13887
ekol	3	13888
emiri	3	13889
emniyette	3	13890
emre'nin	3	13891
energy	3	13892
enginyurt	3	13893
enstitüleri	3	13894
epic	3	13895
erdinç	3	13896
erdoğan'la	3	13897
erdursun	3	13898
erge'nin	3	13899
ergen	3	13900
ericsson	3	13901
erim	3	13902
erkal	3	13903
ermenilerin	3	13904
ernest	3	13905
ertaş	3	13906
eryol	3	13907
erzurum'da	3	13908
esad'ı	3	13909
esenyurt'ta	3	13910
esirler	3	13911
eskinazi	3	13912
eskişehir'e	3	13913
etiler'de	3	13914
etimesgut	3	13915
euroleague	3	13916
eurofighter	3	13917
eymen	3	13918
eyyüp	3	13919
eyüpsultan'da	3	13920
eğirdir	3	13921
eşme	3	13922
fk'nın	3	13923
fomc	3	13924
faeser	3	13925
fakültesi'nde	3	13926
federasyonundan	3	13927
federico	3	13928
feke	3	13929
fenerbahçe'yi	3	13930
ferhan	3	13931
festivali'nde	3	13932
fevzi	3	13933
fidan'ın	3	13934
fikret	3	13935
filip	3	13936
filistin'deki	3	13937
filistin'i	3	13938
filistinliye	3	13939
flip	3	13940
flores	3	13941
florida'daki	3	13942
forbes	3	13943
ford	3	13944
foça	3	13945
franciscus	3	13946
fransa'ya	3	13947
fransızca	3	13948
fred'in	3	13949
funda	3	13950
fırtınanın	3	13951
gkry	3	13952
gsb	3	13953
gabriel	3	13954
games	3	13955
garcia	3	13956
garibaşvili	3	13957
garipoğlu	3	13958
gates	3	13959
gaziantep'te	3	13960
gaziosmanpaşa	3	13961
gazze'yi	3	13962
gazzeliler	3	13963
gediz	3	13964
gelinim	3	13965
genco	3	13966
gergerlioğlu'nun	3	13967
gerçi	3	13968
getir	3	13969
gezeravcı'nın	3	13970
giorgia	3	13971
giovanni	3	13972
giresunspor	3	13973
git	3	13974
goldman	3	13975
gran	3	13976
green	3	13977
griffiths	3	13978
grubu'nda	3	13979
grubu'nun	3	13980
grup'ta	3	13981
guardian	3	13982
guterres'in	3	13983
gökay	3	13984
gökmen	3	13985
göksu	3	13986
göktepe	3	13987
gülay	3	13988
güllü	3	13989
gülümse	3	13990
günaydın	3	13991
gündem'de	3	13992
gündeş	3	13993
güneş'i	3	13994
gürcan'ın	3	13995
gürcistan'da	3	13996
gürer	3	13997
hıv	3	13998
hpv	3	13999
htş'nin	3	14000
habertürk	3	14001
hadi	3	14002
hakimler	3	14003
halkbank	3	14004
hamas'tan	3	14005
hamit	3	14006
hamster	3	14007
harekatı'nın	3	14008
harris'in	3	14009
harry	3	14010
hastanesi'nden	3	14011
hastanesi'nin	3	14012
hatay'a	3	14013
hatayspor'un	3	14014
hatipoğlu	3	14015
hattı'nda	3	14016
havayolları	3	14017
havuç	3	14018
havva	3	14019
hendek	3	14020
henry	3	14021
hepinize	3	14022
hersek	3	14023
hidayet	3	14024
hindistan'ın	3	14025
hizbullah'a	3	14026
hocaefendi'nin	3	14027
hollanda'da	3	14028
hollandalı	3	14029
horasan	3	14030
horoz	3	14031
hristiyanlık	3	14032
hugh	3	14033
hızır	3	14034
ıban	3	14035
ıc	3	14036
ımeı	3	14037
ınstagram'dan	3	14038
ınstagram'ın	3	14039
ınternational	3	14040
ısmail	3	14041
ıtamar	3	14042
ığdır'da	3	14043
ışid	3	14044
japonya'da	3	14045
jayden	3	14046
juventus	3	14047
kgys	3	14048
kkka	3	14049
kso	3	14050
kadastro	3	14051
kadıoğlu	3	14052
kalyon	3	14053
kampı	3	14054
kamuyu	3	14055
kapıkule	3	14056
karabulut'un	3	14057
karakurt	3	14058
karakuş	3	14059
karaköy'de	3	14060
karamollaoğlu	3	14061
karataş	3	14062
kardelen	3	14063
kartal'da	3	14064
karşıyaka'da	3	14065
kasaplar	3	14066
katalan	3	14067
katz	3	14068
kaya'nın	3	14069
kayhan	3	14070
kaymaz	3	14071
kayserispor'u	3	14072
kayserya	3	14073
kazım	3	14074
kağıthane	3	14075
kaş	3	14076
kemal'in	3	14077
kemalpaşa	3	14078
kerim'de	3	14079
keçiören	3	14080
keçiörengücü	3	14081
kia	3	14082
king'in	3	14083
kobani	3	14084
kocaoğlu	3	14085
kolombiya	3	14086
kolombiya'nın	3	14087
komando	3	14088
kombat	3	14089
kongre'de	3	14090
kongresi'nde	3	14091
konya'nın	3	14092
konyaaltı	3	14093
kooperatifi	3	14094
kore'nin	3	14095
korhan	3	14096
korkut	3	14097
korkuteli	3	14098
kozlowski	3	14099
kozlu	3	14100
koç'a	3	14101
koçak	3	14102
koçyiğit	3	14103
kralı	3	14104
kur'an'da	3	14105
kursk	3	14106
kurulunca	3	14107
kurum'a	3	14108
kuvvetler	3	14109
köhn	3	14110
köksalan	3	14111
köylü	3	14112
köyü'nde	3	14113
küba	3	14114
küpçü	3	14115
kütüphanesi	3	14116
küçükkaya'nın	3	14117
kıdemli	3	14118
kınay	3	14119
kırkpınar	3	14120
kırım	3	14121
kırşehir	3	14122
lg	3	14123
lng	3	14124
lpg'ye	3	14125
lady	3	14126
latin	3	14127
lee	3	14128
letonya	3	14129
life	3	14130
lig'deki	3	14131
ligi'ni	3	14132
lille	3	14133
limanı'nda	3	14134
limanı'ndan	3	14135
londra'da	3	14136
lugano	3	14137
lukas	3	14138
mess	3	14139
mkyk	3	14140
mp	3	14141
ms	3	14142
mv	3	14143
macar	3	14144
macaristan'ın	3	14145
madenler	3	14146
mahallesi'ne	3	14147
makedonya	3	14148
malatyaspor	3	14149
maliki	3	14150
maltepe	3	14151
marco	3	14152
mario	3	14153
mark	3	14154
marmaray	3	14155
marmaris'te	3	14156
marşı	3	14157
mavisi	3	14158
maximin	3	14159
mağusa	3	14160
maşallah	3	14161
maşukiye	3	14162
meclis'e	3	14163
meclis'in	3	14164
medine	3	14165
mehtap	3	14166
mekke	3	14167
menteşe	3	14168
merkezi'nin	3	14169
mersin'de	3	14170
mertcan	3	14171
mertens	3	14172
metiner	3	14173
mevlana	3	14174
meydanı	3	14175
michel	3	14176
michigan	3	14177
middleton	3	14178
miguel	3	14179
mikrobiyoloji	3	14180
milas	3	14181
mine	3	14182
miraç	3	14183
miss	3	14184
mithat	3	14185
mithatpaşa	3	14186
moldova	3	14187
moore	3	14188
morgan	3	14189
morris	3	14190
moskova'da	3	14191
moskova'nın	3	14192
moğolistan	3	14193
muhakemesi	3	14194
muhtarlar	3	14195
muratpaşa	3	14196
muslera	3	14197
müdürlüğünden	3	14198
mültecilere	3	14199
müslüm	3	14200
müşaviri	3	14201
mısır'ın	3	14202
nfc	3	14203
nna	3	14204
nagihan	3	14205
nail	3	14206
nalan	3	14207
nancy	3	14208
nas	3	14209
necati	3	14210
nehri'ne	3	14211
nelsson	3	14212
neptün	3	14213
netanyahu'ya	3	14214
nevşehir'de	3	14215
nijeryalı	3	14216
nikos	3	14217
nil	3	14218
nilay	3	14219
no'lu	3	14220
novak	3	14221
nuray	3	14222
nurcan	3	14223
nurettin	3	14224
nurhak	3	14225
odtü	3	14226
obama	3	14227
ocak'tan	3	14228
ohio	3	14229
oktar	3	14230
okyanus	3	14231
okyanusu	3	14232
olcay	3	14233
olimpiyatları	3	14234
orban	3	14235
orkestrası	3	14236
osimhen	3	14237
osmaniye'de	3	14238
oulare	3	14239
oyuncularımı	3	14240
paok	3	14241
pos	3	14242
ppk	3	14243
psm	3	14244
paksoy	3	14245
pamukkale	3	14246
pamukova	3	14247
panathinaikos	3	14248
parkinson	3	14249
parti'yi	3	14250
partisi'ne	3	14251
pasifik	3	14252
passolig	3	14253
pazarı'nda	3	14254
pekin	3	14255
pendik	3	14256
pendik'te	3	14257
pennsylvania	3	14258
peugeot	3	14259
philadelphia	3	14260
philip	3	14261
potter	3	14262
prens	3	14263
preveze	3	14264
pritchard	3	14265
programı'nda	3	14266
projesi'nin	3	14267
putin'e	3	14268
pütürge	3	14269
ram	3	14270
rahmetli	3	14271
raif	3	14272
rama	3	14273
rasathanesi	3	14274
ratings	3	14275
realme	3	14276
rebiülevvel	3	14277
refah'taki	3	14278
refik	3	14279
reisi'nin	3	14280
resul	3	14281
reuters'a	3	14282
richard	3	14283
rize'nin	3	14284
rize'ye	3	14285
roberto	3	14286
roblox	3	14287
rodrigo	3	14288
rolex	3	14289
rumeli	3	14290
russell	3	14291
rutte	3	14292
rönesans	3	14293
sabah'a	3	14294
sedaş	3	14295
sma	3	14296
smo	3	14297
spf	3	14298
saba	3	14299
sabah'ın	3	14300
sabahattin	3	14301
salihli	3	14302
salt	3	14303
samsunspor'un	3	14304
sanatkârlar	3	14305
santarelli	3	14306
saraylar	3	14307
sarp	3	14308
sarıkaya	3	14309
sarıyer'de	3	14310
satürn	3	14311
savcılar	3	14312
saygun	3	14313
scholz'un	3	14314
scott	3	14315
seben	3	14316
sema	3	14317
senfoni	3	14318
sergey	3	14319
sergide	3	14320
sergio	3	14321
serpil	3	14322
sertif	3	14323
sevilay	3	14324
seydikemer	3	14325
seyit	3	14326
shadow	3	14327
siirt	3	14328
siirt'te	3	14329
sina	3	14330
sivrioğlu	3	14331
smith	3	14332
sn	3	14333
solay	3	14334
soma	3	14335
somali'de	3	14336
somer	3	14337
songül	3	14338
sony	3	14339
soydan	3	14340
space	3	14341
spacex	3	14342
special	3	14343
starlink	3	14344
steam	3	14345
subaşı	3	14346
sudani	3	14347
sunal	3	14348
sunal'ın	3	14349
sungurlu	3	14350
suriyeliler	3	14351
susam	3	14352
szymanski	3	14353
söke	3	14354
süreyya	3	14355
tag	3	14356
tbb	3	14357
tbmm'ye	3	14358
tcdd	3	14359
thy'nin	3	14360
tır'ı	3	14361
tl'si	3	14362
tadic	3	14363
talha	3	14364
talus	3	14365
taneleri	3	14366
tapınağı	3	14367
taylan	3	14368
tayvanlı	3	14369
taş'ın	3	14370
tekel	3	14371
teklifle	3	14372
telegram	3	14373
telekom	3	14374
tema	3	14375
temelde	3	14376
tenisi	3	14377
teoman'ın	3	14378
terazi	3	14379
tesisleri'nde	3	14380
tevfik	3	14381
teyze	3	14382
tiran'da	3	14383
togg'u	3	14384
togg'un	3	14385
tok'un	3	14386
topaloğlu	3	14387
toplantısı'na	3	14388
toronto	3	14389
toroğlu	3	14390
trabzonspor'u	3	14391
tugay'ın	3	14392
tunalı	3	14393
turhan	3	14394
turkish	3	14395
tuva	3	14396
tümosan	3	14397
tüvtürk	3	14398
tüik'in	3	14399
tüneli	3	14400
türkan	3	14401
türker	3	14402
türkmenistan	3	14403
türkçe'de	3	14404
türkçe'ye	3	14405
tika	3	14406
ucm	3	14407
uefa'dan	3	14408
ukrayna'daki	3	14409
ukrayna'yı	3	14410
ukraynalı	3	14411
union	3	14412
unutulmamalıdır	3	14413
ustaoğlu	3	14414
uykusuzluk	3	14415
uzmanlara	3	14416
uçum	3	14417
uşak	3	14418
uşak'ta	3	14419
vahidi	3	14420
vakıfbank	3	14421
varol	3	14422
veliaht	3	14423
venedik	3	14424
venezuela'ya	3	14425
victoria	3	14426
vincenzo	3	14427
viranşehir	3	14428
viyana'da	3	14429
vodafone	3	14430
volodimir	3	14431
vural'ın	3	14432
wisconsin	3	14433
wolfsburg	3	14434
x'te	3	14435
x'ten	3	14436
ysk'nın	3	14437
yahudilerin	3	14438
yalı	3	14439
yaylası	3	14440
yayınlandığı	3	14441
yelkenci	3	14442
yemen'e	3	14443
yeşim	3	14444
yolu'nda	3	14445
yoon	3	14446
yörük	3	14447
yürüyüşün	3	14448
yüzyılı'nda	3	14449
yıldırım'ın	3	14450
yıldız'ın	3	14451
zazalar	3	14452
zeydan	3	14453
zeytun	3	14454
zorluoğlu	3	14455
zuhal	3	14456
abonelik	3	14457
adada	3	14458
adamlarının	3	14459
adamının	3	14460
adaylardan	3	14461
adaylarımızı	3	14462
adaylarıyla	3	14463
adaylığından	3	14464
adede	3	14465
adetle	3	14466
adresinden	3	14467
adresine	3	14468
adımda	3	14469
adımlardan	3	14470
adımlarını	3	14471
adımın	3	14472
aerodinamik	3	14473
afetler	3	14474
afette	3	14475
afiş	3	14476
aftan	3	14477
ahşaba	3	14478
aidiyet	3	14479
ailecek	3	14480
aileden	3	14481
ailemin	3	14482
ailemle	3	14483
ailesinden	3	14484
akdinin	3	14485
aklım	3	14486
akrabaları	3	14487
akrabası	3	14488
aksaklıkları	3	14489
aksini	3	14490
aktarılırken	3	14491
akıntısı	3	14492
akınına	3	14493
akışında	3	14494
akşamki	3	14495
alabileceği	3	14496
alabileceğini	3	14497
alabilirler	3	14498
alabilirsiniz	3	14499
alabiliyorlar	3	14500
alacakları	3	14501
alacağım	3	14502
alakası	3	14503
alandan	3	14504
alanlarındaki	3	14505
alanlarından	3	14506
alanından	3	14507
alarmı	3	14508
aldınız	3	14509
aldığına	3	14510
aleti	3	14511
aletleri	3	14512
alevlendirdi	3	14513
alevleri	3	14514
alkışlanması	3	14515
almadığı	3	14516
almalı	3	14517
almamız	3	14518
almıştık	3	14519
alternatifleri	3	14520
altyapısında	3	14521
altyapıya	3	14522
altyapıyı	3	14523
alıcının	3	14524
alınabilecek	3	14525
alınabileceği	3	14526
alınabilir	3	14527
alınmadan	3	14528
alınmalı	3	14529
alınmasıyla	3	14530
alınmayacak	3	14531
alınmıştır	3	14532
alıntılayan	3	14533
alırız	3	14534
alıyorsunuz	3	14535
alışkanlıklar	3	14536
alışverişine	3	14537
amaca	3	14538
amacını	3	14539
amaçlar	3	14540
amiral	3	14541
amirleri	3	14542
amorti	3	14543
and	3	14544
andı	3	14545
anlamalı	3	14546
anlaması	3	14547
anların	3	14548
anlarında	3	14549
anlatacak	3	14550
anlatsak	3	14551
anlattığı	3	14552
anlattığımız	3	14553
anlatırken	3	14554
anlayışa	3	14555
anlayışına	3	14556
anlaşarak	3	14557
anlaşmasını	3	14558
anlaştıklarını	3	14559
anlaştığını	3	14560
annelere	3	14561
annelerin	3	14562
antiseptik	3	14563
antlaşması	3	14564
antrenmanın	3	14565
antrenörler	3	14566
anılacak	3	14567
anılarla	3	14568
anılarını	3	14569
anıldığı	3	14570
anını	3	14571
aptal	3	14572
aracında	3	14573
aradayız	3	14574
aradık	3	14575
aradım	3	14576
araladı	3	14577
aralığını	3	14578
aranması	3	14579
ararken	3	14580
ararlar	3	14581
aratmayan	3	14582
arayanların	3	14583
arayış	3	14584
arazisinin	3	14585
araziyi	3	14586
araçtır	3	14587
araştırmaktadır	3	14588
araştırmaların	3	14589
araştırıldığı	3	14590
araştırılmaya	3	14591
arbede	3	14592
arkadaşa	3	14593
arkadaşlarımızdan	3	14594
arkamıza	3	14595
aronya	3	14596
artabilir	3	14597
artacaktır	3	14598
artacağına	3	14599
artmaya	3	14600
artmıştır	3	14601
arttırıldı	3	14602
artıracaktır	3	14603
artıracağını	3	14604
artırmada	3	14605
artırmanın	3	14606
artırıldı	3	14607
artırılmasının	3	14608
artırıyoruz	3	14609
artışlarına	3	14610
artışını	3	14611
arzusunun	3	14612
arzını	3	14613
arıcılık	3	14614
arıları	3	14615
arındırmak	3	14616
arıyorsanız	3	14617
asiste	3	14618
asistinde	3	14619
askerin	3	14620
askerlikten	3	14621
askıda	3	14622
asli	3	14623
asma	3	14624
astrolojik	3	14625
asır	3	14626
asırlık	3	14627
atacak	3	14628
atamaları	3	14629
ataması	3	14630
atandığını	3	14631
atanır	3	14632
ateşinde	3	14633
atların	3	14634
atmasını	3	14635
atmosferi	3	14636
attıklarını	3	14637
attım	3	14638
atölyede	3	14639
atıkların	3	14640
atıldığını	3	14641
atılma	3	14642
atılmış	3	14643
atılır	3	14644
atış	3	14645
auta	3	14646
avantajlar	3	14647
avroyu	3	14648
avı	3	14649
ayakkabılar	3	14650
ayar	3	14651
ayağından	3	14652
aylarını	3	14653
aylıklarına	3	14654
ayrılacağı	3	14655
ayrılmak	3	14656
ayrılmasını	3	14657
ayrılmasının	3	14658
ayrılmaz	3	14659
ayrılmış	3	14660
ayrılıp	3	14661
ayrılığına	3	14662
ayrım	3	14663
ayrımcı	3	14664
ayrımı	3	14665
ayrıntı	3	14666
ayrıntılarıyla	3	14667
ayrışma	3	14668
ayını	3	14669
ayırma	3	14670
ayırmak	3	14671
ayırmayı	3	14672
ayırıp	3	14673
azaltacak	3	14674
azaltmanın	3	14675
azami	3	14676
azim	3	14677
azimle	3	14678
azmi	3	14679
açabileceğini	3	14680
açacağı	3	14681
açmaya	3	14682
açtılar	3	14683
açtım	3	14684
açıklamalara	3	14685
açıklamalarla	3	14686
açıklamaların	3	14687
açıklamalarında	3	14688
açıklamalarıyla	3	14689
açıklamayla	3	14690
açıklanacağını	3	14691
açıklanmasını	3	14692
açıklayacak	3	14693
açıklayarak	3	14694
açıklığa	3	14695
açıktır	3	14696
açılacağını	3	14697
açılarını	3	14698
açılmasına	3	14699
açılmasını	3	14700
açılıyor	3	14701
açısıyla	3	14702
açıyoruz	3	14703
açığın	3	14704
açığını	3	14705
ağabeyinin	3	14706
ağaca	3	14707
ağları	3	14708
ağlarına	3	14709
ağrılar	3	14710
ağrıları	3	14711
ağustosta	3	14712
ağırlamaktan	3	14713
ağırlamaya	3	14714
ağırlayan	3	14715
ağırlaştı	3	14716
ağırlığını	3	14717
aşama	3	14718
aşamalarında	3	14719
aşamasını	3	14720
aşka	3	14721
aşma	3	14722
aşmış	3	14723
aşımı	3	14724
aşının	3	14725
aşısı	3	14726
babaları	3	14727
babalık	3	14728
babasıyla	3	14729
bacağına	3	14730
bacağından	3	14731
bademcik	3	14732
bahanesiyle	3	14733
baharat	3	14734
bahse	3	14735
bahsederek	3	14736
bahsetmesi	3	14737
bahçeye	3	14738
bakanlara	3	14739
bakanların	3	14740
bakanlıkta	3	14741
bakar	3	14742
bakarsanız	3	14743
bakiye	3	14744
bakma	3	14745
bakmamız	3	14746
bakmaya	3	14747
baktık	3	14748
baktığı	3	14749
bakımında	3	14750
bakımını	3	14751
bakışta	3	14752
balya	3	14753
balı	3	14754
balın	3	14755
balığı	3	14756
balığın	3	14757
bandına	3	14758
bankalarda	3	14759
barajların	3	14760
barbar	3	14761
bardağı	3	14762
bariyerlerle	3	14763
barındırıyor	3	14764
barışın	3	14765
barışına	3	14766
basan	3	14767
basittir	3	14768
baskıların	3	14769
baskınlarda	3	14770
baskının	3	14771
bastım	3	14772
bastığı	3	14773
basılı	3	14774
basım	3	14775
batısı	3	14776
batıya	3	14777
baya	3	14778
bayrağımız	3	14779
bağlandı	3	14780
bağlanmış	3	14781
bağlantılar	3	14782
bağlantılarla	3	14783
bağlanır	3	14784
bağlılıklarını	3	14785
bağlılığın	3	14786
bağımsızlığı	3	14787
bağın	3	14788
bağışıklığı	3	14789
başaracağız	3	14790
başarılarına	3	14791
başarılarının	3	14792
başkanımızla	3	14793
başkanını	3	14794
başkentin	3	14795
başlamaz	3	14796
başlamıştır	3	14797
başlanan	3	14798
başlarını	3	14799
başlatan	3	14800
başlatmasının	3	14801
başlattık	3	14802
başlattığımız	3	14803
başlatıldığı	3	14804
başlayabilirsiniz	3	14805
başlayacağına	3	14806
başlayanlar	3	14807
başlayın	3	14808
başlıklar	3	14809
başlıkta	3	14810
başvurduğu	3	14811
başvurusuna	3	14812
başörtüsü	3	14813
başımız	3	14814
başınıza	3	14815
bebeğimiz	3	14816
becerileri	3	14817
bedelin	3	14818
bedeller	3	14819
beklediğimiz	3	14820
beklediğiniz	3	14821
beklemediği	3	14822
beklemektedir	3	14823
bekleneni	3	14824
beklenmiyor	3	14825
beklentisini	3	14826
beklentisinin	3	14827
bekleyin	3	14828
bekliyorum	3	14829
belde	3	14830
belediyelerine	3	14831
belediyelerle	3	14832
belediyeyi	3	14833
belgesini	3	14834
belirlediğimiz	3	14835
belirlendiği	3	14836
belirlenerek	3	14837
belirlenmedi	3	14838
belirlenmesinin	3	14839
belirleyen	3	14840
belirleyerek	3	14841
belirliyor	3	14842
belirsizliği	3	14843
belirsizliğini	3	14844
belirtip	3	14845
belirtir	3	14846
belirttikleri	3	14847
benimseyen	3	14848
benlik	3	14849
benzine	3	14850
benzinli	3	14851
beraberliğimizi	3	14852
berber	3	14853
bereketin	3	14854
besindir	3	14855
besleyen	3	14856
beste	3	14857
beyanda	3	14858
beygir	3	14859
bezelye	3	14860
beğendiği	3	14861
bi	3	14862
biberiye	3	14863
bildikleri	3	14864
bildirdiği	3	14865
bildirdiğini	3	14866
bildiren	3	14867
bildirimleri	3	14868
bildiriyoruz	3	14869
bildirmişti	3	14870
bildiğini	3	14871
bileklik	3	14872
biletleri	3	14873
bileşen	3	14874
bileşikler	3	14875
bilgilendirilmesi	3	14876
bilgilendirmek	3	14877
bilgilendirmeler	3	14878
bilgilerle	3	14879
bilimci	3	14880
bilimi	3	14881
bilin	3	14882
bilinmediğini	3	14883
bilinmesi	3	14884
bilip	3	14885
bilirim	3	14886
biliriz	3	14887
bilirler	3	14888
biliyordum	3	14889
bilişsel	3	14890
bilmediğim	3	14891
bilmediğini	3	14892
bilmeyen	3	14893
bilmiyordum	3	14894
bilmiyorsanız	3	14895
bilsin	3	14896
binalara	3	14897
binasını	3	14898
bindi	3	14899
binerek	3	14900
binin	3	14901
birbirimizden	3	14902
birbirinin	3	14903
birbirlerinin	3	14904
bireylerde	3	14905
bireylere	3	14906
bireyleri	3	14907
biriken	3	14908
birikimi	3	14909
birikintileri	3	14910
birikmiş	3	14911
birimizin	3	14912
birincilik	3	14913
birinde	3	14914
birinden	3	14915
birisidir	3	14916
biriyle	3	14917
birleşen	3	14918
birleştirerek	3	14919
birliklerin	3	14920
birliktelik	3	14921
birliğinin	3	14922
birşey	3	14923
biteni	3	14924
bitirdi	3	14925
bitiyor	3	14926
bitkileri	3	14927
bitkilerin	3	14928
bitkisi	3	14929
bitmeden	3	14930
bittiğinde	3	14931
bizlerle	3	14932
biçimi	3	14933
biçimini	3	14934
biçimlerini	3	14935
bloke	3	14936
boksör	3	14937
bolca	3	14938
bombardıman	3	14939
borcudur	3	14940
borusu	3	14941
borçla	3	14942
botla	3	14943
botoks	3	14944
boyama	3	14945
boynumuzun	3	14946
boyutlarıyla	3	14947
boyutta	3	14948
boyutuna	3	14949
boyutunun	3	14950
bozmasın	3	14951
bozuklukları	3	14952
bozukluğu	3	14953
bozulan	3	14954
bozulma	3	14955
boğuldu	3	14956
boşandığı	3	14957
branş	3	14958
bulacak	3	14959
bulacaktır	3	14960
bulamayan	3	14961
bulantı	3	14962
bulantısı	3	14963
bulaşır	3	14964
buldular	3	14965
bulgu	3	14966
bulmuyorum	3	14967
bulsun	3	14968
bulunacaklarını	3	14969
bulunduğuna	3	14970
bulunmamaktadır	3	14971
bulunmanın	3	14972
bulunmasını	3	14973
bulunmasıyla	3	14974
bulunulmuştur	3	14975
bulunuyorum	3	14976
bulurken	3	14977
buluşmak	3	14978
buluşturmak	3	14979
buluşturuyor	3	14980
bunca	3	14981
bungalov	3	14982
buranın	3	14983
buyurun	3	14984
buzağı	3	14985
buğdayın	3	14986
buğulama	3	14987
böcek	3	14988
böldü	3	14989
bölgelerindeki	3	14990
bölgelerinden	3	14991
bölümleri	3	14992
bölümlerinde	3	14993
börek	3	14994
böylesine	3	14995
bülten	3	14996
bültenle	3	14997
bürokratik	3	14998
bütçelerine	3	14999
bütünlüğüne	3	15000
büyüklükte	3	15001
büyüklüğüne	3	15002
büyükşehirlerde	3	15003
büyülü	3	15004
büyümeden	3	15005
büyümesine	3	15006
büyümesiyle	3	15007
büyümüş	3	15008
büyürken	3	15009
büyüğü	3	15010
bırakmamak	3	15011
bırakmanın	3	15012
bırakmayın	3	15013
bırakmıyor	3	15014
bıraktığımız	3	15015
bırakıyorlar	3	15016
bıçaklandı	3	15017
bıçaklayarak	3	15018
caddede	3	15019
camiada	3	15020
camiasına	3	15021
camiasında	3	15022
canlandıranın	3	15023
canı	3	15024
canım	3	15025
canımı	3	15026
canına	3	15027
caretta	3	15028
cebine	3	15029
cevizi	3	15030
cezalandırılması	3	15031
cezalandırılmasını	3	15032
cezasının	3	15033
cihazlarda	3	15034
cilde	3	15035
ciltte	3	15036
cinayetleri	3	15037
cinayetten	3	15038
cinsiyete	3	15039
cips	3	15040
cumaya	3	15041
cömert	3	15042
cümleyi	3	15043
daireyi	3	15044
dakikalarca	3	15045
dakikalarında	3	15046
damak	3	15047
darbedildi	3	15048
davayı	3	15049
davetiye	3	15050
davetlisi	3	15051
davranışların	3	15052
davranışlarını	3	15053
davranışsal	3	15054
dayanıklılığı	3	15055
dayanışmayı	3	15056
dağıtmak	3	15057
dağıtılan	3	15058
dedesinin	3	15059
dedikodu	3	15060
dediniz	3	15061
dediğimizde	3	15062
dekoratif	3	15063
delegelerin	3	15064
delilleri	3	15065
demenin	3	15066
demişler	3	15067
demokrasiye	3	15068
deneme	3	15069
denemesi	3	15070
denetimlerinde	3	15071
denetledi	3	15072
deneyimleme	3	15073
deneysel	3	15074
dengelerin	3	15075
denir	3	15076
denizanası	3	15077
denizlerin	3	15078
denmez	3	15079
deplasmanından	3	15080
depremlerinde	3	15081
depremzedeler	3	15082
derbisine	3	15083
derde	3	15084
derdimiz	3	15085
dereceyle	3	15086
derginin	3	15087
dergisi	3	15088
dergisinin	3	15089
derinleştiriyor	3	15090
derler	3	15091
dersin	3	15092
dersiniz	3	15093
derste	3	15094
desem	3	15095
destekledi	3	15096
desteklediklerini	3	15097
desteklemekten	3	15098
desteklenen	3	15099
desteklenmesi	3	15100
desteklerin	3	15101
desteklerle	3	15102
destekçilerine	3	15103
desteğine	3	15104
detaylarına	3	15105
detayına	3	15106
devirdi	3	15107
devletimize	3	15108
devletimizi	3	15109
devletine	3	15110
devredildi	3	15111
devrik	3	15112
deyimdir	3	15113
deyin	3	15114
dezavantajlı	3	15115
değere	3	15116
değerin	3	15117
değerinin	3	15118
değerleme	3	15119
değerlendirecek	3	15120
değerlendireceğini	3	15121
değerlendirerek	3	15122
değerlendirildiğinde	3	15123
değerlendirilebilir	3	15124
değerlendirilmesini	3	15125
değerlendiriyoruz	3	15126
değerlendirmelere	3	15127
değerlendirmeleri	3	15128
değerlendirmelerini	3	15129
değerlere	3	15130
değişimlerini	3	15131
değişir	3	15132
değişmedi	3	15133
değişmiş	3	15134
değiştirdik	3	15135
dibinden	3	15136
dijitalleşme	3	15137
dikilen	3	15138
dilden	3	15139
dileklerimle	3	15140
dilekçe	3	15141
dilekçesini	3	15142
dilemesi	3	15143
dileğiyle	3	15144
dilimi	3	15145
dilimler	3	15146
dilini	3	15147
diller	3	15148
dillere	3	15149
dinamiklerini	3	15150
dininde	3	15151
dinle	3	15152
dinler	3	15153
dinleyerek	3	15154
dinliyor	3	15155
dip	3	15156
dirayetli	3	15157
direğe	3	15158
diri	3	15159
diyaloğu	3	15160
diyaloğun	3	15161
diyecek	3	15162
diyeceksin	3	15163
diyemeyiz	3	15164
diyenlerin	3	15165
diyetle	3	15166
diyorsa	3	15167
diyorsun	3	15168
dizayn	3	15169
diğerinin	3	15170
diğerlerinden	3	15171
dişleri	3	15172
dobra	3	15173
doktorunuza	3	15174
dokunmak	3	15175
dokunulmaması	3	15176
dokunun	3	15177
dolandırdığı	3	15178
dolarına	3	15179
doludur	3	15180
dondurma	3	15181
dondurucu	3	15182
dopamin	3	15183
dostlarımız	3	15184
dostlarımıza	3	15185
doğada	3	15186
doğduğu	3	15187
doğranmış	3	15188
dumanlar	3	15189
dumanları	3	15190
durakta	3	15191
durağa	3	15192
durduruldu	3	15193
durmakta	3	15194
durmalı	3	15195
durmaya	3	15196
durmayı	3	15197
duruluyor	3	15198
durumlarını	3	15199
durup	3	15200
dururken	3	15201
duyarsız	3	15202
duyduğum	3	15203
duygular	3	15204
duygulara	3	15205
duyuldu	3	15206
duyurduğu	3	15207
duyurulan	3	15208
döndük	3	15209
döneceği	3	15210
dönemdeyiz	3	15211
dönemlerinde	3	15212
dönerken	3	15213
dönmedi	3	15214
dönmeyi	3	15215
dönümlük	3	15216
dönünce	3	15217
dönüyorlar	3	15218
dönüştürdü	3	15219
dönüştürücü	3	15220
dönüştüğü	3	15221
dönüşümde	3	15222
dönüşümdür	3	15223
dönüşümle	3	15224
dönüşünde	3	15225
dördü	3	15226
dörtte	3	15227
dövdü	3	15228
dünyadan	3	15229
dünyasındaki	3	15230
düzeltmek	3	15231
düzenine	3	15232
düzeninin	3	15233
düzenlemesine	3	15234
düzenlemeyi	3	15235
düzenlemişti	3	15236
düğünü	3	15237
düşeceği	3	15238
düşeni	3	15239
düşmana	3	15240
düşmanlık	3	15241
düşmanıdır	3	15242
düşmanım	3	15243
düşmedi	3	15244
düşmesine	3	15245
düşmesiyle	3	15246
düşmüştü	3	15247
düştük	3	15248
düşüncelerle	3	15249
düşüncesiyle	3	15250
düşündüm	3	15251
düşündüğü	3	15252
düşünenler	3	15253
düşünmediğini	3	15254
düşünmek	3	15255
düşünülebilir	3	15256
düşünülen	3	15257
düşünülerek	3	15258
düşünülmektedir	3	15259
düşünülür	3	15260
düşürdüğü	3	15261
düşüren	3	15262
düşürmesi	3	15263
düşüşler	3	15264
düşüşünü	3	15265
dışarıya	3	15266
dışıdır	3	15267
dışılıkla	3	15268
ebediyete	3	15269
ebeveyn	3	15270
eczanede	3	15271
eczanenin	3	15272
edebileceğini	3	15273
edecekti	3	15274
edeceğimizi	3	15275
edemeyiz	3	15276
edemiyor	3	15277
edene	3	15278
ederseniz	3	15279
edilene	3	15280
edilirler	3	15281
edilme	3	15282
edilmedi	3	15283
edilmeli	3	15284
edilmesinde	3	15285
edilmeyecek	3	15286
edilse	3	15287
ediniyor	3	15288
edinmek	3	15289
edinmiş	3	15290
ekibimizce	3	15291
ekilen	3	15292
ekiple	3	15293
eklemek	3	15294
eklenince	3	15295
eklenmesi	3	15296
ekleyen	3	15297
ekliyor	3	15298
ekonomideki	3	15299
ekonomisini	3	15300
ekonomiyle	3	15301
ekosistemin	3	15302
ekranlarından	3	15303
eksiklik	3	15304
elebaşının	3	15305
elektriğin	3	15306
elementine	3	15307
eleştirel	3	15308
eleştirilerde	3	15309
elle	3	15310
elzem	3	15311
emeklilerimize	3	15312
emeklilerimizin	3	15313
emeklilikte	3	15314
emekliyi	3	15315
emekçilerin	3	15316
emekçilerine	3	15317
emeğin	3	15318
emilimini	3	15319
emperyalist	3	15320
emperyalistler	3	15321
emrine	3	15322
emsal	3	15323
endeksinde	3	15324
endeksleri	3	15325
ender	3	15326
endişelerinin	3	15327
endişeye	3	15328
enfeksiyonların	3	15329
enfeksiyonun	3	15330
enfekte	3	15331
enfes	3	15332
enflasyondan	3	15333
engebeli	3	15334
engelini	3	15335
engelledi	3	15336
engellenen	3	15337
engelleyen	3	15338
engellilerin	3	15339
engelliyor	3	15340
enkazından	3	15341
entübe	3	15342
envanterine	3	15343
eri	3	15344
eriyen	3	15345
eriyor	3	15346
erişimi	3	15347
erkeklere	3	15348
erkekleri	3	15349
erkeklerin	3	15350
ermesinin	3	15351
ermesiyle	3	15352
ertelenmesi	3	15353
esasa	3	15354
eserlerin	3	15355
eserleriyle	3	15356
eserlerle	3	15357
esirgemeyen	3	15358
esiri	3	15359
esirlerin	3	15360
esnaflar	3	15361
esnafımız	3	15362
etiketi	3	15363
etiketleri	3	15364
etken	3	15365
etkilediği	3	15366
etkilemiş	3	15367
etkilenecek	3	15368
etkileniyor	3	15369
etkilerin	3	15370
etkileyebileceği	3	15371
etkileyebileceğini	3	15372
etkileşimi	3	15373
etkisine	3	15374
etmediğim	3	15375
etmeksizin	3	15376
etmektir	3	15377
etmeliyiz	3	15378
etmemiz	3	15379
etmeyeceği	3	15380
etmeyeceğini	3	15381
etrafına	3	15382
etrafını	3	15383
etse	3	15384
ettiniz	3	15385
ettirdi	3	15386
ettirdiği	3	15387
ettirecek	3	15388
evladı	3	15389
evlerinden	3	15390
evliliğinde	3	15391
eyaletteki	3	15392
eylemde	3	15393
eyleme	3	15394
eylemini	3	15395
eylesin	3	15396
eziyet	3	15397
eğitiminde	3	15398
eğitmen	3	15399
eğitmenler	3	15400
eşik	3	15401
eşin	3	15402
eşiyle	3	15403
eşyası	3	15404
faaliyeti	3	15405
faaliyetinde	3	15406
faaliyetlerinde	3	15407
faaliyetleriyle	3	15408
fabrikada	3	15409
fabrikası	3	15410
faciasının	3	15411
failin	3	15412
failleri	3	15413
faillerin	3	15414
fakir	3	15415
faktör	3	15416
fanatik	3	15417
farkın	3	15418
farkının	3	15419
faturaları	3	15420
faturalarını	3	15421
faturasını	3	15422
faul	3	15423
faydalanarak	3	15424
faydalanması	3	15425
faydalar	3	15426
faydalarının	3	15427
fedakârca	3	15428
felakete	3	15429
felaketinden	3	15430
felci	3	15431
fesheden	3	15432
feshederek	3	15433
feshetti	3	15434
festivale	3	15435
fetih	3	15436
fevkalade	3	15437
fidanların	3	15438
fidye	3	15439
fiilen	3	15440
fikirler	3	15441
fikirleri	3	15442
fikirlerin	3	15443
fikirlerini	3	15444
fikrini	3	15445
fikrinin	3	15446
filminde	3	15447
filminden	3	15448
filmleri	3	15449
filmlerini	3	15450
filtre	3	15451
fintech	3	15452
firmalarımız	3	15453
firmayı	3	15454
fiyatla	3	15455
fotoğraflarda	3	15456
fotoğrafta	3	15457
fotoğrafının	3	15458
fren	3	15459
frene	3	15460
fuarda	3	15461
futbolcudan	3	15462
futbolcularından	3	15463
futbolcuyu	3	15464
futbolseverler	3	15465
futbolseverleri	3	15466
futbolseverlerin	3	15467
futboluna	3	15468
fırlattı	3	15469
fırlattığı	3	15470
fırsatlarla	3	15471
fırsatların	3	15472
fıstıklı	3	15473
fıstığı	3	15474
fıtığı	3	15475
galiba	3	15476
galibiyetinin	3	15477
galibiyette	3	15478
garantili	3	15479
garson	3	15480
gayretle	3	15481
gayretlerini	3	15482
gaza	3	15483
gazetesine	3	15484
gazilerimize	3	15485
gazilerimizi	3	15486
gazının	3	15487
gebelik	3	15488
gecelik	3	15489
gecesinde	3	15490
gecesine	3	15491
geceyi	3	15492
gecikme	3	15493
geldikleri	3	15494
gelebileceğini	3	15495
geleceğimiz	3	15496
gelenekleri	3	15497
geleneği	3	15498
geleneğinde	3	15499
geleneğinin	3	15500
gelenleri	3	15501
gelenlerin	3	15502
gelenlerle	3	15503
gelini	3	15504
gelirler	3	15505
gelirlerine	3	15506
gelirlerini	3	15507
gelişime	3	15508
gelişir	3	15509
gelişmekte	3	15510
geliştikçe	3	15511
geliştiren	3	15512
geliştirildi	3	15513
geliştirilmesine	3	15514
geliştirir	3	15515
gelme	3	15516
gelmesine	3	15517
gelmesinin	3	15518
gelmeyi	3	15519
gelmez	3	15520
gemide	3	15521
gemilerle	3	15522
gemisinin	3	15523
genele	3	15524
genişleyen	3	15525
gerekirken	3	15526
gerekliliklerini	3	15527
gerekmekte	3	15528
gerekmez	3	15529
gerekmiyor	3	15530
gerekti	3	15531
gerektirir	3	15532
gerektiriyor	3	15533
gergin	3	15534
gerginlikler	3	15535
gerginliği	3	15536
gerilemenin	3	15537
gerilemesi	3	15538
gerilemeyi	3	15539
gerçekler	3	15540
gerçeklerden	3	15541
gerçekleşmesini	3	15542
gerçekleştirdiklerini	3	15543
gerçekleştirdiğimiz	3	15544
gerçekleştiğinde	3	15545
getirdiğimiz	3	15546
getireceklerini	3	15547
getireceğiz	3	15548
getirilecek	3	15549
getirileceğini	3	15550
getirilir	3	15551
getiriliyor	3	15552
getirilmesini	3	15553
getirilmiş	3	15554
getirmektedir	3	15555
getirmiş	3	15556
getirmişti	3	15557
gezegenin	3	15558
gezerken	3	15559
geçenlere	3	15560
geçerse	3	15561
geçilmesi	3	15562
geçince	3	15563
geçinen	3	15564
geçirip	3	15565
geçirirler	3	15566
geçirmelerine	3	15567
geçirmişti	3	15568
geçişine	3	15569
geçişini	3	15570
geçişler	3	15571
geçişleri	3	15572
geçmeden	3	15573
geçmediği	3	15574
geçmediğini	3	15575
geçmez	3	15576
geçmişiyle	3	15577
geçmiştir	3	15578
geçtikleri	3	15579
geçtikten	3	15580
geçtiler	3	15581
gibiydi	3	15582
gideceğiz	3	15583
gideri	3	15584
giderlerinin	3	15585
gidilmesi	3	15586
gidin	3	15587
gidişatını	3	15588
gidişi	3	15589
gidişin	3	15590
girdikleri	3	15591
girdiğinde	3	15592
girebilir	3	15593
girildi	3	15594
girilirken	3	15595
girişimciler	3	15596
girişimcilere	3	15597
girişimler	3	15598
girişimlerde	3	15599
girişimlerini	3	15600
girişinin	3	15601
girmiştir	3	15602
gitmiş	3	15603
gitmişti	3	15604
gitmiştim	3	15605
gittiler	3	15606
gittiğimde	3	15607
gittiğimizde	3	15608
gittiğinde	3	15609
gittiğiniz	3	15610
giyip	3	15611
giymiş	3	15612
gizlemek	3	15613
gizlice	3	15614
gişe	3	15615
glikoz	3	15616
grafiği	3	15617
gramlık	3	15618
grevi	3	15619
gribi	3	15620
gruba	3	15621
gruplarının	3	15622
gruptan	3	15623
gölgesinde	3	15624
gömmeye	3	15625
gönderdik	3	15626
gönderen	3	15627
göndererek	3	15628
gönderildiğini	3	15629
gönlünde	3	15630
gönüllüler	3	15631
gönüllülerin	3	15632
gördüğümüzde	3	15633
görevin	3	15634
görevlendirdi	3	15635
görevlendirilen	3	15636
görmediğini	3	15637
görmeli	3	15638
görüleceği	3	15639
görüleceğini	3	15640
görülmüştür	3	15641
görünmüyor	3	15642
görüntüledi	3	15643
görüntülenen	3	15644
görüntülerinin	3	15645
görüntülerle	3	15646
görünümünde	3	15647
görünümünü	3	15648
görünümüyle	3	15649
görüşen	3	15650
görüşlerine	3	15651
görüşmesinde	3	15652
görüştük	3	15653
görüştüm	3	15654
görüştüğü	3	15655
görüşüldü	3	15656
görüşüyoruz	3	15657
gösterdiğimiz	3	15658
göstereceğiz	3	15659
gösterici	3	15660
gösteride	3	15661
gösteriler	3	15662
gösterilerek	3	15663
gösterileri	3	15664
gösterilerle	3	15665
gösterip	3	15666
gösterisinde	3	15667
gösteriyoruz	3	15668
göstermeliyiz	3	15669
götürdüğü	3	15670
götürülürken	3	15671
götürüp	3	15672
gözetmeksizin	3	15673
gözlemlediklerini	3	15674
gözlemlendi	3	15675
gözlemliyoruz	3	15676
gözlerden	3	15677
gözlerin	3	15678
gözüyle	3	15679
göçle	3	15680
göçmenleri	3	15681
göğsünden	3	15682
gübreleme	3	15683
gücümüz	3	15684
güldürüyor	3	15685
güncellemeye	3	15686
güncellenmesi	3	15687
gündemden	3	15688
güneşe	3	15689
günlerce	3	15690
günlerine	3	15691
günlerini	3	15692
günübirlik	3	15693
günümüz	3	15694
gür	3	15695
güvencesi	3	15696
güvenlikle	3	15697
güvenliğimiz	3	15698
güvenliğin	3	15699
güçlendiren	3	15700
güçlenmesi	3	15701
güçlerince	3	15702
güçleriyle	3	15703
güçlüdür	3	15704
gıdada	3	15705
habercisi	3	15706
haberlerle	3	15707
hacca	3	15708
hacim	3	15709
hafifletebilir	3	15710
hafifletir	3	15711
hafızalara	3	15712
hafızalarda	3	15713
hafızanın	3	15714
hakeme	3	15715
hakikatin	3	15716
hakimlik	3	15717
hakkın	3	15718
hakkıyla	3	15719
haklar	3	15720
hakların	3	15721
haldeki	3	15722
halidir	3	15723
halkla	3	15724
halkları	3	15725
halkta	3	15726
hamlesini	3	15727
hammadde	3	15728
hanelere	3	15729
hanesine	3	15730
hanımları	3	15731
hapse	3	15732
haraç	3	15733
harcadığı	3	15734
harcamalar	3	15735
harcamalarının	3	15736
hareketine	3	15737
hareketinin	3	15738
hareketleri	3	15739
hareketlerin	3	15740
hareketlerine	3	15741
hareketlerini	3	15742
hareketliliğini	3	15743
harici	3	15744
harita	3	15745
harç	3	15746
hasarla	3	15747
hastalara	3	15748
hastalarda	3	15749
hastalarının	3	15750
hastalıktan	3	15751
hastanelerden	3	15752
hastaneyi	3	15753
hatalı	3	15754
hatası	3	15755
hattındaki	3	15756
hattının	3	15757
hatırlatma	3	15758
hatırlıyorum	3	15759
havası	3	15760
havayı	3	15761
havuz	3	15762
havuza	3	15763
hayallerine	3	15764
hayalleriniz	3	15765
hayatları	3	15766
hayatlarımız	3	15767
hayatlarının	3	15768
hayatından	3	15769
hayatınıza	3	15770
hayli	3	15771
hayranlık	3	15772
hayvanlarına	3	15773
hayvanlarını	3	15774
hazırda	3	15775
hazırladıkları	3	15776
hazırlanır	3	15777
hazırlayacağız	3	15778
hazırlıklara	3	15779
hazırlıkların	3	15780
hazırlıklarının	3	15781
haşlama	3	15782
haşlanmış	3	15783
heba	3	15784
hedefimizi	3	15785
hedefinde	3	15786
hedeflerimiz	3	15787
hedefliyorum	3	15788
hekimlerinin	3	15789
hektar	3	15790
helallik	3	15791
helikopterler	3	15792
hemzemin	3	15793
hepiniz	3	15794
hepsinden	3	15795
hesabındaki	3	15796
hesapladı	3	15797
hesaplama	3	15798
hesaplamalar	3	15799
hesaplanan	3	15800
hesaplar	3	15801
heykel	3	15802
heykelin	3	15803
heykelleri	3	15804
hissediyorum	3	15805
hissesi	3	15806
hissettik	3	15807
hissettim	3	15808
hissettiğini	3	15809
hizmetlerinden	3	15810
hiçbirinin	3	15811
hocaya	3	15812
hormon	3	15813
hoşgörülü	3	15814
hudut	3	15815
hukukla	3	15816
hurdaya	3	15817
husumettir	3	15818
huzura	3	15819
huzurevi	3	15820
hâlde	3	15821
hücrelerini	3	15822
hücum	3	15823
hükmündedir	3	15824
hükümetini	3	15825
hükümetleri	3	15826
hükümler	3	15827
hürmetle	3	15828
hızlandırır	3	15829
hızlandırıyor	3	15830
hızlanma	3	15831
hızı	3	15832
ibaresi	3	15833
iddialarda	3	15834
iddiasında	3	15835
ifadede	3	15836
ifadelerinde	3	15837
ifadelerinin	3	15838
ifadeleriyle	3	15839
ihaleler	3	15840
ihalesini	3	15841
ihracatını	3	15842
ihtilaflı	3	15843
ihtiyaçların	3	15844
ihtiyaçlarının	3	15845
iklimi	3	15846
ikramında	3	15847
iktidarının	3	15848
ilaca	3	15849
ilahi	3	15850
ilaçlama	3	15851
ilelebet	3	15852
ilerlemek	3	15853
ilerlemekte	3	15854
ilerlemeler	3	15855
ilerlemesini	3	15856
ilerlemiş	3	15857
ileten	3	15858
iletiyorum	3	15859
iletişimci	3	15860
iletişimde	3	15861
ilgilendi	3	15862
ilgilendiği	3	15863
ilgim	3	15864
ilgisine	3	15865
ilhak	3	15866
ilinde	3	15867
iline	3	15868
ilişkideki	3	15869
ilişkilerdeki	3	15870
ilişkilere	3	15871
ilişkilerimizi	3	15872
ilişkilerinin	3	15873
ilişkisinde	3	15874
ilkeleri	3	15875
illa	3	15876
illegal	3	15877
illerimizde	3	15878
iltihabı	3	15879
ilçeler	3	15880
ilçelerden	3	15881
ilçelerin	3	15882
ilçemize	3	15883
ilçemizin	3	15884
ilçesinden	3	15885
ima	3	15886
imkanlarla	3	15887
imkanlarımızı	3	15888
imkanına	3	15889
imzaladığı	3	15890
imzayı	3	15891
inancımızı	3	15892
inanmak	3	15893
inanın	3	15894
incelemelere	3	15895
incelenirken	3	15896
incelenmek	3	15897
indikten	3	15898
indirdik	3	15899
indirildi	3	15900
indirildiği	3	15901
indiriminin	3	15902
indirimlerine	3	15903
indiği	3	15904
infial	3	15905
inişe	3	15906
inovasyon	3	15907
insanlarda	3	15908
insanlarımıza	3	15909
insanlarından	3	15910
internetin	3	15911
inşaatın	3	15912
ipini	3	15913
ipuçlarını	3	15914
iradesine	3	15915
iradesinin	3	15916
irtibata	3	15917
irtifa	3	15918
isimden	3	15919
isimle	3	15920
ismine	3	15921
ismiyle	3	15922
istasyonları	3	15923
istasyonlarının	3	15924
istasyonuna	3	15925
istediğimizi	3	15926
istediğiniz	3	15927
isteklerini	3	15928
istekli	3	15929
istemez	3	15930
istemiş	3	15931
istemiştim	3	15932
istendiği	3	15933
istenirse	3	15934
istenmesi	3	15935
isterler	3	15936
isteyecek	3	15937
istifaya	3	15938
istihbaratı	3	15939
istikamette	3	15940
istilacı	3	15941
ithalatçı	3	15942
itirazlar	3	15943
itirazı	3	15944
itirazını	3	15945
ittifaka	3	15946
ivedilikle	3	15947
iyileştiren	3	15948
iyileştirir	3	15949
izle	3	15950
izledik	3	15951
izlemeyi	3	15952
izlenme	3	15953
izlenmesi	3	15954
izlerinin	3	15955
izleyenler	3	15956
izleyerek	3	15957
içerden	3	15958
içerdiğini	3	15959
içerikler	3	15960
içerisi	3	15961
içeriğinde	3	15962
içeriğindeki	3	15963
içeriğine	3	15964
içermektedir	3	15965
içimizde	3	15966
içindedir	3	15967
içindeler	3	15968
içlerindeki	3	15969
içtiği	3	15970
işbirlikçi	3	15971
işgalden	3	15972
işgücü	3	15973
işimi	3	15974
işimiz	3	15975
işimizi	3	15976
işinde	3	15977
işitme	3	15978
işkenceye	3	15979
işledikleri	3	15980
işlek	3	15981
işlemini	3	15982
işleminizi	3	15983
işlemiş	3	15984
işlemlerine	3	15985
işlendi	3	15986
işlendikten	3	15987
işlenerek	3	15988
işlenmiş	3	15989
işlerimiz	3	15990
işlerinin	3	15991
işleten	3	15992
işletmecisi	3	15993
işletmeciye	3	15994
işletmenin	3	15995
işletmeye	3	15996
işlevini	3	15997
işleyecek	3	15998
işleyerek	3	15999
işleyişi	3	16000
işliyor	3	16001
işsizliği	3	16002
işverenin	3	16003
işverenler	3	16004
işyerlerinde	3	16005
işyerlerine	3	16006
işçilere	3	16007
işçilik	3	16008
işçisi	3	16009
jandarmaya	3	16010
kabiliyeti	3	16011
kabiliyetini	3	16012
kabiliyetlerini	3	16013
kabri	3	16014
kabulü	3	16015
kabusa	3	16016
kabuğu	3	16017
kadrosunu	3	16018
kadınlardan	3	16019
kafelerde	3	16020
kafeye	3	16021
kahramanlık	3	16022
kahvenin	3	16023
kahvesi	3	16024
kalabalığa	3	16025
kalabilir	3	16026
kalacaklar	3	16027
kalacağı	3	16028
kalacağını	3	16029
kalacağız	3	16030
kalamaz	3	16031
kalanında	3	16032
kalbin	3	16033
kalbine	3	16034
kaldırmaya	3	16035
kaldırılmasına	3	16036
kaldırılmasını	3	16037
kaldırılıyor	3	16038
kaldırıp	3	16039
kaldığımız	3	16040
kalemi	3	16041
kalitesinden	3	16042
kalkmış	3	16043
kalkınmayı	3	16044
kalmadan	3	16045
kalmasıyla	3	16046
kalmayacağını	3	16047
kalmayan	3	16048
kalsa	3	16049
kalça	3	16050
kalınlığı	3	16051
kameraların	3	16052
kamikaze	3	16053
kampanyasını	3	16054
kampanyasıyla	3	16055
kampta	3	16056
kamuoyunun	3	16057
kamyondan	3	16058
kamyonetin	3	16059
kamyonu	3	16060
kamyonun	3	16061
kanaatindeyim	3	16062
kanadı	3	16063
kanatta	3	16064
kanserine	3	16065
kanserle	3	16066
kanuni	3	16067
kanı	3	16068
kanın	3	16069
kanıtları	3	16070
kaosa	3	16071
kapanacak	3	16072
kapanan	3	16073
kapanışta	3	16074
kapasiteye	3	16075
kapatacağız	3	16076
kaplama	3	16077
kaplayan	3	16078
kaplumbağa	3	16079
kapora	3	16080
kapsayıcı	3	16081
kaptanı	3	16082
kapıldı	3	16083
kapılmadan	3	16084
kapının	3	16085
kapısına	3	16086
kapısında	3	16087
kapısını	3	16088
karakola	3	16089
karakterine	3	16090
kararlara	3	16091
kararlarının	3	16092
kararlaştırdı	3	16093
karasal	3	16094
karbondioksit	3	16095
karbonhidrat	3	16096
karbonmonoksit	3	16097
kardeşimizi	3	16098
kardeşimizin	3	16099
kardeşin	3	16100
kardeşiniz	3	16101
kardeşlerimin	3	16102
kardeşlerimizle	3	16103
kare	3	16104
karede	3	16105
kariyeriyle	3	16106
kartıyla	3	16107
karı	3	16108
karıştırıcı	3	16109
karıştırıp	3	16110
karşıladığını	3	16111
karşılanması	3	16112
karşılar	3	16113
karşılaşmadan	3	16114
karşılaşmaları	3	16115
karşılaşması	3	16116
karşılaştık	3	16117
karşılaştığımız	3	16118
karşılaşıyoruz	3	16119
karşınızdaki	3	16120
karşıtlığı	3	16121
kasları	3	16122
kasıt	3	16123
kata	3	16124
katacak	3	16125
katacağız	3	16126
kataloğu	3	16127
katarak	3	16128
katlanacak	3	16129
katledilen	3	16130
katliamlara	3	16131
katliamları	3	16132
katliamlarına	3	16133
katmıştı	3	16134
katılanlar	3	16135
katılanlara	3	16136
katılmaya	3	16137
katılmayan	3	16138
katılımın	3	16139
katılıp	3	16140
katılıyor	3	16141
katını	3	16142
kavgası	3	16143
kavgasında	3	16144
kavram	3	16145
kavuşan	3	16146
kavşak	3	16147
kavşağa	3	16148
kavşağı	3	16149
kaybedecek	3	16150
kaybediyor	3	16151
kaybetme	3	16152
kaybettim	3	16153
kaybettiğimiz	3	16154
kaybettiğine	3	16155
kaybolduktan	3	16156
kaybolmasına	3	16157
kaybıyla	3	16158
kaydederek	3	16159
kaydederken	3	16160
kaydetmişti	3	16161
kaymasında	3	16162
kaymış	3	16163
kaynaklandı	3	16164
kaynaklarımız	3	16165
kaynaklarıyla	3	16166
kaynamaya	3	16167
kaynağıdır	3	16168
kaynağına	3	16169
kaynağını	3	16170
kayınvalidesi	3	16171
kayıplara	3	16172
kayıplarını	3	16173
kayıtlar	3	16174
kayıtsız	3	16175
kazaları	3	16176
kazaların	3	16177
kazalarında	3	16178
kazanabilirsiniz	3	16179
kazancın	3	16180
kazandıracağız	3	16181
kazandırdığı	3	16182
kazandırma	3	16183
kazandırılmasında	3	16184
kazanmıştı	3	16185
kazanılmış	3	16186
kazanım	3	16187
kazanır	3	16188
kazanırsa	3	16189
kazılar	3	16190
kazınan	3	16191
kaçarken	3	16192
kaçmadı	3	16193
kaçınma	3	16194
kaçınılması	3	16195
kaçınılmazdır	3	16196
kaçıp	3	16197
kaçırdı	3	16198
kaçış	3	16199
kaşar	3	16200
kaşık	3	16201
kederli	3	16202
kekik	3	16203
kelimeler	3	16204
kelimeleri	3	16205
kemeri	3	16206
kenarda	3	16207
kendileriyle	3	16208
kendinden	3	16209
kentinin	3	16210
kentlerden	3	16211
kentteki	3	16212
kesildiği	3	16213
kesilmesi	3	16214
kesimin	3	16215
kesiminden	3	16216
kesimine	3	16217
kesimini	3	16218
kesimlere	3	16219
kesimlerin	3	16220
kesimlerinin	3	16221
kesintiler	3	16222
kesintiye	3	16223
keçisi	3	16224
keşfetti	3	16225
kimle	3	16226
kimsesiz	3	16227
kimyasalların	3	16228
kin	3	16229
kiracılara	3	16230
kiracıların	3	16231
kiraladığı	3	16232
kirleten	3	16233
kirliliğine	3	16234
kirliliğinin	3	16235
kitabının	3	16236
kitaplarına	3	16237
kişilerdir	3	16238
kişiliği	3	16239
kişiselleştirilmiş	3	16240
kişiselleştirme	3	16241
klasman	3	16242
koalisyonu	3	16243
kodlarını	3	16244
koduyla	3	16245
kokain	3	16246
kolaylaştırıyor	3	16247
kolesterolü	3	16248
koltuklar	3	16249
kolunu	3	16250
komiser	3	16251
komisyonun	3	16252
kompakt	3	16253
komple	3	16254
komuta	3	16255
komşularının	3	16256
konağı	3	16257
kondu	3	16258
konforu	3	16259
konforunu	3	16260
kongremizi	3	16261
kongresinde	3	16262
konsantre	3	16263
konteynerine	3	16264
kontrollerin	3	16265
kontrolüne	3	16266
konudur	3	16267
konulacak	3	16268
konulup	3	16269
konumundaki	3	16270
konumunu	3	16271
konusudur	3	16272
konuşarak	3	16273
konuştum	3	16274
konvoyundaki	3	16275
koptuğu	3	16276
kopuk	3	16277
kopya	3	16278
koridoru	3	16279
korkan	3	16280
korkusu	3	16281
korkusuyla	3	16282
korumakla	3	16283
korumaları	3	16284
korumanın	3	16285
korunaklı	3	16286
korunma	3	16287
kovalayan	3	16288
koyacak	3	16289
koyar	3	16290
koyarak	3	16291
koyduğunu	3	16292
koyu	3	16293
koyuldu	3	16294
koşan	3	16295
koşarak	3	16296
koştu	3	16297
koşulların	3	16298
koşulsuz	3	16299
koşulu	3	16300
krediler	3	16301
kremi	3	16302
kriterlerine	3	16303
krizine	3	16304
krizler	3	16305
kuduz	3	16306
kullanabilirler	3	16307
kullanabilirsiniz	3	16308
kullanacağız	3	16309
kullandık	3	16310
kullanmadan	3	16311
kullanılabiliyor	3	16312
kullanılacağı	3	16313
kullanılacağını	3	16314
kullanılmasına	3	16315
kullanın	3	16316
kulübünde	3	16317
kulübüyle	3	16318
kulüplerinden	3	16319
kulüpte	3	16320
kumaş	3	16321
kumpas	3	16322
kupasını	3	16323
kurallarını	3	16324
kuralı	3	16325
kurmanın	3	16326
kurmasına	3	16327
kurtarılamayarak	3	16328
kurtarılarak	3	16329
kurtarıldığı	3	16330
kurtarış	3	16331
kurtulan	3	16332
kurtulma	3	16333
kurtulmaya	3	16334
kurtulmuştu	3	16335
kurullarına	3	16336
kurulumuz	3	16337
kuruluşlara	3	16338
kuruluşların	3	16339
kuruluşlarını	3	16340
kurumlarımızla	3	16341
kurumun	3	16342
kurumunun	3	16343
kurunu	3	16344
kuruyor	3	16345
kuruşluk	3	16346
kusursuz	3	16347
kusuru	3	16348
kutlama	3	16349
kutlamak	3	16350
kutlamalarla	3	16351
kutlamaları	3	16352
kutlaması	3	16353
kutuplaşma	3	16354
kutuplu	3	16355
kuvvette	3	16356
kuzeni	3	16357
kuzeybatı	3	16358
kuzeyi	3	16359
kuşatma	3	16360
kuşattığı	3	16361
kuşkusuz	3	16362
kuşu	3	16363
kökeninin	3	16364
kökten	3	16365
kömür	3	16366
köpeklerinin	3	16367
köprüden	3	16368
kötülüğü	3	16369
köyündeki	3	16370
köyünün	3	16371
kültüre	3	16372
kültüründe	3	16373
kültürünü	3	16374
kürsü	3	16375
kılar	3	16376
kılması	3	16377
kılınır	3	16378
kınadığını	3	16379
kırk	3	16380
kırmaya	3	16381
kırmızılı	3	16382
kırılganlığı	3	16383
kısmet	3	16384
kısımlarında	3	16385
kıtanın	3	16386
kıvama	3	16387
kıyafetler	3	16388
kıyafetleri	3	16389
kıyafetlerin	3	16390
kıymeti	3	16391
kıyısına	3	16392
kıza	3	16393
kızarıklık	3	16394
kızını	3	16395
kışın	3	16396
lacivertli	3	16397
lakaplı	3	16398
lanetliyoruz	3	16399
lehimize	3	16400
lekeleri	3	16401
lensler	3	16402
lezzeti	3	16403
lezzetlerin	3	16404
liderlere	3	16405
liderlerin	3	16406
liderliğe	3	16407
ligden	3	16408
liginde	3	16409
likidite	3	16410
limanlarından	3	16411
limit	3	16412
limitini	3	16413
linki	3	16414
liradır	3	16415
liraydı	3	16416
liseler	3	16417
listeden	3	16418
listesinden	3	16419
listesinin	3	16420
listeye	3	16421
litrelik	3	16422
lityum	3	16423
logo	3	16424
lojmanları	3	16425
lokanta	3	16426
lokma	3	16427
lüksü	3	16428
maaşlar	3	16429
madalyalar	3	16430
madalyayla	3	16431
maddelik	3	16432
maddesinin	3	16433
maddeyi	3	16434
madeni	3	16435
mafya	3	16436
mahallemizde	3	16437
mahallenin	3	16438
mahkemeden	3	16439
mahkemeler	3	16440
mahkemelerin	3	16441
mahkumlar	3	16442
mahrem	3	16443
mahrum	3	16444
makamlara	3	16445
makamlarının	3	16446
makamına	3	16447
makinesinde	3	16448
makinesinin	3	16449
mallarının	3	16450
malzemelerle	3	16451
malzemenin	3	16452
mantarı	3	16453
manuel	3	16454
markaları	3	16455
markasını	3	16456
markayı	3	16457
marketlerde	3	16458
masajı	3	16459
masasına	3	16460
masasının	3	16461
masumiyet	3	16462
materyaller	3	16463
mazbatanın	3	16464
mazlumlara	3	16465
maçla	3	16466
maçlarla	3	16467
maçlarına	3	16468
maçlarından	3	16469
maçımız	3	16470
maçındaki	3	16471
maçından	3	16472
mağaraya	3	16473
mağlubiyeti	3	16474
meditasyon	3	16475
medyasında	3	16476
mekanizmalar	3	16477
mekanlar	3	16478
mektup	3	16479
melanom	3	16480
memleketin	3	16481
memnunum	3	16482
memurları	3	16483
memurların	3	16484
memuruna	3	16485
menopoz	3	16486
mensup	3	16487
mercimek	3	16488
merdivenlerden	3	16489
mermiyle	3	16490
mesafeli	3	16491
mesajlara	3	16492
mesajının	3	16493
meseledir	3	16494
meselelerine	3	16495
meselesini	3	16496
metabolik	3	16497
metallerin	3	16498
metinlerde	3	16499
metreye	3	16500
metrobüse	3	16501
metruk	3	16502
mevsimi	3	16503
mevsimsel	3	16504
mevzuatta	3	16505
meyvedir	3	16506
meyvelerini	3	16507
meyvenin	3	16508
mezarı	3	16509
mezarının	3	16510
mezunları	3	16511
mihenk	3	16512
mikro	3	16513
milletini	3	16514
milletten	3	16515
milletvekillerini	3	16516
milletvekilliğinin	3	16517
milyara	3	16518
milyarder	3	16519
milyonlar	3	16520
milyonun	3	16521
minimize	3	16522
misafirlerimiz	3	16523
misin	3	16524
misli	3	16525
misyon	3	16526
mitinge	3	16527
miyim	3	16528
miyiz	3	16529
modelinin	3	16530
modellerinden	3	16531
modu	3	16532
molası	3	16533
montlar	3	16534
morga	3	16535
motorine	3	16536
motorinin	3	16537
motorları	3	16538
motosiklete	3	16539
motosikletteki	3	16540
mottosuyla	3	16541
mucizevi	3	16542
muhabbet	3	16543
muhasebe	3	16544
muhatap	3	16545
muhtarları	3	16546
muhtarlık	3	16547
mum	3	16548
mutfağının	3	16549
mücadeleler	3	16550
mücadelemize	3	16551
mücadelesine	3	16552
mücadelesiyle	3	16553
müdafaa	3	16554
müddetçe	3	16555
müjdesi	3	16556
mükelleflerin	3	16557
mülk	3	16558
mülki	3	16559
mürekkep	3	16560
müsabaka	3	16561
müsabakasında	3	16562
müsabakasının	3	16563
müsabakayı	3	16564
müsterih	3	16565
mütalaasını	3	16566
müttefik	3	16567
müttefiklerine	3	16568
müzakerelerine	3	16569
müzenin	3	16570
müzikal	3	16571
müşavirlik	3	16572
müşterisi	3	16573
nafaka	3	16574
nedenini	3	16575
nelere	3	16576
nelerin	3	16577
nerelerde	3	16578
nesli	3	16579
nesneler	3	16580
netleşti	3	16581
nettir	3	16582
neydi	3	16583
nikâh	3	16584
nisanda	3	16585
nitelenen	3	16586
niteliğini	3	16587
niyetine	3	16588
nişan	3	16589
noktalarını	3	16590
noktamız	3	16591
noktanın	3	16592
nominal	3	16593
nostaljik	3	16594
notta	3	16595
notuyla	3	16596
numaralarını	3	16597
numaralarının	3	16598
numarasını	3	16599
nüfusa	3	16600
nüfusta	3	16601
obruk	3	16602
ocaktan	3	16603
ocağa	3	16604
odada	3	16605
odaklanan	3	16606
odaklandı	3	16607
odaklandıklarını	3	16608
off	3	16609
ofislerin	3	16610
okudum	3	16611
okuldan	3	16612
okuluna	3	16613
okulunu	3	16614
okuyan	3	16615
olabildiğince	3	16616
olabileceğinin	3	16617
olabilmektedir	3	16618
olacaksınız	3	16619
olamayacak	3	16620
olamayan	3	16621
olasıdır	3	16622
olasılık	3	16623
olaylarına	3	16624
oldunuz	3	16625
olimpiyatlara	3	16626
olmalarıyla	3	16627
olmamak	3	16628
olmamakla	3	16629
olmayabilir	3	16630
olmayız	3	16631
olumsuzluk	3	16632
olunacak	3	16633
olunmalı	3	16634
olunmalıdır	3	16635
olunur	3	16636
oluyorum	3	16637
oluşmaktadır	3	16638
oluşmuş	3	16639
oluşturmaktadır	3	16640
oluşturulmasının	3	16641
oluşturuyoruz	3	16642
oluşumu	3	16643
oluşumuna	3	16644
onaylanan	3	16645
onca	3	16646
onurlandırmak	3	16647
operasyonlarla	3	16648
operasyonların	3	16649
operasyonlarına	3	16650
operasyonunun	3	16651
operası	3	16652
orana	3	16653
oranlar	3	16654
oranımızı	3	16655
orası	3	16656
organizasyonlar	3	16657
organları	3	16658
organlarında	3	16659
organlarını	3	16660
organı	3	16661
ormana	3	16662
ormandan	3	16663
ortaklığı	3	16664
ortalarına	3	16665
ortalığı	3	16666
ortamlarda	3	16667
ortamının	3	16668
ortasına	3	16669
oruçlu	3	16670
ot	3	16671
otobüse	3	16672
otobüslere	3	16673
otobüslerle	3	16674
otomobillere	3	16675
otoriter	3	16676
oturmasını	3	16677
oturum	3	16678
oturuma	3	16679
oturur	3	16680
otururken	3	16681
oybirliğiyle	3	16682
oylamada	3	16683
oyları	3	16684
oylarını	3	16685
oynamış	3	16686
oynanması	3	16687
oynayabilen	3	16688
oynayacağız	3	16689
oyuncaklar	3	16690
oyunculardan	3	16691
oyuncularıyla	3	16692
oyuncuyla	3	16693
oyuncuyu	3	16694
oyunda	3	16695
oyunlarına	3	16696
oyunlarıyla	3	16697
oğlunu	3	16698
pahasına	3	16699
paketin	3	16700
paketlerin	3	16701
palamut	3	16702
paneli	3	16703
pankartlar	3	16704
paralarla	3	16705
paraların	3	16706
parasal	3	16707
parite	3	16708
parkuru	3	16709
parkında	3	16710
parlamentonun	3	16711
parlayan	3	16712
partilere	3	16713
partililere	3	16714
parçaları	3	16715
parçasını	3	16716
patlamada	3	16717
patlatıldı	3	16718
patronu	3	16719
paylaşmaktan	3	16720
paylaşılmadı	3	16721
paylaşıma	3	16722
paylaşımlar	3	16723
paylaşımlarla	3	16724
paylaşımları	3	16725
paylaşımlarıyla	3	16726
paylaşımının	3	16727
paylaşırken	3	16728
payını	3	16729
pazara	3	16730
pazardaki	3	16731
pazarlık	3	16732
pembe	3	16733
pencere	3	16734
performansına	3	16735
personelle	3	16736
personellerin	3	16737
peygamberlerin	3	16738
peynirin	3	16739
pilav	3	16740
piyasadan	3	16741
piyasalara	3	16742
piyasalardaki	3	16743
pişiriyoruz	3	16744
pişkin	3	16745
piştikten	3	16746
plaj	3	16747
plajın	3	16748
plaket	3	16749
planla	3	16750
planlandı	3	16751
planlanmıştı	3	16752
planlarının	3	16753
planımız	3	16754
platforma	3	16755
platformlar	3	16756
platformlara	3	16757
platformlarından	3	16758
platformlarının	3	16759
platformundan	3	16760
polemik	3	16761
polen	3	16762
polislerin	3	16763
politik	3	16764
politikalarla	3	16765
politikalarıyla	3	16766
politikasına	3	16767
pompalı	3	16768
popülerlik	3	16769
posta	3	16770
potansiyele	3	16771
pozisyonlar	3	16772
pozisyonlarını	3	16773
pozları	3	16774
prestij	3	16775
problemini	3	16776
problemler	3	16777
profesyonellerinin	3	16778
programdan	3	16779
programlara	3	16780
programlarla	3	16781
programlarını	3	16782
projelerden	3	16783
projelerimiz	3	16784
projelerimizi	3	16785
projelerimizle	3	16786
protokolle	3	16787
protokolü	3	16788
protokolün	3	16789
puanlarla	3	16790
puanlarına	3	16791
puanlarını	3	16792
puanlı	3	16793
püre	3	16794
rahatlatacak	3	16795
rahatlık	3	16796
rahatsızlığının	3	16797
rahatça	3	16798
rahmetle	3	16799
rakamla	3	16800
rakamların	3	16801
rakamlarını	3	16802
rakamlarının	3	16803
rakamın	3	16804
rakamına	3	16805
rakibinin	3	16806
rakiplerinin	3	16807
raporlarıyla	3	16808
raporun	3	16809
rastlanan	3	16810
reddedildiği	3	16811
reddedilmesini	3	16812
reddi	3	16813
refahın	3	16814
refahını	3	16815
reformu	3	16816
refüje	3	16817
rehabilite	3	16818
rehberli	3	16819
rekorlar	3	16820
renklendi	3	16821
resimde	3	16822
resmî	3	16823
ressam	3	16824
ret	3	16825
reyhan	3	16826
rezervasyon	3	16827
reçete	3	16828
ribaunt	3	16829
risklere	3	16830
ritüel	3	16831
rivayet	3	16832
role	3	16833
rotasyon	3	16834
rotası	3	16835
rutin	3	16836
rüyaların	3	16837
rüyayı	3	16838
rızası	3	16839
saate	3	16840
saatinde	3	16841
saatini	3	16842
saatlerini	3	16843
saatlerinin	3	16844
sabırlar	3	16845
sabırsızlıkla	3	16846
saflık	3	16847
sahayı	3	16848
sahiline	3	16849
sahilleri	3	16850
sahiplerini	3	16851
sahipleriyle	3	16852
sahipsiz	3	16853
sahnelenecek	3	16854
sahnesi	3	16855
sahtecilik	3	16856
sakal	3	16857
sakinlerinden	3	16858
saklı	3	16859
salata	3	16860
saldırganlığının	3	16861
saldırması	3	16862
saldırıdan	3	16863
saldırıp	3	16864
saldırısıyla	3	16865
saldırıyor	3	16866
salona	3	16867
salonuna	3	16868
salça	3	16869
salınımı	3	16870
saman	3	16871
sanatseverlerle	3	16872
sanatçıların	3	16873
sanayide	3	16874
sanayisi	3	16875
sancak	3	16876
sancılı	3	16877
sandıkları	3	16878
saniyelik	3	16879
sanmıyorum	3	16880
santim	3	16881
sanıklı	3	16882
sarma	3	16883
sarıdan	3	16884
sarılmak	3	16885
satıcılarına	3	16886
satılırken	3	16887
satımı	3	16888
satımında	3	16889
satıp	3	16890
satışlar	3	16891
satışına	3	16892
satışını	3	16893
savaşmak	3	16894
savaşından	3	16895
savcılıktaki	3	16896
savcısının	3	16897
savrularak	3	16898
savunacak	3	16899
savunmaları	3	16900
savunmasında	3	16901
sayfalarında	3	16902
sayfalık	3	16903
saygılarımı	3	16904
sayılan	3	16905
sayıldığı	3	16906
sayılmasına	3	16907
sayıya	3	16908
saçma	3	16909
sağlamaları	3	16910
sağlamasını	3	16911
sağlanacağını	3	16912
sağlanmasına	3	16913
sağlanmasının	3	16914
sağlanmış	3	16915
sağlasa	3	16916
sağlayabiliriz	3	16917
sağlığının	3	16918
sebeplerle	3	16919
sebzeleri	3	16920
sebzelerin	3	16921
seferberlik	3	16922
seferberliği	3	16923
seferlik	3	16924
sektörlerden	3	16925
sektörüne	3	16926
selamlarını	3	16927
selamlıyorum	3	16928
sembollerin	3	16929
semptomlar	3	16930
semptomları	3	16931
senaryolar	3	16932
senaryosunu	3	16933
seneden	3	16934
senetleri	3	16935
sergilenen	3	16936
serin	3	16937
serisinin	3	16938
servisinde	3	16939
servisinin	3	16940
sesiniz	3	16941
seslenmek	3	16942
seslerinin	3	16943
set	3	16944
sete	3	16945
setleri	3	16946
setlerinde	3	16947
sette	3	16948
sevdası	3	16949
sevdiklerine	3	16950
sevdim	3	16951
sevenleri	3	16952
sevenlerinin	3	16953
severek	3	16954
sevgilisiyle	3	16955
sevimli	3	16956
seviyeden	3	16957
seviyelerde	3	16958
seviyelerinde	3	16959
seviyelerinin	3	16960
seviyorum	3	16961
sevkiyatı	3	16962
sevmek	3	16963
seyirciyle	3	16964
seyirle	3	16965
seyredeceği	3	16966
seyrine	3	16967
sezgisel	3	16968
sezonluk	3	16969
seçilerek	3	16970
seçiminden	3	16971
seçimiyle	3	16972
seçimlerinden	3	16973
seçmek	3	16974
seçmenler	3	16975
seçmenleri	3	16976
seçmenlerin	3	16977
sigaradan	3	16978
sigarası	3	16979
sigarayı	3	16980
sihirli	3	16981
silahları	3	16982
simgelerinden	3	16983
sineklerin	3	16984
sinirli	3	16985
sinyal	3	16986
siparişi	3	16987
sistematik	3	16988
sistemimiz	3	16989
sistemindeki	3	16990
sistemlere	3	16991
sistemlerinde	3	16992
sistemleriyle	3	16993
sistemli	3	16994
sitem	3	16995
sitesine	3	16996
siyasetinde	3	16997
siyasetine	3	16998
sofistike	3	16999
sofraları	3	17000
sokağı	3	17001
sola	3	17002
soluğu	3	17003
sonlarına	3	17004
sonrasına	3	17005
sonsuza	3	17006
sonuçlanan	3	17007
sonuçlarla	3	17008
sonuçlarıyla	3	17009
soran	3	17010
sorar	3	17011
sorumludur	3	17012
sorumlularından	3	17013
sorumluluğunda	3	17014
sorunlarla	3	17015
soruyorum	3	17016
soruşturmalar	3	17017
soruşturmasında	3	17018
soyadını	3	17019
soykırımına	3	17020
soğanları	3	17021
soğumaya	3	17022
spekülasyonlar	3	17023
sponsorluğunda	3	17024
sporda	3	17025
statü	3	17026
stokçuluk	3	17027
stratejileri	3	17028
stratejilerinin	3	17029
stratejinin	3	17030
strese	3	17031
sucukları	3	17032
sulandırıcı	3	17033
sularıyla	3	17034
sulu	3	17035
sunabilmek	3	17036
sunarken	3	17037
sundukları	3	17038
sunmakla	3	17039
sunulacağı	3	17040
sunulduğu	3	17041
sunulmuştu	3	17042
sunumunu	3	17043
suça	3	17044
suçladı	3	17045
suçlamayı	3	17046
suçluyor	3	17047
sömürgeci	3	17048
söndürmek	3	17049
söndürülmesi	3	17050
söndürülürken	3	17051
söylediğim	3	17052
söylemlerde	3	17053
söylemlerine	3	17054
söylenebilir	3	17055
söylentiler	3	17056
söylentileri	3	17057
söyleşi	3	17058
söylüyordu	3	17059
söylüyorlar	3	17060
sözcük	3	17061
sözlerinin	3	17062
sözleşmesinin	3	17063
sünnet	3	17064
sürdürülecektir	3	17065
süreceği	3	17066
süreler	3	17067
sürelerini	3	17068
süreçlerinde	3	17069
sürmesi	3	17070
sürücülerine	3	17071
sürüklenen	3	17072
sürülüyor	3	17073
sürüp	3	17074
süslüyor	3	17075
sıcaklar	3	17076
sıfatıyla	3	17077
sıkılaştırma	3	17078
sıkılmadık	3	17079
sınavlarının	3	17080
sınıfa	3	17081
sınıfından	3	17082
sınırların	3	17083
sınırlarının	3	17084
sınırsız	3	17085
sır	3	17086
sıralama	3	17087
sıralamada	3	17088
sıralar	3	17089
sıralara	3	17090
sıranın	3	17091
sıvıları	3	17092
sızıntı	3	17093
sızıntılar	3	17094
sıçrama	3	17095
sığındı	3	17096
tabana	3	17097
tabancayı	3	17098
tabanına	3	17099
tablonun	3	17100
tabloyu	3	17101
tacirlerine	3	17102
tahkikat	3	17103
tahminini	3	17104
taht	3	17105
tahvili	3	17106
takdiri	3	17107
takibi	3	17108
taksiciyi	3	17109
taksitli	3	17110
taktı	3	17111
takılar	3	17112
takımlarını	3	17113
takımında	3	17114
takımıyla	3	17115
talebe	3	17116
talebindeki	3	17117
talepler	3	17118
taleplerimiz	3	17119
taleplerine	3	17120
talimatları	3	17121
talimatlarını	3	17122
tamamlamayı	3	17123
tamamlamıştı	3	17124
tamamlanana	3	17125
tamamlandığını	3	17126
tamamlanmak	3	17127
tamamlayacak	3	17128
tamiri	3	17129
tank	3	17130
tanıklarının	3	17131
tanımayan	3	17132
tanımlayan	3	17133
tanımıyor	3	17134
tanışan	3	17135
tanışmayı	3	17136
tanıştığı	3	17137
tanıştığını	3	17138
tarafa	3	17139
taraflara	3	17140
taraflardan	3	17141
taraftarlarla	3	17142
tarafım	3	17143
tarafın	3	17144
tarihimize	3	17145
tarihler	3	17146
tarihlerde	3	17147
tarlaya	3	17148
tartışmada	3	17149
tartışmalarının	3	17150
tartışmasına	3	17151
tartıştı	3	17152
tartışılması	3	17153
tartışılıyor	3	17154
tarzını	3	17155
tarımın	3	17156
tasarlandı	3	17157
tasarlanmış	3	17158
tasarlanmıştır	3	17159
tasarımında	3	17160
tasarımıyla	3	17161
tasarısını	3	17162
tatiline	3	17163
tatlısının	3	17164
tavrı	3	17165
tavsiyeler	3	17166
tavsiyeleri	3	17167
tavukların	3	17168
taç	3	17169
taşra	3	17170
taştı	3	17171
taşımacılığı	3	17172
taşımaya	3	17173
taşınarak	3	17174
taşınmasına	3	17175
taşıyoruz	3	17176
tebessüm	3	17177
tecavüz	3	17178
tecellisi	3	17179
tecrübesi	3	17180
tecrübesini	3	17181
tedbiri	3	17182
tedbirlerle	3	17183
tehdidine	3	17184
tehlikelere	3	17185
tekme	3	17186
teknisyen	3	17187
teknolojisinin	3	17188
tekrarlanması	3	17189
tekvandocu	3	17190
temasa	3	17191
temaslar	3	17192
temassız	3	17193
temettü	3	17194
temizliğe	3	17195
temizliğini	3	17196
ten	3	17197
tencere	3	17198
tencereye	3	17199
tepkilerin	3	17200
terapi	3	17201
terimi	3	17202
termometreler	3	17203
tertemiz	3	17204
teröristler	3	17205
terörü	3	17206
tesadüf	3	17207
tesadüfen	3	17208
tesir	3	17209
tesisinin	3	17210
tesislerde	3	17211
testin	3	17212
testini	3	17213
tetikte	3	17214
tetkik	3	17215
teşekkürü	3	17216
teşkilatların	3	17217
teşviki	3	17218
teşvikleri	3	17219
ticaretle	3	17220
tiyatroya	3	17221
tişört	3	17222
tolerans	3	17223
tona	3	17224
toplandığı	3	17225
toplanma	3	17226
toplanmaya	3	17227
toplantılarında	3	17228
toplayacak	3	17229
toplayıp	3	17230
topluluklar	3	17231
topluluğun	3	17232
topraklar	3	17233
topraklarımız	3	17234
toprağı	3	17235
toprağın	3	17236
topyekun	3	17237
topçu	3	17238
tork	3	17239
torunu	3	17240
trafikteki	3	17241
trafiğinde	3	17242
trafiğini	3	17243
trajedi	3	17244
transferde	3	17245
transferleri	3	17246
travma	3	17247
trendin	3	17248
tura	3	17249
turizme	3	17250
turizmine	3	17251
turnuvanın	3	17252
tutacak	3	17253
tutacağını	3	17254
tutanağı	3	17255
tutarlar	3	17256
tutkunlarına	3	17257
tutkusu	3	17258
tutmaları	3	17259
tuttuğunu	3	17260
tutuklanmasını	3	17261
tutulduğu	3	17262
tutuyoruz	3	17263
tuvalete	3	17264
tuşuna	3	17265
tweet	3	17266
törenini	3	17267
tüketicilere	3	17268
tüketicileri	3	17269
tüketiciye	3	17270
tüketmeniz	3	17271
tümünü	3	17272
tüpünün	3	17273
türlerin	3	17274
türünde	3	17275
türüne	3	17276
tüzel	3	17277
tıpta	3	17278
uca	3	17279
ucu	3	17280
ulaşabilecek	3	17281
ulaşacağız	3	17282
ulaşmada	3	17283
ulaşmaya	3	17284
ulaştıklarını	3	17285
ulaştıracak	3	17286
ulaştırıyor	3	17287
ulaşımın	3	17288
ulaşırsınız	3	17289
ulusun	3	17290
umduğunu	3	17291
umutları	3	17292
umutlarını	3	17293
unsurların	3	17294
ustalıkla	3	17295
ustası	3	17296
usulsüz	3	17297
usulsüzlük	3	17298
utanmadan	3	17299
uyarmak	3	17300
uyarsa	3	17301
uyarıları	3	17302
uyarıldı	3	17303
uyarınca	3	17304
uyarısının	3	17305
uyguladı	3	17306
uygulamadan	3	17307
uygulanmalı	3	17308
uygulanır	3	17309
uygulayabilirsiniz	3	17310
uyguluyor	3	17311
uyguluyoruz	3	17312
uygundur	3	17313
uygunluk	3	17314
uykuya	3	17315
uyması	3	17316
uyuşturucudan	3	17317
uzamasına	3	17318
uzaydan	3	17319
uzlaşısı	3	17320
uzmanlarına	3	17321
uzunluğu	3	17322
uçaklar	3	17323
uçtu	3	17324
uçucu	3	17325
uçurumdan	3	17326
uçuşunu	3	17327
uğrak	3	17328
uğrayarak	3	17329
uğraşır	3	17330
uğurladı	3	17331
vaat	3	17332
vaatlerini	3	17333
vadediyor	3	17334
vajinal	3	17335
vakasında	3	17336
valizinde	3	17337
vapura	3	17338
varile	3	17339
varlıkları	3	17340
varyantının	3	17341
vatandaşımıza	3	17342
vazgeçmek	3	17343
vazife	3	17344
vaşak	3	17345
vb	3	17346
vekil	3	17347
vekiller	3	17348
velileri	3	17349
verdiğim	3	17350
verdiğin	3	17351
verecekler	3	17352
vereceklerini	3	17353
veremedi	3	17354
vereyim	3	17355
verilebilir	3	17356
verileceği	3	17357
verilerden	3	17358
verilerinden	3	17359
verilmesinin	3	17360
verilmeyeceği	3	17361
verilmeyen	3	17362
verilmiyor	3	17363
verim	3	17364
verimini	3	17365
verisinin	3	17366
veriye	3	17367
vermedik	3	17368
vermediğini	3	17369
vermekte	3	17370
vermesini	3	17371
vermeyeceğini	3	17372
vermez	3	17373
vermiştim	3	17374
versinler	3	17375
vicdani	3	17376
videoyla	3	17377
videoyu	3	17378
vinç	3	17379
virüsün	3	17380
vites	3	17381
viyadük	3	17382
vizesi	3	17383
vizyon	3	17384
vizyona	3	17385
vizyonuna	3	17386
vs	3	17387
vurguladılar	3	17388
vurguladığı	3	17389
vurgular	3	17390
vuruşla	3	17391
vuruşta	3	17392
vücudunun	3	17393
vücudunuzu	3	17394
vücuttaki	3	17395
yakaladık	3	17396
yakaladığı	3	17397
yakan	3	17398
yaklaşmak	3	17399
yaklaşımla	3	17400
yaklaşımın	3	17401
yaklaşımını	3	17402
yaklaşımının	3	17403
yakınlarıyla	3	17404
yakınlığı	3	17405
yakınına	3	17406
yakınını	3	17407
yakınının	3	17408
yalanı	3	17409
yangınlara	3	17410
yangınlarının	3	17411
yangınlarıyla	3	17412
yanma	3	17413
yansıdığını	3	17414
yansımadı	3	17415
yansıtmadığını	3	17416
yansıtıldı	3	17417
yansıyacağını	3	17418
yanık	3	17419
yanıklar	3	17420
yanımda	3	17421
yanıtlarken	3	17422
yapabileceği	3	17423
yapamaz	3	17424
yaparsak	3	17425
yaparsın	3	17426
yapmadığı	3	17427
yapmakta	3	17428
yapmalıyız	3	17429
yapmam	3	17430
yapmaması	3	17431
yapmanız	3	17432
yapmıyorum	3	17433
yapmıyoruz	3	17434
yaprağı	3	17435
yapsınlar	3	17436
yaptırdığı	3	17437
yaptırımlarla	3	17438
yaptığımda	3	17439
yaptığında	3	17440
yaptığınız	3	17441
yaptığınızda	3	17442
yapılanma	3	17443
yapılara	3	17444
yapıldığında	3	17445
yapılmadığı	3	17446
yapılmayacağını	3	17447
yapılsın	3	17448
yapılıp	3	17449
yapımların	3	17450
yapımın	3	17451
yapıyorsak	3	17452
yaradığını	3	17453
yaraladığı	3	17454
yaralamıştı	3	17455
yaralarını	3	17456
yararlanabilecek	3	17457
yararlanabilirsiniz	3	17458
yararlandı	3	17459
yaratma	3	17460
yarattığını	3	17461
yardımcımız	3	17462
yardımda	3	17463
yardımlar	3	17464
yardımları	3	17465
yardımına	3	17466
yardımını	3	17467
yargıdan	3	17468
yargılanmasına	3	17469
yarıdan	3	17470
yarısının	3	17471
yarışta	3	17472
yarışın	3	17473
yarışına	3	17474
yarışından	3	17475
yasada	3	17476
yasakladı	3	17477
yasalara	3	17478
yasalarla	3	17479
yasaların	3	17480
yasalarına	3	17481
yasanın	3	17482
yasayı	3	17483
yatar	3	17484
yatay	3	17485
yatağına	3	17486
yatağında	3	17487
yattığını	3	17488
yatırımla	3	17489
yatırımlara	3	17490
yatırımlarımızın	3	17491
yatırımlarının	3	17492
yavrusu	3	17493
yaygındır	3	17494
yaygınlaşması	3	17495
yaygınlaştırılması	3	17496
yayılarak	3	17497
yayımlanarak	3	17498
yayıncılık	3	17499
yayınlanacağını	3	17500
yayınları	3	17501
yayınlayarak	3	17502
yaza	3	17503
yazayım	3	17504
yazmak	3	17505
yazıda	3	17506
yazıldı	3	17507
yazısı	3	17508
yazısına	3	17509
yazıyor	3	17510
yazıyı	3	17511
yazışmalarda	3	17512
yağdı	3	17513
yağmurun	3	17514
yağının	3	17515
yağışına	3	17516
yağışıyla	3	17517
yaşadılar	3	17518
yaşadım	3	17519
yaşadığım	3	17520
yaşadığına	3	17521
yaşamadan	3	17522
yaşamasına	3	17523
yaşamları	3	17524
yaşamıştır	3	17525
yaşanacağı	3	17526
yaşanmadı	3	17527
yaşanmaması	3	17528
yaşanması	3	17529
yaşanmasını	3	17530
yaşanmaya	3	17531
yaşayacağı	3	17532
yaşayacağız	3	17533
yaşlardan	3	17534
yaşlarındaki	3	17535
yaştaki	3	17536
yaştan	3	17537
yaşındayken	3	17538
yaşının	3	17539
yaşıyorlar	3	17540
yelek	3	17541
yemeklerinin	3	17542
yemeğe	3	17543
yendik	3	17544
yenen	3	17545
yenilemek	3	17546
yenilerek	3	17547
yenilikler	3	17548
yeniliklerini	3	17549
yeraltı	3	17550
yerelde	3	17551
yeridir	3	17552
yerken	3	17553
yerlerini	3	17554
yerleştirdiği	3	17555
yerleştirin	3	17556
yeryüzü	3	17557
yeteneklerin	3	17558
yeteneğine	3	17559
yeteneğiyle	3	17560
yetiştirecek	3	17561
yetiştiren	3	17562
yetiştiriciliği	3	17563
yetiştirmeye	3	17564
yetkisi	3	17565
yetkisini	3	17566
yetmediği	3	17567
yetmiyor	3	17568
yiyerek	3	17569
yoksulluğun	3	17570
yolcuları	3	17571
yolcuların	3	17572
yolculuktan	3	17573
yollarımızı	3	17574
yollarına	3	17575
yollarındaki	3	17576
yollarından	3	17577
yolumuza	3	17578
yorgun	3	17579
yorulmadan	3	17580
yorumunda	3	17581
yoğunluğunu	3	17582
yoğunluğunun	3	17583
yumuşayana	3	17584
yurdu	3	17585
yurtdışındaki	3	17586
yurttaşlar	3	17587
yurttaşın	3	17588
yuvası	3	17589
yöne	3	17590
yöneldi	3	17591
yöneltildi	3	17592
yöneltti	3	17593
yöneten	3	17594
yöneticilerine	3	17595
yöneticilerinin	3	17596
yönetilmesi	3	17597
yönetimde	3	17598
yönetimle	3	17599
yönlendirdiği	3	17600
yönlendirmeleri	3	17601
yönlendirmesi	3	17602
yöntemdir	3	17603
yönteminin	3	17604
yöntemlerden	3	17605
yüceltmek	3	17606
yüklüyor	3	17607
yükseklere	3	17608
yükseldiğine	3	17609
yükselir	3	17610
yükselmişti	3	17611
yükselmiştir	3	17612
yükselttik	3	17613
yükümlü	3	17614
yükünden	3	17615
yükünün	3	17616
yürürken	3	17617
yürürlükten	3	17618
yürütecek	3	17619
yürüttükleri	3	17620
yüzerek	3	17621
yüzeye	3	17622
yüzleşmek	3	17623
yüzyıla	3	17624
yüzyılda	3	17625
yıkmaya	3	17626
yıkılması	3	17627
yıkılmasına	3	17628
yıkılırken	3	17629
yıkımı	3	17630
yıldızlar	3	17631
yıldızlarından	3	17632
yıldızlı	3	17633
yıldızın	3	17634
yıllardaki	3	17635
yıllardan	3	17636
yıllarını	3	17637
yığılan	3	17638
zaferini	3	17639
zamandan	3	17640
zamanının	3	17641
zammını	3	17642
zanlılar	3	17643
zanlısı	3	17644
zarf	3	17645
zarif	3	17646
zayıflığı	3	17647
zekayı	3	17648
zeminde	3	17649
zencefil	3	17650
zenginliğini	3	17651
zihniyetin	3	17652
zincirinin	3	17653
zinde	3	17654
zirvenin	3	17655
zirvesindeki	3	17656
ziyaretle	3	17657
ziyaretçileri	3	17658
zorda	3	17659
zorlayacak	3	17660
zorlaştıran	3	17661
zorlaştırıyor	3	17662
zorlaşıyor	3	17663
zorundasınız	3	17664
zurna	3	17665
zırhlı	3	17666
çedes	3	17667
çakmak	3	17668
çalhanoğlu	3	17669
çankırı'nın	3	17670
çağan	3	17671
çebi	3	17672
çekmeköy	3	17673
çelen	3	17674
çetin'in	3	17675
çeşme'nin	3	17676
çiftçimizin	3	17677
çorum'da	3	17678
çoğalmış	3	17679
çörek	3	17680
çıtak	3	17681
önal	3	17682
özalp	3	17683
özdağ'ın	3	17684
özdemir'in	3	17685
özel'e	3	17686
özge	3	17687
özçelik'in	3	17688
ümraniye'de	3	17689
ünder	3	17690
üniversitesinden	3	17691
üsteğmen	3	17692
çabalara	3	17693
çabası	3	17694
çabasında	3	17695
çakıl	3	17696
çalması	3	17697
çalınan	3	17698
çalıntı	3	17699
çalışanlarından	3	17700
çalışmada	3	17701
çalışmadığı	3	17702
çalışmamızı	3	17703
çalışmasına	3	17704
çalıştıran	3	17705
çalıştırdığı	3	17706
çalışın	3	17707
çalışırlar	3	17708
çamur	3	17709
çantası	3	17710
çareyi	3	17711
çatlaklar	3	17712
çatışmaları	3	17713
çaya	3	17714
çayının	3	17715
çağda	3	17716
çağrılan	3	17717
çağındaki	3	17718
çağıran	3	17719
çağırdığını	3	17720
çağırıyor	3	17721
çağırıyoruz	3	17722
çekebilir	3	17723
çekenler	3	17724
çeker	3	17725
çekiciydi	3	17726
çekiliyor	3	17727
çekilmesine	3	17728
çekilmesini	3	17729
çekilmesinin	3	17730
çekilmesiyle	3	17731
çekiçle	3	17732
çekmeyi	3	17733
çekmiş	3	17734
çektim	3	17735
çektirdiği	3	17736
çektiren	3	17737
çektiğimiz	3	17738
çelişkili	3	17739
çemberi	3	17740
çerçevesi	3	17741
çeteler	3	17742
çevirip	3	17743
çevrelerde	3	17744
çevreleyen	3	17745
çeşidi	3	17746
çeşitlerinin	3	17747
çeşitliliği	3	17748
çeşitliliğinin	3	17749
çiftten	3	17750
çinko	3	17751
çizdiği	3	17752
çizgileri	3	17753
çizme	3	17754
çizmiş	3	17755
çocuklardan	3	17756
çorbası	3	17757
çoğunluğa	3	17758
çoğunluğunun	3	17759
çoğunu	3	17760
çuvalın	3	17761
çökmesi	3	17762
çözdük	3	17763
çürümesi	3	17764
çürümeye	3	17765
çıkamadıklarını	3	17766
çıkamayan	3	17767
çıkana	3	17768
çıkarabilir	3	17769
çıkaracağız	3	17770
çıkardım	3	17771
çıkarlarını	3	17772
çıkarılmasına	3	17773
çıkarılmasını	3	17774
çıkarılmıştı	3	17775
çıkarır	3	17776
çıkarırken	3	17777
çıkarıyoruz	3	17778
çıkarız	3	17779
çıkmakta	3	17780
çıkmamış	3	17781
çıkmıyor	3	17782
çıktıklarını	3	17783
çıktığında	3	17784
çırpın	3	17785
ödedi	3	17786
ödemelerde	3	17787
ödemelerinde	3	17788
ödemenin	3	17789
ödemesinin	3	17790
ödenek	3	17791
ödevi	3	17792
ödeyen	3	17793
ödüllerini	3	17794
ödülüne	3	17795
öldürdükten	3	17796
öldürülmesini	3	17797
öldürülmesiyle	3	17798
ölmüş	3	17799
ölümlerinin	3	17800
ömürlü	3	17801
önceliğimiz	3	17802
öncesindeki	3	17803
öncülük	3	17804
öncülüğünü	3	17805
öndeyken	3	17806
önerge	3	17807
öneri	3	17808
önerilerinin	3	17809
önerisinde	3	17810
öneriyorum	3	17811
önlemenin	3	17812
önlemlerini	3	17813
önleyebilir	3	17814
önleyici	3	17815
önümüze	3	17816
örgütle	3	17817
örgütlerini	3	17818
örgütüyle	3	17819
örtüyle	3	17820
övgü	3	17821
özelliklerin	3	17822
özelliklerini	3	17823
özgürlüklerine	3	17824
öğrencilerini	3	17825
öğrenciye	3	17826
öğrendiğini	3	17827
öğrenerek	3	17828
öğrenimi	3	17829
öğretmenlere	3	17830
öğretmenleri	3	17831
ülkedir	3	17832
ülkelerindeki	3	17833
ün	3	17834
üniversiteler	3	17835
üniversitelerde	3	17836
üniversitelere	3	17837
ünü	3	17838
üreticilere	3	17839
üreticilerine	3	17840
üreticiyi	3	17841
üretilmesi	3	17842
üretir	3	17843
üretti	3	17844
ürettiğimiz	3	17845
ürünlerimiz	3	17846
ürünleriyle	3	17847
ürünlerle	3	17848
üssünü	3	17849
üstten	3	17850
üstünden	3	17851
üstünlüğü	3	17852
üyemiz	3	17853
üyesinin	3	17854
üzerini	3	17855
üzgünüm	3	17856
üzgünüz	3	17857
üzülerek	3	17858
üzüntüye	3	17859
üzüntüyle	3	17860
üçüncüsü	3	17861
iha'yı	3	17862
iso	3	17863
idris	3	17864
iktisatçı	3	17865
iliç	3	17866
ilknur	3	17867
irlanda'nın	3	17868
iskandinav	3	17869
iskenderun	3	17870
ispanya'da	3	17871
ispanyolca	3	17872
israil'den	3	17873
israil'le	3	17874
istanbulkart	3	17875
istanbulluların	3	17876
istiklâl	3	17877
istimlak	3	17878
izmir'deki	3	17879
izmir'den	3	17880
izmitli	3	17881
içlerinde	3	17882
işletmesi	3	17883
ırk	3	17884
ıspanak	3	17885
ısrar	3	17886
ısırması	3	17887
ısısını	3	17888
ısıtılmış	3	17889
ışıkta	3	17890
şahin'in	3	17891
şahinbey	3	17892
şakir	3	17893
şam'daki	3	17894
şebboy	3	17895
şehzadeler	3	17896
şenay	3	17897
şengün	3	17898
şenliği	3	17899
şentürk	3	17900
şevket	3	17901
şile	3	17902
şimşek'in	3	17903
şırnak'ta	3	17904
şahıslara	3	17905
şahıslarla	3	17906
şansımız	3	17907
şansını	3	17908
şantaj	3	17909
şarkılar	3	17910
şarkılarla	3	17911
şarkıyla	3	17912
şaşkına	3	17913
şaşıran	3	17914
şaşırdı	3	17915
şefkatli	3	17916
şeftali	3	17917
şehidimize	3	17918
şehidin	3	17919
şehirdeki	3	17920
şehirlerimizin	3	17921
şehrine	3	17922
şehrinin	3	17923
şekilleniyor	3	17924
şekline	3	17925
şemsiye	3	17926
şenlikleri	3	17927
şeriat	3	17928
şeyini	3	17929
şeyle	3	17930
şeylerden	3	17931
şeylere	3	17932
şiirinde	3	17933
şikayetinin	3	17934
şikayetiyle	3	17935
şikâyet	3	17936
şirketle	3	17937
şirketlerinde	3	17938
şişe	3	17939
şişeler	3	17940
şişmesine	3	17941
şoförün	3	17942
şoförünün	3	17943
şoku	3	17944
şubatta	3	17945
şubesinin	3	17946
şunun	3	17947
şölen	3	17948
şüphelileri	3	17949
şüpheliye	3	17950
şıklığı	3	17951
a'dan	2	17952
aae	2	17953
ab'de	2	17954
ab'ye	2	17955
abc	2	17956
abo'su	2	17957
afp	2	17958
ajet	2	17959
akm	2	17960
akp'ye	2	17961
as	2	17962
atacms	2	17963
atm	2	17964
axa	2	17965
abak	2	17966
abbas'ı	2	17967
abbas'ın	2	17968
abdi	2	17969
abdulahat	2	17970
abdulfettah	2	17971
abdulrahman	2	17972
abdülhamid	2	17973
abrahams	2	17974
abu	2	17975
acemi	2	17976
adalı	2	17977
adana'ya	2	17978
adana'yı	2	17979
adapazarı	2	17980
adası'ndaki	2	17981
adel	2	17982
adrian	2	17983
adıyaman'ın	2	17984
afetlerde	2	17985
afganistan	2	17986
afganistan'da	2	17987
afganistan'ın	2	17988
afrika'da	2	17989
afrika'ya	2	17990
afrikalı	2	17991
afyonkarahisar'ın	2	17992
ahi	2	17993
ahmet'in	2	17994
ahsen	2	17995
airlines'ın	2	17996
ajansı'na	2	17997
ajansına	2	17998
akalay	2	17999
akarsu	2	18000
akbulut	2	18001
akdeniz'de	2	18002
akdeniz'den	2	18003
akdeniz'in	2	18004
aker	2	18005
akgül	2	18006
akgün	2	18007
akhisar	2	18008
akit	2	18009
akkaş	2	18010
akpınar	2	18011
akseki	2	18012
aktan	2	18013
akut	2	18014
akyol	2	18015
akçadağ	2	18016
akşemsettin	2	18017
alaaddin	2	18018
alanson	2	18019
alanyasporlu	2	18020
alanı'nda	2	18021
alayı	2	18022
alaşehir	2	18023
albayrak'ın	2	18024
albert	2	18025
alberto	2	18026
aleyna	2	18027
alican	2	18028
aliyev'e	2	18029
aliyev'i	2	18030
allahu	2	18031
allahuekber	2	18032
almanya'daki	2	18033
alpaslan	2	18034
alpay	2	18035
alpağut	2	18036
alpine	2	18037
altan	2	18038
altun'un	2	18039
altuğ	2	18040
altındağ'da	2	18041
altınkaya	2	18042
altınkılıç	2	18043
amacım	2	18044
amasya'nın	2	18045
amed	2	18046
amerika'da	2	18047
amerika'dan	2	18048
amerika'ya	2	18049
amfi	2	18050
ami	2	18051
amine	2	18052
amiri	2	18053
amirliği'ne	2	18054
amorium	2	18055
amsterdam	2	18056
anabilim	2	18057
anadolu'daki	2	18058
anafartalar	2	18059
anayasa'ya	2	18060
anayasamızda	2	18061
anders	2	18062
angela	2	18063
angelino	2	18064
ankaraspor	2	18065
anna	2	18066
antalya'yı	2	18067
antep'in	2	18068
antlaşması'nın	2	18069
anton	2	18070
anzak	2	18071
anıtkabir	2	18072
anıtı	2	18073
anıtı'na	2	18074
arabistan'da	2	18075
araf	2	18076
aral	2	18077
aran	2	18078
aranmıyor	2	18079
araplar	2	18080
arena'da	2	18081
arjantin'den	2	18082
arkeoloji	2	18083
arktik	2	18084
arm	2	18085
armutlu	2	18086
arsenal	2	18087
arsin	2	18088
arthur	2	18089
artvin	2	18090
artvin'de	2	18091
arvas'a	2	18092
arı'nın	2	18093
asi	2	18094
aslen	2	18095
asliye	2	18096
aslolan	2	18097
asos	2	18098
assan	2	18099
assange	2	18100
associated	2	18101
asus	2	18102
asya'nın	2	18103
atalarımızın	2	18104
atalay'ın	2	18105
atasever	2	18106
atasoy	2	18107
atağın	2	18108
ateşin	2	18109
atila	2	18110
atina	2	18111
atlanta	2	18112
atom	2	18113
attal	2	18114
audi	2	18115
augusto'nun	2	18116
austan	2	18117
austin'in	2	18118
auto	2	18119
automotive	2	18120
avam	2	18121
avcı'nın	2	18122
avni	2	18123
avrupa'dan	2	18124
avrupa'yı	2	18125
avrupalılar	2	18126
avustralyalıların	2	18127
awards	2	18128
ayasofya'yı	2	18129
ayaydın	2	18130
ayazağa	2	18131
ayazlı	2	18132
ayazma	2	18133
aybaba	2	18134
aybüke	2	18135
aydar	2	18136
aydemir'i	2	18137
aydemir'in	2	18138
aydos	2	18139
aydın'da	2	18140
ayhan'ın	2	18141
aykanat	2	18142
aymaz	2	18143
ayrılık	2	18144
ayvalık	2	18145
açıkgöz	2	18146
açın	2	18147
ağaoğlu	2	18148
ağar	2	18149
ağırman	2	18150
aşure	2	18151
aşçılık	2	18152
aşıların	2	18153
bm'de	2	18154
bm'nin	2	18155
bm'ye	2	18156
botaş	2	18157
botaş'ın	2	18158
brıcs'e	2	18159
byd'nin	2	18160
baalbek	2	18161
babuşcu	2	18162
babuşçu	2	18163
baby	2	18164
bafa	2	18165
bafra	2	18166
bahar'ın	2	18167
bahri	2	18168
bahçesi'ne	2	18169
bahçeşehir	2	18170
bakanlarla	2	18171
bakanlıkça	2	18172
bakanlığa	2	18173
bakanlığını	2	18174
bakanımıza	2	18175
bakırhan	2	18176
balkanlar	2	18177
balkona	2	18178
baltık	2	18179
balıklı	2	18180
balıkçıların	2	18181
bandırmaspor'u	2	18182
bankamız	2	18183
bankası'na	2	18184
barack	2	18185
barajı'nda	2	18186
barak	2	18187
barbie	2	18188
barcelona'yı	2	18189
bartın	2	18190
bartın'ın	2	18191
bartınlılar	2	18192
barzani	2	18193
basal	2	18194
basketbolda	2	18195
basmane	2	18196
basra	2	18197
bastık	2	18198
basyuni	2	18199
batina	2	18200
batmanlı	2	18201
batshuayi'nin	2	18202
batshuayi'ye	2	18203
battal	2	18204
battuta	2	18205
batur	2	18206
bay	2	18207
bayburt	2	18208
bayburt'un	2	18209
bayezid	2	18210
bayram'a	2	18211
bağcı	2	18212
bağcılar	2	18213
bağımlılıkla	2	18214
başakşehir'de	2	18215
başakşehir'in	2	18216
başarır	2	18217
başbakan'dan	2	18218
başkan'ın	2	18219
başkanlar	2	18220
başkanlığı'nca	2	18221
başkanlığı'nı	2	18222
başkanlığımız	2	18223
başkanlığımıza	2	18224
başkanlığından	2	18225
başkanı'nı	2	18226
başkanımıza	2	18227
başkonsolosu	2	18228
başsavcılığın	2	18229
başsavcılığına	2	18230
başsavcılığının	2	18231
baştuğ	2	18232
başöğretmen	2	18233
bebeklerin	2	18234
becao	2	18235
becerikli	2	18236
belarus	2	18237
belediye'nin	2	18238
belediyelerde	2	18239
belediyesi'nden	2	18240
belediyesini	2	18241
bella	2	18242
beluga	2	18243
belçika'nın	2	18244
belözoğlu	2	18245
benan	2	18246
bendevi	2	18247
bengal	2	18248
beratcan	2	18249
beren	2	18250
bergüzar	2	18251
beria	2	18252
berlanti	2	18253
berna	2	18254
berra	2	18255
bertan	2	18256
best	2	18257
bey'den	2	18258
beyazıt	2	18259
beykoz	2	18260
beyreli	2	18261
beyrut	2	18262
beyrut'ta	2	18263
beyrut'tan	2	18264
beşiktaş'taki	2	18265
beştepe'de	2	18266
beşşar	2	18267
biden'a	2	18268
biden'dan	2	18269
biden'in	2	18270
biden'ı	2	18271
bild	2	18272
bilden	2	18273
bilgen	2	18274
bilgen'in	2	18275
bilgili	2	18276
bilgin'in	2	18277
bilgiç	2	18278
bilkent	2	18279
bill	2	18280
billik	2	18281
binası'nda	2	18282
binbaşı	2	18283
bircan	2	18284
birce	2	18285
birliğimiz	2	18286
birliğin	2	18287
birsen	2	18288
bismil	2	18289
bizans	2	18290
blinken'a	2	18291
blinken'ın	2	18292
bluetooth	2	18293
bolat'ın	2	18294
bolu'daki	2	18295
boluarte'nin	2	18296
bonomo	2	18297
borsası	2	18298
bowling	2	18299
bozyaka	2	18300
boğazın	2	18301
brands	2	18302
brighton	2	18303
bronckhorst'un	2	18304
brüksel'de	2	18305
budapeşte'de	2	18306
bulancak	2	18307
buldan	2	18308
bulgar	2	18309
buluşmada	2	18310
bulvarı'nda	2	18311
bunaltıcı	2	18312
burkay	2	18313
burkina	2	18314
burns	2	18315
bursa'daki	2	18316
bursalılar	2	18317
bylock	2	18318
böbreklerin	2	18319
böceği	2	18320
bölgeler	2	18321
bünyan	2	18322
büyükekşi'nin	2	18323
chp'de	2	18324
caddesi'nin	2	18325
cahit	2	18326
cami'nde	2	18327
camiinde	2	18328
camisi	2	18329
camisi'ndeki	2	18330
campos	2	18331
canbul	2	18332
caner'in	2	18333
cannes	2	18334
cansu	2	18335
capesize	2	18336
carlson'ın	2	18337
cavadzade	2	18338
cavit	2	18339
cebeci	2	18340
cebrail	2	18341
ceferin	2	18342
celtic	2	18343
cemcir	2	18344
cengiz'in	2	18345
central	2	18346
cevahir	2	18347
ceyhan'ın	2	18348
ceylan	2	18349
chat	2	18350
chatgpt	2	18351
cibuti	2	18352
cici	2	18353
cidde	2	18354
cihantimur'un	2	18355
cimnastik	2	18356
class'ta	2	18357
colani	2	18358
colorado	2	18359
como	2	18360
cooper	2	18361
core	2	18362
crespo	2	18363
crivelli	2	18364
crooks'un	2	18365
cross	2	18366
cumalıoğlu	2	18367
cumhurbaşkanlığı'ndan	2	18368
cumhurbaşkanlığından	2	18369
cumhurbaşkanı'na	2	18370
cumhurbaşkanım	2	18371
cumhuriyet'i	2	18372
cumhuriyet'ten	2	18373
cuni	2	18374
cup	2	18375
cimer	2	18376
d'nin	2	18377
daeş	2	18378
dc	2	18379
deik	2	18380
dgm	2	18381
dj	2	18382
dahası	2	18383
dahiliye	2	18384
dahiye	2	18385
dale	2	18386
daltonlar	2	18387
damadın	2	18388
damlacık	2	18389
daniel	2	18390
danilo	2	18391
danimarkalı	2	18392
danıştay	2	18393
data	2	18394
davud	2	18395
davutpaşa	2	18396
dağları'ndan	2	18397
dağı'nın	2	18398
dağıstanlı'nın	2	18399
dedetaş	2	18400
dee	2	18401
deha	2	18402
dekanı	2	18403
demirbilek	2	18404
demirciler	2	18405
demirer	2	18406
denise	2	18407
denizi'ndeki	2	18408
denizi'nden	2	18409
denizi'ne	2	18410
denizi'ni	2	18411
denizli'de	2	18412
denizli'nin	2	18413
denizli'yi	2	18414
denktaş	2	18415
depay'ın	2	18416
depremzedelerin	2	18417
deresi	2	18418
dergi	2	18419
derinceli	2	18420
derneklerinin	2	18421
dersler	2	18422
derya	2	18423
devletler	2	18424
devletleri'nde	2	18425
dexter	2	18426
dezenformasyon	2	18427
değirmenci	2	18428
diamond	2	18429
diego	2	18430
digital	2	18431
dikeç	2	18432
dikmen	2	18433
dilber	2	18434
dilmen	2	18435
dilmen'in	2	18436
dilruba	2	18437
dina	2	18438
dink	2	18439
direnişi	2	18440
diril	2	18441
divanı'nda	2	18442
diyadin	2	18443
diyarbakır'a	2	18444
djiku	2	18445
djiku'nun	2	18446
doktorları	2	18447
dolar'dan	2	18448
doman	2	18449
dominik	2	18450
dortmund	2	18451
dosyadaki	2	18452
doğanay	2	18453
doğanyiğit'i	2	18454
doğasever	2	18455
doğu'nun	2	18456
dublin	2	18457
dujarric	2	18458
dumlupınar	2	18459
duru	2	18460
dut	2	18461
duvar'da	2	18462
dynavit	2	18463
dörtdivan	2	18464
dörter	2	18465
döşemealtı	2	18466
dünün	2	18467
dürdane	2	18468
düzce'nin	2	18469
düzcespor	2	18470
ea	2	18471
ekk	2	18472
ekpss	2	18473
emea	2	18474
enag	2	18475
etf'lerini	2	18476
expo	2	18477
ebuseleme	2	18478
ecevit'i	2	18479
ecevit'in	2	18480
edi	2	18481
edibe	2	18482
egea	2	18483
egeli	2	18484
ekber	2	18485
ekim'e	2	18486
ekonomistler	2	18487
ekonomistlerin	2	18488
ekspresi	2	18489
elazığ	2	18490
elazığ'da	2	18491
elit	2	18492
ellerine	2	18493
elmadağ	2	18494
elvin	2	18495
emel	2	18496
emevi	2	18497
emircan	2	18498
emirlikleri'nin	2	18499
emiroğlu	2	18500
emrullah	2	18501
emziren	2	18502
enformasyon	2	18503
enterra	2	18504
epözdemir	2	18505
erbakan'ın	2	18506
erciş	2	18507
erdoğdu	2	18508
erener	2	18509
ergene	2	18510
erguvan	2	18511
eriksson	2	18512
erişkinlerde	2	18513
erkan'ın	2	18514
ermenice	2	18515
ertan	2	18516
ertem	2	18517
erzincan'ın	2	18518
erzurum'a	2	18519
erzurumspor	2	18520
erzurumspor'un	2	18521
erçel	2	18522
esad'la	2	18523
esila	2	18524
esma	2	18525
euro'dan	2	18526
eurostat	2	18527
eurovision	2	18528
express	2	18529
eylül'den	2	18530
eylül'e	2	18531
eyüpspor'a	2	18532
eğitimci	2	18533
eşki	2	18534
fa	2	18535
fao	2	18536
fast	2	18537
fatf	2	18538
fdp	2	18539
fe	2	18540
fetö'ye	2	18541
fıba	2	18542
fım	2	18543
fk'yı	2	18544
fsb	2	18545
fair	2	18546
fakültesinde	2	18547
farabi	2	18548
fars	2	18549
faslı	2	18550
fatih'in	2	18551
fav	2	18552
faysal	2	18553
fazilet	2	18554
federasyonları	2	18555
felix	2	18556
feliz	2	18557
fenerbahçe'ye	2	18558
fenerbahçe'yle	2	18559
feride	2	18560
feridun	2	18561
fernandes	2	18562
festivali'nin	2	18563
festivalleri	2	18564
fethi	2	18565
fethiye'de	2	18566
fettah	2	18567
feyzullah	2	18568
fields	2	18569
fildişi	2	18570
filipinler'de	2	18571
filistinliyi	2	18572
finali'nin	2	18573
fincancı'ya	2	18574
finlandiya'nın	2	18575
first	2	18576
flaman	2	18577
florence	2	18578
floridalı	2	18579
fold	2	18580
fonu'na	2	18581
forumu'nun	2	18582
fuarında	2	18583
fulya	2	18584
fumio	2	18585
fırıncılar	2	18586
fırından	2	18587
gap	2	18588
godıva	2	18589
gss	2	18590
gsyh'deki	2	18591
gyo	2	18592
gabon	2	18593
galatasaray'daki	2	18594
galatasaray'dan	2	18595
galatasaray'la	2	18596
galeri	2	18597
gallant'ın	2	18598
gamze	2	18599
gara	2	18600
gariplik	2	18601
garipoğlu'nun	2	18602
gastronomi	2	18603
gayrettepe	2	18604
gazhane	2	18605
gaziantep'teki	2	18606
gaziantepli	2	18607
gaziosmanpaşa'da	2	18608
gazlı	2	18609
gazoz	2	18610
gedikli	2	18611
gedson	2	18612
gelibolu	2	18613
gençlerbirliği	2	18614
gençlerimiz	2	18615
george	2	18616
gerisini	2	18617
germiyan	2	18618
gezici	2	18619
gezmiş	2	18620
geçenlerde	2	18621
geçidi'nde	2	18622
geçilmez	2	18623
ghebreyesus	2	18624
golf	2	18625
golob	2	18626
gomis'i	2	18627
goolsbee	2	18628
gotsis	2	18629
grande	2	18630
greenfield	2	18631
gribal	2	18632
gökalp	2	18633
gökbakar'ın	2	18634
göksun	2	18635
göktaş'ın	2	18636
göktürk	2	18637
gökşen	2	18638
gölcüklü	2	18639
göller	2	18640
gölmarmara	2	18641
gölpazarı	2	18642
gölü'ne	2	18643
gönülçelen	2	18644
gördes	2	18645
görgün	2	18646
gösteriye	2	18647
gözaltındaki	2	18648
gözlemevi	2	18649
göztepe'nin	2	18650
gözümüzün	2	18651
güdümlü	2	18652
gül'ün	2	18653
güldağ'ın	2	18654
güler'e	2	18655
gülistan	2	18656
gülnihal	2	18657
gümüş'ün	2	18658
gümüşhane	2	18659
gümüşhane'nin	2	18660
gündoğan	2	18661
gündüzleri	2	18662
güneydoğu'da	2	18663
günter'in	2	18664
günü'ne	2	18665
güran'ı	2	18666
gürcan	2	18667
gürcistan'ın	2	18668
gürkan	2	18669
gürsoy	2	18670
gürün	2	18671
güzelbahçe	2	18672
güzeldere	2	18673
güzellerim	2	18674
güzelyalı	2	18675
gıda'nın	2	18676
hsbc	2	18677
hsk	2	18678
ha	2	18679
habertürk'ün	2	18680
habip	2	18681
hacer	2	18682
hacettepe	2	18683
hacıbektaş	2	18684
hacıosmanoğlu'na	2	18685
hadid	2	18686
hafize	2	18687
hafızlık	2	18688
haghani	2	18689
hakka	2	18690
hakkımda	2	18691
hakurk	2	18692
halbuki	2	18693
halep'te	2	18694
halfeti	2	18695
halim	2	18696
halime	2	18697
haliva	2	18698
hamamı	2	18699
hamas'la	2	18700
han'ın	2	18701
hanefi	2	18702
hang	2	18703
hangisi	2	18704
hançerli	2	18705
hanı	2	18706
hanım'ın	2	18707
hapishanesi	2	18708
harekatı	2	18709
haris	2	18710
harris'e	2	18711
harvard	2	18712
harvey	2	18713
harçlar	2	18714
hatimoğulları	2	18715
hatun	2	18716
hatırlayın	2	18717
havagazı	2	18718
havalimanı'ndan	2	18719
havalimanı'nı	2	18720
havalimanında	2	18721
havayolları'na	2	18722
havin	2	18723
havza	2	18724
hayfa	2	18725
hayik	2	18726
haykır	2	18727
hayriye	2	18728
hayvancılıkla	2	18729
hazar	2	18730
haziran'a	2	18731
haşdi	2	18732
heimlich	2	18733
hekimler	2	18734
helenistik	2	18735
helez	2	18736
heniyye'ye	2	18737
hepatit	2	18738
hepinizi	2	18739
hepinizin	2	18740
herson	2	18741
hikâye	2	18742
hilmi	2	18743
himalaya	2	18744
hindistan'a	2	18745
hindistan'da	2	18746
hisarcıklıoğlu	2	18747
hise	2	18748
hitler	2	18749
hocam	2	18750
hodri	2	18751
hollanda'dan	2	18752
hollanda'nın	2	18753
hollanda'yı	2	18754
hollywood	2	18755
honor	2	18756
horasan'dan	2	18757
hormonal	2	18758
hot	2	18759
husi	2	18760
hürriyet'in	2	18761
hürriyetçi	2	18762
ıdf	2	18763
ıı	2	18764
ıkby	2	18765
ıp	2	18766
ıpard	2	18767
ıss	2	18768
ıtuc	2	18769
ıgnacio	2	18770
ılıca	2	18771
ıot	2	18772
ırak'a	2	18773
ırak'taki	2	18774
ısparta'nın	2	18775
ışık'ın	2	18776
ışın	2	18777
jp	2	18778
jpmorgan	2	18779
jti	2	18780
jake	2	18781
jale	2	18782
jandarmanın	2	18783
japonya'ya	2	18784
jefferson	2	18785
jeffrey	2	18786
jennifer	2	18787
jeremy	2	18788
jesus	2	18789
jimnastik	2	18790
jorge	2	18791
josep	2	18792
joseph	2	18793
josh	2	18794
juan	2	18795
julia	2	18796
k	2	18797
kades	2	18798
kan'ın	2	18799
kesob	2	18800
kktok	2	18801
kkydp	2	18802
kobi	2	18803
kobia	2	18804
komek	2	18805
koü	2	18806
ktü	2	18807
kuzka	2	18808
kabadayı	2	18809
kabaktepe	2	18810
kadirli	2	18811
kadıköy'de	2	18812
kadınlarla	2	18813
kadınlarımızın	2	18814
kadıoğlu'nu	2	18815
kafkasya	2	18816
kahire'ye	2	18817
kahramanmaraş'ın	2	18818
kalaycı	2	18819
kalecik	2	18820
kaleiçi	2	18821
kallas	2	18822
kalpazan	2	18823
kamer	2	18824
kamerun	2	18825
kamışlı'da	2	18826
kanadalı	2	18827
kanalı'nın	2	18828
kandemir	2	18829
kandili	2	18830
kang	2	18831
kantar	2	18832
kanun'a	2	18833
kanunen	2	18834
kanunlarda	2	18835
kapadokya	2	18836
kapalıçarşı'da	2	18837
kaplan'ın	2	18838
kapsülü	2	18839
kapısı'na	2	18840
kapısı'nda	2	18841
kapısı'nı	2	18842
karaardıç	2	18843
karaağaç	2	18844
karabağ'a	2	18845
karabağ'ın	2	18846
karabekir	2	18847
karabey	2	18848
karaburun	2	18849
karabıyık	2	18850
karadağ'ın	2	18851
karadağlı	2	18852
karadeniz'den	2	18853
karagöz	2	18854
karahalil	2	18855
karakoç	2	18856
karaköse	2	18857
karaköy	2	18858
karalar	2	18859
karamürsel	2	18860
karan	2	18861
karanlıkta	2	18862
karaoğlan	2	18863
karapınar	2	18864
kararnamesi	2	18865
karatepe	2	18866
karayip	2	18867
karayolu'nda	2	18868
karaçayır	2	18869
karkamış	2	18870
karneni	2	18871
kartlı	2	18872
kasrı	2	18873
kastamonu'da	2	18874
kasım'daki	2	18875
kasırgası'nın	2	18876
katalonya	2	18877
katz'ın	2	18878
kavacık	2	18879
kavaklı	2	18880
kavasoğlu'nun	2	18881
kavganın	2	18882
kavuncu	2	18883
kavurat	2	18884
kaygıyı	2	18885
kaymakamlığı'na	2	18886
kayseri'nin	2	18887
kayserispor'da	2	18888
kayın	2	18889
kazgagası	2	18890
kağıthane'de	2	18891
kelkit	2	18892
kendiniz	2	18893
keneviri	2	18894
kennedy	2	18895
kenti'ndeki	2	18896
kereviz	2	18897
kerim'in	2	18898
kervan	2	18899
kesal	2	18900
keskin'in	2	18901
keçeli	2	18902
keçiborlu	2	18903
kiev'e	2	18904
kilis'teki	2	18905
kilisesi'nde	2	18906
kilisesi'ne	2	18907
kiriş	2	18908
kiryakos	2	18909
kitchen	2	18910
kitts	2	18911
kişida	2	18912
kişniş	2	18913
koca'ya	2	18914
kocaelili	2	18915
kocaelispor'a	2	18916
kocaelispor'da	2	18917
kolcu	2	18918
kolezyum	2	18919
kolombiyalı	2	18920
komiseri	2	18921
komisyonu'nun	2	18922
komite	2	18923
kompleksi	2	18924
kompleksi'nde	2	18925
komsuoğlu'nun	2	18926
komutanlığının	2	18927
konferansı	2	18928
konferansı'nda	2	18929
konseyinin	2	18930
konuralp	2	18931
konyaspor'u	2	18932
konyaspor'un	2	18933
koordinatör	2	18934
kore'de	2	18935
kosova'nın	2	18936
kostic	2	18937
koylan	2	18938
kozanoğlu	2	18939
kozluk	2	18940
koşukavak	2	18941
kraliçesi	2	18942
kremlin'den	2	18943
kristersson	2	18944
kudüs'teki	2	18945
kul	2	18946
kula	2	18947
kulaksız	2	18948
kulesi	2	18949
kulübü'ne	2	18950
kulübü'nün	2	18951
kulübümüz	2	18952
kulüpleri	2	18953
kumru	2	18954
kupa'da	2	18955
kupa'nın	2	18956
kupada	2	18957
kupası'nı	2	18958
kur'an'ı	2	18959
kurra	2	18960
kurt'un	2	18961
kurtulmuş'un	2	18962
kurultayı'nda	2	18963
kurulu'ndan	2	18964
kurum'un	2	18965
kurumu'ndan	2	18966
kuruoğlu	2	18967
kuruyan	2	18968
kurşunlardan	2	18969
kurşunlu	2	18970
kuvvetleri'nin	2	18971
kuşkonmaz	2	18972
kuşun	2	18973
köfteci	2	18974
köksal	2	18975
köksal'ın	2	18976
köpeğe	2	18977
köprüsünde	2	18978
körfez'in	2	18979
körfezi'nden	2	18980
körfezi'ne	2	18981
köseler	2	18982
külliyesi	2	18983
külliyesi'ndeki	2	18984
külliyesinde	2	18985
kümbet	2	18986
kürşat	2	18987
kütük	2	18988
kütüphane	2	18989
küçükkaya	2	18990
küçükçekmece'de	2	18991
kıbrıs'ı	2	18992
kıbrıslı	2	18993
kılavuza	2	18994
kılıçarslan	2	18995
kılıçdaroğlu'na	2	18996
kılıçkaya	2	18997
kınık'ın	2	18998
kırkağaç	2	18999
kırmızılılar	2	19000
kızılayı	2	19001
kızıldeniz'de	2	19002
kızıldeniz'deki	2	19003
kızılhan	2	19004
kızıltepe	2	19005
kızımı	2	19006
kışlası	2	19007
laliga	2	19008
laliga'da	2	19009
lal	2	19010
lara	2	19011
larnaka	2	19012
last	2	19013
latif	2	19014
latmos	2	19015
lazkiye	2	19016
lazzarini	2	19017
lefkoşa'da	2	19018
lenovo	2	19019
lezita	2	19020
liberman	2	19021
lice	2	19022
lig'i	2	19023
likya	2	19024
limak	2	19025
limanı'na	2	19026
linda	2	19027
lionel	2	19028
lionların	2	19029
lisa	2	19030
litvanya	2	19031
lockheed	2	19032
lopez	2	19033
los	2	19034
lufthansa	2	19035
luna	2	19036
lüleburgaz	2	19037
lütfi	2	19038
mak	2	19039
masak	2	19040
medkon	2	19041
msb'den	2	19042
maastricht	2	19043
maccabi	2	19044
macit	2	19045
macron'a	2	19046
maduro	2	19047
madımak'ın	2	19048
mahalleli	2	19049
mahallelinin	2	19050
mahkemesi'ndeki	2	19051
mahkemesine	2	19052
mahruki	2	19053
mahsulleri	2	19054
mainz	2	19055
malatya'nın	2	19056
malatyalılara	2	19057
malavi	2	19058
malazgirt	2	19059
malmö	2	19060
malulü	2	19061
mamardashvili	2	19062
mamulleri	2	19063
manavoğlu	2	19064
manga	2	19065
mans	2	19066
manş	2	19067
maratonu	2	19068
mardin'de	2	19069
mardin'e	2	19070
mardin'in	2	19071
marino	2	19072
marmara'da	2	19073
marsilya	2	19074
marsı	2	19075
mart'a	2	19076
mart'tan	2	19077
maruf	2	19078
marzuk	2	19079
marşı'nı	2	19080
mater	2	19081
matt	2	19082
matthew	2	19083
mayıs'tan	2	19084
mayıs'ın	2	19085
mazgirt	2	19086
mazlum	2	19087
mecidiyeköy	2	19088
mecralar	2	19089
medeni	2	19090
medicabil	2	19091
medine'ye	2	19092
medvedev	2	19093
mehdi	2	19094
meizu	2	19095
meksika'da	2	19096
meksikalı	2	19097
melbourne	2	19098
meler'e	2	19099
meltem	2	19100
memiş'ten	2	19101
meniere	2	19102
menkul	2	19103
meram	2	19104
merchan	2	19105
merinos	2	19106
merkezefendi	2	19107
merkezi'nden	2	19108
merkezi'ni	2	19109
mersin'in	2	19110
mertens'in	2	19111
mervan	2	19112
messi	2	19113
mesud	2	19114
met	2	19115
meta'nın	2	19116
metalurji	2	19117
meteorolojiden	2	19118
metin'in	2	19119
metina	2	19120
meyan	2	19121
miami	2	19122
michal	2	19123
michelin	2	19124
migren	2	19125
mikrofon	2	19126
miller	2	19127
milletvekilimiz	2	19128
milliye	2	19129
milor	2	19130
minnesota	2	19131
miralay	2	19132
mirza	2	19133
mirziyoyev'in	2	19134
misal	2	19135
misbah	2	19136
mitat	2	19137
modeli'ne	2	19138
modi	2	19139
modric	2	19140
mogan	2	19141
mokka	2	19142
momika	2	19143
monaco	2	19144
monet	2	19145
montana	2	19146
morra	2	19147
mossad	2	19148
mourinho'dan	2	19149
muallimler	2	19150
muammer	2	19151
mudanya	2	19152
muhbir	2	19153
muhittin	2	19154
mumcu	2	19155
muradiye	2	19156
muradiyesarnıç	2	19157
muratlı	2	19158
music	2	19159
musk'tan	2	19160
muçi	2	19161
muğla'yı	2	19162
müdafi	2	19163
müdürlüklerine	2	19164
müdürlüğü'ndeki	2	19165
müessese	2	19166
müftülüğüne	2	19167
mülteciler	2	19168
müsabakanın	2	19169
müteahhitler	2	19170
müzayede	2	19171
müzeyyen	2	19172
müşterek	2	19173
mit'in	2	19174
mısır'a	2	19175
mısır'da	2	19176
nato'yu	2	19177
nbc	2	19178
ngs	2	19179
ntv	2	19180
naby	2	19181
naciye	2	19182
nakamoto	2	19183
nakura	2	19184
nalbantoğlu	2	19185
nana	2	19186
narendra	2	19187
narin'e	2	19188
nasdaq	2	19189
nasuh	2	19190
natal	2	19191
navalni'nin	2	19192
navalny	2	19193
navalny'nin	2	19194
naz	2	19195
nazilli	2	19196
nazlıaka	2	19197
nebahat	2	19198
nebil	2	19199
nedim	2	19200
nefise	2	19201
nejat	2	19202
nelsson'un	2	19203
nesim	2	19204
nesine	2	19205
neslihan	2	19206
neslişah	2	19207
nesrin	2	19208
netenyahu	2	19209
neuralink	2	19210
nevada	2	19211
neyin	2	19212
nick	2	19213
nicolo	2	19214
nijer	2	19215
nijerya	2	19216
nisa	2	19217
nissan	2	19218
niyazi	2	19219
nm	2	19220
no	2	19221
nolu	2	19222
note	2	19223
nuh	2	19224
numanoğlu	2	19225
nuran	2	19226
nurhan	2	19227
nuru	2	19228
nurullah	2	19229
nusaybin	2	19230
nvidia'nın	2	19231
ocha	2	19232
okb	2	19233
oled	2	19234
os	2	19235
osb	2	19236
osb'de	2	19237
ocağı	2	19238
odası'nın	2	19239
odasının	2	19240
odunpazarı	2	19241
ogün	2	19242
okyar	2	19243
olimpiyatların	2	19244
oliveira	2	19245
oltu	2	19246
olympiacos	2	19247
olympiakos'un	2	19248
ombudsman	2	19249
onbaşı	2	19250
onikişubat	2	19251
oosterwolde	2	19252
op	2	19253
opel'in	2	19254
openaı	2	19255
operasyonu'nda	2	19256
opr	2	19257
ordu'da	2	19258
ordudan	2	19259
ordulu	2	19260
orhangazi	2	19261
orka	2	19262
ormanın	2	19263
ortadoğu	2	19264
ortaç	2	19265
ortaçağda	2	19266
osmanlı'nın	2	19267
otelciler	2	19268
otomobilciler	2	19269
oyuncularım	2	19270
oyuncumuzun	2	19271
oyunları'nda	2	19272
oğlaklar	2	19273
phev	2	19274
pmı	2	19275
ps	2	19276
ptt'nin	2	19277
pak	2	19278
pakistan'da	2	19279
pala	2	19280
panathinaikos'un	2	19281
parasız	2	19282
parkı'nın	2	19283
partililerin	2	19284
partisi'nde	2	19285
pateni	2	19286
patiler	2	19287
patriği	2	19288
paul'un	2	19289
paulista	2	19290
pazar'da	2	19291
pehlivanoğlu	2	19292
peker	2	19293
penbe	2	19294
pensilvanya	2	19295
pensilvanya'da	2	19296
pervin	2	19297
petrolul	2	19298
pfizer	2	19299
philippe	2	19300
piaggio	2	19301
picanto	2	19302
pierre	2	19303
pink	2	19304
pirene	2	19305
piri	2	19306
pitbull	2	19307
pişkin'in	2	19308
pladis	2	19309
planı'ndaki	2	19310
play	2	19311
plüton'un	2	19312
portakal'ın	2	19313
portekiz'in	2	19314
post	2	19315
postel	2	19316
power	2	19317
prenses	2	19318
prensi	2	19319
pro'nun	2	19320
psikolog	2	19321
psikoloğu	2	19322
pınarı	2	19323
pırlanta	2	19324
r	2	19325
rtük'ten	2	19326
rab	2	19327
rabbimden	2	19328
radyo'nun	2	19329
rafah	2	19330
rakibimiz	2	19331
ramstein	2	19332
rana	2	19333
raporu'na	2	19334
rasim	2	19335
razgatlıoğlu	2	19336
receb	2	19337
refah'tan	2	19338
remzi	2	19339
reuters	2	19340
reyhanlı	2	19341
ricky	2	19342
rihanna	2	19343
riki	2	19344
riva	2	19345
rizeli	2	19346
rizespor'a	2	19347
robertson	2	19348
rockstar	2	19349
rocky	2	19350
romanya'yı	2	19351
rona	2	19352
ronald	2	19353
rossini	2	19354
ruanda	2	19355
rubio	2	19356
rudeyne	2	19357
rukiye	2	19358
ruşen	2	19359
ryan	2	19360
râzî	2	19361
rüyanızda	2	19362
rüzgârın	2	19363
scalp	2	19364
se	2	19365
sed	2	19366
sega'nın	2	19367
seo	2	19368
sokm	2	19369
sp	2	19370
spd	2	19371
stk	2	19372
saad	2	19373
saat'in	2	19374
sacha	2	19375
sachs	2	19376
saffet	2	19377
safi	2	19378
safir	2	19379
sahili'ne	2	19380
sahnesi'nde	2	19381
sahra	2	19382
sakallı	2	19383
sakaryaspor'un	2	19384
saliha	2	19385
sam	2	19386
samsun'dan	2	19387
samsunspor'u	2	19388
sanatkarları	2	19389
sancaktepe	2	19390
sanchez	2	19391
sander	2	19392
sandıkların	2	19393
sandıkçı	2	19394
sani	2	19395
santos'un	2	19396
santrali	2	19397
sarah	2	19398
sarayı'nın	2	19399
saraç	2	19400
saraçhane	2	19401
saraçoğlu	2	19402
sare	2	19403
sarıbal	2	19404
sarıgöl	2	19405
sarılar	2	19406
sarıtaş	2	19407
sarıçam	2	19408
satoshi	2	19409
savaşı'ndan	2	19410
saygun'un	2	19411
saymaz'ın	2	19412
sağdıç	2	19413
schalke	2	19414
schengen	2	19415
sebastian	2	19416
seddar	2	19417
sefo	2	19418
sekreterliği'ne	2	19419
selahaddin	2	19420
selvi	2	19421
semanur	2	19422
sempozyumun	2	19423
semra	2	19424
senatosu	2	19425
senatörü	2	19426
sendikalar	2	19427
sendromu	2	19428
senegal	2	19429
seng	2	19430
sercan	2	19431
serdal	2	19432
serdaroğlu	2	19433
serdivan	2	19434
seren	2	19435
serenay	2	19436
serginin	2	19437
series	2	19438
serik	2	19439
serinin	2	19440
sertab	2	19441
servis'e	2	19442
serüveni	2	19443
settar	2	19444
sevda	2	19445
sevilla	2	19446
seyfettin	2	19447
seyhan	2	19448
seyid	2	19449
seçer	2	19450
seçimleri'nde	2	19451
seçimleri'nden	2	19452
sheinbaum	2	19453
sigortalar	2	19454
sinabung	2	19455
sincik	2	19456
singapur'a	2	19457
siri	2	19458
sistemi'nde	2	19459
sitesi'nde	2	19460
sivaslı	2	19461
siverek	2	19462
sivilce	2	19463
siyahlılar	2	19464
siyasetten	2	19465
siyonizmin	2	19466
skolyoz	2	19467
slovakya	2	19468
smart	2	19469
smotrich	2	19470
social	2	19471
sociedad	2	19472
solmuş	2	19473
somali	2	19474
somali'ye	2	19475
song	2	19476
sovyet	2	19477
sovyetler	2	19478
soysal	2	19479
sparta	2	19480
sportage	2	19481
spot	2	19482
stadyumda	2	19483
stadı	2	19484
stadında	2	19485
star'da	2	19486
starliner	2	19487
steam'in	2	19488
stefan	2	19489
stoltenberg	2	19490
storm	2	19491
stratejisti	2	19492
streek'in	2	19493
street	2	19494
sudan'daki	2	19495
sudan'dan	2	19496
sulak	2	19497
sultanbeyli	2	19498
sultanbeyli'de	2	19499
sultangazi	2	19500
sultangazi'de	2	19501
sungur	2	19502
suni	2	19503
suphi	2	19504
suriyelinin	2	19505
surp	2	19506
suruç	2	19507
survivor'da	2	19508
svensson	2	19509
swift	2	19510
sylvinho	2	19511
sylvio	2	19512
systems	2	19513
söyüncü	2	19514
sözcü'de	2	19515
sözeri	2	19516
sözlü'nün	2	19517
söğüt	2	19518
süer	2	19519
süleymaniye	2	19520
süryanice	2	19521
siha'lar	2	19522
sırlar	2	19523
sırp	2	19524
sıtkı	2	19525
tbb'nin	2	19526
tbmm'deki	2	19527
tdmmb	2	19528
teb	2	19529
tecno	2	19530
tedaş	2	19531
tekirdağ'ın	2	19532
tesk	2	19533
tff'de	2	19534
tff'ye	2	19535
tff'yi	2	19536
tır'a	2	19537
tl'yi	2	19538
tmf	2	19539
tmo	2	19540
tobb	2	19541
tops	2	19542
tpao	2	19543
troy	2	19544
trt'de	2	19545
ttb	2	19546
tusaş'a	2	19547
tusaş'ın	2	19548
tv'deki	2	19549
tv'den	2	19550
tv'ye	2	19551
tvf	2	19552
typ	2	19553
tyt	2	19554
tyç	2	19555
taberî	2	19556
tahkim	2	19557
tahran'a	2	19558
taksim'de	2	19559
takımı'nı	2	19560
takımımıza	2	19561
talasemi	2	19562
taliant	2	19563
taliban'ın	2	19564
taneleri'nde	2	19565
tanrı'nın	2	19566
tansu	2	19567
tanın	2	19568
tanış	2	19569
taraftarımız	2	19570
taraftarın	2	19571
tarhan	2	19572
tarkan	2	19573
tartus	2	19574
tatvan	2	19575
taurus	2	19576
tayvan'ın	2	19577
taşdelen	2	19578
taşkömürü	2	19579
taşova	2	19580
taşçı	2	19581
tebliğ	2	19582
tekdemir	2	19583
tekin'in	2	19584
tekirdağ'da	2	19585
teksas	2	19586
telefonunuzu	2	19587
temmuz'daki	2	19588
temmuz'dan	2	19589
temmuz'un	2	19590
temmuzdaki	2	19591
tepe	2	19592
tepebaşı	2	19593
tepeleri'nde	2	19594
tepesi	2	19595
tersanelerde	2	19596
tersanesi	2	19597
terzi	2	19598
tesla'yı	2	19599
tevhid	2	19600
tevrat	2	19601
tez	2	19602
teşkilatı'nın	2	19603
thrones	2	19604
tilbe	2	19605
times	2	19606
tiryaki	2	19607
tiyatroları	2	19608
tiyatrosu'nda	2	19609
tolgahan	2	19610
tolunay	2	19611
tontuş	2	19612
tony	2	19613
topkapı	2	19614
topolino	2	19615
toroslar	2	19616
torreira	2	19617
tosya	2	19618
trabzon'a	2	19619
trabzonlu	2	19620
trabzonspor'a	2	19621
trabzonsporlu	2	19622
trail	2	19623
trampolin	2	19624
trevi	2	19625
tufanbeyli	2	19626
tugay'ı	2	19627
tulkarem	2	19628
tuna	2	19629
tunceli'de	2	19630
turhan'ın	2	19631
turizmciler	2	19632
turkishexporter	2	19633
tutak	2	19634
tuzla'daki	2	19635
tuzlaspor'un	2	19636
tuğrul	2	19637
twitter	2	19638
twitter'da	2	19639
type	2	19640
tübitak	2	19641
türasaş	2	19642
türk'e	2	19643
türkonfed	2	19644
tüik'e	2	19645
tüketicinin	2	19646
tümer	2	19647
tüneli'nin	2	19648
türbenin	2	19649
türkali	2	19650
türkeli	2	19651
türkistan	2	19652
türkiyeli	2	19653
türklere	2	19654
türkleri	2	19655
türklüğü	2	19656
tütüncü	2	19657
tüyap	2	19658
tisk	2	19659
udham	2	19660
uefa'nın	2	19661
unıcef	2	19662
usom	2	19663
uv	2	19664
uvb	2	19665
udinese	2	19666
ukrayna'da	2	19667
uluslarası	2	19668
umuyorum	2	19669
unutmayalım	2	19670
ural	2	19671
urfa	2	19672
urla	2	19673
urladam	2	19674
uruguaylı	2	19675
uslu	2	19676
uslu'nun	2	19677
usta'nın	2	19678
utku	2	19679
uygur	2	19680
uykusuz	2	19681
uyuyan	2	19682
uz	2	19683
uzel	2	19684
uzman'ın	2	19685
uzun'un	2	19686
uzundere	2	19687
uzuner'in	2	19688
uzunhasanoğlu	2	19689
uğurcan	2	19690
uğurlu'nun	2	19691
var'ın	2	19692
vnl	2	19693
vpn	2	19694
vw	2	19695
valencia	2	19696
valimiz	2	19697
valimizin	2	19698
valisi'nden	2	19699
valorant	2	19700
valverde	2	19701
vapur	2	19702
varikosel	2	19703
vatikan	2	19704
venezuela	2	19705
vincent	2	19706
vision	2	19707
viyana	2	19708
vucic	2	19709
vural'ı	2	19710
wck	2	19711
wall	2	19712
warren	2	19713
washington'un	2	19714
we	2	19715
west	2	19716
whatsapp'tan	2	19717
wilfried	2	19718
wolfsburg'a	2	19719
x'in	2	19720
x'teki	2	19721
xvı	2	19722
xi	2	19723
xi'nin	2	19724
y	2	19725
yds	2	19726
ydus	2	19727
yks'de	2	19728
yks'ye	2	19729
ypg'yi	2	19730
ysk'nin	2	19731
ysk'ya	2	19732
yahudilik	2	19733
yaktıkları	2	19734
yalnızoğlu	2	19735
yalova'nın	2	19736
yamal'ın	2	19737
yarımadası	2	19738
yarışmacının	2	19739
yatağan	2	19740
yavuzyılmaz	2	19741
yazgan'a	2	19742
yedigöller	2	19743
yedikule	2	19744
yemen'de	2	19745
yemen'deki	2	19746
yengeçler	2	19747
yenibosna	2	19748
yenice	2	19749
yenigün	2	19750
yenimahalle	2	19751
yesevi	2	19752
yetimleri	2	19753
yeşilçam	2	19754
yiğit'e	2	19755
yiğit'in	2	19756
yolları'nın	2	19757
yozgat'ta	2	19758
yozgat'tan	2	19759
yulaf	2	19760
yunanistan'da	2	19761
yunus'ta	2	19762
yunus'tan	2	19763
yunus'un	2	19764
yunusemre	2	19765
yurtnaç	2	19766
yusufeli	2	19767
yök	2	19768
yökdil	2	19769
yürüme	2	19770
yürüyüşte	2	19771
yılanlı	2	19772
yıldızhan	2	19773
yılmaz'a	2	19774
yılmaz'ı	2	19775
yılport	2	19776
z'ye	2	19777
zaim	2	19778
zamansız	2	19779
zekeriya	2	19780
zelanda'nın	2	19781
zelenski	2	19782
zelenski'yi	2	19783
zengin'e	2	19784
zeren	2	19785
zero	2	19786
zerrin	2	19787
zeybekci	2	19788
zigana	2	19789
zincirlikuyu	2	19790
zirvesi'ne	2	19791
zonguldak'ta	2	19792
zuckerberg	2	19793
zübük	2	19794
zülfü	2	19795
zümra	2	19796
abiye	2	19797
abla	2	19798
ablasını	2	19799
abone	2	19800
aboneliği	2	19801
absürtlüğü	2	19802
acente	2	19803
acenteleri	2	19804
acıdı	2	19805
acıkan	2	19806
acılara	2	19807
acımasız	2	19808
acımsı	2	19809
acının	2	19810
acıyla	2	19811
ad	2	19812
adalarında	2	19813
adale	2	19814
adaletten	2	19815
adamlarını	2	19816
adamış	2	19817
adanmış	2	19818
adanın	2	19819
adaptif	2	19820
adaylarına	2	19821
adaylıktan	2	19822
adaylığının	2	19823
adayına	2	19824
adayını	2	19825
adedi	2	19826
adete	2	19827
adliyede	2	19828
adresini	2	19829
adreslere	2	19830
adıma	2	19831
adımla	2	19832
adımını	2	19833
adımıza	2	19834
adın	2	19835
afete	2	19836
afetlere	2	19837
afetlerin	2	19838
affettiği	2	19839
affına	2	19840
affını	2	19841
afiyet	2	19842
agar	2	19843
ahenk	2	19844
ahirette	2	19845
ahlakı	2	19846
ahlâkî	2	19847
ailece	2	19848
ailede	2	19849
ailelerden	2	19850
ailelerimizi	2	19851
aileleriyle	2	19852
aileyle	2	19853
ajans	2	19854
ajansının	2	19855
akademisyenleri	2	19856
akciğerlerin	2	19857
aklamaya	2	19858
aklanması	2	19859
aklımıza	2	19860
aklına	2	19861
aklında	2	19862
aklını	2	19863
akne	2	19864
akrabalık	2	19865
akran	2	19866
akredite	2	19867
akrilik	2	19868
aksaklık	2	19869
aksamadan	2	19870
aksesuarlar	2	19871
aksilik	2	19872
aksiyonlar	2	19873
aktaracağı	2	19874
aktardık	2	19875
aktarların	2	19876
aktarmıştı	2	19877
aktarıldığı	2	19878
aktarılması	2	19879
aktarılmasına	2	19880
aktivist	2	19881
aktivistler	2	19882
aktivistlerinin	2	19883
aktivitelerde	2	19884
aktiviteleri	2	19885
aktiviteyi	2	19886
aktörleri	2	19887
aktörü	2	19888
akupunktur	2	19889
akıbeti	2	19890
akılları	2	19891
akıllarınca	2	19892
akımı	2	19893
akıyor	2	19894
akışlarının	2	19895
akışının	2	19896
akşama	2	19897
alabilecekler	2	19898
alabilen	2	19899
alabora	2	19900
alacaklarını	2	19901
alacağımız	2	19902
alacağına	2	19903
alacağınız	2	19904
alamadıklarını	2	19905
alamadığı	2	19906
alamayınca	2	19907
alandır	2	19908
alanla	2	19909
alanlardaki	2	19910
alanlarla	2	19911
alanlarıdır	2	19912
alanıdır	2	19913
alanıyla	2	19914
albümü	2	19915
aldırdığı	2	19916
aldırmadan	2	19917
aldırış	2	19918
aldığımızda	2	19919
aldığınızda	2	19920
alerjiye	2	19921
aletlerinde	2	19922
alevlendi	2	19923
aleyhimize	2	19924
aleyhinde	2	19925
algoritmalar	2	19926
algısını	2	19927
alkışladı	2	19928
alkışlarla	2	19929
alkışı	2	19930
almadık	2	19931
almadıklarını	2	19932
almaktaydı	2	19933
almalıyız	2	19934
almam	2	19935
almamak	2	19936
almamıştır	2	19937
almanız	2	19938
almasıyla	2	19939
almayın	2	19940
almıyor	2	19941
almıyorum	2	19942
almıyoruz	2	19943
alsa	2	19944
alta	2	19945
alternatifi	2	19946
altyapılar	2	19947
altyapının	2	19948
altyapısından	2	19949
altüst	2	19950
altınlar	2	19951
altınlarının	2	19952
alıcılar	2	19953
alıcıların	2	19954
alıcılı	2	19955
alıcıyı	2	19956
alımların	2	19957
alımlarına	2	19958
alımlarında	2	19959
alımın	2	19960
alımını	2	19961
alınabiliyor	2	19962
alınamamıştı	2	19963
alınanlardan	2	19964
alındığına	2	19965
alınmak	2	19966
alınmaktadır	2	19967
alınmalıdır	2	19968
alınmasında	2	19969
alınmayan	2	19970
alınmazsa	2	19971
alınmıyor	2	19972
alırsanız	2	19973
alıyorduk	2	19974
alışmaya	2	19975
alışverişini	2	19976
alışverişten	2	19977
alışılmadık	2	19978
amacına	2	19979
amaçladıklarını	2	19980
amaçlamaktadır	2	19981
amaçlarla	2	19982
amaçlarına	2	19983
amaçlıyoruz	2	19984
ambalaj	2	19985
ambulansın	2	19986
amcanın	2	19987
ameliyatla	2	19988
ameliyatlarda	2	19989
ameliyatları	2	19990
ameliyatlarını	2	19991
ameliyattan	2	19992
amfibi	2	19993
anahtarları	2	19994
analizini	2	19995
ananas	2	19996
anarak	2	19997
anayasaya	2	19998
anayasayı	2	19999
anestezi	2	20000
anestezik	2	20001
anime	2	20002
anjiyo	2	20003
ankete	2	20004
anketinde	2	20005
anksiyete	2	20006
anladım	2	20007
anlamakta	2	20008
anlamam	2	20009
anlamamızı	2	20010
anlamaya	2	20011
anlamazlar	2	20012
anlamlarına	2	20013
anlamlarını	2	20014
anlamlarının	2	20015
anlamlıdır	2	20016
anlamının	2	20017
anlarda	2	20018
anlarla	2	20019
anlarlar	2	20020
anlarına	2	20021
anlatabileceği	2	20022
anlatabilmek	2	20023
anlatacağını	2	20024
anlatayım	2	20025
anlatmakta	2	20026
anlatmaları	2	20027
anlattık	2	20028
anlattığını	2	20029
anlatıldığı	2	20030
anlatılıyor	2	20031
anlatıp	2	20032
anlatıyorlar	2	20033
anlayamadık	2	20034
anlayamıyoruz	2	20035
anlayan	2	20036
anlayışımızı	2	20037
anlayışınızı	2	20038
anlaşmadan	2	20039
anlaşmaların	2	20040
anlaşmayı	2	20041
anlaşmazsa	2	20042
anlaştık	2	20043
anlaştığı	2	20044
anlaşılabilir	2	20045
anlaşılmaktadır	2	20046
anlaşılması	2	20047
anlıyor	2	20048
anmak	2	20049
anneleri	2	20050
annelik	2	20051
annemi	2	20052
anneye	2	20053
anons	2	20054
antibakteriyel	2	20055
antiviral	2	20056
antrenörü	2	20057
anılar	2	20058
anılıyor	2	20059
anısını	2	20060
anıtsal	2	20061
anıyoruz	2	20062
apartmana	2	20063
apnesi	2	20064
arabada	2	20065
arabasıyla	2	20066
arabaya	2	20067
arabayı	2	20068
arabulucu	2	20069
arabulucuya	2	20070
aracından	2	20071
aracınız	2	20072
aracınızı	2	20073
aradılar	2	20074
aradınız	2	20075
aralandığı	2	20076
aralarının	2	20077
aralığındaki	2	20078
aramasının	2	20079
aramıza	2	20080
aramızdan	2	20081
aranacak	2	20082
arandığı	2	20083
arayacak	2	20084
arayla	2	20085
arayışlar	2	20086
arayışları	2	20087
araziden	2	20088
araziler	2	20089
arazilerde	2	20090
arazilerine	2	20091
arazisi	2	20092
arazisinde	2	20093
arazözle	2	20094
araçlarına	2	20095
araçlarında	2	20096
araçlarıyla	2	20097
araçlık	2	20098
araştıran	2	20099
araştırmacı	2	20100
araştırmacısı	2	20101
araştırmalarının	2	20102
araştırmasına	2	20103
araştırılacak	2	20104
araştırılan	2	20105
araştırılmasını	2	20106
arbedede	2	20107
arenaya	2	20108
ari	2	20109
arkadaşlarımla	2	20110
arkadaşlarımın	2	20111
arkadaşlarımıza	2	20112
arkadaşlarımızı	2	20113
arkadaşlıklar	2	20114
arkadaşımın	2	20115
arkadaşımızla	2	20116
arkadaşımızı	2	20117
arkadaşını	2	20118
arkamdaki	2	20119
arkeologlar	2	20120
armut	2	20121
arsasını	2	20122
artmasını	2	20123
artmıyor	2	20124
arttırdı	2	20125
artırabileceği	2	20126
artırabilirsiniz	2	20127
artırabilmek	2	20128
artıracağız	2	20129
artırdık	2	20130
artırmakla	2	20131
artırmaktadır	2	20132
artırması	2	20133
artırmıştır	2	20134
artırılmasını	2	20135
artırımı	2	20136
artırın	2	20137
artışlarını	2	20138
artıştan	2	20139
artışının	2	20140
arzusuyla	2	20141
arıcıları	2	20142
arıcıların	2	20143
arıcının	2	20144
arılar	2	20145
arınma	2	20146
arısı	2	20147
arıyorlar	2	20148
arıyoruz	2	20149
arızanın	2	20150
asarak	2	20151
asfaltla	2	20152
asidini	2	20153
asistan	2	20154
asitle	2	20155
askerler	2	20156
askerliğe	2	20157
askerliği	2	20158
askerliğin	2	20159
askerî	2	20160
aslına	2	20161
asrının	2	20162
astrolog	2	20163
astronot	2	20164
astı	2	20165
asırda	2	20166
asırdır	2	20167
atabiliyor	2	20168
atacakları	2	20169
atacaklarını	2	20170
atacağını	2	20171
atamalarıyla	2	20172
atamayan	2	20173
atanlar	2	20174
atanma	2	20175
atanmasına	2	20176
atanmasının	2	20177
atanmıştı	2	20178
atağında	2	20179
ateşiyle	2	20180
ateşlenen	2	20181
atfediyoruz	2	20182
atlama	2	20183
atlatmayı	2	20184
atlayan	2	20185
atlayıp	2	20186
atmaktan	2	20187
atmamız	2	20188
atmayalım	2	20189
atmayan	2	20190
atmayı	2	20191
atmosferin	2	20192
atmosferini	2	20193
atmıştı	2	20194
attıktan	2	20195
attılar	2	20196
attığımız	2	20197
atölyeler	2	20198
atölyelerde	2	20199
atölyelerinde	2	20200
atı	2	20201
atıcı	2	20202
atıf	2	20203
atıklarını	2	20204
atılacağını	2	20205
atıldığında	2	20206
atılmadığını	2	20207
atılmasına	2	20208
atılmasını	2	20209
atınca	2	20210
atığı	2	20211
atışı	2	20212
avantajları	2	20213
avantajlarından	2	20214
avlanan	2	20215
avlanma	2	20216
avokado	2	20217
avukatlarından	2	20218
avukatlarının	2	20219
avukatlık	2	20220
avukatının	2	20221
ayakkabısı	2	20222
ayaklanma	2	20223
ayaklarına	2	20224
ayaklı	2	20225
ayarlanabilir	2	20226
ayarı	2	20227
ayağını	2	20228
aydınlatacak	2	20229
aydınlatan	2	20230
aydınlatır	2	20231
ayetten	2	20232
ayki	2	20233
aykırıdır	2	20234
aylarına	2	20235
aylıkları	2	20236
aylıklarının	2	20237
aylığının	2	20238
aynen	2	20239
ayrılacak	2	20240
ayrılarak	2	20241
ayrıldıktan	2	20242
ayrılmadan	2	20243
ayrılmayı	2	20244
ayrılıkçı	2	20245
ayrılır	2	20246
ayrımcılığa	2	20247
ayrıştırma	2	20248
ayva	2	20249
ayçiçeği	2	20250
ayılar	2	20251
ayırdı	2	20252
ayırdığını	2	20253
ayırmış	2	20254
ayırmıştı	2	20255
azalacak	2	20256
azalan	2	20257
azalmasıyla	2	20258
azalmaya	2	20259
azalmış	2	20260
azalsın	2	20261
azaltabilirsiniz	2	20262
azaltmada	2	20263
azaltılmasına	2	20264
azaltım	2	20265
azaltıyor	2	20266
azalır	2	20267
azar	2	20268
azmini	2	20269
azınlık	2	20270
azınlıkların	2	20271
açacağız	2	20272
açanlar	2	20273
açarken	2	20274
açlıkla	2	20275
açlığı	2	20276
açmadı	2	20277
açmasının	2	20278
açmıyor	2	20279
açtıkları	2	20280
açtırmayacağız	2	20281
açtırmıyor	2	20282
açtığımız	2	20283
açıklamadı	2	20284
açıklamayı	2	20285
açıklanacağı	2	20286
açıklanmadı	2	20287
açıklanmazken	2	20288
açıkları	2	20289
açıklarını	2	20290
açıklasın	2	20291
açıklayacağız	2	20292
açıklayanların	2	20293
açıklık	2	20294
açıklıkla	2	20295
açıklığına	2	20296
açılacaktır	2	20297
açılacağı	2	20298
açıldığında	2	20299
açılmadan	2	20300
açılmaması	2	20301
açılmasının	2	20302
açılmıştır	2	20303
açılımı	2	20304
açılır	2	20305
açılışındaki	2	20306
açısını	2	20307
ağası	2	20308
ağaçların	2	20309
ağaçlarıyla	2	20310
ağaçlık	2	20311
ağlar	2	20312
ağlarla	2	20313
ağrıların	2	20314
ağrılarının	2	20315
ağrısını	2	20316
ağrıyan	2	20317
ağrıyı	2	20318
ağzım	2	20319
ağzına	2	20320
ağzında	2	20321
ağzını	2	20322
ağına	2	20323
ağını	2	20324
ağırladığı	2	20325
ağırlanması	2	20326
ağırlıyor	2	20327
ağırlığının	2	20328
ağızları	2	20329
aşamadan	2	20330
aşamalarını	2	20331
aşamanın	2	20332
aşamayı	2	20333
aşağıladı	2	20334
aşkla	2	20335
aşkına	2	20336
aşkıyla	2	20337
aşçı	2	20338
aşçılar	2	20339
aşılayarak	2	20340
aşıp	2	20341
aşırılık	2	20342
aşırıya	2	20343
aşısını	2	20344
aşısının	2	20345
babaannemin	2	20346
babaannesinin	2	20347
babalarını	2	20348
babalarının	2	20349
baca	2	20350
bacak	2	20351
bacaklarından	2	20352
bacağı	2	20353
bacağını	2	20354
bademciklerin	2	20355
bagaj	2	20356
baharatlarla	2	20357
bahsetmek	2	20358
bahsettiğim	2	20359
bahçelerde	2	20360
bahçeleri	2	20361
bahçelerinden	2	20362
bahçelerinin	2	20363
bahçesini	2	20364
bahçesinin	2	20365
bahşiş	2	20366
bakabileceği	2	20367
bakacağını	2	20368
bakanlarının	2	20369
bakarız	2	20370
baki	2	20371
bakkal	2	20372
baklava	2	20373
baklavanın	2	20374
bakmadı	2	20375
bakmakta	2	20376
bakmayan	2	20377
bakmaz	2	20378
baksın	2	20379
bakteri	2	20380
bakterinin	2	20381
bakterisi	2	20382
baktı	2	20383
baktılar	2	20384
baktığımız	2	20385
baktığınız	2	20386
bakıcı	2	20387
bakılırsa	2	20388
bakımının	2	20389
bakıp	2	20390
bakıyorlar	2	20391
bakıyoruz	2	20392
balkonda	2	20393
baltayla	2	20394
balığa	2	20395
balığından	2	20396
balığının	2	20397
bamya	2	20398
bando	2	20399
bandında	2	20400
bankadan	2	20401
bankayı	2	20402
banknotlara	2	20403
banyoda	2	20404
banyoya	2	20405
bardakları	2	20406
bari	2	20407
bariyerlere	2	20408
bariyerleri	2	20409
barınaklara	2	20410
barınaklarda	2	20411
barınakları	2	20412
barındıracak	2	20413
barışıyor	2	20414
basarak	2	20415
basketleriyle	2	20416
basketlerle	2	20417
baskılarla	2	20418
baskında	2	20419
baskınlarını	2	20420
baskısına	2	20421
baskıyı	2	20422
basması	2	20423
bastırarak	2	20424
bastırdı	2	20425
basılan	2	20426
basınına	2	20427
basınından	2	20428
basıyor	2	20429
battı	2	20430
bayraklar	2	20431
bayramına	2	20432
bayramını	2	20433
bayrağımızı	2	20434
bayrağının	2	20435
bazındaki	2	20436
bağlantıda	2	20437
bağlantılarını	2	20438
bağlantılıdır	2	20439
bağlantısını	2	20440
bağlanıyor	2	20441
bağların	2	20442
bağlayarak	2	20443
bağlayıcıdır	2	20444
bağlılık	2	20445
bağlılığının	2	20446
bağlıyor	2	20447
bağımlılıktan	2	20448
bağımlılığını	2	20449
bağımsızlığa	2	20450
bağırıyor	2	20451
bağışladı	2	20452
bağışlama	2	20453
bağışlanacak	2	20454
bağışlanan	2	20455
bağışlar	2	20456
bağışlarıyla	2	20457
bağışı	2	20458
bağışının	2	20459
bağışıyla	2	20460
başaramadığı	2	20461
başarmak	2	20462
başarmıştı	2	20463
başarmıştır	2	20464
başarıdan	2	20465
başarıların	2	20466
başarılıdır	2	20467
başarınızı	2	20468
başarırken	2	20469
başarısından	2	20470
başarısının	2	20471
başarısızlıkla	2	20472
başbakanın	2	20473
başkana	2	20474
başkanlarımız	2	20475
başkanların	2	20476
başkasına	2	20477
başkentte	2	20478
başladınız	2	20479
başlamadı	2	20480
başlamaktadır	2	20481
başlamasına	2	20482
başlamasını	2	20483
başlamasının	2	20484
başlamayı	2	20485
başlandığını	2	20486
başlangıcın	2	20487
başlangıcını	2	20488
başlangıçlar	2	20489
başlarına	2	20490
başlarında	2	20491
başlarındaki	2	20492
başlatmıştır	2	20493
başlattıkları	2	20494
başlattığını	2	20495
başlatılacak	2	20496
başlatılmıştır	2	20497
başlayabiliriz	2	20498
başlayacağız	2	20499
başlıklarda	2	20500
başlıkları	2	20501
başrollerinde	2	20502
başrolünde	2	20503
başsavcılıklarımızı	2	20504
başvurmaları	2	20505
başvurmanız	2	20506
başvurmaya	2	20507
başvurularına	2	20508
başvurunun	2	20509
başvurusunun	2	20510
başvuruya	2	20511
başvuruyu	2	20512
beın	2	20513
bebekler	2	20514
bebeğini	2	20515
beceri	2	20516
bedeliyle	2	20517
bedelle	2	20518
bedelleri	2	20519
beden	2	20520
bedende	2	20521
bedeninin	2	20522
bedenleri	2	20523
bedensel	2	20524
beka	2	20525
beki	2	20526
bekle	2	20527
beklemeden	2	20528
beklememiz	2	20529
beklemesi	2	20530
beklemeye	2	20531
beklemiyorum	2	20532
bekleniliyor	2	20533
bekleniyordu	2	20534
beklenmeden	2	20535
beklenmeyen	2	20536
bekler	2	20537
beklerdik	2	20538
beklettikten	2	20539
bekleyişin	2	20540
bekliyordum	2	20541
bekliyorlar	2	20542
belediyecilikle	2	20543
belediyeciliği	2	20544
belediyelerini	2	20545
belgede	2	20546
belgelerini	2	20547
belgelerle	2	20548
belgeli	2	20549
belgenin	2	20550
belgesinde	2	20551
belgesiyle	2	20552
belgeyi	2	20553
beli	2	20554
belini	2	20555
belirlediklerini	2	20556
belirlemede	2	20557
belirlemekle	2	20558
belirlenir	2	20559
belirlerken	2	20560
belirsizliklerin	2	20561
belirsizliklerle	2	20562
belirtelim	2	20563
belirti	2	20564
belirtilerek	2	20565
belirtilerinin	2	20566
belirttiğine	2	20567
belleği	2	20568
bellidir	2	20569
belliydi	2	20570
bendeki	2	20571
benimsedi	2	20572
benimsediklerini	2	20573
benimsediğini	2	20574
benimsemek	2	20575
benimsemiş	2	20576
benzinin	2	20577
beraberindekiler	2	20578
berberler	2	20579
bereketiyle	2	20580
berrak	2	20581
besinlerden	2	20582
besinlerin	2	20583
besleme	2	20584
beslemeye	2	20585
beslenen	2	20586
beslenerek	2	20587
beslenmeden	2	20588
beslenmeleri	2	20589
beslenmelerine	2	20590
besmele	2	20591
besteci	2	20592
beta	2	20593
beyannamesi	2	20594
beyannamesini	2	20595
beyanına	2	20596
beyanında	2	20597
beye	2	20598
beyinde	2	20599
beynin	2	20600
bezlerinden	2	20601
beğendiklerini	2	20602
beğenisini	2	20603
biberi	2	20604
biberler	2	20605
bilahare	2	20606
bilançosu	2	20607
bilançosunun	2	20608
bildi	2	20609
bildirdiler	2	20610
bildirdiğine	2	20611
bildirilirken	2	20612
bildirimde	2	20613
bildirimi	2	20614
bildiriminde	2	20615
bildirin	2	20616
bildirme	2	20617
bildirmesi	2	20618
bildirmesiyle	2	20619
bildirmişlerdir	2	20620
bilemem	2	20621
bilemiyorum	2	20622
bilemiyoruz	2	20623
bilenler	2	20624
biletin	2	20625
biletlerini	2	20626
biletlerinin	2	20627
bileşeni	2	20628
bileşenleri	2	20629
bileşenlerinden	2	20630
bileşenlerinin	2	20631
bileşenlerle	2	20632
bilgilendirildi	2	20633
bilgilendiriyor	2	20634
bilgilerinin	2	20635
bilgim	2	20636
bilginin	2	20637
bilgisayarların	2	20638
bilgisayarlı	2	20639
bilgisinden	2	20640
bilgisinin	2	20641
bilgiyle	2	20642
bilime	2	20643
bilincin	2	20644
bilincine	2	20645
bilinenler	2	20646
bilinmelidir	2	20647
bilinmesini	2	20648
bilinmez	2	20649
bilinse	2	20650
bilinçle	2	20651
bilinçlendirilmesi	2	20652
bilinçlenmesini	2	20653
bilirkişilik	2	20654
biliyorlardı	2	20655
bilmeden	2	20656
bilmenizi	2	20657
bilmesi	2	20658
bilmiyor	2	20659
bilmiyordu	2	20660
binalar	2	20661
bindikleri	2	20662
biraraya	2	20663
birazcık	2	20664
birbirleriyle	2	20665
bireye	2	20666
bireylerini	2	20667
birilerini	2	20668
birim	2	20669
birimde	2	20670
birimiz	2	20671
birimizi	2	20672
birimlere	2	20673
birimleriyle	2	20674
birincil	2	20675
birinciliği	2	20676
biriniz	2	20677
birinizin	2	20678
birisiydi	2	20679
biriyiz	2	20680
birleşimi	2	20681
birleşiminde	2	20682
birleşmenin	2	20683
birleşmeyi	2	20684
birleştirdi	2	20685
birleştiren	2	20686
birleştirici	2	20687
birleştirilerek	2	20688
birleştirilmesine	2	20689
birleştiği	2	20690
birlikleriyle	2	20691
birlikteliklerini	2	20692
birlikteyiz	2	20693
birliğimizi	2	20694
bitene	2	20695
bitime	2	20696
bitimine	2	20697
bitireceğim	2	20698
bitiremediği	2	20699
bitirerek	2	20700
bitirip	2	20701
bitirmek	2	20702
bitirmiş	2	20703
bitişiğindeki	2	20704
bitkilerden	2	20705
bitkilere	2	20706
bitkisini	2	20707
bitkisinin	2	20708
bitme	2	20709
bitmesi	2	20710
bitmesine	2	20711
bitmesiyle	2	20712
bittikten	2	20713
biyoteknik	2	20714
biziz	2	20715
biçilmesi	2	20716
bloklar	2	20717
bolluğu	2	20718
bombalayan	2	20719
bombardımanında	2	20720
boncuk	2	20721
borsadaki	2	20722
borsasında	2	20723
boruların	2	20724
borunun	2	20725
borusuna	2	20726
borçlanmasını	2	20727
botu	2	20728
boydan	2	20729
boylarının	2	20730
boylu	2	20731
boynuna	2	20732
boyuna	2	20733
boyuta	2	20734
boyutlarına	2	20735
boyutlarını	2	20736
bozarak	2	20737
bozmaya	2	20738
bozmuş	2	20739
bozucu	2	20740
bozukluklar	2	20741
bozukluğuna	2	20742
bozularak	2	20743
bozuldu	2	20744
bozulmaması	2	20745
bozulmuştu	2	20746
bozuluyor	2	20747
boğalar	2	20748
boğan	2	20749
boğuşuyor	2	20750
boşaltarak	2	20751
boşaltma	2	20752
boşaltmak	2	20753
boşaltılması	2	20754
boşanacakları	2	20755
boşlukları	2	20756
boşuna	2	20757
branda	2	20758
branşta	2	20759
bugünde	2	20760
buhar	2	20761
bulacaksınız	2	20762
bulacağına	2	20763
bulamayınca	2	20764
bulanık	2	20765
bulaşık	2	20766
bulaşıyor	2	20767
bulgular	2	20768
bulguları	2	20769
bulgularına	2	20770
bulgularında	2	20771
bulgularını	2	20772
bulgularının	2	20773
bulmayı	2	20774
bulmuşlar	2	20775
bulmuştur	2	20776
bulsa	2	20777
bulsunlar	2	20778
bulunabilir	2	20779
bulunanlar	2	20780
bulunanlara	2	20781
bulunanların	2	20782
bulunduklarını	2	20783
bulundum	2	20784
bulundurduğu	2	20785
bulundurmak	2	20786
bulundurulması	2	20787
bulunduğunuz	2	20788
bulunmadığına	2	20789
bulunmakta	2	20790
bulunmaktayız	2	20791
bulunmaması	2	20792
bulunmasından	2	20793
bulunmuştur	2	20794
bulunsun	2	20795
bulunulması	2	20796
bulunurlar	2	20797
bulunuyorlar	2	20798
buluşlardan	2	20799
buluştuklarını	2	20800
buluşturmaya	2	20801
buluşu	2	20802
buluşup	2	20803
buluşuyor	2	20804
bunaltıyor	2	20805
buralar	2	20806
buralara	2	20807
buraları	2	20808
buram	2	20809
burcuna	2	20810
burjuva	2	20811
buyurmuştur	2	20812
buzdolapları	2	20813
böbreğini	2	20814
bölgelerdeki	2	20815
bölgelerimize	2	20816
bölgemizdeki	2	20817
bölümlerin	2	20818
bölünecek	2	20819
bölünmesini	2	20820
böyleyken	2	20821
bülteni	2	20822
bülteninde	2	20823
bünyesine	2	20824
bürokrasi	2	20825
bürünür	2	20826
bütçeyi	2	20827
bütünlüğünün	2	20828
büyüdükleri	2	20829
büyüdüğü	2	20830
büyükleri	2	20831
büyüklüğe	2	20832
büyüklüğünün	2	20833
büyüktür	2	20834
büyümede	2	20835
büyümesinin	2	20836
büyüteceğiz	2	20837
büyüyecek	2	20838
bıldırcın	2	20839
bırakacağı	2	20840
bırakmalı	2	20841
bırakmasını	2	20842
bırakmaya	2	20843
bırakmayarak	2	20844
bırakmıyoruz	2	20845
bıraktınız	2	20846
bırakılarak	2	20847
bırakıldığını	2	20848
bırakılmasını	2	20849
bırakılmaz	2	20850
bırakılmıştı	2	20851
bırakılmıştır	2	20852
bıçakladığı	2	20853
bıçaklanan	2	20854
bıçaklayan	2	20855
bıçağı	2	20856
caddelerinde	2	20857
caddeye	2	20858
caddeyi	2	20859
camiamız	2	20860
camiası	2	20861
camiasından	2	20862
camiaya	2	20863
camileri	2	20864
camilerin	2	20865
camiyle	2	20866
camları	2	20867
camına	2	20868
camını	2	20869
canlandırma	2	20870
canlandırmayı	2	20871
canlandırıyor	2	20872
canlarımızın	2	20873
canlarını	2	20874
canlılar	2	20875
canlının	2	20876
canını	2	20877
casus	2	20878
ceket	2	20879
celse	2	20880
cemaatin	2	20881
cenazede	2	20882
cenazeler	2	20883
cenazenin	2	20884
cenazesinin	2	20885
cenazeye	2	20886
cephane	2	20887
cephesinde	2	20888
cephesindeki	2	20889
cerrahisi	2	20890
cesedinin	2	20891
cesetleri	2	20892
cevaplarını	2	20893
cevapsız	2	20894
cezaevindeki	2	20895
cezaevlerinde	2	20896
cezaevlerinin	2	20897
cezalandırılmaları	2	20898
cezalarına	2	20899
cezalısı	2	20900
cezasını	2	20901
cezasızlık	2	20902
cihazda	2	20903
cihazlarına	2	20904
cihazlarını	2	20905
cihazına	2	20906
cildimize	2	20907
cildimizi	2	20908
ciltler	2	20909
ciltteki	2	20910
cinayetinin	2	20911
cinayetlerinin	2	20912
cinsiyetçi	2	20913
cip	2	20914
cnnturk	2	20915
coğrafya	2	20916
coğrafyalarda	2	20917
coğrafyanın	2	20918
coğrafyasında	2	20919
coğrafyaya	2	20920
coşturdu	2	20921
cumartesiye	2	20922
cumhurbaşkanını	2	20923
cuntanın	2	20924
cümleler	2	20925
cümleleri	2	20926
cüzdanında	2	20927
dahili	2	20928
daima	2	20929
dairelerin	2	20930
dairelerinin	2	20931
dairesinde	2	20932
dairesinden	2	20933
dairesine	2	20934
daireye	2	20935
dakikalar	2	20936
dakikaydı	2	20937
dal	2	20938
dalda	2	20939
daldı	2	20940
dalgalana	2	20941
dalgaları	2	20942
dalgaların	2	20943
dalgasının	2	20944
dalgasıyla	2	20945
dalgıçlar	2	20946
dalları	2	20947
damacana	2	20948
damarların	2	20949
damarlarına	2	20950
damarlarında	2	20951
damarlarını	2	20952
damarı	2	20953
dansçı	2	20954
dansı	2	20955
dantel	2	20956
danışmaları	2	20957
danışmanlar	2	20958
danışmanlarını	2	20959
danışmanlığı	2	20960
daralma	2	20961
darbeler	2	20962
darbelere	2	20963
darbenin	2	20964
darbesiyle	2	20965
darbettiği	2	20966
darbeye	2	20967
dark	2	20968
darlığı	2	20969
davacı	2	20970
davalardan	2	20971
davasından	2	20972
davetine	2	20973
davetini	2	20974
davetli	2	20975
davetlilerle	2	20976
davranma	2	20977
davranmak	2	20978
davranışlardan	2	20979
davranışlarına	2	20980
davranışta	2	20981
davranıştır	2	20982
davranışı	2	20983
dayanak	2	20984
dayanma	2	20985
dayanıklıdır	2	20986
dayanıklılığa	2	20987
dayanışmasına	2	20988
dağda	2	20989
dağladı	2	20990
dağlarda	2	20991
dağılan	2	20992
dağıldı	2	20993
dağılma	2	20994
dağılımında	2	20995
dağınık	2	20996
dağının	2	20997
dağıtmaya	2	20998
dağıtıcı	2	20999
dağıtılarak	2	21000
dağıtıldığı	2	21001
dedelerimiz	2	21002
dedelerini	2	21003
dedikleri	2	21004
dedirten	2	21005
dediğim	2	21006
dediğiniz	2	21007
defnedilecek	2	21008
defnedilmek	2	21009
defol	2	21010
deformasyona	2	21011
defteri	2	21012
dehşete	2	21013
dehşeti	2	21014
dekara	2	21015
delege	2	21016
delegenin	2	21017
delik	2	21018
deliğe	2	21019
demesi	2	21020
demeye	2	21021
demiyoruz	2	21022
demiştik	2	21023
demiştim	2	21024
demokrasiden	2	21025
demokrasimizin	2	21026
demokrasiyi	2	21027
denarius	2	21028
denecek	2	21029
denetimlerle	2	21030
denetlemek	2	21031
denetlemeye	2	21032
denetlendi	2	21033
denetleyen	2	21034
deneyimiyle	2	21035
deneyimlerinden	2	21036
dengede	2	21037
dengelemeye	2	21038
dengelenmesi	2	21039
dengeler	2	21040
dengeleyerek	2	21041
dengesinin	2	21042
dengeye	2	21043
denildiği	2	21044
deniyor	2	21045
denizcisi	2	21046
denizlerde	2	21047
denizlerdeki	2	21048
denizlerimizin	2	21049
denklemin	2	21050
deplasmanına	2	21051
depolarının	2	21052
deposunda	2	21053
deposunun	2	21054
depreminde	2	21055
depreminden	2	21056
depremine	2	21057
depremini	2	21058
depreminin	2	21059
depremzedeleri	2	21060
depresyona	2	21061
derbide	2	21062
derbisinin	2	21063
derdindeyiz	2	21064
dereceleri	2	21065
dereceleriyle	2	21066
dereceli	2	21067
derecelik	2	21068
derecenin	2	21069
derecesinde	2	21070
dereye	2	21071
dergilerinden	2	21072
derim	2	21073
deriniz	2	21074
derinleşmesine	2	21075
derinleştirmek	2	21076
derinliklerinden	2	21077
derinliğine	2	21078
derisi	2	21079
dermatolog	2	21080
derneklerin	2	21081
derneğe	2	21082
derse	2	21083
derslik	2	21084
dertten	2	21085
desenleri	2	21086
desin	2	21087
desteklediği	2	21088
desteklemeyen	2	21089
desteklemeyi	2	21090
destekleniyor	2	21091
desteklerden	2	21092
desteklere	2	21093
desteklerimiz	2	21094
desteklerinin	2	21095
desteklerken	2	21096
destekten	2	21097
destekçilerini	2	21098
desteğe	2	21099
desteğimizi	2	21100
detayların	2	21101
detaylarının	2	21102
deve	2	21103
devinin	2	21104
devletimizden	2	21105
devletiyle	2	21106
devletlerin	2	21107
devletten	2	21108
devran	2	21109
devredilmesini	2	21110
devrildiği	2	21111
devrilince	2	21112
devrimi	2	21113
devrimin	2	21114
devrimlerini	2	21115
devrin	2	21116
devşirmeye	2	21117
deyim	2	21118
deyişle	2	21119
dezenflasyona	2	21120
değerimiz	2	21121
değerlendireceğiz	2	21122
değerlendirildiği	2	21123
değerlendirilecek	2	21124
değerlendirilir	2	21125
değerlendirilmeye	2	21126
değerlendirip	2	21127
değerlendirirken	2	21128
değerlendiriyorum	2	21129
değerlendirmelerin	2	21130
değerlendirmelerine	2	21131
değerlendirmenin	2	21132
değerlerimize	2	21133
değerleriyle	2	21134
değildim	2	21135
değilmiş	2	21136
değilseniz	2	21137
değilsiniz	2	21138
değinildi	2	21139
değinilen	2	21140
değişerek	2	21141
değişikliklerle	2	21142
değişimden	2	21143
değişimleri	2	21144
değişmesinin	2	21145
değişmeyen	2	21146
değiştirdiğini	2	21147
değiştireceği	2	21148
değiştiremedi	2	21149
değiştirerek	2	21150
değiştiriliyor	2	21151
değiştirilmesi	2	21152
değiştirmeyerek	2	21153
değiştiğini	2	21154
değmeden	2	21155
değmemiş	2	21156
deşifre	2	21157
dibe	2	21158
dijitalleşmenin	2	21159
dikerek	2	21160
dilde	2	21161
dileyerek	2	21162
dilimine	2	21163
dilimiyle	2	21164
dilimizin	2	21165
dilimleme	2	21166
dilimlenmiş	2	21167
dilimleriyle	2	21168
dilinde	2	21169
dilinin	2	21170
diliyor	2	21171
dillerde	2	21172
dillerden	2	21173
dillerini	2	21174
dinde	2	21175
dindirmek	2	21176
dine	2	21177
dinin	2	21178
dinlemedi	2	21179
dinlemediler	2	21180
dinlemek	2	21181
dinlendirici	2	21182
dinlendiği	2	21183
dinlenen	2	21184
dinlenmek	2	21185
dinleyici	2	21186
dinleyicilerini	2	21187
dinozorların	2	21188
diplomasisi	2	21189
diploması	2	21190
diplomatlar	2	21191
diplomatları	2	21192
dir	2	21193
dirayeti	2	21194
direktörlerden	2	21195
direktörleri	2	21196
direktörlüğünü	2	21197
direnci	2	21198
direnç	2	21199
diriliş	2	21200
dirsek	2	21201
diyabete	2	21202
diyafram	2	21203
diyebilir	2	21204
diyebilmek	2	21205
diyecektim	2	21206
diyeceği	2	21207
diyeti	2	21208
diyorlardı	2	21209
diyorsunuz	2	21210
dizisini	2	21211
dizisiyle	2	21212
dişi	2	21213
dişlerin	2	21214
dk	2	21215
doktorunuzun	2	21216
dokular	2	21217
dokundu	2	21218
dokunmatik	2	21219
dokusu	2	21220
dokusuna	2	21221
dokusunu	2	21222
dokusunun	2	21223
dokuyan	2	21224
dolan	2	21225
dolandıran	2	21226
dolandırmak	2	21227
dolandırıcılığı	2	21228
dolandırıldı	2	21229
dolandırılması	2	21230
dolayısı	2	21231
dolaşarak	2	21232
dolaşımını	2	21233
dolaşıyor	2	21234
doldu	2	21235
dolduracak	2	21236
doldurdu	2	21237
doldurmayı	2	21238
doldurularak	2	21239
doldurulması	2	21240
dolgu	2	21241
dolma	2	21242
dolması	2	21243
dolmasını	2	21244
doluydu	2	21245
domatesin	2	21246
domine	2	21247
domuzların	2	21248
donarak	2	21249
donatılmış	2	21250
donduran	2	21251
dondurucuya	2	21252
donör	2	21253
dorsesinde	2	21254
dosta	2	21255
dostlar	2	21256
dostları	2	21257
dostlarımızın	2	21258
dostluklar	2	21259
dostumuz	2	21260
dosyasında	2	21261
dosyaya	2	21262
dosyayı	2	21263
doymuş	2	21264
doyurucu	2	21265
dozu	2	21266
doçent	2	21267
doğallığını	2	21268
doğasında	2	21269
doğasıyla	2	21270
doğrudur	2	21271
doğrulayan	2	21272
doğruyu	2	21273
doğuda	2	21274
doğumdan	2	21275
doğumevi	2	21276
doğumundan	2	21277
doğup	2	21278
doğurabileceği	2	21279
doğurabilir	2	21280
doğuracaktır	2	21281
doğurdu	2	21282
doğurduğu	2	21283
doğuşunu	2	21284
dram	2	21285
drama	2	21286
dramatik	2	21287
drenaj	2	21288
dronlarla	2	21289
dronu	2	21290
duadır	2	21291
dualarını	2	21292
dualarınız	2	21293
dualı	2	21294
duanın	2	21295
duasını	2	21296
dubleks	2	21297
dura	2	21298
durabilen	2	21299
durdurduğu	2	21300
durdurduğunu	2	21301
durdurma	2	21302
durdurmalısın	2	21303
durdurulduğunu	2	21304
durdurulmasını	2	21305
durdurun	2	21306
durduğu	2	21307
durgun	2	21308
durmaksızın	2	21309
durmaktır	2	21310
durmayacağını	2	21311
durmayacağız	2	21312
durmuyor	2	21313
durulacak	2	21314
durulan	2	21315
duruldu	2	21316
durulması	2	21317
durulmuyor	2	21318
durumdalar	2	21319
durumlardan	2	21320
durumların	2	21321
durumum	2	21322
durumumuz	2	21323
durumundan	2	21324
durun	2	21325
durur	2	21326
duruşlarını	2	21327
duruşmadaki	2	21328
duruşmasına	2	21329
duruşmasının	2	21330
duruşmayı	2	21331
duruşunun	2	21332
dutlar	2	21333
duvara	2	21334
duvarlar	2	21335
duvarlarında	2	21336
duvarından	2	21337
duyar	2	21338
duyduğumu	2	21339
duyduğumuzda	2	21340
duygulandıran	2	21341
duygularına	2	21342
duygularının	2	21343
duygusunun	2	21344
duygusuyla	2	21345
duymadan	2	21346
duymaya	2	21347
duymuyorum	2	21348
duyulması	2	21349
duyulur	2	21350
duyuruda	2	21351
duyurulacağını	2	21352
duyuruları	2	21353
duyurunun	2	21354
dökecek	2	21355
dökme	2	21356
dökülmesinin	2	21357
dökülür	2	21358
döküm	2	21359
dökün	2	21360
döküp	2	21361
döndürmek	2	21362
döndüğüm	2	21363
döneceğiz	2	21364
dönemdir	2	21365
dönemimde	2	21366
dönemimiz	2	21367
dönemiyle	2	21368
dönemlerden	2	21369
dönemlere	2	21370
dönemlerinden	2	21371
dönemli	2	21372
dönmemesi	2	21373
dönmesini	2	21374
dönmesinin	2	21375
dönülemez	2	21376
dönüşerek	2	21377
dönüşler	2	21378
dönüştürmek	2	21379
dönüştürmüş	2	21380
dönüştürülmüş	2	21381
dönüşümünü	2	21382
dönüşür	2	21383
dönüşüyor	2	21384
dördüncüsü	2	21385
dövizin	2	21386
döşediğini	2	21387
dükkanında	2	21388
dünyayla	2	21389
dürüstlük	2	21390
düve	2	21391
düzelecek	2	21392
düzelmesi	2	21393
düzeltin	2	21394
düzeltip	2	21395
düzeltme	2	21396
düzenek	2	21397
düzenlediklerini	2	21398
düzenlediğimiz	2	21399
düzenlemede	2	21400
düzenlemelerde	2	21401
düzenlemelere	2	21402
düzenlemesinde	2	21403
düzenlemesinin	2	21404
düzenlendiği	2	21405
düzenlenmiş	2	21406
düzenleyici	2	21407
düzenliyoruz	2	21408
düzeydeki	2	21409
düzeyini	2	21410
düzeylere	2	21411
düzeyleri	2	21412
düzeyli	2	21413
düzinelerce	2	21414
düğmesi	2	21415
düğümü	2	21416
düğüne	2	21417
düğününe	2	21418
düşebilir	2	21419
düşeceğine	2	21420
düşeceğini	2	21421
düşeceğiz	2	21422
düşkün	2	21423
düşmanı	2	21424
düşmediği	2	21425
düşmek	2	21426
düşmemesi	2	21427
düşmesini	2	21428
düştüğünde	2	21429
düşünceler	2	21430
düşüncelere	2	21431
düşüncemi	2	21432
düşüncesi	2	21433
düşüncesinde	2	21434
düşündükleri	2	21435
düşündürüyor	2	21436
düşündüğüm	2	21437
düşünebilirsiniz	2	21438
düşünmeye	2	21439
düşünmeyi	2	21440
düşünülürken	2	21441
düşünüp	2	21442
düşünüyorlar	2	21443
düşürdüğünü	2	21444
düşürebilir	2	21445
düşürecek	2	21446
düşürmenin	2	21447
düşürmesin	2	21448
düşürmeye	2	21449
düşürülmesine	2	21450
düşürülmesiyle	2	21451
düşürüp	2	21452
düşüyordu	2	21453
düşüyorsa	2	21454
düşüşte	2	21455
düşüşten	2	21456
dışkılama	2	21457
ebeden	2	21458
ebedî	2	21459
ebeveynlerden	2	21460
ebeveynleriyle	2	21461
eczane	2	21462
edebildiğini	2	21463
edebilecektir	2	21464
edebilme	2	21465
edebilmeleri	2	21466
edebilmesi	2	21467
edebiyatının	2	21468
edecekler	2	21469
edeceksiniz	2	21470
edemedi	2	21471
edemedikleri	2	21472
edemezsiniz	2	21473
edemiyorlar	2	21474
edenleri	2	21475
ederdi	2	21476
edildiğinde	2	21477
edildiğinden	2	21478
edilebileceğini	2	21479
edilebilen	2	21480
edilebilmesi	2	21481
edilenler	2	21482
edilenlere	2	21483
ediliyordu	2	21484
edilmediğini	2	21485
edilmekte	2	21486
edilmemektedir	2	21487
edilmemiş	2	21488
edilmemişti	2	21489
edilmeyen	2	21490
edilmezse	2	21491
edindiğim	2	21492
edinmeye	2	21493
edinmiştir	2	21494
ediyorlardı	2	21495
ediyorsanız	2	21496
ediyorsun	2	21497
efektif	2	21498
efendimiz	2	21499
efsanevi	2	21500
egemenliği	2	21501
egzama	2	21502
ehil	2	21503
ehliyeti	2	21504
ehliyetine	2	21505
ehliyetlerini	2	21506
ejderhalar	2	21507
ekibinden	2	21508
ekildi	2	21509
ekili	2	21510
ekiplerimizce	2	21511
ekiplerimize	2	21512
ekiplerini	2	21513
ekipmanları	2	21514
eklediklerini	2	21515
eklem	2	21516
eklemeye	2	21517
eklenebilir	2	21518
eklenecek	2	21519
eklenir	2	21520
ekmeğinin	2	21521
ekonomimize	2	21522
ekonomisindeki	2	21523
ekosisteme	2	21524
ekosistemini	2	21525
ekosistemleri	2	21526
ekrandan	2	21527
ekranlardan	2	21528
ekranları	2	21529
ekranında	2	21530
eksenine	2	21531
eksiklerimiz	2	21532
eksiklerini	2	21533
eksikliklerin	2	21534
eksiği	2	21535
eksiğimiz	2	21536
ekspertiz	2	21537
elbet	2	21538
eldeki	2	21539
elebaşısı	2	21540
elektriksiz	2	21541
elektriğini	2	21542
elektriğinin	2	21543
elemanlarına	2	21544
elemelerde	2	21545
elementi	2	21546
eleştirilen	2	21547
eleştirilerini	2	21548
eleştirilerinin	2	21549
eleştirilerle	2	21550
eleştirirken	2	21551
eleştirisi	2	21552
eleştirisinde	2	21553
eleştirisini	2	21554
eleştirmenler	2	21555
elim	2	21556
elimde	2	21557
elimden	2	21558
elimiz	2	21559
elimizdeki	2	21560
elimize	2	21561
elimizi	2	21562
eliptik	2	21563
eller	2	21564
ellere	2	21565
ellerinizin	2	21566
elli	2	21567
emanete	2	21568
emanettir	2	21569
emeklilerden	2	21570
emeklilerimizle	2	21571
emeklilerle	2	21572
emeklilikten	2	21573
emeklimiz	2	21574
emeklimizi	2	21575
emekçilere	2	21576
emekçileri	2	21577
emellerine	2	21578
emeğine	2	21579
emisyon	2	21580
emisyonu	2	21581
emlakçı	2	21582
emniyetin	2	21583
emzirme	2	21584
endam	2	21585
endeksin	2	21586
endeksindeki	2	21587
endişeler	2	21588
endişesi	2	21589
endişesiyle	2	21590
enerjilerini	2	21591
enerjisini	2	21592
enerjisiyle	2	21593
enerjiye	2	21594
enfeksiyonları	2	21595
enflasyondaki	2	21596
engellemeler	2	21597
engellemeyi	2	21598
engellenmesinin	2	21599
engellere	2	21600
engellerin	2	21601
engellerle	2	21602
engelleyerek	2	21603
engellilere	2	21604
engerek	2	21605
enkazda	2	21606
enkazı	2	21607
enkazının	2	21608
enstrümanı	2	21609
entegrasyon	2	21610
entegrasyonunu	2	21611
envantere	2	21612
epey	2	21613
epilasyon	2	21614
erdemli	2	21615
erdirmek	2	21616
erdiği	2	21617
erer	2	21618
ererken	2	21619
ergenliği	2	21620
eridi	2	21621
eritin	2	21622
erişimine	2	21623
erişiminin	2	21624
erkekten	2	21625
erkenden	2	21626
erteledi	2	21627
ertelendiği	2	21628
ertelendiğini	2	21629
ertelenen	2	21630
esaslar	2	21631
esasları	2	21632
esasında	2	21633
esecek	2	21634
eserde	2	21635
eserinin	2	21636
eserlerimiz	2	21637
eserlerini	2	21638
esinlenen	2	21639
esinlenilerek	2	21640
esirgeme	2	21641
esirleri	2	21642
eskimiş	2	21643
eskisine	2	21644
eskiye	2	21645
esnafları	2	21646
esnaflarımıza	2	21647
esnaftan	2	21648
esnafımızın	2	21649
esnafını	2	21650
esnekliği	2	21651
etabı	2	21652
etabın	2	21653
etiketine	2	21654
etiği	2	21655
etkenler	2	21656
etkileme	2	21657
etkilemiştir	2	21658
etkilendi	2	21659
etkilendiği	2	21660
etkilendiğini	2	21661
etkilenir	2	21662
etkilenirken	2	21663
etkilenmemek	2	21664
etkilerden	2	21665
etkilerine	2	21666
etkileriyle	2	21667
etkileyecektir	2	21668
etkileyeceği	2	21669
etkileyeceğini	2	21670
etkileşimde	2	21671
etkileşimini	2	21672
etkilidir	2	21673
etkinliklerden	2	21674
etkinliklerini	2	21675
etkinliğine	2	21676
etkinliğinin	2	21677
etkisinde	2	21678
etkiye	2	21679
etkiyi	2	21680
etli	2	21681
etmedikleri	2	21682
etmediklerini	2	21683
etmekti	2	21684
etmeme	2	21685
etmemiş	2	21686
etmesinden	2	21687
etmeyecek	2	21688
etmeyelim	2	21689
etmeyiz	2	21690
etmiştim	2	21691
etnikli	2	21692
etrafa	2	21693
etrafından	2	21694
etsinler	2	21695
ettin	2	21696
ettireceğini	2	21697
ettirilen	2	21698
ettirmesi	2	21699
ettiysek	2	21700
ettiğimi	2	21701
ettiğinin	2	21702
ettiğinizde	2	21703
euroluk	2	21704
euronun	2	21705
evim	2	21706
evimizin	2	21707
eviyle	2	21708
evladımıza	2	21709
evladımızın	2	21710
evlatlarıyla	2	21711
evlatlarıyız	2	21712
evlendi	2	21713
evlendiniz	2	21714
evlendiği	2	21715
evlendiğini	2	21716
evlenebilir	2	21717
evlenmek	2	21718
evlenmiş	2	21719
evlerimizi	2	21720
evlilikle	2	21721
evlilikler	2	21722
evlilikleri	2	21723
evliliğinden	2	21724
evliliğinin	2	21725
evrakların	2	21726
evre	2	21727
evrim	2	21728
eyaletine	2	21729
eyaletler	2	21730
eyaletlerde	2	21731
eyalette	2	21732
eylemlerde	2	21733
eylemlerin	2	21734
eylemlerinde	2	21735
eylemlerini	2	21736
ezan	2	21737
ezbere	2	21738
eze	2	21739
ezilen	2	21740
ezilmiş	2	21741
eğilimli	2	21742
eğip	2	21743
eğitiminin	2	21744
eğitimlerini	2	21745
eğitmeni	2	21746
eğitmenin	2	21747
eğlenceler	2	21748
eğlendi	2	21749
eğlenirken	2	21750
eğleniyorlar	2	21751
eşe	2	21752
eşitliğini	2	21753
eşitsizliği	2	21754
eşkal	2	21755
eşyadan	2	21756
eşyalarını	2	21757
eşyanın	2	21758
eşyayı	2	21759
faaliyetin	2	21760
faaliyetlerimiz	2	21761
faaliyetlerimizi	2	21762
fabrikasını	2	21763
fabrikasının	2	21764
fabrikaya	2	21765
faciadan	2	21766
faciaya	2	21767
faili	2	21768
faize	2	21769
faizle	2	21770
faizlerinde	2	21771
faizlerindeki	2	21772
faizlerinin	2	21773
faktörleri	2	21774
faktörlerin	2	21775
faktörlerinin	2	21776
farkları	2	21777
farkımız	2	21778
farkındadır	2	21779
farkındalığın	2	21780
farlar	2	21781
fasulye	2	21782
faturalarında	2	21783
faturalarının	2	21784
faturayı	2	21785
faydalanacak	2	21786
faydalanma	2	21787
faydalanmak	2	21788
faydalanıyor	2	21789
faydalardan	2	21790
faydalarına	2	21791
faydalarından	2	21792
faydanız	2	21793
faylar	2	21794
faylarının	2	21795
faz	2	21796
faziletli	2	21797
fazladır	2	21798
fazlasına	2	21799
fazlasının	2	21800
fedakar	2	21801
fedakarlıklar	2	21802
feet	2	21803
felaketinde	2	21804
felaketler	2	21805
felsefi	2	21806
felç	2	21807
fenalaşan	2	21808
fenalaştı	2	21809
fenalık	2	21810
fermente	2	21811
fersah	2	21812
feryat	2	21813
feshedilmesi	2	21814
feshedip	2	21815
fethetti	2	21816
fiber	2	21817
fidanı	2	21818
figürleriyle	2	21819
fikirli	2	21820
filelerle	2	21821
filin	2	21822
filmindeki	2	21823
filmler	2	21824
filmlerin	2	21825
filmlerinde	2	21826
filmlerinin	2	21827
filo	2	21828
filolarını	2	21829
filosunu	2	21830
finali	2	21831
finaline	2	21832
fincan	2	21833
firmalardan	2	21834
firmalarından	2	21835
firmasında	2	21836
fitne	2	21837
fiyatlamalar	2	21838
fiyatlanıyor	2	21839
fiyatlardaki	2	21840
fiyatlardan	2	21841
fiyatlarından	2	21842
fiyatımız	2	21843
fiyatındaki	2	21844
fizibilite	2	21845
fobiler	2	21846
fonksiyonlarını	2	21847
formalarını	2	21848
formatı	2	21849
formunu	2	21850
forumun	2	21851
fosfor	2	21852
fosil	2	21853
frikik	2	21854
fuara	2	21855
fuarın	2	21856
fuarını	2	21857
fuhuş	2	21858
fuhşa	2	21859
full	2	21860
futbolculara	2	21861
futbolcularla	2	21862
futbolcuları	2	21863
futbolsever	2	21864
füzelerinin	2	21865
fırlatılan	2	21866
fırsatlardan	2	21867
fırsatlarından	2	21868
fırsatlarının	2	21869
fırsattan	2	21870
fırsattır	2	21871
fırsatına	2	21872
fırça	2	21873
fırın	2	21874
galibiyetin	2	21875
galibiyetini	2	21876
garantiye	2	21877
garantör	2	21878
garantörlük	2	21879
gayretleri	2	21880
gayrisafi	2	21881
gazeteciye	2	21882
gazeteciyi	2	21883
gazeteler	2	21884
gazeteleri	2	21885
gazetesinde	2	21886
gazilere	2	21887
gazileri	2	21888
gazilerimiz	2	21889
gazından	2	21890
gebe	2	21891
gecelerde	2	21892
geceleri	2	21893
gecikmeden	2	21894
gecikmeli	2	21895
geldiklerinde	2	21896
geldiğimde	2	21897
geldiğiniz	2	21898
gelecekleri	2	21899
geleceksiniz	2	21900
gelecekti	2	21901
geleceğimizin	2	21902
geleceğinde	2	21903
gelelim	2	21904
geleneğimizde	2	21905
gelinceye	2	21906
gelindi	2	21907
gelirde	2	21908
gelirimizi	2	21909
gelirimizin	2	21910
gelirinin	2	21911
gelirle	2	21912
gelirlerinde	2	21913
gelirlerinden	2	21914
gelirliden	2	21915
geliyorsa	2	21916
geliyorsanız	2	21917
gelişi	2	21918
gelişiyor	2	21919
gelişmelerden	2	21920
gelişmesiyle	2	21921
gelişmişlik	2	21922
geliştirdiklerini	2	21923
geliştirdim	2	21924
geliştirebilir	2	21925
geliştirecek	2	21926
geliştiriliyor	2	21927
geliştirin	2	21928
geliştiriyor	2	21929
geliştiriyoruz	2	21930
geliştirmelerine	2	21931
geliştirmelerini	2	21932
geliştirmemiz	2	21933
geliştirmesi	2	21934
geliştiğini	2	21935
gelmediğini	2	21936
gelmekte	2	21937
gelmemesi	2	21938
gelmemiz	2	21939
gelmeyecek	2	21940
gelmeyen	2	21941
gelmişler	2	21942
gelmiştik	2	21943
gelseydi	2	21944
gelsinler	2	21945
gemideki	2	21946
gemiler	2	21947
gemilere	2	21948
gemilerinin	2	21949
gemiye	2	21950
gence	2	21951
genelgesi	2	21952
genişlediği	2	21953
genişleten	2	21954
genişletilecek	2	21955
genişletilmiş	2	21956
genişletme	2	21957
genişliği	2	21958
gençliğine	2	21959
geometrik	2	21960
gerekirdi	2	21961
gerekiyormuş	2	21962
gereklerini	2	21963
gereklilik	2	21964
gerekliliklerine	2	21965
gerekliliğini	2	21966
gerekmiyordu	2	21967
gereksiniminde	2	21968
gereksinimlerine	2	21969
gereksinimlerini	2	21970
gerektirdiğinin	2	21971
gerektirecek	2	21972
gerektirmeden	2	21973
gerekçeler	2	21974
gerekçeleri	2	21975
gerekçelerine	2	21976
gerekçelerini	2	21977
gerekçelerle	2	21978
gerekçeli	2	21979
gereğidir	2	21980
gerilediği	2	21981
gerileme	2	21982
gerilemesine	2	21983
gerilemeye	2	21984
gerilemişti	2	21985
gerilimine	2	21986
gerilimini	2	21987
gerilimlerin	2	21988
gerçekleşecektir	2	21989
gerçekleşeceğini	2	21990
gerçekleşmişti	2	21991
gerçekleşse	2	21992
gerçekleştirdikleri	2	21993
gerçekleştirebiliyor	2	21994
gerçekleştirecekleri	2	21995
gerçekleştirildiği	2	21996
gerçekleştirildiğini	2	21997
gerçekleştirilirken	2	21998
gerçekleştirilmektedir	2	21999
gerçekleştirirken	2	22000
gerçekleştirmektedir	2	22001
gerçekleştirmeye	2	22002
gerçekleştirmiş	2	22003
gerçeklikleri	2	22004
gerçekliği	2	22005
gerçeğiyle	2	22006
getirebilirsiniz	2	22007
getirelim	2	22008
getirilmesidir	2	22009
getirilmesinin	2	22010
getirilmesiyle	2	22011
getiriyorlar	2	22012
getirmedikleri	2	22013
getirmekle	2	22014
getirmekte	2	22015
getirmemekle	2	22016
getirmemiz	2	22017
gevşek	2	22018
gezdiklerini	2	22019
gezdiği	2	22020
gezegen	2	22021
gezgin	2	22022
geziler	2	22023
gezileri	2	22024
gezinin	2	22025
gezintiye	2	22026
gezip	2	22027
gezisinin	2	22028
gezmek	2	22029
geçebileceği	2	22030
geçebilir	2	22031
geçemedi	2	22032
geçemeyecek	2	22033
geçemez	2	22034
geçenler	2	22035
geçidinden	2	22036
geçilerek	2	22037
geçilmesine	2	22038
geçilmiş	2	22039
geçimini	2	22040
geçin	2	22041
geçirdiğim	2	22042
geçireceği	2	22043
geçirilecek	2	22044
geçirileceğini	2	22045
geçirilirken	2	22046
geçirilmiştir	2	22047
geçiriyorlar	2	22048
geçirme	2	22049
geçirmenin	2	22050
geçitten	2	22051
geçiyoruz	2	22052
geçişe	2	22053
geçişin	2	22054
geçişlerin	2	22055
geçişlerini	2	22056
geçmekte	2	22057
geçmemek	2	22058
geçmemektedir	2	22059
geçmemesi	2	22060
geçmenin	2	22061
geçmesini	2	22062
geçmeyen	2	22063
geçmeyi	2	22064
geçmişinin	2	22065
geçmişle	2	22066
geçmişteki	2	22067
geçtiklerini	2	22068
gideceklerini	2	22069
gideceğine	2	22070
giderecek	2	22071
giderildi	2	22072
giderilemedi	2	22073
giderilmesinin	2	22074
giderler	2	22075
giderlerinden	2	22076
giderme	2	22077
giderse	2	22078
gidildi	2	22079
gidildiğini	2	22080
gidilirken	2	22081
gidiş	2	22082
gidişini	2	22083
girdiklerinde	2	22084
girdiğimizde	2	22085
girecekti	2	22086
gireceği	2	22087
girenler	2	22088
girerse	2	22089
girilen	2	22090
girilmesiyle	2	22091
girince	2	22092
girişen	2	22093
girişimcileri	2	22094
girişimcilerimizi	2	22095
girişiminden	2	22096
girişimlerimizi	2	22097
girişimlerinin	2	22098
girişin	2	22099
girişlerin	2	22100
girişlerini	2	22101
girişte	2	22102
girmediğini	2	22103
girmekten	2	22104
girmemesi	2	22105
girmeyelim	2	22106
gitarın	2	22107
gitmedim	2	22108
gitmekten	2	22109
gitmenin	2	22110
gitmesine	2	22111
gitsem	2	22112
gittiğimiz	2	22113
giydi	2	22114
giydikten	2	22115
giyme	2	22116
giymesi	2	22117
gizlenmiş	2	22118
gizleyerek	2	22119
globalleşme	2	22120
golde	2	22121
gollerle	2	22122
gollük	2	22123
golüne	2	22124
goril	2	22125
gramaj	2	22126
gruplarda	2	22127
gruplardan	2	22128
gruplarla	2	22129
gruplarına	2	22130
gruplarında	2	22131
gruplarından	2	22132
gruplarını	2	22133
gururlandırdı	2	22134
gururlu	2	22135
gururluyuz	2	22136
gururu	2	22137
gururumuz	2	22138
göklerde	2	22139
gökyüzü	2	22140
gökyüzünde	2	22141
göldeki	2	22142
gölete	2	22143
gölgesi	2	22144
gölün	2	22145
gömüldü	2	22146
gömüldüğü	2	22147
gömülmesini	2	22148
gönderdiğini	2	22149
göndere	2	22150
gönderi	2	22151
gönderiliyor	2	22152
gönderiyor	2	22153
gönderiyorum	2	22154
gönderiyoruz	2	22155
göndermek	2	22156
gönlünü	2	22157
gönüllere	2	22158
gönüllerince	2	22159
gönüllülük	2	22160
gönüllüsü	2	22161
gördükçe	2	22162
gördüler	2	22163
görebiliriz	2	22164
görebilirsiniz	2	22165
göreceksiniz	2	22166
göreceği	2	22167
görelim	2	22168
göremeyecek	2	22169
görene	2	22170
görenleri	2	22171
görenlerin	2	22172
görevinin	2	22173
görevlendirilmek	2	22174
görevlendirme	2	22175
görevlerinde	2	22176
görevlerinden	2	22177
görevlilerin	2	22178
görevlilerince	2	22179
görmeden	2	22180
görmektedir	2	22181
görmeleri	2	22182
görmemiş	2	22183
görmesini	2	22184
görmeyen	2	22185
görmeyi	2	22186
görmüyorum	2	22187
görmüşse	2	22188
görse	2	22189
görsellerde	2	22190
görsellerinde	2	22191
görsün	2	22192
görsünler	2	22193
görülebildiğini	2	22194
görülebilecek	2	22195
görülebileceğini	2	22196
görülebilen	2	22197
görülebilir	2	22198
görülmedi	2	22199
görülmeli	2	22200
görülmelidir	2	22201
görülmesine	2	22202
görülmüştü	2	22203
görün	2	22204
görünmeyen	2	22205
görüntüleme	2	22206
görüntüsünün	2	22207
görünümle	2	22208
görünümünün	2	22209
görünüyordu	2	22210
görürler	2	22211
görürüz	2	22212
görüyordu	2	22213
görüyorsunuz	2	22214
görüşe	2	22215
görüşeceğini	2	22216
görüşerek	2	22217
görüşler	2	22218
görüşlerimizi	2	22219
görüşlü	2	22220
görüşmelere	2	22221
görüşmelerimizde	2	22222
görüşmelerinden	2	22223
görüşmeyi	2	22224
görüştüğünü	2	22225
görüşüldüğü	2	22226
gösterdim	2	22227
gösterdiğiniz	2	22228
gösterebiliyor	2	22229
göstereceği	2	22230
göstereceğini	2	22231
göstergeler	2	22232
gösterilebilir	2	22233
gösterilerde	2	22234
gösterilmiş	2	22235
gösterirse	2	22236
gösterisine	2	22237
gösteriyorlar	2	22238
göstermeden	2	22239
göstermediği	2	22240
göstermeli	2	22241
göstermenin	2	22242
göstermez	2	22243
göstermiş	2	22244
götürdüler	2	22245
götürecek	2	22246
götürüldüğü	2	22247
götürülerek	2	22248
götürüyor	2	22249
gözaltında	2	22250
gözeten	2	22251
gözetileceğini	2	22252
gözetmen	2	22253
gözlemci	2	22254
gözlemcisi	2	22255
gözlemledikten	2	22256
gözlemlemek	2	22257
gözlenen	2	22258
gözlerimi	2	22259
gözlerimizin	2	22260
gözlerimizle	2	22261
gözlerinin	2	22262
gözyaşı	2	22263
gözüme	2	22264
gözünün	2	22265
göçmenin	2	22266
göçmenlere	2	22267
göçün	2	22268
göğü	2	22269
gücünden	2	22270
güldürecek	2	22271
gülerek	2	22272
gülünç	2	22273
günahlarını	2	22274
günahtır	2	22275
güncellendi	2	22276
güncellenecek	2	22277
güncellenen	2	22278
gündemim	2	22279
gündemimiz	2	22280
güneye	2	22281
güneyli	2	22282
günlerinin	2	22283
gününüz	2	22284
güpegündüz	2	22285
güreş	2	22286
gürültüden	2	22287
gütmeyen	2	22288
güvendiklerini	2	22289
güvendiği	2	22290
güvenen	2	22291
güvenerek	2	22292
güvenilirliğini	2	22293
güvenimiz	2	22294
güvenin	2	22295
güveniyorlar	2	22296
güveniyorum	2	22297
güveniyoruz	2	22298
güvenlikli	2	22299
güvercini	2	22300
güvercinleri	2	22301
güya	2	22302
güzeldi	2	22303
güzeldir	2	22304
güzeli	2	22305
güzellikler	2	22306
güzelliklerin	2	22307
güzelliklerinden	2	22308
güzelliği	2	22309
güzelliğini	2	22310
güzelliğiyle	2	22311
güzergah	2	22312
güzergahındaki	2	22313
güzergâh	2	22314
güçlendirdiğini	2	22315
güçlendirecekler	2	22316
güçlendirerek	2	22317
güçlendirilmesine	2	22318
güçlendirmektir	2	22319
güçlenen	2	22320
güçlerimiz	2	22321
güçlerine	2	22322
güçlüyüz	2	22323
gıdalara	2	22324
gıdaları	2	22325
gıdaların	2	22326
gıdaya	2	22327
gıpta	2	22328
haberlerine	2	22329
haberleriyle	2	22330
hacizli	2	22331
hacmimizi	2	22332
hacminin	2	22333
haddini	2	22334
hadiseleri	2	22335
hadiselerin	2	22336
hadisenin	2	22337
hadislerde	2	22338
hafife	2	22339
hafifletmeyi	2	22340
haftadan	2	22341
haftasındaki	2	22342
haftasını	2	22343
haini	2	22344
hakaretleri	2	22345
hakemlik	2	22346
hakikati	2	22347
hakkaniyete	2	22348
hakkımı	2	22349
hakkımızı	2	22350
haklarla	2	22351
haklarımı	2	22352
haklılar	2	22353
haksızca	2	22354
haksızlıkları	2	22355
haksızlığa	2	22356
haktan	2	22357
haldeyken	2	22358
halimizle	2	22359
halinden	2	22360
halkası	2	22361
halktan	2	22362
halkımızla	2	22363
halkımızı	2	22364
halkında	2	22365
halkından	2	22366
halkıyla	2	22367
halleri	2	22368
halleriyle	2	22369
halsiz	2	22370
halving	2	22371
hamburger	2	22372
hamlede	2	22373
hamlelerinde	2	22374
hamuru	2	22375
hangileri	2	22376
hapishanede	2	22377
hapsetmeye	2	22378
hapsi	2	22379
hapın	2	22380
harabeye	2	22381
haram	2	22382
hararetle	2	22383
harcadım	2	22384
harcamalarında	2	22385
harcamış	2	22386
harcayan	2	22387
harcıyor	2	22388
harcıyoruz	2	22389
hareketlere	2	22390
hareketlerinin	2	22391
hareketliliği	2	22392
hareketliliğimiz	2	22393
hareketliliğin	2	22394
harekât	2	22395
harfin	2	22396
harfiyen	2	22397
haritasının	2	22398
harçlık	2	22399
hasadına	2	22400
hasarlar	2	22401
hasarların	2	22402
hasarın	2	22403
hasretine	2	22404
hassasiyetle	2	22405
hastalanan	2	22406
hastalarımızda	2	22407
hastalarımızın	2	22408
hastalıklarını	2	22409
hastalıklarının	2	22410
hastalıktır	2	22411
hastalığına	2	22412
hastalığında	2	22413
hastalığıyla	2	22414
hastamızın	2	22415
hastanelerdeki	2	22416
hastanelerin	2	22417
hastanelik	2	22418
hastanemizde	2	22419
hastasıyım	2	22420
hastayı	2	22421
hasılat	2	22422
hatalara	2	22423
hatalarından	2	22424
hatasını	2	22425
hatasız	2	22426
hatayı	2	22427
hatlarında	2	22428
hatlarını	2	22429
hatlarının	2	22430
hattımız	2	22431
hattın	2	22432
hatıralarını	2	22433
hatırası	2	22434
hatırasına	2	22435
hatırlamadığını	2	22436
hatırlamak	2	22437
hatırlatması	2	22438
hatırlıyor	2	22439
havaların	2	22440
havalimanları	2	22441
havalimanındaki	2	22442
havalimanından	2	22443
havalı	2	22444
havan	2	22445
havasında	2	22446
havuzun	2	22447
havuzunun	2	22448
hayalinin	2	22449
hayaliyle	2	22450
hayallerini	2	22451
hayallerinin	2	22452
hayatla	2	22453
hayatımdan	2	22454
hayatımızda	2	22455
hayatınızı	2	22456
hayranlar	2	22457
hayranların	2	22458
hayret	2	22459
hayrı	2	22460
hayrına	2	22461
hayvana	2	22462
hayvansal	2	22463
hayvanı	2	22464
hayvanının	2	22465
hayırlar	2	22466
hayırsever	2	22467
hayırseverlerin	2	22468
hazırladığınız	2	22469
hazırlaması	2	22470
hazırlamasını	2	22471
hazırlanacak	2	22472
hazırlanacağız	2	22473
hazırlandıklarını	2	22474
hazırlandığı	2	22475
hazırlanmaları	2	22476
hazırlanmasına	2	22477
hazırlanmasını	2	22478
hazırlanmış	2	22479
hazırlanırken	2	22480
hazırlanıyoruz	2	22481
hazırlar	2	22482
hazırlarken	2	22483
hazırlayabileceğiniz	2	22484
hazırlayabilir	2	22485
hazırlıklarımızı	2	22486
hazırlıyor	2	22487
hazırlığında	2	22488
hazırım	2	22489
haşemayla	2	22490
hedefindeki	2	22491
hedeflediği	2	22492
hedeflemektedir	2	22493
hedeflerde	2	22494
hedeflerden	2	22495
hedeflerimizden	2	22496
hedeflerimizi	2	22497
hedeflerimizin	2	22498
hedeflerin	2	22499
hediyenin	2	22500
hekime	2	22501
hekimi	2	22502
hekiminin	2	22503
hektarlık	2	22504
helal	2	22505
helikopterde	2	22506
helikopteri	2	22507
helikopterle	2	22508
helikopterlerden	2	22509
helikopterleri	2	22510
hematoloji	2	22511
hemşehrilerimizden	2	22512
hemşehrilerinin	2	22513
hemşireler	2	22514
hepsine	2	22515
hepten	2	22516
hesabım	2	22517
hesabıyla	2	22518
hesaplamalara	2	22519
hesaplamaya	2	22520
hesaplanmasında	2	22521
hesaplaşma	2	22522
hesaptan	2	22523
hevesi	2	22524
heyecana	2	22525
heyetine	2	22526
heyetini	2	22527
heyetiyle	2	22528
heyetleri	2	22529
heyetlerinin	2	22530
heykeli	2	22531
heykelini	2	22532
heykellerin	2	22533
heykellerini	2	22534
hibeler	2	22535
hicret	2	22536
hikayeleri	2	22537
hikayelerini	2	22538
hikayesiyle	2	22539
hikayeye	2	22540
hikmetse	2	22541
hikâyelerini	2	22542
hikâyesini	2	22543
hileler	2	22544
himayesinde	2	22545
hindi	2	22546
hissedar	2	22547
hissedebilmek	2	22548
hissedildi	2	22549
hissedilir	2	22550
hissediyor	2	22551
hissediyordum	2	22552
hisseler	2	22553
hisselerin	2	22554
hissenin	2	22555
hissetme	2	22556
hissetmek	2	22557
hissettirebilir	2	22558
hissettiriyor	2	22559
hissettiğimiz	2	22560
hissiyat	2	22561
hit	2	22562
hitaben	2	22563
hizmetiyle	2	22564
hizmetlerde	2	22565
hizmetlerimiz	2	22566
hizmetlerimizi	2	22567
hizmetlerimizin	2	22568
hizmetleriyle	2	22569
hizmetlerle	2	22570
hiçbiri	2	22571
hocaları	2	22572
hocalarından	2	22573
hocalarının	2	22574
hocamızı	2	22575
hormondur	2	22576
hormonların	2	22577
hoşafı	2	22578
hoşlanmazlar	2	22579
hp	2	22580
hububat	2	22581
hudutlarda	2	22582
hukuksuzca	2	22583
hukuksuzlukları	2	22584
hukukuna	2	22585
hukukunu	2	22586
hummalı	2	22587
hurda	2	22588
husumetli	2	22589
hususlara	2	22590
hususları	2	22591
hususu	2	22592
hususunda	2	22593
hutbesi	2	22594
huzurumuza	2	22595
huzurun	2	22596
hâkimiyet	2	22597
hâkimiyetini	2	22598
hâlen	2	22599
hâline	2	22600
hâlini	2	22601
hücrelerine	2	22602
hücrenin	2	22603
hücresi	2	22604
hücumda	2	22605
hükmeden	2	22606
hükmetmişti	2	22607
hükmün	2	22608
hükûmetinin	2	22609
hükümetinde	2	22610
hükümetinden	2	22611
hükümetine	2	22612
hükümleri	2	22613
hükümlerinde	2	22614
hükümlerinin	2	22615
hükümlü	2	22616
hırsızlar	2	22617
hırsızlığı	2	22618
hızda	2	22619
hızlandı	2	22620
hızlandıran	2	22621
hızlandırarak	2	22622
hızlandırma	2	22623
hızımız	2	22624
hızına	2	22625
hızının	2	22626
ibadeti	2	22627
ibadetini	2	22628
ibra	2	22629
ibre	2	22630
icabet	2	22631
icazet	2	22632
icraat	2	22633
idarenin	2	22634
iddialarla	2	22635
iddialarıyla	2	22636
ifadelere	2	22637
ifadelerin	2	22638
ifadeye	2	22639
iftitah	2	22640
ihaleleriyle	2	22641
ihaleyle	2	22642
ihaneti	2	22643
ihbarları	2	22644
ihbarında	2	22645
ihbarının	2	22646
ihdas	2	22647
ihlallerine	2	22648
ihlallerini	2	22649
ihlallerinin	2	22650
ihmali	2	22651
ihmaller	2	22652
ihracatçılara	2	22653
ihracatçıların	2	22654
ihracatımızın	2	22655
ihracatına	2	22656
ihracatından	2	22657
ihracı	2	22658
ihtiyacın	2	22659
ihtiyacının	2	22660
ihtiyaçlarından	2	22661
ihtiyaçlarınızı	2	22662
ihtişamıyla	2	22663
ihya	2	22664
ihyası	2	22665
ikametlerini	2	22666
iklimin	2	22667
ikonik	2	22668
ikramiyeleri	2	22669
ikramların	2	22670
iktidarına	2	22671
iktisat	2	22672
ilahiler	2	22673
ilanlara	2	22674
ilanlarına	2	22675
ilavesi	2	22676
ildeki	2	22677
ilden	2	22678
ilerledi	2	22679
ilerlediklerini	2	22680
ilerlediği	2	22681
ilerlediğini	2	22682
ilerlemelerini	2	22683
ilerlemesine	2	22684
ilerlerken	2	22685
ilerleyin	2	22686
ilerleyip	2	22687
iletebilir	2	22688
ileterek	2	22689
iletilen	2	22690
iletim	2	22691
iletmek	2	22692
iletmemizi	2	22693
ilettiği	2	22694
ilgiden	2	22695
ilgilidir	2	22696
ilgililer	2	22697
ilgisizlik	2	22698
ilişkide	2	22699
ilişkilendirilebilir	2	22700
ilişkilerimizin	2	22701
ilişkilerinden	2	22702
ilişkilerine	2	22703
ilişkilidir	2	22704
ilişkinizi	2	22705
ilkeli	2	22706
ilkesi	2	22707
ilkesini	2	22708
ilkesiyle	2	22709
ilkyardım	2	22710
illaki	2	22711
illallah	2	22712
illerden	2	22713
illerimizin	2	22714
ilmek	2	22715
ilçelere	2	22716
ilçelerimizdeki	2	22717
ilçelerimizin	2	22718
ilçelerinden	2	22719
ilçelerini	2	22720
ilçemiz	2	22721
ilçemizdeki	2	22722
imaj	2	22723
imajını	2	22724
imalatçılarına	2	22725
imanla	2	22726
imhası	2	22727
imkanların	2	22728
imkanlarından	2	22729
imkanımız	2	22730
imkanıyla	2	22731
imkânları	2	22732
imkânsız	2	22733
implant	2	22734
imsak	2	22735
imtiyaz	2	22736
imzalamak	2	22737
imzalandığı	2	22738
imzalandığını	2	22739
imzalanmıştır	2	22740
imzalarken	2	22741
imzamızı	2	22742
imzasını	2	22743
inancın	2	22744
inancına	2	22745
inancını	2	22746
inandırıcı	2	22747
inanması	2	22748
inanmıyorum	2	22749
inanılıyor	2	22750
inanıyorlardı	2	22751
inatçı	2	22752
inceledikten	2	22753
incelemelerinde	2	22754
incelemesinde	2	22755
incelemesine	2	22756
incelemesini	2	22757
incelemeyle	2	22758
inceleniyor	2	22759
incelenmektedir	2	22760
incelenmesini	2	22761
incelikle	2	22762
inceliklerini	2	22763
indirdiği	2	22764
indiren	2	22765
indirilerek	2	22766
indirimle	2	22767
inecek	2	22768
influenza	2	22769
inisiyatifler	2	22770
inişte	2	22771
inmesi	2	22772
inovasyonu	2	22773
insancıl	2	22774
insandan	2	22775
insanla	2	22776
insanlarımızın	2	22777
insanlarına	2	22778
insanlarını	2	22779
insanlarız	2	22780
insanlı	2	22781
insanımızı	2	22782
insanına	2	22783
insülinin	2	22784
internete	2	22785
intikali	2	22786
intikam	2	22787
intikamdan	2	22788
inçlik	2	22789
inşaatla	2	22790
inşaatlar	2	22791
inşaatları	2	22792
inşaatına	2	22793
inşasında	2	22794
ipe	2	22795
ipi	2	22796
ipotek	2	22797
iptaline	2	22798
iradesini	2	22799
iradesiyle	2	22800
iradeye	2	22801
iradeyi	2	22802
irmik	2	22803
irtifaya	2	22804
irtihal	2	22805
isabeti	2	22806
isabetli	2	22807
isimlendirdiği	2	22808
isimlere	2	22809
isimleriyle	2	22810
iskeleden	2	22811
israfı	2	22812
istasyonlarda	2	22813
istasyonlarına	2	22814
istasyonunun	2	22815
istatistiklerine	2	22816
istatistiklerini	2	22817
istatistiklerinin	2	22818
istavrit	2	22819
istediğine	2	22820
istediğinizi	2	22821
istek	2	22822
istekleri	2	22823
istekliler	2	22824
istemedi	2	22825
istemedik	2	22826
istemediklerini	2	22827
istemediği	2	22828
istemektedir	2	22829
istemeye	2	22830
istemiyoruz	2	22831
istenir	2	22832
isterse	2	22833
istese	2	22834
isteyeceğini	2	22835
isteyenlere	2	22836
isteyenleri	2	22837
isteğe	2	22838
isteğinizi	2	22839
istifalar	2	22840
istifasını	2	22841
istifasının	2	22842
istihdamın	2	22843
istihdamına	2	22844
istikrarının	2	22845
istila	2	22846
istirahat	2	22847
istismara	2	22848
istismarına	2	22849
istisna	2	22850
istisnai	2	22851
istiyorlardı	2	22852
istiyorsunuz	2	22853
isyanı	2	22854
ithalata	2	22855
ithalatta	2	22856
ithalatın	2	22857
itibarla	2	22858
itibarsızlaştırma	2	22859
itiraza	2	22860
itirazda	2	22861
ittifaklar	2	22862
ittifakına	2	22863
ittifakından	2	22864
ittifakını	2	22865
ivmesini	2	22866
iyileşen	2	22867
iyileşmesine	2	22868
iyileşmeye	2	22869
iyileştirmeye	2	22870
iyilikle	2	22871
iyiliği	2	22872
iyiydi	2	22873
iyiye	2	22874
izinden	2	22875
izinin	2	22876
izinli	2	22877
izlediğini	2	22878
izlemekteyiz	2	22879
izlemesi	2	22880
izlemesini	2	22881
izlenebilecek	2	22882
izlenim	2	22883
izlenimi	2	22884
izlenimini	2	22885
izler	2	22886
izlerin	2	22887
izlerken	2	22888
izleyeceğini	2	22889
izleyicisiyle	2	22890
iznini	2	22891
içecekleri	2	22892
içeceklerin	2	22893
içen	2	22894
içerikle	2	22895
içeriklerini	2	22896
içerikleriyle	2	22897
içeriğinin	2	22898
içeriğiyle	2	22899
içerken	2	22900
içgüdüsüyle	2	22901
içindir	2	22902
içinin	2	22903
içinizden	2	22904
içinize	2	22905
içip	2	22906
içkiden	2	22907
içkili	2	22908
içtenlikle	2	22909
iğrenç	2	22910
işaretidir	2	22911
işaretini	2	22912
işaretlerini	2	22913
işaretli	2	22914
işarettir	2	22915
işbirliğine	2	22916
işgalinin	2	22917
işgücünün	2	22918
işim	2	22919
işimize	2	22920
işimizin	2	22921
işiniz	2	22922
işlediğini	2	22923
işlemektedir	2	22924
işlemenin	2	22925
işlemidir	2	22926
işleminde	2	22927
işlemlerde	2	22928
işlemlerden	2	22929
işlemlere	2	22930
işlemlerinizi	2	22931
işlendiği	2	22932
işletilen	2	22933
işletilmesi	2	22934
işletmelerde	2	22935
işletmeleri	2	22936
işletmelerimizde	2	22937
işletmelerinin	2	22938
işletmeyi	2	22939
işlevsel	2	22940
işlevselliğini	2	22941
işlevsiz	2	22942
işleyeceği	2	22943
işleyip	2	22944
işleyişini	2	22945
iştah	2	22946
iştahı	2	22947
iştahını	2	22948
işverene	2	22949
işverenleri	2	22950
işverenlerin	2	22951
işçilerine	2	22952
jandarmadaki	2	22953
jest	2	22954
kw	2	22955
kwh	2	22956
kabaklı	2	22957
kabartan	2	22958
kabiliyet	2	22959
kabiliyetleri	2	22960
kabinesinin	2	22961
kablo	2	22962
kabrini	2	22963
kabristanlığına	2	22964
kabukları	2	22965
kabus	2	22966
kabusu	2	22967
kadarı	2	22968
kadarının	2	22969
kademe	2	22970
kademelerde	2	22971
kademesinde	2	22972
kadere	2	22973
kaderi	2	22974
kadrolara	2	22975
kadroları	2	22976
kadrolarına	2	22977
kadroyu	2	22978
kadından	2	22979
kadınla	2	22980
kadınlarımıza	2	22981
kadınlarımızı	2	22982
kadınlarını	2	22983
kafalarına	2	22984
kafatası	2	22985
kafayı	2	22986
kafein	2	22987
kafesi	2	22988
kahramanlarımızın	2	22989
kahverengi	2	22990
kahvesinin	2	22991
kaktüs	2	22992
kalabalığı	2	22993
kalacaktır	2	22994
kalanlar	2	22995
kalanları	2	22996
kalanşo	2	22997
kalbimiz	2	22998
kalbindeki	2	22999
kalbinin	2	23000
kaldıkları	2	23001
kaldıkça	2	23002
kaldılar	2	23003
kaldım	2	23004
kaldıran	2	23005
kaldırdığı	2	23006
kaldırdığını	2	23007
kaldırmayı	2	23008
kaldırmış	2	23009
kaldırılacak	2	23010
kaldırılacağını	2	23011
kaldırıldığını	2	23012
kaldırılmış	2	23013
kaldırılmıştı	2	23014
kaldırımda	2	23015
kaldırımlar	2	23016
kaldırın	2	23017
kaldığım	2	23018
kaldığımızda	2	23019
kaldığında	2	23020
kaleciyle	2	23021
kaleleri	2	23022
kalemde	2	23023
kalibre	2	23024
kalitede	2	23025
kalitesine	2	23026
kaliteye	2	23027
kalkandır	2	23028
kalkar	2	23029
kalktığı	2	23030
kalktığını	2	23031
kalkınmanın	2	23032
kalkınması	2	23033
kalkınmasına	2	23034
kalkınmaya	2	23035
kalkış	2	23036
kalkışan	2	23037
kalkıştı	2	23038
kalmadıkça	2	23039
kalmaktadır	2	23040
kalmamak	2	23041
kalmıştır	2	23042
kalınan	2	23043
kalıntılar	2	23044
kalıntıların	2	23045
kalıntılarının	2	23046
kalıyorlar	2	23047
kamelyada	2	23048
kameralar	2	23049
kameralardan	2	23050
kamerayı	2	23051
kampanyadan	2	23052
kampanyalar	2	23053
kampanyaları	2	23054
kampanyalarında	2	23055
kampanyayı	2	23056
kamplar	2	23057
kampları	2	23058
kampüs	2	23059
kampın	2	23060
kamunun	2	23061
kamuoyundan	2	23062
kamyonette	2	23063
kamyonların	2	23064
kana	2	23065
kanaat	2	23066
kanaatinde	2	23067
kanadında	2	23068
kanadının	2	23069
kanallar	2	23070
kanallarda	2	23071
kanalları	2	23072
kanallarında	2	23073
kanallarından	2	23074
kanalıyla	2	23075
kanatlı	2	23076
kanattan	2	23077
kanserden	2	23078
kanserin	2	23079
kanseriyle	2	23080
kanserler	2	23081
kanserleri	2	23082
kanserli	2	23083
kanunda	2	23084
kanunla	2	23085
kanunlar	2	23086
kanunları	2	23087
kanunsuz	2	23088
kanından	2	23089
kanıtlamaları	2	23090
kanıtlar	2	23091
kanıtı	2	23092
kapadı	2	23093
kapakları	2	23094
kapandığını	2	23095
kapanma	2	23096
kapanmak	2	23097
kapanması	2	23098
kapanmasına	2	23099
kapanışına	2	23100
kapasitelerini	2	23101
kapasitemiz	2	23102
kapasitesiyle	2	23103
kapatacağını	2	23104
kapatması	2	23105
kapatmaya	2	23106
kapattığı	2	23107
kapatılacağı	2	23108
kapatılmasına	2	23109
kapatılır	2	23110
kapatıp	2	23111
kapatırken	2	23112
kapatıyor	2	23113
kaplamalar	2	23114
kaplayınca	2	23115
kapsama	2	23116
kapsamına	2	23117
kapsamının	2	23118
kapsar	2	23119
kapsayacak	2	23120
kaptanın	2	23121
kapılan	2	23122
kapılarına	2	23123
kapılarının	2	23124
kapımızı	2	23125
karabaş	2	23126
karada	2	23127
karaktere	2	23128
karakterin	2	23129
karakteristik	2	23130
karakterize	2	23131
karakterli	2	23132
karalama	2	23133
karamsarlık	2	23134
karanfil	2	23135
karanfiller	2	23136
karanlıklar	2	23137
kararlarla	2	23138
kararlarında	2	23139
kararlarını	2	23140
kararlaştırıldı	2	23141
kararlılığa	2	23142
kararlıyız	2	23143
kararnamesiyle	2	23144
karayoluna	2	23145
karayolunda	2	23146
karbonat	2	23147
karbonhidratlar	2	23148
kardan	2	23149
kardeşime	2	23150
kardeşimize	2	23151
kardeşlerimi	2	23152
kardeşliğimize	2	23153
kardiyovasküler	2	23154
kargaşa	2	23155
kariyerini	2	23156
karnabahar	2	23157
karnesi	2	23158
karnesini	2	23159
karnına	2	23160
karnından	2	23161
kartlarını	2	23162
kartının	2	23163
karınca	2	23164
karını	2	23165
karısıyla	2	23166
karışmıştı	2	23167
karıştı	2	23168
karıştırdığı	2	23169
karıştırılması	2	23170
karışıma	2	23171
karışımını	2	23172
karşıladık	2	23173
karşıladığı	2	23174
karşılama	2	23175
karşılamadığı	2	23176
karşılamakta	2	23177
karşılamaktadır	2	23178
karşılandığı	2	23179
karşılarında	2	23180
karşılayamayan	2	23181
karşılayarak	2	23182
karşılaşacakları	2	23183
karşılaşanlar	2	23184
karşılaşmak	2	23185
karşılaşmalarda	2	23186
karşılaşmaların	2	23187
karşılaşmasına	2	23188
karşılaştıklarını	2	23189
karşılaşılabilecek	2	23190
karşılaşır	2	23191
karşılıksız	2	23192
karşılıyoruz	2	23193
karşına	2	23194
kasaba	2	23195
kasabasında	2	23196
kasadan	2	23197
kasasından	2	23198
kaskoda	2	23199
katacağı	2	23200
katacağını	2	23201
katarken	2	23202
kategorisindeki	2	23203
kategorize	2	23204
katip	2	23205
katkılardan	2	23206
katkılarından	2	23207
katkısında	2	23208
katlanabilir	2	23209
katledilmesi	2	23210
katliamda	2	23211
katliamının	2	23212
katsayısı	2	23213
katılabilir	2	23214
katılamayacağı	2	23215
katılanlardan	2	23216
katılanların	2	23217
katıldık	2	23218
katıldıktan	2	23219
katılmadı	2	23220
katılmadığı	2	23221
katılmayacağını	2	23222
katılmıştı	2	23223
katılımcılarımıza	2	23224
katılımcılık	2	23225
kauçuk	2	23226
kavgalar	2	23227
kavgayı	2	23228
kavramların	2	23229
kavramı	2	23230
kavramının	2	23231
kavuruyoruz	2	23232
kavuz	2	23233
kavuşacağını	2	23234
kavuşarak	2	23235
kavuşmak	2	23236
kavuşmaları	2	23237
kavuşması	2	23238
kavuşmuş	2	23239
kavuşturmak	2	23240
kayalık	2	23241
kayalıklara	2	23242
kayalıklarda	2	23243
kaybedeceği	2	23244
kaybedenlere	2	23245
kaybeder	2	23246
kaybedildiğini	2	23247
kaybedilen	2	23248
kaybedip	2	23249
kaybediyoruz	2	23250
kaybetmek	2	23251
kaybetmem	2	23252
kaybetmesiyle	2	23253
kaybetmeye	2	23254
kaybettikleri	2	23255
kaybettikten	2	23256
kaybettirmeye	2	23257
kaybolması	2	23258
kaybolmaya	2	23259
kaybolup	2	23260
kaybını	2	23261
kaybının	2	23262
kaydedildiğini	2	23263
kaydedilirken	2	23264
kaydediliyor	2	23265
kaydedilmiş	2	23266
kaydını	2	23267
kaydının	2	23268
kaydırmak	2	23269
kayganlaşan	2	23270
kaygıları	2	23271
kaygıların	2	23272
kaygısı	2	23273
kaygısıyla	2	23274
kayma	2	23275
kaynaklandığı	2	23276
kaynaklarda	2	23277
kaynaktır	2	23278
kaynar	2	23279
kaynayan	2	23280
kaynağından	2	23281
kaynaşma	2	23282
kayınpederi	2	23283
kayıtlarında	2	23284
kayıtlarını	2	23285
kazalarının	2	23286
kazanabilmek	2	23287
kazanacağımız	2	23288
kazanacağız	2	23289
kazanamaz	2	23290
kazananları	2	23291
kazancının	2	23292
kazandık	2	23293
kazandıracak	2	23294
kazandıracaklarını	2	23295
kazandıracağına	2	23296
kazandırdık	2	23297
kazandırmanın	2	23298
kazandırmaya	2	23299
kazandırmayı	2	23300
kazandırıyoruz	2	23301
kazandığımız	2	23302
kazanmamız	2	23303
kazanmanın	2	23304
kazanmasa	2	23305
kazanmasının	2	23306
kazançla	2	23307
kazançları	2	23308
kazançtan	2	23309
kazanılacağını	2	23310
kazanılmasının	2	23311
kazanımların	2	23312
kazanımlarını	2	23313
kazanımı	2	23314
kazasından	2	23315
kazılarak	2	23316
kazısı	2	23317
kaçakçılarıyla	2	23318
kaçakçılığıyla	2	23319
kaçağı	2	23320
kaçma	2	23321
kaçmış	2	23322
kaçsın	2	23323
kaçının	2	23324
kaçırabilir	2	23325
kaçıranlar	2	23326
kaçırdığı	2	23327
kaçırır	2	23328
kağıda	2	23329
kaşmir	2	23330
kaşıntı	2	23331
kaşığın	2	23332
kebabı	2	23333
kediler	2	23334
kedilere	2	23335
kedilerin	2	23336
kedinin	2	23337
kelebek	2	23338
kelimelerle	2	23339
kelimesinden	2	23340
kelimesine	2	23341
keloid	2	23342
kemiklerde	2	23343
kemiklerinden	2	23344
kenarları	2	23345
keneler	2	23346
kenevir	2	23347
kentimize	2	23348
kentinden	2	23349
kepçe	2	23350
kepçenin	2	23351
kesildiğini	2	23352
kesilmez	2	23353
kesimde	2	23354
kesimlerden	2	23355
kesimlerindeki	2	23356
kesimlerine	2	23357
kesimlerini	2	23358
kesinleşecek	2	23359
kesinleşen	2	23360
kesintilere	2	23361
kesitler	2	23362
kesiyorlar	2	23363
kesiştiği	2	23364
keşfe	2	23365
keşfedin	2	23366
keşifler	2	23367
kiliselerin	2	23368
kiliseye	2	23369
kilitledi	2	23370
kilitleyecek	2	23371
kilogramdan	2	23372
kilogramı	2	23373
kilometrekarelik	2	23374
kilometresinde	2	23375
kilosuna	2	23376
kilovatsaat	2	23377
kiloya	2	23378
kimden	2	23379
kimdi	2	23380
kimilerinin	2	23381
kimlikle	2	23382
kimliklerini	2	23383
kimliklerinin	2	23384
kimliğinin	2	23385
kimselere	2	23386
kir	2	23387
kiracıya	2	23388
kiraladı	2	23389
kiraladıkları	2	23390
kiralamak	2	23391
kiralanan	2	23392
kitabında	2	23393
kitapla	2	23394
kitaplarda	2	23395
kitaplarının	2	23396
kitapçıklar	2	23397
kitlelerin	2	23398
kitlenin	2	23399
kivi	2	23400
kişilerce	2	23401
kişiliğe	2	23402
kişiliğinin	2	23403
klibi	2	23404
klima	2	23405
klimanın	2	23406
klişe	2	23407
kocasına	2	23408
kodları	2	23409
kokarcaya	2	23410
kokartlı	2	23411
kokpit	2	23412
kokulardan	2	23413
kokuları	2	23414
kokusunu	2	23415
kola	2	23416
kolaydır	2	23417
kolaylaştıracak	2	23418
kolaylaştıran	2	23419
kolaylaştırarak	2	23420
kolaylaştırmaya	2	23421
kolaylaştırmayı	2	23422
kolaylaştırılması	2	23423
koleksiyonu	2	23424
kolektif	2	23425
koli	2	23426
kollarına	2	23427
kollarından	2	23428
kollarının	2	23429
kolonoskopi	2	23430
kolonya	2	23431
koltuktan	2	23432
koltuğun	2	23433
koltuğuna	2	23434
koltuğundan	2	23435
kolye	2	23436
kombi	2	23437
kombinasyon	2	23438
komisyona	2	23439
komisyonları	2	23440
komisyonunun	2	23441
komutları	2	23442
komşular	2	23443
komşulardan	2	23444
komşuya	2	23445
konaklayan	2	23446
konarak	2	23447
konfederasyon	2	23448
konferanslar	2	23449
konferansın	2	23450
konjonktüre	2	23451
konserinde	2	23452
konserine	2	23453
kontakt	2	23454
konteynerlerde	2	23455
kontrolle	2	23456
kontroller	2	23457
kontrollerinde	2	23458
kontrollerinden	2	23459
konukların	2	23460
konulmuştu	2	23461
konumları	2	23462
konumu	2	23463
konup	2	23464
konur	2	23465
konutlarına	2	23466
konutlarını	2	23467
konutlarının	2	23468
konutta	2	23469
konuttan	2	23470
konutunu	2	23471
konuşacak	2	23472
konuşacağız	2	23473
konuşmacı	2	23474
konuşmadığı	2	23475
konuşmalarını	2	23476
konuşmayın	2	23477
konuşsun	2	23478
konuştuğumuz	2	23479
konuştuğunu	2	23480
konuşulacak	2	23481
konuşulmaya	2	23482
konuşun	2	23483
konuşur	2	23484
konuşurlar	2	23485
konuşuruz	2	23486
konuşuyorduk	2	23487
konvansiyonel	2	23488
konvoy	2	23489
konvoyla	2	23490
konvoyun	2	23491
kooperatiflerin	2	23492
koparak	2	23493
koparmaya	2	23494
kopmadığını	2	23495
kopmalar	2	23496
koptu	2	23497
kopukluk	2	23498
koridor	2	23499
koridorları	2	23500
koridorunda	2	23501
korkma	2	23502
korkuları	2	23503
korkuların	2	23504
korkularınızla	2	23505
korkun	2	23506
korkusunu	2	23507
korkusuzca	2	23508
korkutan	2	23509
korkuya	2	23510
korkuyoruz	2	23511
korkuyu	2	23512
kornea	2	23513
kornere	2	23514
koro	2	23515
koronavirüs	2	23516
korsanları	2	23517
koru	2	23518
korunacağı	2	23519
korunarak	2	23520
korundu	2	23521
korunmasında	2	23522
korunmasının	2	23523
korunmaya	2	23524
korunmuş	2	23525
koruyabilir	2	23526
koruyacağını	2	23527
kotası	2	23528
koy	2	23529
koydukları	2	23530
koymadan	2	23531
koymaktadır	2	23532
koymanın	2	23533
koymasıyla	2	23534
koymuş	2	23535
koymuştur	2	23536
koşa	2	23537
koşma	2	23538
koşmak	2	23539
koşması	2	23540
koştuk	2	23541
koşturan	2	23542
koştuğumuz	2	23543
koşul	2	23544
koşulacak	2	23545
koşuları	2	23546
koşulda	2	23547
koşup	2	23548
kredilerin	2	23549
kredilerine	2	23550
krediyi	2	23551
krema	2	23552
kriter	2	23553
kriterler	2	23554
kriterlere	2	23555
kriterlerin	2	23556
kriterlerinin	2	23557
krizinin	2	23558
kucaklayan	2	23559
kulaklık	2	23560
kulaktan	2	23561
kulağından	2	23562
kule	2	23563
kulislerinde	2	23564
kullanabilecek	2	23565
kullanabilen	2	23566
kullanabiliyor	2	23567
kullanacakları	2	23568
kullananlara	2	23569
kullandığımız	2	23570
kullandığına	2	23571
kullandığında	2	23572
kullanmadı	2	23573
kullanmaktan	2	23574
kullanmaktır	2	23575
kullanmaması	2	23576
kullanmanın	2	23577
kullanmasına	2	23578
kullanmasıyla	2	23579
kullanıcının	2	23580
kullanılacağına	2	23581
kullanılamayacak	2	23582
kullanılamayacağı	2	23583
kullanıldığına	2	23584
kullanıldığında	2	23585
kullanıldığının	2	23586
kullanılmaması	2	23587
kullanılmasını	2	23588
kullanılmasının	2	23589
kullanılmaz	2	23590
kullanılırlar	2	23591
kullanımdan	2	23592
kullanımıyla	2	23593
kullanır	2	23594
kulvarlarda	2	23595
kulübesinde	2	23596
kulübeye	2	23597
kulübüne	2	23598
kulübünün	2	23599
kulüplerde	2	23600
kum	2	23601
kumar	2	23602
kumbara	2	23603
kundaklama	2	23604
kupalarına	2	23605
kupalarını	2	23606
kupon	2	23607
kurabilir	2	23608
kurabiye	2	23609
kuracak	2	23610
kuracaklar	2	23611
kuraklığın	2	23612
kuralına	2	23613
kuranlar	2	23614
kuranları	2	23615
kuranların	2	23616
kurası	2	23617
kurda	2	23618
kurdukları	2	23619
kurduklarını	2	23620
kurdum	2	23621
kurkumin	2	23622
kurla	2	23623
kurları	2	23624
kurlarını	2	23625
kurmalarına	2	23626
kurmayları	2	23627
kurmuş	2	23628
kursiyerler	2	23629
kursiyerlere	2	23630
kurslar	2	23631
kurslarıyla	2	23632
kursuna	2	23633
kursunda	2	23634
kursundan	2	23635
kurtaracak	2	23636
kurtaracağız	2	23637
kurtardık	2	23638
kurtarıcı	2	23639
kurtarıldığını	2	23640
kurtulamadı	2	23641
kurtulamayacak	2	23642
kurtulduk	2	23643
kurtulduğunu	2	23644
kurtulması	2	23645
kurtuluşu	2	23646
kuruduğunda	2	23647
kurulacağını	2	23648
kurullarının	2	23649
kurulmadan	2	23650
kurulmalıdır	2	23651
kurulmasında	2	23652
kurulmaya	2	23653
kurulurken	2	23654
kuruluğu	2	23655
kuruluşa	2	23656
kuruluşlar	2	23657
kuruluşlarla	2	23658
kuruluşundaki	2	23659
kurumda	2	23660
kurumlarla	2	23661
kurumlarımız	2	23662
kurumlarında	2	23663
kurun	2	23664
kurunun	2	23665
kurusıkı	2	23666
kurutulur	2	23667
kurşunla	2	23668
kurşunlandı	2	23669
kurşunun	2	23670
kusura	2	23671
kutladığımız	2	23672
kutladığını	2	23673
kutlamalarını	2	23674
kutlamaya	2	23675
kutlamayı	2	23676
kutlanan	2	23677
kutlarım	2	23678
kutuları	2	23679
kutup	2	23680
kuyumcuda	2	23681
kuyusu	2	23682
kuzen	2	23683
kuzeninin	2	23684
kuzeyde	2	23685
kuzeyden	2	23686
kuzular	2	23687
kuşağı	2	23688
kuşağın	2	23689
kuşağında	2	23690
kuşbaşı	2	23691
kuşları	2	23692
kârı	2	23693
kâğıda	2	23694
kâğıt	2	23695
köken	2	23696
kökenlerini	2	23697
kökü	2	23698
köle	2	23699
köpeklere	2	23700
köpeklerini	2	23701
köpekleriyle	2	23702
köpeklerle	2	23703
köpeğine	2	23704
köpeğinin	2	23705
köprüleri	2	23706
köprüsünden	2	23707
kötücül	2	23708
kötüleşen	2	23709
kötüleşme	2	23710
kötülüklere	2	23711
kötüsü	2	23712
köylerdeki	2	23713
köyleri	2	23714
köylerinin	2	23715
köylülere	2	23716
köylüleri	2	23717
köyümüzde	2	23718
köyünden	2	23719
köşeye	2	23720
köşk	2	23721
küle	2	23722
küllerinden	2	23723
kültürle	2	23724
kültürlerine	2	23725
kültürlü	2	23726
kültürümüz	2	23727
kültürümüzü	2	23728
kültürümüzün	2	23729
kümes	2	23730
kümülatif	2	23731
küreden	2	23732
küreselleşme	2	23733
kürsüsüne	2	23734
küskün	2	23735
kütlesi	2	23736
küçücük	2	23737
küçültmek	2	23738
kıldı	2	23739
kılmayı	2	23740
kılınarak	2	23741
kınadıklarını	2	23742
kınandı	2	23743
kınayarak	2	23744
kırdık	2	23745
kırdığı	2	23746
kırgın	2	23747
kırmasını	2	23748
kırmıştı	2	23749
kırpmadan	2	23750
kırtasiye	2	23751
kırıklar	2	23752
kırıldığını	2	23753
kırılırken	2	23754
kırıma	2	23755
kırışıklık	2	23756
kıskıvrak	2	23757
kısmak	2	23758
kısmın	2	23759
kısmına	2	23760
kısımlarını	2	23761
kısır	2	23762
kısıtlayıcı	2	23763
kıtalararası	2	23764
kıtasının	2	23765
kıtlık	2	23766
kıvamı	2	23767
kıyafeti	2	23768
kıyafetlerde	2	23769
kıyarak	2	23770
kıyaslandığında	2	23771
kıyasıya	2	23772
kıymet	2	23773
kıymetini	2	23774
kıyıda	2	23775
kıyılarına	2	23776
kıyısı	2	23777
kızarana	2	23778
kızgın	2	23779
kızlar	2	23780
kızlarda	2	23781
kızlarımızın	2	23782
kızlarından	2	23783
kızımız	2	23784
kızıyor	2	23785
kışlık	2	23786
lacivertliler	2	23787
lafı	2	23788
lahana	2	23789
lakabı	2	23790
laktoz	2	23791
lambaları	2	23792
lansman	2	23793
larva	2	23794
lav	2	23795
lavanta	2	23796
leke	2	23797
lekedir	2	23798
lekelenme	2	23799
lekelerinin	2	23800
lenf	2	23801
leptin	2	23802
ler	2	23803
lerle	2	23804
lezzete	2	23805
lezzetiyle	2	23806
lezzetler	2	23807
lezzetleri	2	23808
liberal	2	23809
liderdi	2	23810
liderinin	2	23811
liderlerinin	2	23812
liderleriyle	2	23813
lifin	2	23814
lifleri	2	23815
limana	2	23816
limanlarına	2	23817
limitinin	2	23818
limitleri	2	23819
limitlerine	2	23820
limonata	2	23821
linkten	2	23822
lirasını	2	23823
liseyi	2	23824
listeler	2	23825
listelerinde	2	23826
listelerindeki	2	23827
listelerinden	2	23828
listelerini	2	23829
listesiyle	2	23830
literatüründe	2	23831
litresi	2	23832
lobilerin	2	23833
logoları	2	23834
logolu	2	23835
lokantada	2	23836
lokasyon	2	23837
lösemi	2	23838
lüfer	2	23839
maaşlarla	2	23840
maaşlarıyla	2	23841
maaşlı	2	23842
maaşım	2	23843
madalyaların	2	23844
madalyanın	2	23845
madalyası	2	23846
maddelerine	2	23847
maddelerinin	2	23848
maddesine	2	23849
magazin	2	23850
mahalleleri	2	23851
mahallelerimizin	2	23852
mahalleye	2	23853
mahallinde	2	23854
mahcup	2	23855
mahiyetinde	2	23856
mahkemeyi	2	23857
mahkumun	2	23858
mail	2	23859
makamlar	2	23860
makamlarında	2	23861
makinede	2	23862
makineler	2	23863
makinelerine	2	23864
makroihtiyati	2	23865
maksadıyla	2	23866
makyajın	2	23867
mala	2	23868
maliyesi	2	23869
maliyetle	2	23870
maliyetler	2	23871
mallarını	2	23872
malî	2	23873
malına	2	23874
mamanın	2	23875
maması	2	23876
mamografi	2	23877
mana	2	23878
mandalina	2	23879
manevra	2	23880
manevrasıyla	2	23881
mango	2	23882
mantık	2	23883
mantıkla	2	23884
mantıklı	2	23885
manzarada	2	23886
manzaraları	2	23887
manzarasının	2	23888
manşet	2	23889
markalardan	2	23890
markalarından	2	23891
markalarıyla	2	23892
marketten	2	23893
marş	2	23894
masaj	2	23895
masal	2	23896
masası	2	23897
masasında	2	23898
maske	2	23899
masraflarının	2	23900
masrafı	2	23901
mat	2	23902
materyale	2	23903
materyalleri	2	23904
mavililer	2	23905
maydanoz	2	23906
maymunu	2	23907
mayın	2	23908
mazlumun	2	23909
maçlardan	2	23910
maçlarımıza	2	23911
maçtır	2	23912
mağara	2	23913
mağaza	2	23914
mağazaları	2	23915
mağazasında	2	23916
mağdurlara	2	23917
mağdurları	2	23918
mağlubiyetin	2	23919
meali	2	23920
mecburi	2	23921
meclisine	2	23922
meclisinin	2	23923
meclisteki	2	23924
mecralarda	2	23925
mecrasında	2	23926
medeniyetinin	2	23927
medyasına	2	23928
medyasının	2	23929
megavat	2	23930
megavatsaat	2	23931
mekanizmasının	2	23932
mekanlara	2	23933
mekanlardan	2	23934
mekanları	2	23935
mekanlarından	2	23936
mektubu	2	23937
mektubunu	2	23938
mektupta	2	23939
mekânında	2	23940
melatonin	2	23941
melodik	2	23942
melodiler	2	23943
membran	2	23944
memlekete	2	23945
memleketimiz	2	23946
memleketinde	2	23947
memleketlerinde	2	23948
memleketlerine	2	23949
memlekette	2	23950
memnunuz	2	23951
memurlarının	2	23952
memurunun	2	23953
menfaati	2	23954
menfaatlerini	2	23955
menfur	2	23956
mentörler	2	23957
menzili	2	23958
meraklılarını	2	23959
merci	2	23960
merdivenin	2	23961
merdivenlerinde	2	23962
merhem	2	23963
merkezimiz	2	23964
merkezimizde	2	23965
merkeziyetsiz	2	23966
merkezlerden	2	23967
merkezlerindeki	2	23968
merkezlerine	2	23969
merkezlerini	2	23970
mersini	2	23971
mesafeyi	2	23972
mesaiye	2	23973
mesajla	2	23974
mesajlardaki	2	23975
mesajlarını	2	23976
mesajlarıyla	2	23977
mesajlaşmaları	2	23978
meselede	2	23979
meselelerde	2	23980
meselemiz	2	23981
meslektaşlarımın	2	23982
meslektaşlarımıza	2	23983
meslektaşlarımızın	2	23984
meslektaşlarına	2	23985
meslektaşı	2	23986
mesleğimizin	2	23987
mesleğine	2	23988
mesnetsiz	2	23989
metabolizma	2	23990
metaforik	2	23991
metallerde	2	23992
metamfetamin	2	23993
meteorolojik	2	23994
metninde	2	23995
metrekareye	2	23996
metreküpe	2	23997
metrelerce	2	23998
metreyi	2	23999
metrobüsün	2	24000
mevduatlar	2	24001
mevkisine	2	24002
mevsimin	2	24003
mevsimiyle	2	24004
mevsimlerin	2	24005
mevsimsellikten	2	24006
mevzuatlar	2	24007
mevzuatı	2	24008
meydanlara	2	24009
meyvede	2	24010
meyvelerinin	2	24011
meyvesini	2	24012
mezardaki	2	24013
mezarlar	2	24014
mezarlarını	2	24015
mezarlıklar	2	24016
mezarlığa	2	24017
mezarın	2	24018
mezarından	2	24019
mezhep	2	24020
meçhul	2	24021
meşale	2	24022
meşalelerle	2	24023
meşgul	2	24024
meşruiyetini	2	24025
mikroorganizmalar	2	24026
mikrop	2	24027
mikserle	2	24028
miktarına	2	24029
miktarını	2	24030
milattan	2	24031
milimetreden	2	24032
milis	2	24033
milislerin	2	24034
militan	2	24035
milletiz	2	24036
milletle	2	24037
milletvekilinden	2	24038
milletvekilinin	2	24039
milletvekillerine	2	24040
milletvekillerinin	2	24041
milletvekilleriyle	2	24042
milletvekilliği	2	24043
milyardan	2	24044
mimarisiyle	2	24045
mimarları	2	24046
minarelerden	2	24047
minnet	2	24048
minnettarız	2	24049
miraslardan	2	24050
mirasın	2	24051
mirasının	2	24052
misafirleri	2	24053
misafirlerimizin	2	24054
misilleme	2	24055
mistik	2	24056
misyonunda	2	24057
misyonunu	2	24058
mitingini	2	24059
mizah	2	24060
mod	2	24061
modelinde	2	24062
modifiye	2	24063
modunu	2	24064
montaj	2	24065
mor	2	24066
morarma	2	24067
morluklar	2	24068
morlukların	2	24069
mors	2	24070
motifleri	2	24071
motivasyonu	2	24072
motokurye	2	24073
motora	2	24074
motorcu	2	24075
motorla	2	24076
motorunda	2	24077
motorundan	2	24078
motosikletle	2	24079
motosikletleri	2	24080
mozaik	2	24081
mozaikleri	2	24082
muadillerine	2	24083
muafiyeti	2	24084
muayenede	2	24085
mucize	2	24086
muhabirlik	2	24087
muhakeme	2	24088
muhammen	2	24089
muhatabı	2	24090
muhtarlarımızın	2	24091
muhtarların	2	24092
muhtelif	2	24093
muhterem	2	24094
mukavemet	2	24095
multidisipliner	2	24096
multimedya	2	24097
mustarip	2	24098
mutabık	2	24099
mutfaklarda	2	24100
mutluluklarını	2	24101
mutluluğa	2	24102
muvaffak	2	24103
muzdarip	2	24104
mücadelesinin	2	24105
müdahaleler	2	24106
müdahalelerin	2	24107
müdahillik	2	24108
müdürlerine	2	24109
müdürlüğün	2	24110
müfredatla	2	24111
müfredatı	2	24112
mühimmatları	2	24113
mühlet	2	24114
mühürledi	2	24115
müjdeleyen	2	24116
müjdesini	2	24117
mükellef	2	24118
mükellefi	2	24119
mükellefiyeti	2	24120
mükellefleri	2	24121
mülakatta	2	24122
mülkiyeti	2	24123
mümin	2	24124
müminlerin	2	24125
mürettebatını	2	24126
mürettebatının	2	24127
mürüvvetini	2	24128
müsabakaları	2	24129
müsabakası	2	24130
müsait	2	24131
müspet	2	24132
müstakbel	2	24133
müstehcen	2	24134
müstehcenlik	2	24135
mütalaa	2	24136
mütalaasında	2	24137
müteahhidi	2	24138
müteakiben	2	24139
mütevazı	2	24140
müteşekkir	2	24141
müttefiklerini	2	24142
müttefikleriyle	2	24143
müvekkilinin	2	24144
müzakereleri	2	24145
müzakereye	2	24146
müzayedede	2	24147
müzesine	2	24148
müzeye	2	24149
müzikle	2	24150
müzikleri	2	24151
müzikseverler	2	24152
müzisyenlerin	2	24153
müziğe	2	24154
müziğine	2	24155
müşterileri	2	24156
müşterilerimize	2	24157
müşterilerimizin	2	24158
müşterilerin	2	24159
müşterilerinin	2	24160
müşteriyi	2	24161
naaşının	2	24162
nadiren	2	24163
nakliyle	2	24164
nal	2	24165
namaza	2	24166
namazlarının	2	24167
namütenahi	2	24168
namına	2	24169
nar	2	24170
navigasyon	2	24171
nazikçe	2	24172
ndan	2	24173
nedenden	2	24174
nedene	2	24175
nedenlerden	2	24176
nedenlerini	2	24177
nedenli	2	24178
nefesi	2	24179
nefesini	2	24180
nefreti	2	24181
nekropol	2	24182
nemlendirici	2	24183
nemlendirme	2	24184
nesneyi	2	24185
netice	2	24186
neticelenen	2	24187
neticesi	2	24188
netleşiyor	2	24189
netleşmediği	2	24190
netleşmiş	2	24191
ney	2	24192
nezaket	2	24193
nezaketen	2	24194
nezaretinde	2	24195
nezdindeki	2	24196
neşe	2	24197
ni	2	24198
nihayetinde	2	24199
nikahını	2	24200
nikel	2	24201
nispeten	2	24202
nitelediği	2	24203
nitelendirdiği	2	24204
nitelik	2	24205
nitelikleri	2	24206
niteliksiz	2	24207
niyeti	2	24208
niyetim	2	24209
niyetini	2	24210
niyetiyle	2	24211
niyetlerin	2	24212
niyetten	2	24213
niçin	2	24214
nişanlısı	2	24215
nişanı	2	24216
noksansız	2	24217
noktaladı	2	24218
noktalandı	2	24219
noktasındaki	2	24220
noktasından	2	24221
noktasının	2	24222
normalleşiyor	2	24223
normatif	2	24224
notlar	2	24225
notları	2	24226
notu	2	24227
notunun	2	24228
numarada	2	24229
numaralar	2	24230
numaraları	2	24231
numarasına	2	24232
numarayı	2	24233
nüfuslu	2	24234
nün	2	24235
nı	2	24236
objektiflere	2	24237
ocağında	2	24238
odaklandığı	2	24239
odaklanmak	2	24240
odaklanmalarını	2	24241
odaklanmalıyız	2	24242
odaklanmış	2	24243
odaklar	2	24244
odasını	2	24245
odağı	2	24246
odağına	2	24247
ofisine	2	24248
ofisinin	2	24249
ofislerinde	2	24250
ok	2	24251
okuduğum	2	24252
okullarında	2	24253
okullarını	2	24254
okumalar	2	24255
okumaları	2	24256
okumaya	2	24257
okunmasını	2	24258
okunur	2	24259
okunuşu	2	24260
okur	2	24261
okuyabilirsiniz	2	24262
ola	2	24263
olabileceğinden	2	24264
olabilirken	2	24265
olacakmış	2	24266
olamadık	2	24267
olamayacağı	2	24268
olanaklarını	2	24269
olandır	2	24270
olanlardır	2	24271
olanlarla	2	24272
olasılığına	2	24273
olasılığını	2	24274
olaylardan	2	24275
olaylarını	2	24276
olayına	2	24277
olduysa	2	24278
olduğumdan	2	24279
olduğun	2	24280
olduğunuzu	2	24281
olgulardan	2	24282
olgun	2	24283
olimpiyatlar	2	24284
olimpiyatta	2	24285
olmadık	2	24286
olmadım	2	24287
olmadığım	2	24288
olmadığımı	2	24289
olmadığımız	2	24290
olmadığının	2	24291
olmakta	2	24292
olmamalıdır	2	24293
olmamasına	2	24294
olmamızı	2	24295
olmamıştır	2	24296
olmanıza	2	24297
olmasıydı	2	24298
olmayanların	2	24299
olmayıp	2	24300
olmuşuzdur	2	24301
olsak	2	24302
olsalar	2	24303
olurlar	2	24304
oluyormuş	2	24305
oluyorsa	2	24306
oluyorsunuz	2	24307
oluş	2	24308
oluşmadığı	2	24309
oluşması	2	24310
oluşmasında	2	24311
oluşmasını	2	24312
oluşturacak	2	24313
oluşturacağını	2	24314
oluşturmadığı	2	24315
oluşturup	2	24316
oluştururlar	2	24317
oluştuğu	2	24318
oluşu	2	24319
oluşum	2	24320
oluşuyordu	2	24321
omurgayı	2	24322
omurlar	2	24323
omuza	2	24324
onaylanmasıyla	2	24325
onaysız	2	24326
onda	2	24327
onsu	2	24328
onuruna	2	24329
oolong	2	24330
operasyona	2	24331
operasyonlarının	2	24332
operasyonuna	2	24333
opsiyonu	2	24334
optimize	2	24335
oranlarına	2	24336
oranlarındaki	2	24337
orantısız	2	24338
oranındaki	2	24339
oranından	2	24340
ordusunda	2	24341
organizasyonlara	2	24342
organizasyonlarından	2	24343
organizasyonunda	2	24344
organizasyonuyla	2	24345
organizatör	2	24346
organlara	2	24347
organların	2	24348
organlarının	2	24349
ormancılık	2	24350
ormanlar	2	24351
ormanlarda	2	24352
ormanları	2	24353
ortaklardan	2	24354
ortaklarımızla	2	24355
ortaklığın	2	24356
ortaklığında	2	24357
ortalamasından	2	24358
ortalamasının	2	24359
ortamdan	2	24360
ortamlara	2	24361
ortamın	2	24362
ortamından	2	24363
ortasındaki	2	24364
ortağımız	2	24365
ortağının	2	24366
orucu	2	24367
otellere	2	24368
otizmli	2	24369
otluk	2	24370
otobüslerde	2	24371
otobüsleri	2	24372
otobüsleriyle	2	24373
otobüsten	2	24374
otogarda	2	24375
otomasyon	2	24376
otomobilden	2	24377
otomobiline	2	24378
otomobiliyle	2	24379
otomobillerde	2	24380
otomobillerin	2	24381
otomobillerle	2	24382
otomotive	2	24383
otopark	2	24384
otoparkta	2	24385
otoparkında	2	24386
otopsinin	2	24387
otorite	2	24388
otoyoldaki	2	24389
otunun	2	24390
oturacak	2	24391
oturacağım	2	24392
oturanlar	2	24393
oturarak	2	24394
oturdukları	2	24395
oturmak	2	24396
oturmaya	2	24397
oturumları	2	24398
otuz	2	24399
oylaması	2	24400
oylamayla	2	24401
oylarımız	2	24402
oyma	2	24403
oynadıkları	2	24404
oynaklığı	2	24405
oynamadı	2	24406
oynamamız	2	24407
oynanacağını	2	24408
oynatıp	2	24409
oynuyoruz	2	24410
oyuncularda	2	24411
oyuncularımın	2	24412
oyuncularına	2	24413
oyuncularının	2	24414
oyuncumuz	2	24415
oyunlardan	2	24416
oyunlarını	2	24417
oyununun	2	24418
oyununuzu	2	24419
oğlumuz	2	24420
paketinde	2	24421
paketini	2	24422
paketleri	2	24423
pakette	2	24424
pancar	2	24425
pandemide	2	24426
panel	2	24427
panelde	2	24428
pankart	2	24429
pansuman	2	24430
pantolon	2	24431
papatya	2	24432
papaya	2	24433
paralimpik	2	24434
paramı	2	24435
parantez	2	24436
parasının	2	24437
paravan	2	24438
parfüm	2	24439
parke	2	24440
parlaklık	2	24441
parlamentoyu	2	24442
parmağına	2	24443
parmağındaki	2	24444
parselleyip	2	24445
parsı	2	24446
partilerinden	2	24447
partilerle	2	24448
partimin	2	24449
partnerler	2	24450
parçalamaya	2	24451
parçalarının	2	24452
parçasına	2	24453
parçasının	2	24454
parçasıyla	2	24455
paslanmaz	2	24456
pastaneler	2	24457
pastırma	2	24458
pasını	2	24459
pasıyla	2	24460
patatesten	2	24461
patika	2	24462
patlamalara	2	24463
patlamamış	2	24464
patlattı	2	24465
patlayan	2	24466
patır	2	24467
pavyon	2	24468
paydaşların	2	24469
payların	2	24470
paylaşacağım	2	24471
paylaşmanın	2	24472
paylaşmaya	2	24473
paylaştığını	2	24474
paylaşılacağı	2	24475
paylaşılmıştı	2	24476
paylaşımdaki	2	24477
paylaşımdan	2	24478
paylaşımlara	2	24479
paylaşımların	2	24480
paylaşımlarının	2	24481
paylaşımıyla	2	24482
paylaşın	2	24483
payımız	2	24484
pazarcı	2	24485
pazarcıların	2	24486
pazardan	2	24487
pazarla	2	24488
pazarlara	2	24489
pazarları	2	24490
pazarlarında	2	24491
pazarlıkları	2	24492
pazarındaki	2	24493
pazarının	2	24494
paça	2	24495
paçasından	2	24496
pekiştirirken	2	24497
pekiştirmeyi	2	24498
pekmez	2	24499
penaltılarda	2	24500
pençesinden	2	24501
perdeyi	2	24502
performansa	2	24503
performanslarıyla	2	24504
performanslı	2	24505
performansından	2	24506
performansının	2	24507
periyodik	2	24508
periyodun	2	24509
perişan	2	24510
personelimize	2	24511
personeliyle	2	24512
perspektif	2	24513
perspektiften	2	24514
perşembeyi	2	24515
pet	2	24516
petrolü	2	24517
peşindeyiz	2	24518
pide	2	24519
pilates	2	24520
pillerinin	2	24521
pisti	2	24522
pistinde	2	24523
piyasanın	2	24524
pişirilen	2	24525
pişirilir	2	24526
pişirilmesi	2	24527
plakası	2	24528
plaketi	2	24529
planladı	2	24530
planladıkları	2	24531
planlamaları	2	24532
planlamalarımızı	2	24533
planlamalarının	2	24534
planlamasında	2	24535
planlandığı	2	24536
planlanmış	2	24537
planlanırken	2	24538
planlanıyordu	2	24539
planlarken	2	24540
plansız	2	24541
planına	2	24542
platformun	2	24543
podyumlu	2	24544
polemiğine	2	24545
polislere	2	24546
polisteki	2	24547
politikacılar	2	24548
politikamızın	2	24549
politikasında	2	24550
poliçesi	2	24551
pompa	2	24552
pop	2	24553
popülerliğini	2	24554
porselen	2	24555
portatif	2	24556
portföyüne	2	24557
potansiyelin	2	24558
potansiyellerini	2	24559
pozisyonlarda	2	24560
pozisyonlarında	2	24561
pozisyonunu	2	24562
pozisyonunun	2	24563
pozlarını	2	24564
pozu	2	24565
poşet	2	24566
poşetin	2	24567
problemlerden	2	24568
problemlerin	2	24569
problemlerine	2	24570
problemlerini	2	24571
profesörü	2	24572
profiline	2	24573
profilleri	2	24574
programlarda	2	24575
programımızın	2	24576
projeden	2	24577
projelerinde	2	24578
projemiz	2	24579
projesine	2	24580
projeyle	2	24581
propolis	2	24582
prostat	2	24583
protestocu	2	24584
protestolar	2	24585
protestoları	2	24586
protestolarını	2	24587
protestosu	2	24588
protezler	2	24589
protokolünü	2	24590
provokasyon	2	24591
psikiyatrik	2	24592
psikologlar	2	24593
psikolojisi	2	24594
puanlama	2	24595
puding	2	24596
pul	2	24597
pulu	2	24598
punto	2	24599
pusulası	2	24600
pürüzsüz	2	24601
pırıl	2	24602
radarında	2	24603
radyasyon	2	24604
raf	2	24605
rafineri	2	24606
raflarda	2	24607
rahatsızlandı	2	24608
rahatsızlıklarını	2	24609
rahatsızlıktan	2	24610
rahatsızlığını	2	24611
rahmetiyle	2	24612
rahmetler	2	24613
rakamlarına	2	24614
rakamının	2	24615
rakiplerinden	2	24616
rakiplerini	2	24617
rakı	2	24618
rakımlı	2	24619
rant	2	24620
raporlama	2	24621
raporundan	2	24622
rayları	2	24623
reaksiyon	2	24624
reaksiyonlara	2	24625
reaktörün	2	24626
reddedildi	2	24627
reddedilmişti	2	24628
reddediyor	2	24629
reddetmesinin	2	24630
reddetmişti	2	24631
reddettiğini	2	24632
reeskont	2	24633
refaha	2	24634
refakat	2	24635
refinansman	2	24636
reformlarla	2	24637
refüjdeki	2	24638
rehavete	2	24639
rehineyi	2	24640
rejime	2	24641
rejimin	2	24642
rejiminden	2	24643
rejimini	2	24644
rekabete	2	24645
rekabette	2	24646
reklamı	2	24647
rekoltesinde	2	24648
rekorlarla	2	24649
rengin	2	24650
renklerde	2	24651
renkleri	2	24652
renklerine	2	24653
renklerinin	2	24654
renkleriyle	2	24655
renkte	2	24656
resesyon	2	24657
resesyona	2	24658
restoranları	2	24659
restorasyonunu	2	24660
reva	2	24661
revaçta	2	24662
rezervler	2	24663
rezervlerinin	2	24664
rezil	2	24665
reçel	2	24666
reçeteli	2	24667
riayet	2	24668
ribaund	2	24669
ricada	2	24670
ricam	2	24671
ring	2	24672
riskimiz	2	24673
riskin	2	24674
riskinden	2	24675
riskiyle	2	24676
risklerin	2	24677
risklerine	2	24678
risklerini	2	24679
risklerinin	2	24680
risklerle	2	24681
ritim	2	24682
robotları	2	24683
roketatar	2	24684
roketlerin	2	24685
roller	2	24686
rolleriyle	2	24687
rolüne	2	24688
romanından	2	24689
romatizma	2	24690
ruble	2	24691
ruha	2	24692
ruhları	2	24693
ruhlu	2	24694
ruhsat	2	24695
ruhun	2	24696
ruhuna	2	24697
ruhunun	2	24698
ruhuyla	2	24699
rutini	2	24700
röportaj	2	24701
röportajında	2	24702
rüyadır	2	24703
rüzgara	2	24704
rüzgâr	2	24705
saatin	2	24706
saatiyle	2	24707
saatlere	2	24708
saatlerindeki	2	24709
sabahına	2	24710
sabitleme	2	24711
sabitlemek	2	24712
sabredecek	2	24713
sabrını	2	24714
sabırla	2	24715
sahadaydı	2	24716
sahalardan	2	24717
sahalarında	2	24718
sahasının	2	24719
sahibidir	2	24720
sahici	2	24721
sahilden	2	24722
sahilinde	2	24723
sahillerinde	2	24724
sahiplerinden	2	24725
sahnedeydi	2	24726
sahnelerine	2	24727
sahnesiyle	2	24728
sahneyi	2	24729
sahura	2	24730
sakat	2	24731
sakatlıklar	2	24732
sakinlerini	2	24733
sakinleriyle	2	24734
sakinlik	2	24735
sakladığını	2	24736
saklamak	2	24737
saklanıyor	2	24738
saklayıp	2	24739
saklıyorum	2	24740
saksı	2	24741
sakınca	2	24742
sakınmaktır	2	24743
salatası	2	24744
saldırdığını	2	24745
saldırganların	2	24746
saldırganlığı	2	24747
saldırılardan	2	24748
saldırılarla	2	24749
saldırılarıyla	2	24750
saldırıyla	2	24751
salladı	2	24752
sallamaya	2	24753
sallandı	2	24754
salondan	2	24755
salonları	2	24756
salonlarında	2	24757
salonunu	2	24758
salçası	2	24759
salındı	2	24760
samimiyetle	2	24761
sanarak	2	24762
sanatkarlara	2	24763
sanatseverlerin	2	24764
sanattan	2	24765
sanatçılara	2	24766
sanatçılarımız	2	24767
sanatını	2	24768
sanayimize	2	24769
sanayinin	2	24770
sanayisini	2	24771
sanayisinin	2	24772
sandıklara	2	24773
sandıklarda	2	24774
sansar	2	24775
santigrat	2	24776
santimetreye	2	24777
santralde	2	24778
santrası	2	24779
santrfor	2	24780
sanıklara	2	24781
sanıp	2	24782
sanıyorum	2	24783
sanığa	2	24784
saplandı	2	24785
sapları	2	24786
saptandı	2	24787
sapı	2	24788
saracağız	2	24789
saraydan	2	24790
sarfettiği	2	24791
sarmak	2	24792
sarmalından	2	24793
sarmaya	2	24794
sarsıldı	2	24795
sarsılmaz	2	24796
sarımsağı	2	24797
sarın	2	24798
satacak	2	24799
sathında	2	24800
satmaya	2	24801
sattı	2	24802
sattığını	2	24803
satıcı	2	24804
satıcılarının	2	24805
satıcısının	2	24806
satılacak	2	24807
satıldı	2	24808
satılması	2	24809
satır	2	24810
satışla	2	24811
satışlarda	2	24812
satışların	2	24813
satışlarına	2	24814
satışlarındaki	2	24815
satışlarını	2	24816
satışın	2	24817
satışının	2	24818
savaşan	2	24819
savaşlar	2	24820
savaşlarda	2	24821
savaşmaya	2	24822
savaştaki	2	24823
savaşımızın	2	24824
savaşındaki	2	24825
savcılığa	2	24826
savcılığın	2	24827
savcısına	2	24828
savcıya	2	24829
savrulup	2	24830
savunduğu	2	24831
savunmada	2	24832
savunur	2	24833
savunuyor	2	24834
savurdu	2	24835
savurduğu	2	24836
sayanlar	2	24837
saydığımı	2	24838
sayfada	2	24839
sayfalar	2	24840
sayfaları	2	24841
sayfası	2	24842
sayfasına	2	24843
sayfasından	2	24844
sayfasını	2	24845
sayılabilecek	2	24846
sayılar	2	24847
sayılık	2	24848
sayıma	2	24849
sayıyor	2	24850
sayıyoruz	2	24851
saçak	2	24852
saçların	2	24853
saçlarını	2	24854
saçlarınıza	2	24855
saçmalık	2	24856
saçılan	2	24857
sağcıların	2	24858
sağda	2	24859
sağduyu	2	24860
sağduyulu	2	24861
sağladıklarını	2	24862
sağladıktan	2	24863
sağlamaktadır	2	24864
sağlamaz	2	24865
sağlamlaştırarak	2	24866
sağlamıştı	2	24867
sağlanabiliyor	2	24868
sağlanabilmesi	2	24869
sağlanacağı	2	24870
sağlanamadı	2	24871
sağlanana	2	24872
sağlanmalıdır	2	24873
sağlanmasında	2	24874
sağlanmasını	2	24875
sağlanır	2	24876
sağlayabilirsiniz	2	24877
sağlayacağı	2	24878
sağlayıcı	2	24879
sağlıcakla	2	24880
sağlıksız	2	24881
sağlığımızı	2	24882
sağlığından	2	24883
sağlığınızı	2	24884
seans	2	24885
sebeplerden	2	24886
sebepleri	2	24887
sebeplerini	2	24888
sebepten	2	24889
sedan	2	24890
sefalet	2	24891
sefere	2	24892
seferini	2	24893
seferlerde	2	24894
seferlerini	2	24895
segmenti	2	24896
segmentinde	2	24897
sek	2	24898
seke	2	24899
seken	2	24900
sekteye	2	24901
sektörel	2	24902
sektörlere	2	24903
sektörleri	2	24904
sektörlerindeki	2	24905
sektöründen	2	24906
selamlayarak	2	24907
selefi	2	24908
selfie	2	24909
semalarında	2	24910
sembolize	2	24911
semboller	2	24912
seminer	2	24913
sempatizanları	2	24914
senaristi	2	24915
senaryoları	2	24916
senaryosu	2	24917
senaryoyu	2	24918
sendikal	2	24919
sendromlu	2	24920
senelerce	2	24921
senelik	2	24922
senenin	2	24923
senesi	2	24924
senesinde	2	24925
senet	2	24926
senetlerini	2	24927
sepet	2	24928
sepete	2	24929
sepsis	2	24930
seralarda	2	24931
serer	2	24932
sergilediklerini	2	24933
sergilemek	2	24934
sergilemeye	2	24935
sergileyerek	2	24936
sergisini	2	24937
sergisiyle	2	24938
seride	2	24939
serimi	2	24940
serinletici	2	24941
serisini	2	24942
sermayeli	2	24943
serpilir	2	24944
sertifikası	2	24945
sertifikasına	2	24946
sertifikasının	2	24947
sertlik	2	24948
serum	2	24949
serumları	2	24950
serveti	2	24951
servetinin	2	24952
servisler	2	24953
serüvenini	2	24954
seslendirdiği	2	24955
seslendirme	2	24956
sesleniyor	2	24957
sesleniyorum	2	24958
sesler	2	24959
seslerden	2	24960
seslerinden	2	24961
sessizliğini	2	24962
sevaba	2	24963
sevap	2	24964
sevdalısı	2	24965
sevdiklerini	2	24966
sevdiklerinizle	2	24967
sevdiren	2	24968
sevdiğim	2	24969
seve	2	24970
sevenler	2	24971
sevenlerini	2	24972
severlere	2	24973
sevgilerini	2	24974
sevgilisini	2	24975
sevincin	2	24976
sevinciyle	2	24977
sevindirecek	2	24978
seviyesindeki	2	24979
seviyordum	2	24980
sevki	2	24981
sevkiyat	2	24982
sevkiyatları	2	24983
sevkiyatını	2	24984
sevmiyor	2	24985
seyahatine	2	24986
seyircileri	2	24987
seyircilerin	2	24988
seyirciyi	2	24989
seyrederken	2	24990
seyreltme	2	24991
seyretti	2	24992
sezondan	2	24993
sezonuna	2	24994
sezonundan	2	24995
sezonuyla	2	24996
seçeneklerle	2	24997
seçenektir	2	24998
seçeneğimiz	2	24999
seçeneğiyle	2	25000
seçerdi	2	25001
seçerken	2	25002
seçildiği	2	25003
seçildiğini	2	25004
seçilirse	2	25005
seçilmesi	2	25006
seçilmesinin	2	25007
seçilmesiyle	2	25008
seçimle	2	25009
seçimlerdeki	2	25010
seçimlerindeki	2	25011
seçimleriyle	2	25012
seçimlerle	2	25013
seçimsiz	2	25014
seçin	2	25015
seçiyor	2	25016
si	2	25017
silahlardan	2	25018
silahlarının	2	25019
silindirli	2	25020
silmek	2	25021
simalarından	2	25022
simgeleyen	2	25023
sinagog	2	25024
sinemaya	2	25025
sini	2	25026
sinirlenen	2	25027
sinirleri	2	25028
sinsi	2	25029
siparişlerin	2	25030
sisin	2	25031
sistemimizde	2	25032
sisteminizi	2	25033
sistemlerimizde	2	25034
sistemlerinden	2	25035
siteden	2	25036
sitelerine	2	25037
sivilcelerin	2	25038
sivili	2	25039
siviller	2	25040
sivri	2	25041
siyahlı	2	25042
siyanür	2	25043
siyaseten	2	25044
siyasetle	2	25045
siyasetçilerini	2	25046
siyasiler	2	25047
siyasilerin	2	25048
sizde	2	25049
sizinki	2	25050
skandalı	2	25051
skandalına	2	25052
skandalında	2	25053
skandalından	2	25054
skorları	2	25055
sloganlar	2	25056
soba	2	25057
sofralarına	2	25058
sohbetler	2	25059
sokabilir	2	25060
sokakla	2	25061
sokaklarında	2	25062
sokaklarını	2	25063
sokan	2	25064
sokması	2	25065
sokmaya	2	25066
soktu	2	25067
sokuldu	2	25068
sokulması	2	25069
sokuyor	2	25070
solaryum	2	25071
solladı	2	25072
solundan	2	25073
sonbahar	2	25074
sonbaharın	2	25075
sonlandırmaları	2	25076
sonlandırmıştı	2	25077
sonlandığı	2	25078
sonrasındaki	2	25079
sonrasını	2	25080
sonucudur	2	25081
sonuncusu	2	25082
sonundan	2	25083
sonunun	2	25084
sonuçlanması	2	25085
sonuçlanmıştır	2	25086
sonuçlarında	2	25087
sonuçlarından	2	25088
sonuçsuz	2	25089
sopa	2	25090
soracak	2	25091
soracaktır	2	25092
sorarak	2	25093
sorduk	2	25094
sorduğu	2	25095
sorduğunu	2	25096
sorguladı	2	25097
sorguladığı	2	25098
sorgulaması	2	25099
sorgulanmaya	2	25100
sorgulanır	2	25101
sorguluyor	2	25102
sorgusunda	2	25103
sorgusunun	2	25104
sormadan	2	25105
sorması	2	25106
sorsun	2	25107
sorularla	2	25108
sorulduğu	2	25109
sorum	2	25110
sorumlulukla	2	25111
sorumlulukların	2	25112
sorumluluktan	2	25113
sorumluluğumuzu	2	25114
sorumluluğumuzun	2	25115
sorumluluğuna	2	25116
sorumsuz	2	25117
sorunla	2	25118
sorunlardan	2	25119
sorunlarım	2	25120
sorunlarımız	2	25121
sorunlarından	2	25122
sorunudur	2	25123
sorunuyla	2	25124
sorup	2	25125
soruyorlar	2	25126
soruyorsunuz	2	25127
soruyoruz	2	25128
soruşturmasının	2	25129
sos	2	25130
sosu	2	25131
sosyalleşiyor	2	25132
sosyalleşme	2	25133
soya	2	25134
soygunda	2	25135
soykırımla	2	25136
soykırımın	2	25137
soğanların	2	25138
soğukkanlı	2	25139
soğuklara	2	25140
soğuma	2	25141
soğutun	2	25142
spekülatif	2	25143
spesifik	2	25144
spikeri	2	25145
spiral	2	25146
sponsoru	2	25147
sporcularımıza	2	25148
sporcularını	2	25149
sporcumuz	2	25150
sporcunun	2	25151
sporlarına	2	25152
sporlarında	2	25153
sporudur	2	25154
staj	2	25155
standardını	2	25156
standartlarında	2	25157
standı	2	25158
standında	2	25159
stant	2	25160
start	2	25161
startını	2	25162
stat	2	25163
sterlinlik	2	25164
stil	2	25165
stop	2	25166
stoperi	2	25167
strain	2	25168
stratejisiyle	2	25169
stresinden	2	25170
streç	2	25171
stüdyosu	2	25172
subay	2	25173
sucuklar	2	25174
suikastı	2	25175
suikastın	2	25176
sukulent	2	25177
sulara	2	25178
sunabileceğini	2	25179
sunabilirsiniz	2	25180
sunarım	2	25181
sunduklarını	2	25182
sunma	2	25183
sunmaktadır	2	25184
sunmanın	2	25185
sunucu	2	25186
sunucusu	2	25187
sunulmuş	2	25188
sunulur	2	25189
sunumlar	2	25190
suyundan	2	25191
suyuyla	2	25192
suçla	2	25193
suçladığı	2	25194
suçlaması	2	25195
suçlanıyor	2	25196
suçlarda	2	25197
suçlayan	2	25198
suçlular	2	25199
suçlulara	2	25200
suçlularla	2	25201
suçtur	2	25202
suçuna	2	25203
sökerek	2	25204
söktürücü	2	25205
söylediklerine	2	25206
söylediklerini	2	25207
söylediğimiz	2	25208
söylem	2	25209
söylemenin	2	25210
söylemiyor	2	25211
söylemiştik	2	25212
söylemiştir	2	25213
söylemler	2	25214
söylemlere	2	25215
söylemleri	2	25216
söylemlerinde	2	25217
söylemlerini	2	25218
söylendi	2	25219
söylenenlere	2	25220
söyleyebileceğini	2	25221
söyleyeceğimi	2	25222
söyleyin	2	25223
söyleyince	2	25224
söyleşiler	2	25225
söylüyorlardı	2	25226
söylüyorsa	2	25227
sözcüklerini	2	25228
söze	2	25229
sözle	2	25230
sözleşmede	2	25231
sözleşmelerin	2	25232
sözleşmesinde	2	25233
sözüm	2	25234
sözümüz	2	25235
sürdürdük	2	25236
sürdürdüklerini	2	25237
sürdüreceği	2	25238
sürdüreceğine	2	25239
sürdürerek	2	25240
sürdürmektedir	2	25241
sürdürmesi	2	25242
sürdürmesini	2	25243
sürdürüldüğü	2	25244
sürdürüldüğünü	2	25245
sürdürülebilirliğini	2	25246
sürdürülmektedir	2	25247
sürdürülmesinin	2	25248
sürdüğüne	2	25249
sürebiliyor	2	25250
sürecektir	2	25251
sürecindeki	2	25252
süreciyle	2	25253
sürelerinin	2	25254
süresinden	2	25255
süreçler	2	25256
süreçleriyle	2	25257
süreçteki	2	25258
sürgün	2	25259
sürmeyi	2	25260
sürprizi	2	25261
sürücülerini	2	25262
sürücüsüne	2	25263
sürükledi	2	25264
sürükleniyor	2	25265
sürüklüyor	2	25266
sürülmesi	2	25267
sürülüyordu	2	25268
sürümünde	2	25269
sürün	2	25270
sürünerek	2	25271
sürüngen	2	25272
sütlü	2	25273
sütun	2	25274
sıcaklardan	2	25275
sıcakların	2	25276
sıcaklığın	2	25277
sıcakta	2	25278
sıcaktan	2	25279
sıcaktır	2	25280
sıfatı	2	25281
sıklette	2	25282
sıkmaları	2	25283
sıkılaşma	2	25284
sıkın	2	25285
sıkıntılarda	2	25286
sıkıntılarla	2	25287
sıkıntılarını	2	25288
sıkıntısının	2	25289
sıkıntıya	2	25290
sıkıştığı	2	25291
sınavda	2	25292
sınavla	2	25293
sınavları	2	25294
sınıfları	2	25295
sınıfında	2	25296
sınırlamaları	2	25297
sınırlamalarının	2	25298
sınırlandırılması	2	25299
sınırlardan	2	25300
sınırlarımızı	2	25301
sınırlarında	2	25302
sınırın	2	25303
sıradayız	2	25304
sıralamaya	2	25305
sıralarına	2	25306
sıralarından	2	25307
sıralayarak	2	25308
sırayı	2	25309
sırtlarında	2	25310
sıva	2	25311
sıvadı	2	25312
sızan	2	25313
sızdırdığı	2	25314
sızma	2	25315
sıçramaması	2	25316
sıçrayan	2	25317
sığ	2	25318
sığınak	2	25319
sığınarak	2	25320
sığınmacılar	2	25321
sığınmacıları	2	25322
sığınıyor	2	25323
taahhüdünü	2	25324
taahhütlerin	2	25325
tabancaya	2	25326
tabanda	2	25327
tabanının	2	25328
tabela	2	25329
tabelaların	2	25330
tablette	2	25331
tablolar	2	25332
tablosuna	2	25333
tabloya	2	25334
tabutunu	2	25335
tacizde	2	25336
tacize	2	25337
tahakkuk	2	25338
tahammül	2	25339
tahammülü	2	25340
tahin	2	25341
tahkikatın	2	25342
tahkir	2	25343
tahlil	2	25344
tahlili	2	25345
tahliyesi	2	25346
tahmininin	2	25347
tahsilat	2	25348
tahsisi	2	25349
takarak	2	25350
takibine	2	25351
takipten	2	25352
takma	2	25353
takmadığı	2	25354
takmak	2	25355
takoz	2	25356
taksiti	2	25357
taksiyle	2	25358
taktik	2	25359
takviminde	2	25360
takviyeler	2	25361
takviyelerle	2	25362
takı	2	25363
takılanlar	2	25364
takılması	2	25365
takımdaki	2	25366
takımlarda	2	25367
takımlarla	2	25368
takımlarına	2	25369
takımlarının	2	25370
takımlarıyla	2	25371
talan	2	25372
taleplerimizin	2	25373
taleplerin	2	25374
taleplerle	2	25375
talepteki	2	25376
talibim	2	25377
talimatlara	2	25378
taltif	2	25379
tamamladığını	2	25380
tamamlama	2	25381
tamamlaması	2	25382
tamamlanacaktır	2	25383
tamamlanarak	2	25384
tamamlandığında	2	25385
tamamlanmamış	2	25386
tamamlanmasını	2	25387
tamamlanmasıyla	2	25388
tamamlanmış	2	25389
tamamlanmıştır	2	25390
tamamlanıyor	2	25391
tamamlasın	2	25392
tamamlıyoruz	2	25393
tamamıyla	2	25394
tanesinin	2	25395
tanker	2	25396
tankeri	2	25397
tankları	2	25398
tankın	2	25399
tanzim	2	25400
tanıdık	2	25401
tanıdığım	2	25402
tanıkların	2	25403
tanımadıklarını	2	25404
tanımadığı	2	25405
tanımak	2	25406
tanımları	2	25407
tanımlıyor	2	25408
tanımıyorum	2	25409
tanımış	2	25410
tanındığı	2	25411
tanınması	2	25412
tanınmasını	2	25413
tanınmaya	2	25414
tanınırlar	2	25415
tanıttığı	2	25416
tanıtılacak	2	25417
tanıtılması	2	25418
tanıtılmasının	2	25419
tanıtımı	2	25420
tanıtımını	2	25421
tanıtıp	2	25422
tanıtıyoruz	2	25423
tanıyabilir	2	25424
tanıyacağını	2	25425
tanıyoruz	2	25426
tanığı	2	25427
tapa	2	25428
tapelere	2	25429
tarafları	2	25430
taraftarlara	2	25431
taraftarlarımız	2	25432
taraftarlarına	2	25433
taraftarını	2	25434
tarafıma	2	25435
tarafının	2	25436
taramalar	2	25437
taranıyor	2	25438
tarifeleri	2	25439
tarifesi	2	25440
tarihiyle	2	25441
tarihle	2	25442
tarihlenen	2	25443
tarihlerine	2	25444
tarihçi	2	25445
tarikat	2	25446
tarla	2	25447
tarladan	2	25448
tarlaları	2	25449
tarlaların	2	25450
tartışmak	2	25451
tartışmalı	2	25452
tartıştık	2	25453
tartıştıktan	2	25454
tartışılabilir	2	25455
tartışılacağı	2	25456
tartışılmaya	2	25457
tartışılırken	2	25458
tarımdan	2	25459
tasarladığı	2	25460
tasarrufuna	2	25461
tasarı	2	25462
tasarıma	2	25463
tasarımının	2	25464
tasarıyı	2	25465
taslağını	2	25466
tasvip	2	25467
tatbikatla	2	25468
tatbikatta	2	25469
tatilciler	2	25470
tatilleri	2	25471
tatlandırıcı	2	25472
tatlar	2	25473
tatlılarda	2	25474
tatlısı	2	25475
tava	2	25476
tavaf	2	25477
tavrını	2	25478
tavsiyede	2	25479
tavsiyelerde	2	25480
tavsiyesinde	2	25481
tavırlar	2	25482
tavırları	2	25483
tazminatın	2	25484
tazminatında	2	25485
taşlar	2	25486
taşları	2	25487
taşların	2	25488
taşlarındandır	2	25489
taşlarını	2	25490
taşıdıkları	2	25491
taşımanın	2	25492
taşımayan	2	25493
taşımayı	2	25494
taşımıştı	2	25495
taşına	2	25496
taşındığı	2	25497
taşındığını	2	25498
taşınma	2	25499
taşınmazların	2	25500
taşınmazı	2	25501
taşınımı	2	25502
taşınıyor	2	25503
taşıtları	2	25504
taşıtların	2	25505
taşıyabilir	2	25506
taşıyabilirler	2	25507
taşıyacağı	2	25508
taşıyanlar	2	25509
taşıyanların	2	25510
taşıyıcı	2	25511
tebrikleri	2	25512
tecrübeyi	2	25513
tedariki	2	25514
tedarikinin	2	25515
tedarikçilerin	2	25516
tedavilerini	2	25517
tedavilerle	2	25518
tedavinin	2	25519
tedavisini	2	25520
tedaviyi	2	25521
tedbirlere	2	25522
tedbirlerini	2	25523
tefrik	2	25524
tefsiri	2	25525
tehdide	2	25526
tehdinin	2	25527
tehditle	2	25528
tehditlerde	2	25529
tehditlerle	2	25530
tehlikeleri	2	25531
tehlikelerinin	2	25532
tehlikesinden	2	25533
tehlikesine	2	25534
tehlikesiyle	2	25535
tehlikeyi	2	25536
tekeli	2	25537
tekelinin	2	25538
teker	2	25539
tekeri	2	25540
tekerlekli	2	25541
teklifte	2	25542
tekneleri	2	25543
teknelerinin	2	25544
teknenin	2	25545
teknesi	2	25546
teknesinde	2	25547
tekniklerine	2	25548
tekniklerinin	2	25549
teknikleriyle	2	25550
teknolojilere	2	25551
teknolojilerinin	2	25552
teknolojileriyle	2	25553
teknolojimiz	2	25554
teknolojisinde	2	25555
teknolojisine	2	25556
teknolojiyle	2	25557
tekrarladı	2	25558
tekrarlanmaması	2	25559
tekrarlayarak	2	25560
tektonik	2	25561
telaffuz	2	25562
telafisi	2	25563
telaş	2	25564
telefona	2	25565
telefonlara	2	25566
telefonlarda	2	25567
telefonların	2	25568
telefonlarında	2	25569
telefonlarını	2	25570
telefonunda	2	25571
telekomünikasyon	2	25572
televizyonlarda	2	25573
telsiz	2	25574
temaslara	2	25575
temasların	2	25576
temaslarını	2	25577
temasının	2	25578
temeline	2	25579
temellerini	2	25580
temelsiz	2	25581
teminatı	2	25582
teminen	2	25583
temini	2	25584
temizledi	2	25585
temizleme	2	25586
temizlemeye	2	25587
temizlemeyin	2	25588
temizlendi	2	25589
temizlenen	2	25590
temizleyen	2	25591
temizleyerek	2	25592
tempo	2	25593
tempoda	2	25594
temsilcilerine	2	25595
temsilciliği	2	25596
temsilcisinin	2	25597
temsilen	2	25598
temsili	2	25599
temyiz	2	25600
tenezzül	2	25601
tenis	2	25602
tepeden	2	25603
tepkili	2	25604
tepkiye	2	25605
tepkiyle	2	25606
tepside	2	25607
ter	2	25608
tercihen	2	25609
tercihlerinde	2	25610
tercihlerini	2	25611
terhis	2	25612
teri	2	25613
terimdir	2	25614
termik	2	25615
terörden	2	25616
teröre	2	25617
teröristlere	2	25618
tesadüfi	2	25619
tesbih	2	25620
tescili	2	25621
tescillenmesi	2	25622
tesisimizin	2	25623
tesisinde	2	25624
tesislerimizde	2	25625
tesislerin	2	25626
teslimatların	2	25627
teslimatı	2	25628
tespitinde	2	25629
tespitine	2	25630
tespitleri	2	25631
tespitlerimiz	2	25632
testlerinde	2	25633
tetiklenen	2	25634
tetikliyor	2	25635
tevdi	2	25636
teveccühleri	2	25637
teyemmüm	2	25638
teyzesinin	2	25639
tezahüratları	2	25640
tezgah	2	25641
tezgahlarda	2	25642
tezi	2	25643
teçhizat	2	25644
teğmenlerin	2	25645
teşhisini	2	25646
teşkilatında	2	25647
teşviklerinin	2	25648
ticarete	2	25649
ticaretin	2	25650
ticaretinde	2	25651
ticaretine	2	25652
ticaretini	2	25653
ticarette	2	25654
ticaretten	2	25655
tilavetiyle	2	25656
timi	2	25657
tiye	2	25658
tohumlar	2	25659
tohumlarının	2	25660
tokalaşması	2	25661
tokalaştı	2	25662
toksinlerden	2	25663
tonajlı	2	25664
toparladık	2	25665
toparlanması	2	25666
topaç	2	25667
topladıkları	2	25668
toplanacağını	2	25669
toplanmıştır	2	25670
toplantılara	2	25671
toplantılarına	2	25672
toplantılarını	2	25673
toplantımızda	2	25674
toplantımızla	2	25675
toplantısındaki	2	25676
toplanıyor	2	25677
toplarken	2	25678
toplayacağız	2	25679
toplayarak	2	25680
topluca	2	25681
topluluklarından	2	25682
topluluklarının	2	25683
toplumdaki	2	25684
toplumdan	2	25685
toplumlarda	2	25686
toplumuna	2	25687
toptancı	2	25688
topuklu	2	25689
tozlu	2	25690
trafo	2	25691
trajedilerden	2	25692
traktörün	2	25693
trans	2	25694
transferinde	2	25695
transferle	2	25696
transferlerin	2	25697
transferlerinden	2	25698
transformasyon	2	25699
travmalar	2	25700
travmatik	2	25701
trend	2	25702
trenden	2	25703
trendleri	2	25704
trenle	2	25705
tribünündeki	2	25706
tropik	2	25707
tropikal	2	25708
tulum	2	25709
turistle	2	25710
turistleri	2	25711
turnesi	2	25712
turnike	2	25713
turnuvadaki	2	25714
turnuvalarda	2	25715
tutacağı	2	25716
tutam	2	25717
tutanakları	2	25718
tutanlar	2	25719
tutarın	2	25720
tutkunlarını	2	25721
tutmayı	2	25722
tutsak	2	25723
tutuklandığını	2	25724
tutuklanmalı	2	25725
tutuklanması	2	25726
tutuklanmasının	2	25727
tutukluk	2	25728
tutulma	2	25729
tutulmasını	2	25730
tutulmuş	2	25731
tutuluyor	2	25732
tutuluyordu	2	25733
tutumları	2	25734
tutumun	2	25735
tutumuyla	2	25736
tutunmasını	2	25737
tutuş	2	25738
tuzağa	2	25739
tuş	2	25740
tweet'i	2	25741
törenlerinde	2	25742
tövbesini	2	25743
tükendi	2	25744
tüketebileceğiniz	2	25745
tüketen	2	25746
tüketerek	2	25747
tüketilmemeli	2	25748
tüketiminden	2	25749
tüketirler	2	25750
tüketiyor	2	25751
tüketmeleri	2	25752
tüketmenin	2	25753
tüketmeye	2	25754
tükettiği	2	25755
tükettiğimiz	2	25756
tükürsen	2	25757
tümörü	2	25758
tümü	2	25759
tümüne	2	25760
tümüyle	2	25761
tünelin	2	25762
tüpgaz	2	25763
türbülans	2	25764
türde	2	25765
türevleri	2	25766
türkülerle	2	25767
türlerinde	2	25768
türün	2	25769
tüzüklerin	2	25770
tüzüğümüzün	2	25771
tüzüğünde	2	25772
tıbbın	2	25773
tıkanıklık	2	25774
tıklayın	2	25775
tıklayınız	2	25776
tıklım	2	25777
tırmandı	2	25778
tırmanma	2	25779
tırmanması	2	25780
tırmanmayı	2	25781
tırmanış	2	25782
tırnaktan	2	25783
tırıs	2	25784
ufaklı	2	25785
ufkunu	2	25786
ulaşabilecekler	2	25787
ulaşabiliriz	2	25788
ulaşabilmek	2	25789
ulaşacaktır	2	25790
ulaşacağı	2	25791
ulaşacağına	2	25792
ulaşamadan	2	25793
ulaşamadığı	2	25794
ulaşamayan	2	25795
ulaşmakta	2	25796
ulaşmalarını	2	25797
ulaşmasına	2	25798
ulaşmasının	2	25799
ulaşmasıyla	2	25800
ulaşmıştı	2	25801
ulaştırdı	2	25802
ulaştırmak	2	25803
ulaştırıldı	2	25804
ulaştığına	2	25805
ulaşılabilecek	2	25806
ulaşılabileceği	2	25807
ulaşılması	2	25808
ulaşımdan	2	25809
ulaşıp	2	25810
ulaşırken	2	25811
ulaşırız	2	25812
ultrason	2	25813
ultraviyole	2	25814
ulusa	2	25815
umre	2	25816
umuda	2	25817
umudunu	2	25818
umuduyla	2	25819
umursamaz	2	25820
umutların	2	25821
umutlu	2	25822
umuyoruz	2	25823
unsura	2	25824
unsurlara	2	25825
unsurlardan	2	25826
unsurlarınca	2	25827
unutan	2	25828
unutarak	2	25829
unutmadı	2	25830
unutmamak	2	25831
unuttuğu	2	25832
unuttuğunu	2	25833
unutulmaya	2	25834
unutulmuş	2	25835
unvanları	2	25836
unvanı	2	25837
unvanını	2	25838
ustalara	2	25839
utanılacak	2	25840
utanır	2	25841
uyan	2	25842
uyandırıyor	2	25843
uyardığı	2	25844
uyarmamıza	2	25845
uyarıcı	2	25846
uyarılara	2	25847
uyarılarını	2	25848
uyarılarıyla	2	25849
uyarıldığı	2	25850
uyarıyorum	2	25851
uygarlık	2	25852
uygulamadaki	2	25853
uygulamadır	2	25854
uygulamak	2	25855
uygulamalarda	2	25856
uygulamalarında	2	25857
uygulamalarıyla	2	25858
uygulamamız	2	25859
uygulamasında	2	25860
uygulamasıyla	2	25861
uygulamayla	2	25862
uygulanmasının	2	25863
uygulanmayacak	2	25864
uygulanmıştır	2	25865
uygulayacak	2	25866
uygulayacağı	2	25867
uykunun	2	25868
uykusundan	2	25869
uykusuzluğun	2	25870
uyluk	2	25871
uyulması	2	25872
uyup	2	25873
uyurken	2	25874
uyusun	2	25875
uyuz	2	25876
uzaklaşmak	2	25877
uzaklaştırma	2	25878
uzaklaştırmaya	2	25879
uzaklaştırılan	2	25880
uzaklıktaki	2	25881
uzamasını	2	25882
uzandı	2	25883
uzatarak	2	25884
uzatmalarda	2	25885
uzattığını	2	25886
uzatılacak	2	25887
uzatılmasını	2	25888
uzayda	2	25889
uzaydaki	2	25890
uzlaşmacı	2	25891
uzlaşı	2	25892
uzmanlarımız	2	25893
uzmanların	2	25894
uzmanına	2	25895
uzunca	2	25896
uzunluğundaki	2	25897
uzunluğuyla	2	25898
uçakların	2	25899
uçaklarını	2	25900
uçağında	2	25901
uçağını	2	25902
uçması	2	25903
uçta	2	25904
uçtan	2	25905
uçuşlar	2	25906
uçuşları	2	25907
uğramamış	2	25908
uğrattığı	2	25909
uğraştılar	2	25910
uğruyor	2	25911
uğurlanacak	2	25912
vaadini	2	25913
vaatlerde	2	25914
vaatlerine	2	25915
vadileri	2	25916
vagon	2	25917
vahşet	2	25918
vakaları	2	25919
vakaların	2	25920
vakalarına	2	25921
vakalarında	2	25922
vakalarını	2	25923
vakalarının	2	25924
vakitleri	2	25925
varili	2	25926
varlıklarda	2	25927
varlıkların	2	25928
varlıklarının	2	25929
varlığında	2	25930
varlığıyla	2	25931
varmadan	2	25932
varoluşsal	2	25933
varyantın	2	25934
varılan	2	25935
varılmıştır	2	25936
varıncaya	2	25937
varız	2	25938
varış	2	25939
varışlı	2	25940
vasiyet	2	25941
vatandaşlarımızdan	2	25942
vatandaşlığını	2	25943
vatandaştır	2	25944
vatandaşımızı	2	25945
vatandaşının	2	25946
vatandaşıyla	2	25947
vatanın	2	25948
vatanını	2	25949
vazgeçilmezlerinden	2	25950
vazgeçip	2	25951
vazgeçmesi	2	25952
vazgeçmeyeceğiz	2	25953
vazgeçtim	2	25954
vazgeçtiğini	2	25955
vefatıyla	2	25956
vektörle	2	25957
verdiniz	2	25958
verdiysek	2	25959
verdiğimizi	2	25960
verdiğinde	2	25961
verebilecek	2	25962
vereceksiniz	2	25963
verecektir	2	25964
veremeyen	2	25965
verenlerle	2	25966
vergileme	2	25967
vergilendirilmesi	2	25968
verginin	2	25969
vergisinden	2	25970
vergisini	2	25971
verildikten	2	25972
verileceğini	2	25973
verilerde	2	25974
verilerin	2	25975
verilerle	2	25976
verilir	2	25977
verilmelidir	2	25978
verilmeye	2	25979
verimliliğine	2	25980
verirsiniz	2	25981
veriyorsunuz	2	25982
vermediler	2	25983
vermediniz	2	25984
vermekten	2	25985
vermeleri	2	25986
vermeme	2	25987
vermemesi	2	25988
vermemiz	2	25989
vermesinden	2	25990
vermesinin	2	25991
vermeyeceği	2	25992
vermeyeceğim	2	25993
vermeyelim	2	25994
vermezken	2	25995
vermezlerse	2	25996
vermiyorsunuz	2	25997
vermiyoruz	2	25998
vermişiz	2	25999
vermişler	2	26000
versiyonunun	2	26001
veto	2	26002
vicdanın	2	26003
videolar	2	26004
videolarla	2	26005
videolarını	2	26006
villası	2	26007
virajda	2	26008
virajlı	2	26009
virüse	2	26010
viski	2	26011
vitaminleri	2	26012
viteste	2	26013
vizyonun	2	26014
vişne	2	26015
vudu	2	26016
vuracak	2	26017
vuracaksınız	2	26018
vurdukça	2	26019
vurdum	2	26020
vurguladık	2	26021
vurguladım	2	26022
vurgun	2	26023
vurgununda	2	26024
vurgusunu	2	26025
vursalar	2	26026
vurulduğunda	2	26027
vurulması	2	26028
vurumu	2	26029
vurup	2	26030
vuruşlarda	2	26031
vuruşu	2	26032
vuruşuyla	2	26033
vücudumuza	2	26034
vücudumuzun	2	26035
vücuduna	2	26036
vücudundaki	2	26037
vücutlarının	2	26038
vücuttan	2	26039
vız	2	26040
watt	2	26041
yabancılara	2	26042
yabancısı	2	26043
yabancıya	2	26044
yada	2	26045
yahut	2	26046
yaka	2	26047
yakalamalı	2	26048
yakalamaya	2	26049
yakalanamadı	2	26050
yakalayamadık	2	26051
yakalılar	2	26052
yakar	2	26053
yakarak	2	26054
yakasında	2	26055
yakasındaki	2	26056
yaklaştıkça	2	26057
yaklaştığı	2	26058
yaklaştığını	2	26059
yaklaşılan	2	26060
yaklaşımlar	2	26061
yaklaşımlarla	2	26062
yaklaşımların	2	26063
yaklaşımlarının	2	26064
yaklaşıyor	2	26065
yakmaya	2	26066
yakıcı	2	26067
yakılarak	2	26068
yakındaki	2	26069
yakınlarını	2	26070
yakınlık	2	26071
yakınlığıyla	2	26072
yakınsayana	2	26073
yakıyor	2	26074
yakışan	2	26075
yalandır	2	26076
yalanlama	2	26077
yalanlandı	2	26078
yalanlarla	2	26079
yalın	2	26080
yama	2	26081
yamaç	2	26082
yanayız	2	26083
yanaşırken	2	26084
yandaşlara	2	26085
yandığını	2	26086
yangınla	2	26087
yangınlarda	2	26088
yangınların	2	26089
yanlıştır	2	26090
yanlışı	2	26091
yanması	2	26092
yanmış	2	26093
yansımasıdır	2	26094
yansıtmamaktadır	2	26095
yansıtması	2	26096
yansıyacak	2	26097
yansıyacağı	2	26098
yanıltmak	2	26099
yanındadır	2	26100
yanını	2	26101
yanıtlamak	2	26102
yanıtlar	2	26103
yanıtları	2	26104
yapa	2	26105
yapabilecekleri	2	26106
yapabileceğimiz	2	26107
yapabileceğimizi	2	26108
yapabileceğine	2	26109
yapabilme	2	26110
yapacaklar	2	26111
yapacaksınız	2	26112
yapamadı	2	26113
yapamadığı	2	26114
yapamadığının	2	26115
yapamamanın	2	26116
yapamayacağı	2	26117
yapamayacağını	2	26118
yapamayan	2	26119
yapanlara	2	26120
yapanı	2	26121
yapanın	2	26122
yaparlarsa	2	26123
yaparsan	2	26124
yaparsınız	2	26125
yapmada	2	26126
yapmadıklarını	2	26127
yapmakla	2	26128
yapmamış	2	26129
yapmanıza	2	26130
yapmanızı	2	26131
yapmasında	2	26132
yapmasından	2	26133
yapmayacağını	2	26134
yapmayan	2	26135
yapmayın	2	26136
yapmaz	2	26137
yapmışlar	2	26138
yapmıştık	2	26139
yaprakları	2	26140
yaptıklarımızı	2	26141
yaptıklarının	2	26142
yaptıklarıyla	2	26143
yaptırarak	2	26144
yaptırma	2	26145
yaptırmaları	2	26146
yaptırması	2	26147
yaptırmayı	2	26148
yaptırıldığını	2	26149
yaptırımlara	2	26150
yaptırımların	2	26151
yapılabileceğini	2	26152
yapılamaması	2	26153
yapılamayacak	2	26154
yapılamıyor	2	26155
yapılandırma	2	26156
yapılandırılması	2	26157
yapılanmasında	2	26158
yapılarında	2	26159
yapılarından	2	26160
yapılarının	2	26161
yapılmamasına	2	26162
yapılmamasının	2	26163
yapılmamış	2	26164
yapılmasıyla	2	26165
yapılmıyor	2	26166
yapılmıştır	2	26167
yapılsa	2	26168
yapılsaydı	2	26169
yapılı	2	26170
yapımlarla	2	26171
yapımız	2	26172
yapınca	2	26173
yapısalları	2	26174
yapıyorsun	2	26175
yaralanamayacak	2	26176
yaralananların	2	26177
yaralananın	2	26178
yaralanmış	2	26179
yaralanmıştır	2	26180
yaralar	2	26181
yaralıları	2	26182
yaralılarımıza	2	26183
yaralıyor	2	26184
yaramaz	2	26185
yarardan	2	26186
yararlanacak	2	26187
yararlanma	2	26188
yararlanmayı	2	26189
yararlanıyor	2	26190
yarası	2	26191
yaratabileceği	2	26192
yaratabileceğini	2	26193
yaratması	2	26194
yaratmaya	2	26195
yaratmayı	2	26196
yarattık	2	26197
yaratıcılarından	2	26198
yaratıcılığını	2	26199
yaratılması	2	26200
yaratır	2	26201
yarayı	2	26202
yardımcılığını	2	26203
yardımlara	2	26204
yardımsever	2	26205
yardımında	2	26206
yargılanması	2	26207
yargıyı	2	26208
yarılanma	2	26209
yarına	2	26210
yarışan	2	26211
yarışlarda	2	26212
yarışmacılara	2	26213
yarışmalar	2	26214
yarıştı	2	26215
yarışını	2	26216
yarışıyor	2	26217
yasaklandı	2	26218
yasaklandığı	2	26219
yasaklanmasına	2	26220
yasakçı	2	26221
yasalarını	2	26222
yasalaşması	2	26223
yasasının	2	26224
yasağın	2	26225
yasağına	2	26226
yastık	2	26227
yastıklara	2	26228
yatacağı	2	26229
yataklık	2	26230
yatağa	2	26231
yatağı	2	26232
yatmadan	2	26233
yatıran	2	26234
yatıranın	2	26235
yatırdıkları	2	26236
yatırılacak	2	26237
yatırılan	2	26238
yatırılması	2	26239
yatırıma	2	26240
yatırımcılarına	2	26241
yatırımlarımızla	2	26242
yatırımlarımızı	2	26243
yatırımlarıyla	2	26244
yatırımımız	2	26245
yatırımın	2	26246
yavaşlama	2	26247
yavaşlamaya	2	26248
yavaşlatmaya	2	26249
yavaşlayan	2	26250
yavruları	2	26251
yavrusuna	2	26252
yayalara	2	26253
yayaların	2	26254
yayaya	2	26255
yaygınlaşan	2	26256
yaygınlaştırma	2	26257
yayılabilir	2	26258
yayılacağını	2	26259
yayıldığını	2	26260
yayılma	2	26261
yayılmasına	2	26262
yayılmaya	2	26263
yayımlanacak	2	26264
yayımlanacaktır	2	26265
yayımlanması	2	26266
yayımlayan	2	26267
yayımlayarak	2	26268
yayıncısı	2	26269
yayınla	2	26270
yayınladıkları	2	26271
yayınlar	2	26272
yayınlarda	2	26273
yayınlarla	2	26274
yayınlayan	2	26275
yayıyor	2	26276
yazarken	2	26277
yazarlık	2	26278
yazarlığı	2	26279
yazdım	2	26280
yazdırmayı	2	26281
yazlık	2	26282
yazmıştı	2	26283
yazılar	2	26284
yazıları	2	26285
yazılır	2	26286
yazımda	2	26287
yazının	2	26288
yazısının	2	26289
yazısıyla	2	26290
yazıya	2	26291
yağacak	2	26292
yağdır	2	26293
yağdıran	2	26294
yağdırdığı	2	26295
yağları	2	26296
yağmura	2	26297
yağmuru	2	26298
yağın	2	26299
yağışa	2	26300
yağışlara	2	26301
yaşamadı	2	26302
yaşamadığı	2	26303
yaşamamak	2	26304
yaşamaması	2	26305
yaşamda	2	26306
yaşamlarına	2	26307
yaşamlarında	2	26308
yaşamındaki	2	26309
yaşamının	2	26310
yaşamıyor	2	26311
yaşamıştı	2	26312
yaşanabileceği	2	26313
yaşanabileceğini	2	26314
yaşandığının	2	26315
yaşanmamasını	2	26316
yaşanmasına	2	26317
yaşantının	2	26318
yaşantısında	2	26319
yaşanılması	2	26320
yaşartıcı	2	26321
yaşasa	2	26322
yaşatmasın	2	26323
yaşatılması	2	26324
yaşatıyor	2	26325
yaşayabilecekleri	2	26326
yaşayacağına	2	26327
yaşayarak	2	26328
yaşayıp	2	26329
yaşla	2	26330
yaşlanmasını	2	26331
yaşlarına	2	26332
yaşlarından	2	26333
yaşlılara	2	26334
yaşlılarda	2	26335
yaşımda	2	26336
yaşındaydı	2	26337
yaşıt	2	26338
yaşıyordu	2	26339
yediler	2	26340
yedinci	2	26341
yediğimiz	2	26342
yediğini	2	26343
yegane	2	26344
yelken	2	26345
yelpazesi	2	26346
yelpazeye	2	26347
yem	2	26348
yemekhane	2	26349
yemeklerde	2	26350
yemeye	2	26351
yemeğin	2	26352
yemeğinde	2	26353
yemini	2	26354
yemiş	2	26355
yenildi	2	26356
yeniledi	2	26357
yenilemenin	2	26358
yenilen	2	26359
yenilenecek	2	26360
yenilenmesini	2	26361
yenilerini	2	26362
yenilgisi	2	26363
yenilgisine	2	26364
yenilgisini	2	26365
yenilgiyle	2	26366
yenilikleri	2	26367
yenilince	2	26368
yeniliği	2	26369
yenir	2	26370
yenisini	2	26371
yerdeyiz	2	26372
yerlerin	2	26373
yerlerindeki	2	26374
yerleşen	2	26375
yerleşkesi	2	26376
yerleşkesinde	2	26377
yerleşkesindeki	2	26378
yerleşkesine	2	26379
yerleştirilip	2	26380
yerleştirip	2	26381
yerleştirmeye	2	26382
yeryüzünde	2	26383
yeteneğinizi	2	26384
yeteri	2	26385
yeterliliğe	2	26386
yeterliliğini	2	26387
yetinmeyen	2	26388
yetişeceği	2	26389
yetişip	2	26390
yetişir	2	26391
yetişiyor	2	26392
yetişkinden	2	26393
yetişkinler	2	26394
yetişkinlerde	2	26395
yetişmesi	2	26396
yetişmesine	2	26397
yetişmiş	2	26398
yetişti	2	26399
yetiştiricileri	2	26400
yetiştirmektir	2	26401
yetkilendirilmiş	2	26402
yetkiler	2	26403
yetkililerimizden	2	26404
yetkililerinden	2	26405
yetkililerle	2	26406
yetkilisine	2	26407
yetkim	2	26408
yetkin	2	26409
yetkisine	2	26410
yetkisiz	2	26411
yetmezmiş	2	26412
yeğen	2	26413
yineliyoruz	2	26414
yitirecek	2	26415
yitirmişti	2	26416
yiyeceklere	2	26417
yla	2	26418
yokluğunda	2	26419
yokmuş	2	26420
yokuz	2	26421
yolculuklarında	2	26422
yollarında	2	26423
yolsuzlukla	2	26424
yolumuzu	2	26425
yorulur	2	26426
yoruma	2	26427
yorumcu	2	26428
yorumcuları	2	26429
yorumda	2	26430
yorumladı	2	26431
yorumlanmaktadır	2	26432
yorumlanıyor	2	26433
yoğum	2	26434
yoğunluklu	2	26435
yoğunlukta	2	26436
yoğunluktan	2	26437
yoğunluğun	2	26438
yoğurdun	2	26439
yoğurun	2	26440
yukarıya	2	26441
yumrukla	2	26442
yumruklu	2	26443
yumurtaların	2	26444
yumurtayı	2	26445
yurda	2	26446
yurtdışı	2	26447
yurtdışından	2	26448
yurtiçi	2	26449
yurtta	2	26450
yurttaşlara	2	26451
yurttaşlarımıza	2	26452
yutmak	2	26453
yuvarlağı	2	26454
yuvasına	2	26455
yuvasını	2	26456
yuvaya	2	26457
yâd	2	26458
yöneldiğini	2	26459
yönelirken	2	26460
yönelmek	2	26461
yöneltmiştir	2	26462
yöneteceği	2	26463
yöneteceğini	2	26464
yöneteceğiz	2	26465
yöneticileriyle	2	26466
yöneticilerle	2	26467
yöneticiliği	2	26468
yöneticisinin	2	26469
yönetildiğini	2	26470
yönetimden	2	26471
yönetimiyle	2	26472
yönetimlerdeki	2	26473
yönetimlere	2	26474
yönetimleri	2	26475
yönetimsel	2	26476
yönetiyoruz	2	26477
yönetmekten	2	26478
yönetmelikle	2	26479
yönetmeliğin	2	26480
yönetmenlik	2	26481
yönlendirerek	2	26482
yönlendirmesiyle	2	26483
yönleri	2	26484
yönleriyle	2	26485
yöntemde	2	26486
yöntemin	2	26487
yöntemini	2	26488
yöntemlerini	2	26489
yöntemlerinin	2	26490
yöntemlerle	2	26491
yönünü	2	26492
yörenin	2	26493
yöresi	2	26494
yörüngede	2	26495
yörüngesinde	2	26496
yörüngesine	2	26497
yüklenen	2	26498
yüklenmeye	2	26499
yükler	2	26500
yüklerini	2	26501
yükseklerinde	2	26502
yüksekliğindeki	2	26503
yüksekten	2	26504
yükseleceğini	2	26505
yükseliyor	2	26506
yükselişine	2	26507
yükselmesinde	2	26508
yükselmeyi	2	26509
yükselmiş	2	26510
yükseltildi	2	26511
yükseltilmesi	2	26512
yükseltilmişti	2	26513
yükseltiyor	2	26514
yükümlülüklerini	2	26515
yükümlülüğüne	2	26516
yükün	2	26517
yüreklerin	2	26518
yüreğimizi	2	26519
yüreğinin	2	26520
yürüdüklerini	2	26521
yürüdüğü	2	26522
yürürlükte	2	26523
yürüteceğiz	2	26524
yürüttüğümüz	2	26525
yürüttüğünü	2	26526
yürütüldü	2	26527
yürütüldüğü	2	26528
yürütüldüğünü	2	26529
yürütülmesine	2	26530
yürütülür	2	26531
yürütüyordu	2	26532
yürüye	2	26533
yürüyor	2	26534
yürüyoruz	2	26535
yüzeyde	2	26536
yüzeyi	2	26537
yüzeyinde	2	26538
yüzeyinden	2	26539
yüzleri	2	26540
yüzleşen	2	26541
yüzlü	2	26542
yüzmek	2	26543
yüzyıldan	2	26544
yüzyılının	2	26545
yüzükler	2	26546
yüzüncü	2	26547
yüzüp	2	26548
yüzüğü	2	26549
yıkamanın	2	26550
yıkamanız	2	26551
yıkan	2	26552
yıkanabilir	2	26553
yıkanma	2	26554
yıkarken	2	26555
yıktığı	2	26556
yıktığını	2	26557
yıkılacak	2	26558
yıkılacağını	2	26559
yıkılma	2	26560
yıkılmasının	2	26561
yıkılışını	2	26562
yıkımın	2	26563
yılanı	2	26564
yılbaşına	2	26565
yıldönümü	2	26566
yıldırımın	2	26567
yıldızlarını	2	26568
yıldızını	2	26569
yılla	2	26570
yıllarından	2	26571
yıllıklandırılmış	2	26572
yılmadan	2	26573
yırtık	2	26574
yığın	2	26575
yığınak	2	26576
yığınları	2	26577
zaferin	2	26578
zahmet	2	26579
zalim	2	26580
zalimlere	2	26581
zamanlaması	2	26582
zamanları	2	26583
zamanınız	2	26584
zamda	2	26585
zamlandı	2	26586
zamlara	2	26587
zamlarla	2	26588
zammına	2	26589
zammının	2	26590
zanlısının	2	26591
zannediyorum	2	26592
zaptı	2	26593
zarafet	2	26594
zararların	2	26595
zararlarını	2	26596
zararsız	2	26597
zarflarını	2	26598
zayıflama	2	26599
zayıflatır	2	26600
zayıflatıyor	2	26601
zayıflığının	2	26602
zedelendiği	2	26603
zedeleyen	2	26604
zehirlenmeleri	2	26605
zehirlenmesine	2	26606
zehri	2	26607
zekât	2	26608
zeminden	2	26609
zemini	2	26610
zemininin	2	26611
zengini	2	26612
zenginlerin	2	26613
zenginleşme	2	26614
zenginliklerini	2	26615
zerdeçal	2	26616
zevk	2	26617
zihin	2	26618
zihniyete	2	26619
zikrini	2	26620
zincirlenmiş	2	26621
zincirlerinden	2	26622
zirvedeki	2	26623
zirveden	2	26624
zirvelere	2	26625
zirvelerine	2	26626
zirvesine	2	26627
zirvesini	2	26628
ziyan	2	26629
ziyaretimizi	2	26630
ziyaretinden	2	26631
ziyaretine	2	26632
ziyaretlerine	2	26633
ziyaretçilerden	2	26634
ziyaretçilerine	2	26635
zora	2	26636
zordu	2	26637
zordur	2	26638
zorladı	2	26639
zorlanacak	2	26640
zorlandı	2	26641
zorlanma	2	26642
zorlaştırdı	2	26643
zorluklarına	2	26644
zorluklarını	2	26645
zorundadır	2	26646
zorundadırlar	2	26647
zorunludur	2	26648
zorunluluk	2	26649
zorunluluktur	2	26650
zorunluluğunun	2	26651
zoruyla	2	26652
zulümler	2	26653
çks	2	26654
çalışkur	2	26655
çalıştayı	2	26656
çamlıca	2	26657
çamlık	2	26658
çanak'ın	2	26659
çanakkale'den	2	26660
çanakkale'nin	2	26661
çanakkale'ye	2	26662
çandır	2	26663
çanta	2	26664
çapan'ın	2	26665
çapkını	2	26666
çarşısı	2	26667
çarşısı'nın	2	26668
çat	2	26669
çatalca	2	26670
çatalca'da	2	26671
çayırovalı	2	26672
çağatay	2	26673
çekimleri	2	26674
çelik'in	2	26675
çeltik	2	26676
çerkezköy	2	26677
çevik'in	2	26678
çeçen	2	26679
çiler	2	26680
çimen	2	26681
çimento	2	26682
çin'deki	2	26683
çin'den	2	26684
çin'i	2	26685
çobanoğlu	2	26686
çocuğumun	2	26687
çokçetin	2	26688
çolak	2	26689
çoluk	2	26690
çoruh	2	26691
çoğaç	2	26692
çubuk	2	26693
çölleşme	2	26694
çınar'ın	2	26695
çınarlı	2	26696
ösym'nin	2	26697
öcal	2	26698
öcalan'a	2	26699
öcalan'ın	2	26700
ödülleri'nde	2	26701
öksüz	2	26702
öktem	2	26703
ökten	2	26704
ölüdeniz	2	26705
ömer'in	2	26706
önderoğlu'nun	2	26707
öner	2	26708
örencik	2	26709
örgütlü	2	26710
örgütü'ne	2	26711
örgütü'nün	2	26712
örümcer	2	26713
öyleyse	2	26714
özal	2	26715
özalan	2	26716
özcan'a	2	26717
özdoğan	2	26718
özel'den	2	26719
özelmacıklı	2	26720
özerden	2	26721
özgül	2	26722
özkul'un	2	26723
öznur	2	26724
özsoy	2	26725
öztekin	2	26726
özvar	2	26727
özyurt	2	26728
öğrencilik	2	26729
ülkücü	2	26730
ümran	2	26731
ünitenin	2	26732
üniversitesinin	2	26733
ünlüer	2	26734
üstat	2	26735
ütü	2	26736
üyelerimize	2	26737
âdeta	2	26738
çabalarımızı	2	26739
çabasının	2	26740
çabaya	2	26741
çabayı	2	26742
çabukluk	2	26743
çadırlarını	2	26744
çalacak	2	26745
çalılar	2	26746
çalınmasıyla	2	26747
çalınmış	2	26748
çalışacaklarını	2	26749
çalışacağı	2	26750
çalışalım	2	26751
çalışana	2	26752
çalışanlarımız	2	26753
çalışanının	2	26754
çalışmadığını	2	26755
çalışmakta	2	26756
çalışmaktan	2	26757
çalışmalardan	2	26758
çalışmalarımızın	2	26759
çalışmalarından	2	26760
çalışmıyor	2	26761
çalıştığım	2	26762
çalıştığımız	2	26763
çalıştığınızı	2	26764
çalışılan	2	26765
çalışıldı	2	26766
çalışıldığı	2	26767
çalışılması	2	26768
çalışılsa	2	26769
çalışılır	2	26770
çalışırız	2	26771
çalışıyordum	2	26772
çalışıyorsunuz	2	26773
çamaşırları	2	26774
çamurlu	2	26775
çanak	2	26776
çanları	2	26777
çantayı	2	26778
çaprazda	2	26779
çaresizce	2	26780
çarpma	2	26781
çarptırmıştı	2	26782
çarptırılmıştı	2	26783
çarpıyor	2	26784
çarşıya	2	26785
çatal	2	26786
çatlakların	2	26787
çattı	2	26788
çatıdan	2	26789
çatılarında	2	26790
çatısından	2	26791
çatıya	2	26792
çatışmayı	2	26793
çavuşu	2	26794
çayla	2	26795
çayları	2	26796
çayını	2	26797
çağa	2	26798
çağrılarda	2	26799
çağrıldı	2	26800
çağrısının	2	26801
çağırdığı	2	26802
çehresini	2	26803
çekebilecek	2	26804
çeki	2	26805
çekicidir	2	26806
çekiciye	2	26807
çekildiğine	2	26808
çekilecek	2	26809
çekilip	2	26810
çekilir	2	26811
çekilirken	2	26812
çekilişinde	2	26813
çekilişle	2	26814
çekilmediği	2	26815
çekilmek	2	26816
çekilmenin	2	26817
çekilmişti	2	26818
çekiminde	2	26819
çekimine	2	26820
çekimlerde	2	26821
çekimlerin	2	26822
çekinmezler	2	26823
çekirdeksiz	2	26824
çekirdeğine	2	26825
çekirdeğinin	2	26826
çekmekte	2	26827
çekmeli	2	26828
çektiler	2	26829
çektirdiler	2	26830
çerçevesinin	2	26831
çevirdiği	2	26832
çeviri	2	26833
çevirme	2	26834
çevirmek	2	26835
çevredekiler	2	26836
çevrelerini	2	26837
çevrenin	2	26838
çevrilmesinin	2	26839
çevrilmiş	2	26840
çevrim	2	26841
çeyreğindeki	2	26842
çeşide	2	26843
çeşitleri	2	26844
çeşitlilik	2	26845
çeşitliliğe	2	26846
çeşitliliğin	2	26847
çeşitliliğini	2	26848
çeşmenin	2	26849
çiftlere	2	26850
çiftçileri	2	26851
çiftçilerimize	2	26852
çiftçilik	2	26853
çiftçinin	2	26854
çile	2	26855
çileden	2	26856
çilesini	2	26857
çimler	2	26858
çipli	2	26859
çivi	2	26860
çizelim	2	26861
çizgi	2	26862
çizgisi	2	26863
çizgisine	2	26864
çizildi	2	26865
çizilmesi	2	26866
çizim	2	26867
çobanlık	2	26868
çocukla	2	26869
çocuklarım	2	26870
çocuktan	2	26871
çocuğumuzun	2	26872
çocuğundan	2	26873
çocuğunuzun	2	26874
çocuğuyla	2	26875
çokluğu	2	26876
çorap	2	26877
çorbalar	2	26878
çoğaltılması	2	26879
çoğulcu	2	26880
çoğunda	2	26881
çoğunluğunu	2	26882
çukura	2	26883
çukurdan	2	26884
çökmeye	2	26885
çöktüğünü	2	26886
çöküyor	2	26887
çöl	2	26888
çöpe	2	26889
çöplük	2	26890
çöpten	2	26891
çözeceğini	2	26892
çözeceğiz	2	26893
çözme	2	26894
çözmemiz	2	26895
çözülecek	2	26896
çözülme	2	26897
çözülsün	2	26898
çözümlerine	2	26899
çözümünü	2	26900
çözümünün	2	26901
çık	2	26902
çıkabiliyor	2	26903
çıkacaklarını	2	26904
çıkacaktır	2	26905
çıkacağım	2	26906
çıkalım	2	26907
çıkamaz	2	26908
çıkanlar	2	26909
çıkardığına	2	26910
çıkarların	2	26911
çıkarmakla	2	26912
çıkarmasını	2	26913
çıkartan	2	26914
çıkartma	2	26915
çıkarttı	2	26916
çıkartılması	2	26917
çıkarıldıktan	2	26918
çıkarılırken	2	26919
çıkmadığı	2	26920
çıkmadığını	2	26921
çıkmaları	2	26922
çıkmalı	2	26923
çıkmasın	2	26924
çıkmayın	2	26925
çıksa	2	26926
çıktığım	2	26927
çıkılacak	2	26928
çıkılan	2	26929
çıkın	2	26930
çıkıyorlar	2	26931
çırpındığını	2	26932
çığlıkları	2	26933
çığlıklarını	2	26934
çığır	2	26935
öbür	2	26936
ödedim	2	26937
ödemeden	2	26938
ödemelere	2	26939
ödemesiyle	2	26940
ödemeyen	2	26941
ödenecektir	2	26942
ödeneceğini	2	26943
ödev	2	26944
ödeyebilir	2	26945
ödeyeceğiz	2	26946
ödeyelim	2	26947
ödeyemez	2	26948
ödeyerek	2	26949
ödülden	2	26950
ödüllerle	2	26951
öldürerek	2	26952
öldürmeyi	2	26953
öldürmüyor	2	26954
öldürmüştü	2	26955
öldürüldükten	2	26956
öldürülmesinin	2	26957
öldürülmüş	2	26958
öldürülmüştür	2	26959
öldürürse	2	26960
öldüğünün	2	26961
ölsem	2	26962
ölçen	2	26963
ölçü	2	26964
ölçüm	2	26965
ölümlerin	2	26966
ölümlerine	2	26967
ölümlü	2	26968
ölümünde	2	26969
ölümünden	2	26970
ölüyor	2	26971
ömrü	2	26972
ömrünün	2	26973
öncede	2	26974
önceleyen	2	26975
önceliklerimiz	2	26976
önceliği	2	26977
öncesinin	2	26978
önderleri	2	26979
önderliğinde	2	26980
önderliğindeki	2	26981
önemin	2	26982
önemsiz	2	26983
öneren	2	26984
önergesi	2	26985
önerilere	2	26986
önerilerin	2	26987
önerilerine	2	26988
önerisine	2	26989
önerisini	2	26990
önerisiyle	2	26991
öneriyoruz	2	26992
öngören	2	26993
öngörülebilirlik	2	26994
öngörülemez	2	26995
öngörülmesi	2	26996
öngörülüyordu	2	26997
öngörüsünde	2	26998
önlemede	2	26999
önlemeyi	2	27000
önlemlere	2	27001
önlenebilir	2	27002
önlenmesinde	2	27003
önlenmeye	2	27004
önlerinde	2	27005
önleyemedi	2	27006
önleyerek	2	27007
önlisans	2	27008
önümüzden	2	27009
öptü	2	27010
öpüyorum	2	27011
örgü	2	27012
örgün	2	27013
örgüsü	2	27014
örgütler	2	27015
örgütlerin	2	27016
örgütleriyle	2	27017
örnekle	2	27018
örneklerinden	2	27019
örneğidir	2	27020
örneğini	2	27021
örtbas	2	27022
örtülü	2	27023
örtüsü	2	27024
öteki	2	27025
ötenazi	2	27026
ötesi	2	27027
övdü	2	27028
öve	2	27029
övgüyle	2	27030
öyleydi	2	27031
özelde	2	27032
özelliklerinin	2	27033
özellikte	2	27034
özelliğine	2	27035
özelliğinin	2	27036
özeni	2	27037
özetledi	2	27038
özetlersek	2	27039
özetleyelim	2	27040
özgürlükler	2	27041
özgürlüklerini	2	27042
özgürlüğe	2	27043
özgürlüğün	2	27044
özgüveni	2	27045
özlemi	2	27046
özlemle	2	27047
özne	2	27048
özveri	2	27049
özçekim	2	27050
özüdür	2	27051
özünü	2	27052
öğrencilerimiz	2	27053
öğrencilerle	2	27054
öğrendikleri	2	27055
öğrendiklerini	2	27056
öğrendiği	2	27057
öğrendiğimiz	2	27058
öğrenebilirler	2	27059
öğrenilecek	2	27060
öğrenilir	2	27061
öğrenilmeyen	2	27062
öğrenince	2	27063
öğrenmeden	2	27064
öğrenmeleri	2	27065
öğrenmenin	2	27066
öğrenmeye	2	27067
öğretici	2	27068
öğretir	2	27069
öğretiyor	2	27070
öğretmenlerimiz	2	27071
öğretmenlerle	2	27072
öğretmenliği	2	27073
ü	2	27074
ücretler	2	27075
ücretlere	2	27076
ücretlerinde	2	27077
ücretleriyle	2	27078
ücretliler	2	27079
ücretlinin	2	27080
ülkesini	2	27081
ünite	2	27082
ünitesinden	2	27083
ünitesine	2	27084
ünitesinin	2	27085
üniversiteden	2	27086
üniversitelerin	2	27087
üniversitelerinin	2	27088
üniversiteyi	2	27089
ünlüler	2	27090
üretebilir	2	27091
üreteceğiz	2	27092
üreticilerimizin	2	27093
üreticiliği	2	27094
üretildi	2	27095
üretildiğini	2	27096
üretilmesini	2	27097
üretilmeye	2	27098
üretilmiş	2	27099
üretimindeki	2	27100
üretip	2	27101
üretmekle	2	27102
üretmesi	2	27103
üretmesine	2	27104
ürkek	2	27105
ürkütücü	2	27106
ürünlerden	2	27107
ürünlerindeki	2	27108
ürünlerinden	2	27109
üstlendi	2	27110
üstleniyor	2	27111
üstlenmiş	2	27112
üstümüze	2	27113
üstündeki	2	27114
üstünlükle	2	27115
üyeden	2	27116
üyelerimizin	2	27117
üyelerle	2	27118
üyenin	2	27119
üzecek	2	27120
üzereyken	2	27121
üzerime	2	27122
üzerinin	2	27123
üzgün	2	27124
üçe	2	27125
üçten	2	27126
üçü	2	27127
ibb'de	2	27128
ihh	2	27129
iski'nin	2	27130
ibn	2	27131
idlib	2	27132
idlib'de	2	27133
ihracatçıları	2	27134
ihracatımızı	2	27135
ikizce	2	27136
ikra	2	27137
ilgezdi	2	27138
iliç'te	2	27139
imamoğlu'nu	2	27140
inanır'ın	2	27141
ince'ye	2	27142
incil'den	2	27143
ingilizler	2	27144
ingiltere'deki	2	27145
inisiyatifi	2	27146
inter	2	27147
internetteki	2	27148
ipek'in	2	27149
ipekyolu	2	27150
ipsala	2	27151
iran'daki	2	27152
iranlıların	2	27153
iskilip	2	27154
islam'ı	2	27155
islamiyet	2	27156
islâm	2	27157
ismil	2	27158
ispanya'nın	2	27159
israilliler	2	27160
istanbul'la	2	27161
istanbullular	2	27162
istanbulspor'u	2	27163
istasyonu	2	27164
isteğinize	2	27165
istinye	2	27166
isveç'e	2	27167
isveç'te	2	27168
isveçli	2	27169
italya'daki	2	27170
ittifakı'nda	2	27171
izbbşt	2	27172
izmitlilere	2	27173
izzeddin	2	27174
ılıman	2	27175
ılımlı	2	27176
ıslah	2	27177
ısrarlı	2	27178
ısrarıyla	2	27179
ısıda	2	27180
ısınan	2	27181
ısınarak	2	27182
ısınmanın	2	27183
ısıtan	2	27184
ışkın	2	27185
ışıkları	2	27186
ışınlar	2	27187
ışığın	2	27188
ışığından	2	27189
şbs	2	27190
şaban	2	27191
şadan	2	27192
şahan'ın	2	27193
şalom	2	27194
şam'da	2	27195
şansalan	2	27196
şardan	2	27197
şefik	2	27198
şekere	2	27199
şekib	2	27200
şenay'ın	2	27201
şenel	2	27202
şengör	2	27203
şenler	2	27204
şentürk'ün	2	27205
şerafettin	2	27206
şeria'daki	2	27207
şeriatı	2	27208
şerif	2	27209
şerife	2	27210
şerifi'nde	2	27211
şevval	2	27212
şeybani'nin	2	27213
şimşek'le	2	27214
şirketi'nin	2	27215
şişecam	2	27216
şişli'de	2	27217
şişlili	2	27218
şoförler	2	27219
şuanda	2	27220
şubat'a	2	27221
şule	2	27222
şura	2	27223
şükran	2	27224
şiö	2	27225
şık'ın	2	27226
şaha	2	27227
şahsiyet	2	27228
şahıslardan	2	27229
şahısları	2	27230
şahıstan	2	27231
şampiyonada	2	27232
şampiyonlukta	2	27233
şansına	2	27234
şansınız	2	27235
şapka	2	27236
şarjda	2	27237
şarjlı	2	27238
şarkıların	2	27239
şarkının	2	27240
şarkısını	2	27241
şartlara	2	27242
şartlarında	2	27243
şartlarının	2	27244
şartlı	2	27245
şarttır	2	27246
şasi	2	27247
şayan	2	27248
şaşkınlıkla	2	27249
şaşıranlar	2	27250
şaşırmıyoruz	2	27251
şaşırtan	2	27252
şaşırıyorum	2	27253
şebeke	2	27254
şebekesi	2	27255
şeffaflığı	2	27256
şefkatiyle	2	27257
şefler	2	27258
şehirlerden	2	27259
şehirlere	2	27260
şehirlerimizden	2	27261
şehirlerimizi	2	27262
şehirlerinde	2	27263
şehirlerinden	2	27264
şehitlerin	2	27265
şehrimizi	2	27266
şehrinden	2	27267
şekerin	2	27268
şekillendirme	2	27269
şekillendirmiştir	2	27270
şekillenen	2	27271
şekilleri	2	27272
şekliyle	2	27273
şemsiyeli	2	27274
şerbet	2	27275
şeriata	2	27276
şeridine	2	27277
şeyde	2	27278
şeyimizle	2	27279
şeytan	2	27280
şifreleme	2	27281
şifreler	2	27282
şifreleri	2	27283
şifresiz	2	27284
şiirin	2	27285
şiirleri	2	27286
şiirlerinin	2	27287
şikayetimizi	2	27288
şikayetlerin	2	27289
şikayetlerine	2	27290
şikâyeti	2	27291
şimdiki	2	27292
şirketinden	2	27293
şirketine	2	27294
şirketlerimiz	2	27295
şirketlerine	2	27296
şirketleriyle	2	27297
şirketleşme	2	27298
şirkette	2	27299
şişlikler	2	27300
şoförleri	2	27301
şoförlerin	2	27302
şov	2	27303
şova	2	27304
şubesine	2	27305
şudur	2	27306
şut	2	27307
şutta	2	27308
şuurundan	2	27309
şöleni	2	27310
şöyleydi	2	27311
şüphelenen	2	27312
şüphesi	2	27313
şımarıklar	2	27314
